research_severity,filtered_impact,in_course_reqs,in_filtered_results,root_cause,raw_severity,uc,uc_full,cc,receiving,issue_type,message,expected_raw,actual_raw,expected_filtered,actual_filtered,recommended_action,url,view_by_key
low,no,True,True,option_order_only,low,UCB,University of California Berkeley,Mount San Antonio College,MATH 54,sending_options_mismatch,sending options differ,"[['ENGR 285 (4.00)'], ['MATH 285 (5.00)'], ['MATH 260 (3.00)', 'MATH 290 (4.00)']]","[['MATH 260 (3.00)', 'MATH 290 (4.00)'], ['ENGR 285 (4.00)'], ['MATH 285 (5.00)']]","[""('UCB', 'LinearAlgebraAndDifferentialEqations', 'A', '1', 'MATH 54', frozenset({('MATH 260 (3.00)', 'MATH 290 (4.00)'), ('MATH 285 (5.00)',), ('ENGR 285 (4.00)',)}))""]","[""('UCB', 'LinearAlgebraAndDifferentialEqations', 'A', '1', 'MATH 54', frozenset({('MATH 260 (3.00)', 'MATH 290 (4.00)'), ('MATH 285 (5.00)',), ('ENGR 285 (4.00)',)}))""]",No semantic filtered_results difference detected; keep as audit context.,https://assist.org/transfer/results?year=76&institution=62&agreement=79&agreementType=to&viewAgreementsOptions=true&view=agreement&viewBy=major&viewSendingAgreements=false&viewByKey=76%2F62%2Fto%2F79%2FMajor%2F7d01fb7b-2afa-460e-ace0-08ddbf3f4ee7,76/62/to/79/Major/7d01fb7b-2afa-460e-ace0-08ddbf3f4ee7
low,no,True,True,option_order_only,low,UCD,University of California Davis,Foothill College,MAT 021A,sending_options_mismatch,sending options differ,"[['MATH 1A (5.00)'], ['MATH 1AH (5.00)', 'MATH 1AHP (1.00)']]","[['MATH 1AH (5.00)', 'MATH 1AHP (1.00)'], ['MATH 1A (5.00)']]","[""('UCD', 'Calc1', 'A', '1', 'MAT 021A', frozenset({('MATH 1AH (5.00)', 'MATH 1AHP (1.00)'), ('MATH 1A (5.00)',)}))""]","[""('UCD', 'Calc1', 'A', '1', 'MAT 021A', frozenset({('MATH 1AH (5.00)', 'MATH 1AHP (1.00)'), ('MATH 1A (5.00)',)}))""]",No semantic filtered_results difference detected; keep as audit context.,https://assist.org/transfer/results?year=76&institution=51&agreement=89&agreementType=to&viewAgreementsOptions=true&view=agreement&viewBy=major&viewSendingAgreements=false&viewByKey=76%2F51%2Fto%2F89%2FMajor%2F37adebfb-6deb-4e42-34ac-08ddb349963e,76/51/to/89/Major/37adebfb-6deb-4e42-34ac-08ddb349963e
low,no,True,True,option_order_only,low,UCI,University of California Irvine,Southwestern College,MATH 2A,sending_options_mismatch,sending options differ,"[['MATH 250 (5.00)'], ['MATH 121 (3.00)', 'MATH 122 (3.00)']]","[['MATH 121 (3.00)', 'MATH 122 (3.00)'], ['MATH 250 (5.00)']]","[""('UCI', 'Calc1', 'A', '1', 'MATH 2A', frozenset({('MATH 121 (3.00)', 'MATH 122 (3.00)'), ('MATH 250 (5.00)',)}))""]","[""('UCI', 'Calc1', 'A', '1', 'MATH 2A', frozenset({('MATH 121 (3.00)', 'MATH 122 (3.00)'), ('MATH 250 (5.00)',)}))""]",No semantic filtered_results difference detected; keep as audit context.,https://assist.org/transfer/results?year=76&institution=138&agreement=120&agreementType=to&viewAgreementsOptions=true&view=agreement&viewBy=major&viewSendingAgreements=false&viewByKey=76%2F138%2Fto%2F120%2FMajor%2F7752acca-2b16-46d0-fb90-08dda2ee8889,76/138/to/120/Major/7752acca-2b16-46d0-fb90-08dda2ee8889
low,no,True,True,option_order_only,low,UCLA,University of California Los Angeles,Contra Costa College,COM SCI 31,sending_options_mismatch,sending options differ,"[['COMP 165 (4.00)'], ['COMP 200 (4.00)'], ['COMP 200 (4.00)', 'COMP 210 (4.00)']]","[['COMP 200 (4.00)', 'COMP 210 (4.00)'], ['COMP 165 (4.00)'], ['COMP 200 (4.00)']]","[""('UCLA', 'Intro', 'A', '1', 'COM SCI 31', frozenset({('COMP 200 (4.00)', 'COMP 210 (4.00)'), ('COMP 165 (4.00)',), ('COMP 200 (4.00)',)}))""]","[""('UCLA', 'Intro', 'A', '1', 'COM SCI 31', frozenset({('COMP 165 (4.00)',), ('COMP 200 (4.00)',), ('COMP 200 (4.00)', 'COMP 210 (4.00)')}))""]",No semantic filtered_results difference detected; keep as audit context.,https://assist.org/transfer/results?year=76&institution=28&agreement=117&agreementType=to&viewAgreementsOptions=true&view=agreement&viewBy=major&viewSendingAgreements=false&viewByKey=76%2F28%2Fto%2F117%2FMajor%2F3fc7b07d-4058-4a0a-1f72-08ddcb96df9e,76/28/to/117/Major/3fc7b07d-4058-4a0a-1f72-08ddcb96df9e
low,no,True,True,option_order_only,low,UCM,University of California Merced,Mount San Antonio College,MATH 024,sending_options_mismatch,sending options differ,"[['MATH 285 (5.00)'], ['MATH 260 (3.00)', 'MATH 290 (4.00)']]","[['MATH 260 (3.00)', 'MATH 290 (4.00)'], ['MATH 285 (5.00)']]","[""('UCM', 'LinearAlgebra', 'A', '1', 'MATH 024', frozenset({('MATH 260 (3.00)', 'MATH 290 (4.00)'), ('MATH 285 (5.00)',)}))""]","[""('UCM', 'LinearAlgebra', 'A', '1', 'MATH 024', frozenset({('MATH 260 (3.00)', 'MATH 290 (4.00)'), ('MATH 285 (5.00)',)}))""]",No semantic filtered_results difference detected; keep as audit context.,https://assist.org/transfer/results?year=76&institution=62&agreement=144&agreementType=to&viewAgreementsOptions=true&view=agreement&viewBy=major&viewSendingAgreements=false&viewByKey=76%2F62%2Fto%2F144%2FMajor%2Fbe462cb5-458a-4c3d-5be5-08dd9e07c477,76/62/to/144/Major/be462cb5-458a-4c3d-5be5-08dd9e07c477
low,no,True,True,option_order_only,low,UCM,University of California Merced,Rio Hondo College,MATH 024,sending_options_mismatch,sending options differ,"[['MATH 251 (5.00)'], ['MATH 260 (4.00)', 'MATH 270 (4.00)']]","[['MATH 260 (4.00)', 'MATH 270 (4.00)'], ['MATH 251 (5.00)']]","[""('UCM', 'LinearAlgebra', 'A', '1', 'MATH 024', frozenset({('MATH 251 (5.00)',), ('MATH 260 (4.00)', 'MATH 270 (4.00)')}))""]","[""('UCM', 'LinearAlgebra', 'A', '1', 'MATH 024', frozenset({('MATH 251 (5.00)',), ('MATH 260 (4.00)', 'MATH 270 (4.00)')}))""]",No semantic filtered_results difference detected; keep as audit context.,https://assist.org/transfer/results?year=76&institution=64&agreement=144&agreementType=to&viewAgreementsOptions=true&view=agreement&viewBy=major&viewSendingAgreements=false&viewByKey=76%2F64%2Fto%2F144%2FMajor%2Fbe462cb5-458a-4c3d-5be5-08dd9e07c477,76/64/to/144/Major/be462cb5-458a-4c3d-5be5-08dd9e07c477
low,no,True,True,option_order_only,low,UCR,University of California Riverside,Mount San Antonio College,CS 10A,sending_options_mismatch,sending options differ,"[['CSCI 110 (3.50)'], ['CSCI 140 (4.00)'], ['CSCI 145 (4.00)'], ['CISP 31 (3.00)', 'CISP 31L (0.50)'], ['CISP 34 (3.00)', 'CISP 34L (0.50)']]","[['CISP 31 (3.00)', 'CISP 31L (0.50)'], ['CISP 34 (3.00)', 'CISP 34L (0.50)'], ['CSCI 110 (3.50)'], ['CSCI 140 (4.00)'], ['CSCI 145 (4.00)']]","[""('UCR', 'Intro1', 'A', '1', 'CS 10A', frozenset({('CISP 34 (3.00)', 'CISP 34L (0.50)'), ('CSCI 140 (4.00)',), ('CSCI 145 (4.00)',), ('CISP 31 (3.00)', 'CISP 31L (0.50)'), ('CSCI 110 (3.50)',)}))""]","[""('UCR', 'Intro1', 'A', '1', 'CS 10A', frozenset({('CISP 34 (3.00)', 'CISP 34L (0.50)'), ('CSCI 140 (4.00)',), ('CSCI 145 (4.00)',), ('CISP 31 (3.00)', 'CISP 31L (0.50)'), ('CSCI 110 (3.50)',)}))""]",No semantic filtered_results difference detected; keep as audit context.,https://assist.org/transfer/results?year=76&institution=62&agreement=46&agreementType=to&viewAgreementsOptions=true&view=agreement&viewBy=major&viewSendingAgreements=false&viewByKey=76%2F62%2Fto%2F46%2FMajor%2Fb3f7557b-47c0-4486-4ece-08de050a3a5e,76/62/to/46/Major/b3f7557b-47c0-4486-4ece-08de050a3a5e
low,no,True,True,option_order_only,low,UCSB,University of California Santa Barbara,Madera Community College,MATH 3A,sending_options_mismatch,sending options differ,"[['MATH 5A (5.00)'], ['MATH 75A (2.00)', 'MATH 75B (3.00)']]","[['MATH 75A (2.00)', 'MATH 75B (3.00)'], ['MATH 5A (5.00)']]","[""('UCSB', 'Calc1', 'A', '1', 'MATH 3A', frozenset({('MATH 75A (2.00)', 'MATH 75B (3.00)'), ('MATH 5A (5.00)',)}))""]","[""('UCSB', 'Calc1', 'A', '1', 'MATH 3A', frozenset({('MATH 75A (2.00)', 'MATH 75B (3.00)'), ('MATH 5A (5.00)',)}))""]",No semantic filtered_results difference detected; keep as audit context.,https://assist.org/transfer/results?year=76&institution=200&agreement=128&agreementType=to&viewAgreementsOptions=true&view=agreement&viewBy=major&viewSendingAgreements=false&viewByKey=76%2F200%2Fto%2F128%2FMajor%2F9b98e159-1754-4eb0-33c4-08ddf001012b,76/200/to/128/Major/9b98e159-1754-4eb0-33c4-08ddf001012b
low,no,True,True,option_order_only,low,UCSC,University of California Santa Cruz,Santa Monica College,CSE 12,sending_options_mismatch,sending options differ,"[['CS 18 (3.00)'], ['CS 17 (3.00)', 'CS 42 (3.00)']]","[['CS 17 (3.00)', 'CS 42 (3.00)'], ['CS 18 (3.00)']]","[""('UCSC', 'DataStructures', 'A', '1', 'CSE 12', frozenset({('CS 18 (3.00)',), ('CS 17 (3.00)', 'CS 42 (3.00)')}))""]","[""('UCSC', 'DataStructures', 'A', '1', 'CSE 12', frozenset({('CS 18 (3.00)',), ('CS 17 (3.00)', 'CS 42 (3.00)')}))""]",No semantic filtered_results difference detected; keep as audit context.,https://assist.org/transfer/results?year=76&institution=137&agreement=132&agreementType=to&viewAgreementsOptions=true&view=agreement&viewBy=major&viewSendingAgreements=false&viewByKey=76%2F137%2Fto%2F132%2FMajor%2Fe9fc6b47-5b0e-45b7-2015-08ddcb96df9e,76/137/to/132/Major/e9fc6b47-5b0e-45b7-2015-08ddcb96df9e
low,no,True,True,option_order_only,low,UCSC,University of California Santa Cruz,Orange Coast College,CSE 16,sending_options_mismatch,sending options differ,"[['MATH A230 (5.00)'], ['CS A257 (3.00)', 'CS A262 (3.00)']]","[['CS A257 (3.00)', 'CS A262 (3.00)'], ['MATH A230 (5.00)']]","[""('UCSC', 'DiscreteMath', 'A', '1', 'CSE 16', frozenset({('CS A257 (3.00)', 'CS A262 (3.00)'), ('MATH A230 (5.00)',)}))""]","[""('UCSC', 'DiscreteMath', 'A', '1', 'CSE 16', frozenset({('CS A257 (3.00)', 'CS A262 (3.00)'), ('MATH A230 (5.00)',)}))""]",No semantic filtered_results difference detected; keep as audit context.,https://assist.org/transfer/results?year=76&institution=74&agreement=132&agreementType=to&viewAgreementsOptions=true&view=agreement&viewBy=major&viewSendingAgreements=false&viewByKey=76%2F74%2Fto%2F132%2FMajor%2Fe9fc6b47-5b0e-45b7-2015-08ddcb96df9e,76/74/to/132/Major/e9fc6b47-5b0e-45b7-2015-08ddcb96df9e
low,no,True,True,option_order_only,low,UCSC,University of California Santa Cruz,Santa Monica College,CSE 30,sending_options_mismatch,sending options differ,"[['CS 20A (3.00)'], ['CS 20B (3.00)', 'CS 50 (3.00)']]","[['CS 20B (3.00)', 'CS 50 (3.00)'], ['CS 20A (3.00)']]","[""('UCSC', 'Intro', 'A', '1', 'CSE 30', frozenset({('CS 20B (3.00)', 'CS 50 (3.00)'), ('CS 20A (3.00)',)}))""]","[""('UCSC', 'Intro', 'A', '1', 'CSE 30', frozenset({('CS 20B (3.00)', 'CS 50 (3.00)'), ('CS 20A (3.00)',)}))""]",No semantic filtered_results difference detected; keep as audit context.,https://assist.org/transfer/results?year=76&institution=137&agreement=132&agreementType=to&viewAgreementsOptions=true&view=agreement&viewBy=major&viewSendingAgreements=false&viewByKey=76%2F137%2Fto%2F132%2FMajor%2Fe9fc6b47-5b0e-45b7-2015-08ddcb96df9e,76/137/to/132/Major/e9fc6b47-5b0e-45b7-2015-08ddcb96df9e
low,no,True,True,option_order_only,low,UCSD,University of California San Diego,West Los Angeles College,CSE 11,sending_options_mismatch,sending options differ,"[['CS 216 (3.00)'], ['CS 119 (3.00)', 'CS 136 (3.00)']]","[['CS 119 (3.00)', 'CS 136 (3.00)'], ['CS 216 (3.00)']]","[""('UCSD', 'Intro', 'A', '1', 'CSE 11', frozenset({('CS 119 (3.00)', 'CS 136 (3.00)'), ('CS 216 (3.00)',)}))""]","[""('UCSD', 'Intro', 'A', '1', 'CSE 11', frozenset({('CS 119 (3.00)', 'CS 136 (3.00)'), ('CS 216 (3.00)',)}))""]",No semantic filtered_results difference detected; keep as audit context.,https://assist.org/transfer/results?year=76&institution=91&agreement=7&agreementType=to&viewAgreementsOptions=true&view=agreement&viewBy=major&viewSendingAgreements=false&viewByKey=76%2F91%2Fto%2F7%2FMajor%2F76ab1c59-2dcf-4c6f-f364-08ddd3b241a4,76/91/to/7/Major/76ab1c59-2dcf-4c6f-f364-08ddd3b241a4
low,no,True,True,option_order_only,low,UCSD,University of California San Diego,Mount San Antonio College,CSE 12,sending_options_mismatch,sending options differ,"[['CSCI 140 (4.00)'], ['CSCI 220 (3.50)', 'CSCI 230 (3.50)']]","[['CSCI 220 (3.50)', 'CSCI 230 (3.50)'], ['CSCI 140 (4.00)']]","[""('UCSD', 'DataStructures', 'A', '1', 'CSE 12', frozenset({('CSCI 220 (3.50)', 'CSCI 230 (3.50)'), ('CSCI 140 (4.00)',)}))""]","[""('UCSD', 'DataStructures', 'A', '1', 'CSE 12', frozenset({('CSCI 220 (3.50)', 'CSCI 230 (3.50)'), ('CSCI 140 (4.00)',)}))""]",No semantic filtered_results difference detected; keep as audit context.,https://assist.org/transfer/results?year=76&institution=62&agreement=7&agreementType=to&viewAgreementsOptions=true&view=agreement&viewBy=major&viewSendingAgreements=false&viewByKey=76%2F62%2Fto%2F7%2FMajor%2F76ab1c59-2dcf-4c6f-f364-08ddd3b241a4,76/62/to/7/Major/76ab1c59-2dcf-4c6f-f364-08ddd3b241a4
info,no,False,False,non_course_requirement_placeholder,info,UCB,University of California Berkeley,Allan Hancock College,<blank>,unexpected_row,unexpected raw CSV row,,"[['ENGL C1000 (4.00)'], ['ENGL 102 (3.00)']]",[],[],No CS-filtered impact: receiving course is not configured in course_reqs.py.,https://assist.org/transfer/results?year=76&institution=110&agreement=79&agreementType=to&viewAgreementsOptions=true&view=agreement&viewBy=major&viewSendingAgreements=false&viewByKey=76%2F110%2Fto%2F79%2FMajor%2F7d01fb7b-2afa-460e-ace0-08ddbf3f4ee7,76/110/to/79/Major/7d01fb7b-2afa-460e-ace0-08ddbf3f4ee7
info,no,False,False,non_course_requirement_placeholder,info,UCB,University of California Berkeley,American River College,<blank>,unexpected_row,unexpected raw CSV row,,"[['ENGL C1000 (3.00)'], ['ENGL C1000H (3.00)'], ['ENGWR 301 (3.00)', 'ENGWR 303 (4.00)', 'ENGWR 481 (3.00)', 'ENGL C1001 (3.00)', 'ENGL C1000H (3.00)']]",[],[],No CS-filtered impact: receiving course is not configured in course_reqs.py.,https://assist.org/transfer/results?year=76&institution=27&agreement=79&agreementType=to&viewAgreementsOptions=true&view=agreement&viewBy=major&viewSendingAgreements=false&viewByKey=76%2F27%2Fto%2F79%2FMajor%2F7d01fb7b-2afa-460e-ace0-08ddbf3f4ee7,76/27/to/79/Major/7d01fb7b-2afa-460e-ace0-08ddbf3f4ee7
info,no,False,False,non_course_requirement_placeholder,info,UCB,University of California Berkeley,Bakersfield College,<blank>,unexpected_row,unexpected raw CSV row,,"[['ENGL C1000 (3.00)', 'ENGL C1001 (4.00)'], ['ENGL B3 (4.00)', 'ENGL C1001 (4.00)']]",[],[],No CS-filtered impact: receiving course is not configured in course_reqs.py.,https://assist.org/transfer/results?year=76&institution=84&agreement=79&agreementType=to&viewAgreementsOptions=true&view=agreement&viewBy=major&viewSendingAgreements=false&viewByKey=76%2F84%2Fto%2F79%2FMajor%2F7d01fb7b-2afa-460e-ace0-08ddbf3f4ee7,76/84/to/79/Major/7d01fb7b-2afa-460e-ace0-08ddbf3f4ee7
info,no,False,False,non_course_requirement_placeholder,info,UCB,University of California Berkeley,Barstow Community College,<blank>,unexpected_row,unexpected raw CSV row,,"[['ENGL 1B (3.00)', 'ENGL C1000 (4.00)'], ['ENGL 1B (3.00)', 'ENGL C1001 (4.00)']]",[],[],No CS-filtered impact: receiving course is not configured in course_reqs.py.,https://assist.org/transfer/results?year=76&institution=20&agreement=79&agreementType=to&viewAgreementsOptions=true&view=agreement&viewBy=major&viewSendingAgreements=false&viewByKey=76%2F20%2Fto%2F79%2FMajor%2F7d01fb7b-2afa-460e-ace0-08ddbf3f4ee7,76/20/to/79/Major/7d01fb7b-2afa-460e-ace0-08ddbf3f4ee7
info,no,False,False,non_course_requirement_placeholder,info,UCB,University of California Berkeley,Cabrillo College,<blank>,unexpected_row,unexpected raw CSV row,,"[['ENGL C1000 (3.00)', 'ENGL C1000H (3.00)', 'ENGL 1AMC (3.00)', 'ENGL 1AMCH (3.00)', 'ESL 1A (3.00)'], ['ENGL 1B (3.00)', 'ENGL 1BH (3.00)', 'ENGL 1BMC (3.00)', 'ENGL C1001 (3.00)', 'ENGL C1001H (3.00)']]",[],[],No CS-filtered impact: receiving course is not configured in course_reqs.py.,https://assist.org/transfer/results?year=76&institution=41&agreement=79&agreementType=to&viewAgreementsOptions=true&view=agreement&viewBy=major&viewSendingAgreements=false&viewByKey=76%2F41%2Fto%2F79%2FMajor%2F7d01fb7b-2afa-460e-ace0-08ddbf3f4ee7,76/41/to/79/Major/7d01fb7b-2afa-460e-ace0-08ddbf3f4ee7
info,no,False,False,non_course_requirement_placeholder,info,UCB,University of California Berkeley,Canada College,<blank>,unexpected_row,unexpected raw CSV row,,"[['ENGL C1000 (3.00)', 'ENGL C1000E (5.00)'], ['ENGL 110 (3.00)', 'ENGL C1001 (3.00)']]",[],[],No CS-filtered impact: receiving course is not configured in course_reqs.py.,https://assist.org/transfer/results?year=76&institution=68&agreement=79&agreementType=to&viewAgreementsOptions=true&view=agreement&viewBy=major&viewSendingAgreements=false&viewByKey=76%2F68%2Fto%2F79%2FMajor%2F7d01fb7b-2afa-460e-ace0-08ddbf3f4ee7,76/68/to/79/Major/7d01fb7b-2afa-460e-ace0-08ddbf3f4ee7
info,no,False,False,non_course_requirement_placeholder,info,UCB,University of California Berkeley,Cerritos College,<blank>,unexpected_row,unexpected raw CSV row,,"[['ENGL C1000 (4.00)', 'ENGL C1000E (4.50)'], ['ENGL 102 (3.00)', 'ENGL C1001 (4.00)', 'ENGL 110 (4.00)', 'READ 103 (3.00)']]",[],[],No CS-filtered impact: receiving course is not configured in course_reqs.py.,https://assist.org/transfer/results?year=76&institution=104&agreement=79&agreementType=to&viewAgreementsOptions=true&view=agreement&viewBy=major&viewSendingAgreements=false&viewByKey=76%2F104%2Fto%2F79%2FMajor%2F7d01fb7b-2afa-460e-ace0-08ddbf3f4ee7,76/104/to/79/Major/7d01fb7b-2afa-460e-ace0-08ddbf3f4ee7
info,no,False,False,non_course_requirement_placeholder,info,UCB,University of California Berkeley,Chabot College,<blank>,unexpected_row,unexpected raw CSV row,,"[['ENGL C1000 (4.00)'], ['ENGL 4A (4.00)', 'ENGL C1001 (4.00)']]",[],[],No CS-filtered impact: receiving course is not configured in course_reqs.py.,https://assist.org/transfer/results?year=76&institution=96&agreement=79&agreementType=to&viewAgreementsOptions=true&view=agreement&viewBy=major&viewSendingAgreements=false&viewByKey=76%2F96%2Fto%2F79%2FMajor%2F7d01fb7b-2afa-460e-ace0-08ddbf3f4ee7,76/96/to/79/Major/7d01fb7b-2afa-460e-ace0-08ddbf3f4ee7
info,no,False,False,non_course_requirement_placeholder,info,UCB,University of California Berkeley,Chaffey College,<blank>,unexpected_row,unexpected raw CSV row,,"[['ENGL 1A (3.00)'], ['ENGL 1B (3.00)']]",[],[],No CS-filtered impact: receiving course is not configured in course_reqs.py.,https://assist.org/transfer/results?year=76&institution=69&agreement=79&agreementType=to&viewAgreementsOptions=true&view=agreement&viewBy=major&viewSendingAgreements=false&viewByKey=76%2F69%2Fto%2F79%2FMajor%2F7d01fb7b-2afa-460e-ace0-08ddbf3f4ee7,76/69/to/79/Major/7d01fb7b-2afa-460e-ace0-08ddbf3f4ee7
info,no,False,False,non_course_requirement_placeholder,info,UCB,University of California Berkeley,Citrus College,<blank>,unexpected_row,unexpected raw CSV row,,"[['ENGL C1000 (4.00)', 'ENGL C1000 E (5.00)', 'ENGL C1000 H (4.00)', 'ENGL 102 (3.00)'], ['ENGL 103 (3.00)', 'ENGL 103H (3.00)', 'ENGL C1001 (3.00)', 'ENGL C1001 H (3.00)']]",[],[],No CS-filtered impact: receiving course is not configured in course_reqs.py.,https://assist.org/transfer/results?year=76&institution=97&agreement=79&agreementType=to&viewAgreementsOptions=true&view=agreement&viewBy=major&viewSendingAgreements=false&viewByKey=76%2F97%2Fto%2F79%2FMajor%2F7d01fb7b-2afa-460e-ace0-08ddbf3f4ee7,76/97/to/79/Major/7d01fb7b-2afa-460e-ace0-08ddbf3f4ee7
info,no,False,False,non_course_requirement_placeholder,info,UCB,University of California Berkeley,Clovis Community College,<blank>,unexpected_row,unexpected raw CSV row,,"[['ENGL C1000 (4.00)', 'ENGL C1000H (4.00)'], ['ENGL 1B (3.00)', 'ENGL 1BH (3.00)', 'ENGL C1001 (3.00)', 'ENGL C1001H (3.00)']]",[],[],No CS-filtered impact: receiving course is not configured in course_reqs.py.,https://assist.org/transfer/results?year=76&institution=150&agreement=79&agreementType=to&viewAgreementsOptions=true&view=agreement&viewBy=major&viewSendingAgreements=false&viewByKey=76%2F150%2Fto%2F79%2FMajor%2F7d01fb7b-2afa-460e-ace0-08ddbf3f4ee7,76/150/to/79/Major/7d01fb7b-2afa-460e-ace0-08ddbf3f4ee7
info,no,False,False,non_course_requirement_placeholder,info,UCB,University of California Berkeley,Coastline Community College,<blank>,unexpected_row,unexpected raw CSV row,,"[['ENGL C1000 (4.00)'], ['ENGL C101 (4.00)', 'ENGL C1001 (3.00)']]",[],[],No CS-filtered impact: receiving course is not configured in course_reqs.py.,https://assist.org/transfer/results?year=76&institution=105&agreement=79&agreementType=to&viewAgreementsOptions=true&view=agreement&viewBy=major&viewSendingAgreements=false&viewByKey=76%2F105%2Fto%2F79%2FMajor%2F7d01fb7b-2afa-460e-ace0-08ddbf3f4ee7,76/105/to/79/Major/7d01fb7b-2afa-460e-ace0-08ddbf3f4ee7
info,no,False,False,non_course_requirement_placeholder,info,UCB,University of California Berkeley,College of Alameda,<blank>,unexpected_row,unexpected raw CSV row,,"[['ENGL C1000 (4.00)', 'ENGL C1000E (5.00)'], ['ENGL 1B (4.00)']]",[],[],No CS-filtered impact: receiving course is not configured in course_reqs.py.,https://assist.org/transfer/results?year=76&institution=111&agreement=79&agreementType=to&viewAgreementsOptions=true&view=agreement&viewBy=major&viewSendingAgreements=false&viewByKey=76%2F111%2Fto%2F79%2FMajor%2F7d01fb7b-2afa-460e-ace0-08ddbf3f4ee7,76/111/to/79/Major/7d01fb7b-2afa-460e-ace0-08ddbf3f4ee7
info,no,False,False,non_course_requirement_placeholder,info,UCB,University of California Berkeley,College of Marin,<blank>,unexpected_row,unexpected raw CSV row,,"[['ENGL C1000 (4.00)'], ['ENGL 151 (4.00)', 'ENGL C1001 (4.00)']]",[],[],No CS-filtered impact: receiving course is not configured in course_reqs.py.,https://assist.org/transfer/results?year=76&institution=4&agreement=79&agreementType=to&viewAgreementsOptions=true&view=agreement&viewBy=major&viewSendingAgreements=false&viewByKey=76%2F4%2Fto%2F79%2FMajor%2F7d01fb7b-2afa-460e-ace0-08ddbf3f4ee7,76/4/to/79/Major/7d01fb7b-2afa-460e-ace0-08ddbf3f4ee7
info,no,False,False,non_course_requirement_placeholder,info,UCB,University of California Berkeley,College of San Mateo,<blank>,unexpected_row,unexpected raw CSV row,,"[['ENGL C1000 (3.00)', 'ENGL C1000E (5.00)'], ['ENGL 110 (3.00)', 'ENGL C1001 (3.00)']]",[],[],No CS-filtered impact: receiving course is not configured in course_reqs.py.,https://assist.org/transfer/results?year=76&institution=5&agreement=79&agreementType=to&viewAgreementsOptions=true&view=agreement&viewBy=major&viewSendingAgreements=false&viewByKey=76%2F5%2Fto%2F79%2FMajor%2F7d01fb7b-2afa-460e-ace0-08ddbf3f4ee7,76/5/to/79/Major/7d01fb7b-2afa-460e-ace0-08ddbf3f4ee7
info,no,False,False,non_course_requirement_placeholder,info,UCB,University of California Berkeley,College of the Desert,<blank>,unexpected_row,unexpected raw CSV row,,"[['ENGL C1000 (4.00)'], ['ENG 2 (4.00)']]",[],[],No CS-filtered impact: receiving course is not configured in course_reqs.py.,https://assist.org/transfer/results?year=76&institution=30&agreement=79&agreementType=to&viewAgreementsOptions=true&view=agreement&viewBy=major&viewSendingAgreements=false&viewByKey=76%2F30%2Fto%2F79%2FMajor%2F7d01fb7b-2afa-460e-ace0-08ddbf3f4ee7,76/30/to/79/Major/7d01fb7b-2afa-460e-ace0-08ddbf3f4ee7
info,no,False,False,non_course_requirement_placeholder,info,UCB,University of California Berkeley,College of the Redwoods,<blank>,unexpected_row,unexpected raw CSV row,,"[['ENGL C1000 (4.00)'], ['ENGL 1B (3.00)', 'ENGL 2B (4.00)', 'ENGL C1001 (3.00)']]",[],[],No CS-filtered impact: receiving course is not configured in course_reqs.py.,https://assist.org/transfer/results?year=76&institution=83&agreement=79&agreementType=to&viewAgreementsOptions=true&view=agreement&viewBy=major&viewSendingAgreements=false&viewByKey=76%2F83%2Fto%2F79%2FMajor%2F7d01fb7b-2afa-460e-ace0-08ddbf3f4ee7,76/83/to/79/Major/7d01fb7b-2afa-460e-ace0-08ddbf3f4ee7
info,no,False,False,non_course_requirement_placeholder,info,UCB,University of California Berkeley,College of the Sequoias,<blank>,unexpected_row,unexpected raw CSV row,,"[['ENGL C1000 (4.00)'], ['ENGL C1001 (3.00)']]",[],[],No CS-filtered impact: receiving course is not configured in course_reqs.py.,https://assist.org/transfer/results?year=76&institution=6&agreement=79&agreementType=to&viewAgreementsOptions=true&view=agreement&viewBy=major&viewSendingAgreements=false&viewByKey=76%2F6%2Fto%2F79%2FMajor%2F7d01fb7b-2afa-460e-ace0-08ddbf3f4ee7,76/6/to/79/Major/7d01fb7b-2afa-460e-ace0-08ddbf3f4ee7
info,no,False,False,non_course_requirement_placeholder,info,UCB,University of California Berkeley,College of the Siskiyous,<blank>,unexpected_row,unexpected raw CSV row,,"[['ENGL C1000 (4.00)'], ['ENGL C1001 (3.00)', 'ENGL 1501 (3.00)']]",[],[],No CS-filtered impact: receiving course is not configured in course_reqs.py.,https://assist.org/transfer/results?year=76&institution=102&agreement=79&agreementType=to&viewAgreementsOptions=true&view=agreement&viewBy=major&viewSendingAgreements=false&viewByKey=76%2F102%2Fto%2F79%2FMajor%2F7d01fb7b-2afa-460e-ace0-08ddbf3f4ee7,76/102/to/79/Major/7d01fb7b-2afa-460e-ace0-08ddbf3f4ee7
info,no,False,False,non_course_requirement_placeholder,info,UCB,University of California Berkeley,Columbia College,<blank>,unexpected_row,unexpected raw CSV row,,"[['ENGL C1000 (3.00)'], ['ENGL 1B (3.00)']]",[],[],No CS-filtered impact: receiving course is not configured in course_reqs.py.,https://assist.org/transfer/results?year=76&institution=10&agreement=79&agreementType=to&viewAgreementsOptions=true&view=agreement&viewBy=major&viewSendingAgreements=false&viewByKey=76%2F10%2Fto%2F79%2FMajor%2F7d01fb7b-2afa-460e-ace0-08ddbf3f4ee7,76/10/to/79/Major/7d01fb7b-2afa-460e-ace0-08ddbf3f4ee7
info,no,False,False,non_course_requirement_placeholder,info,UCB,University of California Berkeley,Compton College,<blank>,unexpected_row,unexpected raw CSV row,,"[['ENGL C1000 (4.00)', 'ENGL C1000H (4.00)'], ['ENGL 102 (3.00)', 'ENGL 102H (3.00)']]",[],[],No CS-filtered impact: receiving course is not configured in course_reqs.py.,https://assist.org/transfer/results?year=76&institution=153&agreement=79&agreementType=to&viewAgreementsOptions=true&view=agreement&viewBy=major&viewSendingAgreements=false&viewByKey=76%2F153%2Fto%2F79%2FMajor%2F7d01fb7b-2afa-460e-ace0-08ddbf3f4ee7,76/153/to/79/Major/7d01fb7b-2afa-460e-ace0-08ddbf3f4ee7
info,no,False,False,non_course_requirement_placeholder,info,UCB,University of California Berkeley,Contra Costa College,<blank>,unexpected_row,unexpected raw CSV row,,"[['ENGL C1000 (4.00)', 'ENGL C1000E (5.00)'], ['ENGL 002B (4.00)', 'ENGL C1001 (3.00)', 'PHILO 130 (3.00)']]",[],[],No CS-filtered impact: receiving course is not configured in course_reqs.py.,https://assist.org/transfer/results?year=76&institution=28&agreement=79&agreementType=to&viewAgreementsOptions=true&view=agreement&viewBy=major&viewSendingAgreements=false&viewByKey=76%2F28%2Fto%2F79%2FMajor%2F7d01fb7b-2afa-460e-ace0-08ddbf3f4ee7,76/28/to/79/Major/7d01fb7b-2afa-460e-ace0-08ddbf3f4ee7
info,no,False,False,non_course_requirement_placeholder,info,UCB,University of California Berkeley,Copper Mountain College,<blank>,unexpected_row,unexpected raw CSV row,,"[['ENGL C1000 (3.00)'], ['ENG 001B (3.00)', 'ENGL C1001 (3.00)']]",[],[],No CS-filtered impact: receiving course is not configured in course_reqs.py.,https://assist.org/transfer/results?year=76&institution=112&agreement=79&agreementType=to&viewAgreementsOptions=true&view=agreement&viewBy=major&viewSendingAgreements=false&viewByKey=76%2F112%2Fto%2F79%2FMajor%2F7d01fb7b-2afa-460e-ace0-08ddbf3f4ee7,76/112/to/79/Major/7d01fb7b-2afa-460e-ace0-08ddbf3f4ee7
info,no,False,False,non_course_requirement_placeholder,info,UCB,University of California Berkeley,Cosumnes River College,<blank>,unexpected_row,unexpected raw CSV row,,"[['ENGL C1000 (3.00)', 'ENGL C1000H (3.00)'], ['ENGWR 301 (3.00)', 'ENGL C1001 (3.00)']]",[],[],No CS-filtered impact: receiving course is not configured in course_reqs.py.,https://assist.org/transfer/results?year=76&institution=142&agreement=79&agreementType=to&viewAgreementsOptions=true&view=agreement&viewBy=major&viewSendingAgreements=false&viewByKey=76%2F142%2Fto%2F79%2FMajor%2F7d01fb7b-2afa-460e-ace0-08ddbf3f4ee7,76/142/to/79/Major/7d01fb7b-2afa-460e-ace0-08ddbf3f4ee7
info,no,False,False,non_course_requirement_placeholder,info,UCB,University of California Berkeley,Cuesta College,<blank>,unexpected_row,unexpected raw CSV row,,"[['ENGL C1000 (4.00)'], ['ENGL 201B (4.00)', 'ENGL C1001 (4.00)']]",[],[],No CS-filtered impact: receiving course is not configured in course_reqs.py.,https://assist.org/transfer/results?year=76&institution=16&agreement=79&agreementType=to&viewAgreementsOptions=true&view=agreement&viewBy=major&viewSendingAgreements=false&viewByKey=76%2F16%2Fto%2F79%2FMajor%2F7d01fb7b-2afa-460e-ace0-08ddbf3f4ee7,76/16/to/79/Major/7d01fb7b-2afa-460e-ace0-08ddbf3f4ee7
info,no,False,False,non_course_requirement_placeholder,info,UCB,University of California Berkeley,El Camino College,<blank>,unexpected_row,unexpected raw CSV row,,"[['ENGL C1000 (4.00)', 'ENGL C1000H (4.00)'], ['ENGL 1B (3.00)', 'ENGL 1BH (3.00)']]",[],[],No CS-filtered impact: receiving course is not configured in course_reqs.py.,https://assist.org/transfer/results?year=76&institution=103&agreement=79&agreementType=to&viewAgreementsOptions=true&view=agreement&viewBy=major&viewSendingAgreements=false&viewByKey=76%2F103%2Fto%2F79%2FMajor%2F7d01fb7b-2afa-460e-ace0-08ddbf3f4ee7,76/103/to/79/Major/7d01fb7b-2afa-460e-ace0-08ddbf3f4ee7
info,no,False,False,non_course_requirement_placeholder,info,UCB,University of California Berkeley,Feather River College,<blank>,unexpected_row,unexpected raw CSV row,,"[['ENGL C1000 (3.00)'], ['ENGL 102 (3.00)', 'ENGL C1001 (3.00)'], ['PHYS 204 (4.00)', 'PHYS 206 (4.00)']]",[],[],No CS-filtered impact: receiving course is not configured in course_reqs.py.,https://assist.org/transfer/results?year=76&institution=122&agreement=79&agreementType=to&viewAgreementsOptions=true&view=agreement&viewBy=major&viewSendingAgreements=false&viewByKey=76%2F122%2Fto%2F79%2FMajor%2F7d01fb7b-2afa-460e-ace0-08ddbf3f4ee7,76/122/to/79/Major/7d01fb7b-2afa-460e-ace0-08ddbf3f4ee7
info,no,False,False,non_course_requirement_placeholder,info,UCB,University of California Berkeley,Foothill College,<blank>,unexpected_row,unexpected raw CSV row,,"[['ENGL C1000 (5.00)', 'ENGL 1B (5.00)'], ['ENGL C1000H (5.00)', 'ENGL 1BH (5.00)'], ['ESLL 26 (5.00)', 'ENGL 1B (5.00)'], ['ESLL 26 (5.00)', 'ENGL 1BH (5.00)'], ['ENGL 1B (5.00)', 'ENGL C1001 (5.00)'], ['ENGL 1BH (5.00)', 'ENGL C1001H (5.00)']]",[],[],No CS-filtered impact: receiving course is not configured in course_reqs.py.,https://assist.org/transfer/results?year=76&institution=51&agreement=79&agreementType=to&viewAgreementsOptions=true&view=agreement&viewBy=major&viewSendingAgreements=false&viewByKey=76%2F51%2Fto%2F79%2FMajor%2F7d01fb7b-2afa-460e-ace0-08ddbf3f4ee7,76/51/to/79/Major/7d01fb7b-2afa-460e-ace0-08ddbf3f4ee7
info,no,False,False,non_course_requirement_placeholder,info,UCB,University of California Berkeley,Golden West College,<blank>,unexpected_row,unexpected raw CSV row,,"[['ENGL C1000 (4.00)', 'ENGL C1000E (6.00)'], ['ENGL G110 (4.00)', 'PSYC G130 (3.00)']]",[],[],No CS-filtered impact: receiving course is not configured in course_reqs.py.,https://assist.org/transfer/results?year=76&institution=55&agreement=79&agreementType=to&viewAgreementsOptions=true&view=agreement&viewBy=major&viewSendingAgreements=false&viewByKey=76%2F55%2Fto%2F79%2FMajor%2F7d01fb7b-2afa-460e-ace0-08ddbf3f4ee7,76/55/to/79/Major/7d01fb7b-2afa-460e-ace0-08ddbf3f4ee7
info,no,False,False,non_course_requirement_placeholder,info,UCB,University of California Berkeley,Hartnell College,<blank>,unexpected_row,unexpected raw CSV row,,"[['ENGL C1000 (3.00)', 'ENGL C1000E (4.00)'], ['ENG 1B (3.00)', 'ENGL C1001 (3.00)']]",[],[],No CS-filtered impact: receiving course is not configured in course_reqs.py.,https://assist.org/transfer/results?year=76&institution=123&agreement=79&agreementType=to&viewAgreementsOptions=true&view=agreement&viewBy=major&viewSendingAgreements=false&viewByKey=76%2F123%2Fto%2F79%2FMajor%2F7d01fb7b-2afa-460e-ace0-08ddbf3f4ee7,76/123/to/79/Major/7d01fb7b-2afa-460e-ace0-08ddbf3f4ee7
info,no,False,False,non_course_requirement_placeholder,info,UCB,University of California Berkeley,Imperial Valley College,<blank>,unexpected_row,unexpected raw CSV row,,"[['ENGL 105 (5.00)', 'ENGL C1000 (4.00)'], ['ENGL C1001 (3.00)']]",[],[],No CS-filtered impact: receiving course is not configured in course_reqs.py.,https://assist.org/transfer/results?year=76&institution=107&agreement=79&agreementType=to&viewAgreementsOptions=true&view=agreement&viewBy=major&viewSendingAgreements=false&viewByKey=76%2F107%2Fto%2F79%2FMajor%2F7d01fb7b-2afa-460e-ace0-08ddbf3f4ee7,76/107/to/79/Major/7d01fb7b-2afa-460e-ace0-08ddbf3f4ee7
info,no,False,False,non_course_requirement_placeholder,info,UCB,University of California Berkeley,Irvine Valley College,<blank>,unexpected_row,unexpected raw CSV row,,"[['ENGL C1000 (4.00)', 'ENGL C1000H (4.00)', 'ESL 1 (4.00)'], ['ENGL C1001 (4.00)', 'ENGL C1001H (4.00)', 'LIB 20 (3.00)', 'LIB 20H (3.00)']]",[],[],No CS-filtered impact: receiving course is not configured in course_reqs.py.,https://assist.org/transfer/results?year=76&institution=124&agreement=79&agreementType=to&viewAgreementsOptions=true&view=agreement&viewBy=major&viewSendingAgreements=false&viewByKey=76%2F124%2Fto%2F79%2FMajor%2F7d01fb7b-2afa-460e-ace0-08ddbf3f4ee7,76/124/to/79/Major/7d01fb7b-2afa-460e-ace0-08ddbf3f4ee7
info,no,False,False,non_course_requirement_placeholder,info,UCB,University of California Berkeley,Las Positas College,<blank>,unexpected_row,unexpected raw CSV row,,"[['ENGL C1000 (3.00)'], ['ENG 4 (3.00)', 'ENGL C1001 (3.00)']]",[],[],No CS-filtered impact: receiving course is not configured in course_reqs.py.,https://assist.org/transfer/results?year=76&institution=18&agreement=79&agreementType=to&viewAgreementsOptions=true&view=agreement&viewBy=major&viewSendingAgreements=false&viewByKey=76%2F18%2Fto%2F79%2FMajor%2F7d01fb7b-2afa-460e-ace0-08ddbf3f4ee7,76/18/to/79/Major/7d01fb7b-2afa-460e-ace0-08ddbf3f4ee7
info,no,False,False,non_course_requirement_placeholder,info,UCB,University of California Berkeley,Lassen Community College,<blank>,unexpected_row,unexpected raw CSV row,,"[['ENGL C1000 (3.00)'], ['ENGL C1001 (3.00)']]",[],[],No CS-filtered impact: receiving course is not configured in course_reqs.py.,https://assist.org/transfer/results?year=76&institution=82&agreement=79&agreementType=to&viewAgreementsOptions=true&view=agreement&viewBy=major&viewSendingAgreements=false&viewByKey=76%2F82%2Fto%2F79%2FMajor%2F7d01fb7b-2afa-460e-ace0-08ddbf3f4ee7,76/82/to/79/Major/7d01fb7b-2afa-460e-ace0-08ddbf3f4ee7
info,no,False,False,non_course_requirement_placeholder,info,UCB,University of California Berkeley,Los Angeles Pierce College,<blank>,unexpected_row,unexpected raw CSV row,,"[['ENGL C1000 (3.00)'], ['ENGL C1001 (3.00)', 'ENGLISH 102 (3.00)', 'JOURNAL 109 (3.00)', 'PHILOS 005 (3.00)']]",[],[],No CS-filtered impact: receiving course is not configured in course_reqs.py.,https://assist.org/transfer/results?year=76&institution=86&agreement=79&agreementType=to&viewAgreementsOptions=true&view=agreement&viewBy=major&viewSendingAgreements=false&viewByKey=76%2F86%2Fto%2F79%2FMajor%2F7d01fb7b-2afa-460e-ace0-08ddbf3f4ee7,76/86/to/79/Major/7d01fb7b-2afa-460e-ace0-08ddbf3f4ee7
info,no,False,False,non_course_requirement_placeholder,info,UCB,University of California Berkeley,Los Angeles Southwest College,<blank>,unexpected_row,unexpected raw CSV row,,"[['ENGL C1000 (3.00)'], ['ENGLISH 102 (3.00)']]",[],[],No CS-filtered impact: receiving course is not configured in course_reqs.py.,https://assist.org/transfer/results?year=76&institution=130&agreement=79&agreementType=to&viewAgreementsOptions=true&view=agreement&viewBy=major&viewSendingAgreements=false&viewByKey=76%2F130%2Fto%2F79%2FMajor%2F7d01fb7b-2afa-460e-ace0-08ddbf3f4ee7,76/130/to/79/Major/7d01fb7b-2afa-460e-ace0-08ddbf3f4ee7
info,no,False,False,non_course_requirement_placeholder,info,UCB,University of California Berkeley,Los Angeles Valley College,<blank>,unexpected_row,unexpected raw CSV row,,"[['ENGL C1000 (3.00)'], ['ENGLISH 102 (3.00)']]",[],[],No CS-filtered impact: receiving course is not configured in course_reqs.py.,https://assist.org/transfer/results?year=76&institution=44&agreement=79&agreementType=to&viewAgreementsOptions=true&view=agreement&viewBy=major&viewSendingAgreements=false&viewByKey=76%2F44%2Fto%2F79%2FMajor%2F7d01fb7b-2afa-460e-ace0-08ddbf3f4ee7,76/44/to/79/Major/7d01fb7b-2afa-460e-ace0-08ddbf3f4ee7
info,no,False,False,non_course_requirement_placeholder,info,UCB,University of California Berkeley,Los Medanos College,<blank>,unexpected_row,unexpected raw CSV row,,"[['ENGL C1000 (3.00)'], ['ENGL 230 (3.00)', 'ENGL C1001 (3.00)']]",[],[],No CS-filtered impact: receiving course is not configured in course_reqs.py.,https://assist.org/transfer/results?year=76&institution=61&agreement=79&agreementType=to&viewAgreementsOptions=true&view=agreement&viewBy=major&viewSendingAgreements=false&viewByKey=76%2F61%2Fto%2F79%2FMajor%2F7d01fb7b-2afa-460e-ace0-08ddbf3f4ee7,76/61/to/79/Major/7d01fb7b-2afa-460e-ace0-08ddbf3f4ee7
info,no,False,False,non_course_requirement_placeholder,info,UCB,University of California Berkeley,Madera Community College,<blank>,unexpected_row,unexpected raw CSV row,,"[['ENGL C1000 (4.00)', 'ENGL C1000H (4.00)'], ['ENGL 1B (3.00)', 'ENGL 1BH (3.00)', 'ENGL 2 (3.00)', 'ENGL 2H (3.00)', 'ENGL C1001 (3.00)', 'ENGL C1001H (3.00)']]",[],[],No CS-filtered impact: receiving course is not configured in course_reqs.py.,https://assist.org/transfer/results?year=76&institution=200&agreement=79&agreementType=to&viewAgreementsOptions=true&view=agreement&viewBy=major&viewSendingAgreements=false&viewByKey=76%2F200%2Fto%2F79%2FMajor%2F7d01fb7b-2afa-460e-ace0-08ddbf3f4ee7,76/200/to/79/Major/7d01fb7b-2afa-460e-ace0-08ddbf3f4ee7
info,no,False,False,non_course_requirement_placeholder,info,UCB,University of California Berkeley,Mendocino College,<blank>,unexpected_row,unexpected raw CSV row,,"[['ENGL C1000 (4.00)'], ['ENGL 201 (4.00)'], ['PHY 220 (4.00)'], ['PHY 221 (4.00)', 'PHY 222 (4.00)']]",[],[],No CS-filtered impact: receiving course is not configured in course_reqs.py.,https://assist.org/transfer/results?year=76&institution=100&agreement=79&agreementType=to&viewAgreementsOptions=true&view=agreement&viewBy=major&viewSendingAgreements=false&viewByKey=76%2F100%2Fto%2F79%2FMajor%2F7d01fb7b-2afa-460e-ace0-08ddbf3f4ee7,76/100/to/79/Major/7d01fb7b-2afa-460e-ace0-08ddbf3f4ee7
info,no,False,False,non_course_requirement_placeholder,info,UCB,University of California Berkeley,Merced College,<blank>,unexpected_row,unexpected raw CSV row,,"[['ENGL C1000 (4.00)'], ['ENGL -01B (3.00)']]",[],[],No CS-filtered impact: receiving course is not configured in course_reqs.py.,https://assist.org/transfer/results?year=76&institution=17&agreement=79&agreementType=to&viewAgreementsOptions=true&view=agreement&viewBy=major&viewSendingAgreements=false&viewByKey=76%2F17%2Fto%2F79%2FMajor%2F7d01fb7b-2afa-460e-ace0-08ddbf3f4ee7,76/17/to/79/Major/7d01fb7b-2afa-460e-ace0-08ddbf3f4ee7
info,no,False,False,non_course_requirement_placeholder,info,UCB,University of California Berkeley,Modesto Junior College,<blank>,unexpected_row,unexpected raw CSV row,,"[['ENGL C1000 (3.00)'], ['ENGL 102 (3.00)', 'ENGL C1001 (3.00)']]",[],[],No CS-filtered impact: receiving course is not configured in course_reqs.py.,https://assist.org/transfer/results?year=76&institution=52&agreement=79&agreementType=to&viewAgreementsOptions=true&view=agreement&viewBy=major&viewSendingAgreements=false&viewByKey=76%2F52%2Fto%2F79%2FMajor%2F7d01fb7b-2afa-460e-ace0-08ddbf3f4ee7,76/52/to/79/Major/7d01fb7b-2afa-460e-ace0-08ddbf3f4ee7
info,no,False,False,non_course_requirement_placeholder,info,UCB,University of California Berkeley,Monterey Peninsula College,<blank>,unexpected_row,unexpected raw CSV row,,"[['ENGL C1000 (3.00)'], ['ENGL 1B (3.00)']]",[],[],No CS-filtered impact: receiving course is not configured in course_reqs.py.,https://assist.org/transfer/results?year=76&institution=133&agreement=79&agreementType=to&viewAgreementsOptions=true&view=agreement&viewBy=major&viewSendingAgreements=false&viewByKey=76%2F133%2Fto%2F79%2FMajor%2F7d01fb7b-2afa-460e-ace0-08ddbf3f4ee7,76/133/to/79/Major/7d01fb7b-2afa-460e-ace0-08ddbf3f4ee7
info,no,False,False,non_course_requirement_placeholder,info,UCB,University of California Berkeley,Moreno Valley College,<blank>,unexpected_row,unexpected raw CSV row,,"[['ENGL C1000 (4.00)', 'ENGL C1000H (4.00)'], ['ENGL 1B (4.00)', 'ENGL 1BH (4.00)']]",[],[],No CS-filtered impact: receiving course is not configured in course_reqs.py.,https://assist.org/transfer/results?year=76&institution=149&agreement=79&agreementType=to&viewAgreementsOptions=true&view=agreement&viewBy=major&viewSendingAgreements=false&viewByKey=76%2F149%2Fto%2F79%2FMajor%2F7d01fb7b-2afa-460e-ace0-08ddbf3f4ee7,76/149/to/79/Major/7d01fb7b-2afa-460e-ace0-08ddbf3f4ee7
info,no,False,False,non_course_requirement_placeholder,info,UCB,University of California Berkeley,Mount San Antonio College,<blank>,unexpected_row,unexpected raw CSV row,,"[['AMLA 1A (4.00)', 'ENGL C1000 (4.00)', 'ENGL C1000H (4.00)'], ['ENGL C1001 (4.00)', 'ENGL C1001H (4.00)']]",[],[],No CS-filtered impact: receiving course is not configured in course_reqs.py.,https://assist.org/transfer/results?year=76&institution=62&agreement=79&agreementType=to&viewAgreementsOptions=true&view=agreement&viewBy=major&viewSendingAgreements=false&viewByKey=76%2F62%2Fto%2F79%2FMajor%2F7d01fb7b-2afa-460e-ace0-08ddbf3f4ee7,76/62/to/79/Major/7d01fb7b-2afa-460e-ace0-08ddbf3f4ee7
info,no,False,False,non_course_requirement_placeholder,info,UCB,University of California Berkeley,Napa Valley College,<blank>,unexpected_row,unexpected raw CSV row,,"[['ENGL C1000 (4.00)'], ['ENGL 121 (3.00)', 'ENGL C1001 (3.00)']]",[],[],No CS-filtered impact: receiving course is not configured in course_reqs.py.,https://assist.org/transfer/results?year=76&institution=73&agreement=79&agreementType=to&viewAgreementsOptions=true&view=agreement&viewBy=major&viewSendingAgreements=false&viewByKey=76%2F73%2Fto%2F79%2FMajor%2F7d01fb7b-2afa-460e-ace0-08ddbf3f4ee7,76/73/to/79/Major/7d01fb7b-2afa-460e-ace0-08ddbf3f4ee7
info,no,False,False,non_course_requirement_placeholder,info,UCB,University of California Berkeley,Ohlone College,<blank>,unexpected_row,unexpected raw CSV row,,"[['ENGL C1000 (4.00)'], ['ENGL 101B (4.00)']]",[],[],No CS-filtered impact: receiving course is not configured in course_reqs.py.,https://assist.org/transfer/results?year=76&institution=48&agreement=79&agreementType=to&viewAgreementsOptions=true&view=agreement&viewBy=major&viewSendingAgreements=false&viewByKey=76%2F48%2Fto%2F79%2FMajor%2F7d01fb7b-2afa-460e-ace0-08ddbf3f4ee7,76/48/to/79/Major/7d01fb7b-2afa-460e-ace0-08ddbf3f4ee7
info,no,False,False,non_course_requirement_placeholder,info,UCB,University of California Berkeley,Orange Coast College,<blank>,unexpected_row,unexpected raw CSV row,,"[['ENGL C1000 (4.00)', 'ESL A100 (3.00)'], ['ENGL A101 (4.00)', 'ENGL A101H (4.00)', 'ENGL A109 (4.00)', 'ENGL C1001 (4.00)', 'ENGL C1001H (4.00)']]",[],[],No CS-filtered impact: receiving course is not configured in course_reqs.py.,https://assist.org/transfer/results?year=76&institution=74&agreement=79&agreementType=to&viewAgreementsOptions=true&view=agreement&viewBy=major&viewSendingAgreements=false&viewByKey=76%2F74%2Fto%2F79%2FMajor%2F7d01fb7b-2afa-460e-ace0-08ddbf3f4ee7,76/74/to/79/Major/7d01fb7b-2afa-460e-ace0-08ddbf3f4ee7
info,no,False,False,non_course_requirement_placeholder,info,UCB,University of California Berkeley,Palo Verde College,<blank>,unexpected_row,unexpected raw CSV row,,"[['ENG 102 (3.00)', 'ENGL C1000 (4.00)'], ['ENG 102 (3.00)', 'ENGL C1001 (3.00)']]",[],[],No CS-filtered impact: receiving course is not configured in course_reqs.py.,https://assist.org/transfer/results?year=76&institution=63&agreement=79&agreementType=to&viewAgreementsOptions=true&view=agreement&viewBy=major&viewSendingAgreements=false&viewByKey=76%2F63%2Fto%2F79%2FMajor%2F7d01fb7b-2afa-460e-ace0-08ddbf3f4ee7,76/63/to/79/Major/7d01fb7b-2afa-460e-ace0-08ddbf3f4ee7
info,no,False,False,non_course_requirement_placeholder,info,UCB,University of California Berkeley,Reedley College,<blank>,unexpected_row,unexpected raw CSV row,,"[['ENGL C1000 (4.00)', 'ENGL C1000H (4.00)'], ['ENGL 1B (3.00)', 'ENGL 1BH (3.00)', 'ENGL 2 (3.00)', 'ENGL 2H (3.00)', 'ENGL C1001 (3.00)', 'ENGL C1001H (3.00)']]",[],[],No CS-filtered impact: receiving course is not configured in course_reqs.py.,https://assist.org/transfer/results?year=76&institution=36&agreement=79&agreementType=to&viewAgreementsOptions=true&view=agreement&viewBy=major&viewSendingAgreements=false&viewByKey=76%2F36%2Fto%2F79%2FMajor%2F7d01fb7b-2afa-460e-ace0-08ddbf3f4ee7,76/36/to/79/Major/7d01fb7b-2afa-460e-ace0-08ddbf3f4ee7
info,no,False,False,non_course_requirement_placeholder,info,UCB,University of California Berkeley,Rio Hondo College,<blank>,unexpected_row,unexpected raw CSV row,,"[['ENGL C1000 (3.50)'], ['ENGL C1001 (3.50)', 'ENGL C1001H (3.50)']]",[],[],No CS-filtered impact: receiving course is not configured in course_reqs.py.,https://assist.org/transfer/results?year=76&institution=64&agreement=79&agreementType=to&viewAgreementsOptions=true&view=agreement&viewBy=major&viewSendingAgreements=false&viewByKey=76%2F64%2Fto%2F79%2FMajor%2F7d01fb7b-2afa-460e-ace0-08ddbf3f4ee7,76/64/to/79/Major/7d01fb7b-2afa-460e-ace0-08ddbf3f4ee7
info,no,False,False,non_course_requirement_placeholder,info,UCB,University of California Berkeley,Riverside City College,<blank>,unexpected_row,unexpected raw CSV row,,"[['ENGL C1000 (4.00)', 'ENGL C1000H (4.00)'], ['ENGL 1B (4.00)', 'ENGL 1BH (4.00)']]",[],[],No CS-filtered impact: receiving course is not configured in course_reqs.py.,https://assist.org/transfer/results?year=76&institution=78&agreement=79&agreementType=to&viewAgreementsOptions=true&view=agreement&viewBy=major&viewSendingAgreements=false&viewByKey=76%2F78%2Fto%2F79%2FMajor%2F7d01fb7b-2afa-460e-ace0-08ddbf3f4ee7,76/78/to/79/Major/7d01fb7b-2afa-460e-ace0-08ddbf3f4ee7
info,no,False,False,non_course_requirement_placeholder,info,UCB,University of California Berkeley,Sacramento City College,<blank>,unexpected_row,unexpected raw CSV row,,"[['ENGL C1000 (3.00)', 'ENGWR 488 (4.00)'], ['ENGWR 301 (3.00)', 'ENGWR 303 (4.00)', 'ENGL C1001 (3.00)', 'ENGL C1001H (3.00)']]",[],[],No CS-filtered impact: receiving course is not configured in course_reqs.py.,https://assist.org/transfer/results?year=76&institution=126&agreement=79&agreementType=to&viewAgreementsOptions=true&view=agreement&viewBy=major&viewSendingAgreements=false&viewByKey=76%2F126%2Fto%2F79%2FMajor%2F7d01fb7b-2afa-460e-ace0-08ddbf3f4ee7,76/126/to/79/Major/7d01fb7b-2afa-460e-ace0-08ddbf3f4ee7
info,no,False,False,non_course_requirement_placeholder,info,UCB,University of California Berkeley,San Bernardino Valley College,<blank>,unexpected_row,unexpected raw CSV row,,"[['ENGL C1000 (4.00)', 'ENGL C1000H (4.00)'], ['ENGL C1001 (4.00)', 'ENGL C1001H (4.00)']]",[],[],No CS-filtered impact: receiving course is not configured in course_reqs.py.,https://assist.org/transfer/results?year=76&institution=131&agreement=79&agreementType=to&viewAgreementsOptions=true&view=agreement&viewBy=major&viewSendingAgreements=false&viewByKey=76%2F131%2Fto%2F79%2FMajor%2F7d01fb7b-2afa-460e-ace0-08ddbf3f4ee7,76/131/to/79/Major/7d01fb7b-2afa-460e-ace0-08ddbf3f4ee7
info,no,False,False,non_course_requirement_placeholder,info,UCB,University of California Berkeley,San Diego Mesa College,<blank>,unexpected_row,unexpected raw CSV row,,"[['ENGL C1000 (3.00)'], ['ENGL C1001 (3.00)']]",[],[],No CS-filtered impact: receiving course is not configured in course_reqs.py.,https://assist.org/transfer/results?year=76&institution=101&agreement=79&agreementType=to&viewAgreementsOptions=true&view=agreement&viewBy=major&viewSendingAgreements=false&viewByKey=76%2F101%2Fto%2F79%2FMajor%2F7d01fb7b-2afa-460e-ace0-08ddbf3f4ee7,76/101/to/79/Major/7d01fb7b-2afa-460e-ace0-08ddbf3f4ee7
info,no,False,False,non_course_requirement_placeholder,info,UCB,University of California Berkeley,San Diego Miramar College,<blank>,unexpected_row,unexpected raw CSV row,,"[['ENGL C1000 (3.00)'], ['ENGL C1001 (3.00)']]",[],[],No CS-filtered impact: receiving course is not configured in course_reqs.py.,https://assist.org/transfer/results?year=76&institution=45&agreement=79&agreementType=to&viewAgreementsOptions=true&view=agreement&viewBy=major&viewSendingAgreements=false&viewByKey=76%2F45%2Fto%2F79%2FMajor%2F7d01fb7b-2afa-460e-ace0-08ddbf3f4ee7,76/45/to/79/Major/7d01fb7b-2afa-460e-ace0-08ddbf3f4ee7
info,no,False,False,non_course_requirement_placeholder,info,UCB,University of California Berkeley,San Joaquin Delta College,<blank>,unexpected_row,unexpected raw CSV row,,"[['ENGL C1000 (3.00)'], ['ENGL 1B (3.00)', 'ENGL C1001 (3.00)']]",[],[],No CS-filtered impact: receiving course is not configured in course_reqs.py.,https://assist.org/transfer/results?year=76&institution=109&agreement=79&agreementType=to&viewAgreementsOptions=true&view=agreement&viewBy=major&viewSendingAgreements=false&viewByKey=76%2F109%2Fto%2F79%2FMajor%2F7d01fb7b-2afa-460e-ace0-08ddbf3f4ee7,76/109/to/79/Major/7d01fb7b-2afa-460e-ace0-08ddbf3f4ee7
info,no,False,False,non_course_requirement_placeholder,info,UCB,University of California Berkeley,Santa Ana College,<blank>,unexpected_row,unexpected raw CSV row,,"[['ENGL C1000 (4.00)', 'ENGL C1000H (4.00)'], ['ENGL 102 (4.00)', 'ENGL 102H (4.00)', 'ENGL C1001 (4.00)', 'ENGL C1001H (4.00)']]",[],[],No CS-filtered impact: receiving course is not configured in course_reqs.py.,https://assist.org/transfer/results?year=76&institution=14&agreement=79&agreementType=to&viewAgreementsOptions=true&view=agreement&viewBy=major&viewSendingAgreements=false&viewByKey=76%2F14%2Fto%2F79%2FMajor%2F7d01fb7b-2afa-460e-ace0-08ddbf3f4ee7,76/14/to/79/Major/7d01fb7b-2afa-460e-ace0-08ddbf3f4ee7
info,no,False,False,non_course_requirement_placeholder,info,UCB,University of California Berkeley,Santa Barbara City College,<blank>,unexpected_row,unexpected raw CSV row,,"[['ENG 200 (3.00)', 'ENGL C1000 (4.00)', 'ENGL C1000H (4.00)'], ['COMM 235 (3.00)', 'ENG 111 (3.00)', 'ENG 111H (3.00)', 'ENGL C1001 (3.00)', 'PHIL 111 (3.00)']]",[],[],No CS-filtered impact: receiving course is not configured in course_reqs.py.,https://assist.org/transfer/results?year=76&institution=92&agreement=79&agreementType=to&viewAgreementsOptions=true&view=agreement&viewBy=major&viewSendingAgreements=false&viewByKey=76%2F92%2Fto%2F79%2FMajor%2F7d01fb7b-2afa-460e-ace0-08ddbf3f4ee7,76/92/to/79/Major/7d01fb7b-2afa-460e-ace0-08ddbf3f4ee7
info,no,False,False,non_course_requirement_placeholder,info,UCB,University of California Berkeley,Santa Monica College,<blank>,unexpected_row,unexpected raw CSV row,,"[['ENGL C1000 (3.00)'], ['ENGL 31 (3.00)', 'ENGL C1001 (3.00)']]",[],[],No CS-filtered impact: receiving course is not configured in course_reqs.py.,https://assist.org/transfer/results?year=76&institution=137&agreement=79&agreementType=to&viewAgreementsOptions=true&view=agreement&viewBy=major&viewSendingAgreements=false&viewByKey=76%2F137%2Fto%2F79%2FMajor%2F7d01fb7b-2afa-460e-ace0-08ddbf3f4ee7,76/137/to/79/Major/7d01fb7b-2afa-460e-ace0-08ddbf3f4ee7
info,no,False,False,non_course_requirement_placeholder,info,UCB,University of California Berkeley,Santa Rosa Junior College,<blank>,unexpected_row,unexpected raw CSV row,,"[['EMLS 10 (4.50)', 'ENGL C1000 (4.00)'], ['ENGL C1001 (3.00)']]",[],[],No CS-filtered impact: receiving course is not configured in course_reqs.py.,https://assist.org/transfer/results?year=76&institution=57&agreement=79&agreementType=to&viewAgreementsOptions=true&view=agreement&viewBy=major&viewSendingAgreements=false&viewByKey=76%2F57%2Fto%2F79%2FMajor%2F7d01fb7b-2afa-460e-ace0-08ddbf3f4ee7,76/57/to/79/Major/7d01fb7b-2afa-460e-ace0-08ddbf3f4ee7
info,no,False,False,non_course_requirement_placeholder,info,UCB,University of California Berkeley,Sierra College,<blank>,unexpected_row,unexpected raw CSV row,,"[['ENGL C1000 (4.00)'], ['ENGL 1B (3.00)', 'ENGL C1001 (3.00)']]",[],[],No CS-filtered impact: receiving course is not configured in course_reqs.py.,https://assist.org/transfer/results?year=76&institution=93&agreement=79&agreementType=to&viewAgreementsOptions=true&view=agreement&viewBy=major&viewSendingAgreements=false&viewByKey=76%2F93%2Fto%2F79%2FMajor%2F7d01fb7b-2afa-460e-ace0-08ddbf3f4ee7,76/93/to/79/Major/7d01fb7b-2afa-460e-ace0-08ddbf3f4ee7
info,no,False,False,non_course_requirement_placeholder,info,UCB,University of California Berkeley,Skyline College,<blank>,unexpected_row,unexpected raw CSV row,,"[['ENGL C1000 (3.00)', 'ENGL C1000E (5.00)'], ['ENGL 110 (3.00)', 'ENGL C1001 (3.00)']]",[],[],No CS-filtered impact: receiving course is not configured in course_reqs.py.,https://assist.org/transfer/results?year=76&institution=127&agreement=79&agreementType=to&viewAgreementsOptions=true&view=agreement&viewBy=major&viewSendingAgreements=false&viewByKey=76%2F127%2Fto%2F79%2FMajor%2F7d01fb7b-2afa-460e-ace0-08ddbf3f4ee7,76/127/to/79/Major/7d01fb7b-2afa-460e-ace0-08ddbf3f4ee7
info,no,False,False,non_course_requirement_placeholder,info,UCB,University of California Berkeley,Southwestern College,<blank>,unexpected_row,unexpected raw CSV row,,"[['ENGL C1000 (4.00)'], ['ENGL C1001 (4.00)']]",[],[],No CS-filtered impact: receiving course is not configured in course_reqs.py.,https://assist.org/transfer/results?year=76&institution=138&agreement=79&agreementType=to&viewAgreementsOptions=true&view=agreement&viewBy=major&viewSendingAgreements=false&viewByKey=76%2F138%2Fto%2F79%2FMajor%2F7d01fb7b-2afa-460e-ace0-08ddbf3f4ee7,76/138/to/79/Major/7d01fb7b-2afa-460e-ace0-08ddbf3f4ee7
info,no,False,False,non_course_requirement_placeholder,info,UCB,University of California Berkeley,Taft College,<blank>,unexpected_row,unexpected raw CSV row,,"[['ENGL C1000 (3.00)', 'ENGL C1000E (4.00)'], ['ENGL 1600 (4.00)']]",[],[],No CS-filtered impact: receiving course is not configured in course_reqs.py.,https://assist.org/transfer/results?year=76&institution=119&agreement=79&agreementType=to&viewAgreementsOptions=true&view=agreement&viewBy=major&viewSendingAgreements=false&viewByKey=76%2F119%2Fto%2F79%2FMajor%2F7d01fb7b-2afa-460e-ace0-08ddbf3f4ee7,76/119/to/79/Major/7d01fb7b-2afa-460e-ace0-08ddbf3f4ee7
info,no,False,False,non_course_requirement_placeholder,info,UCB,University of California Berkeley,West Hills College Coalinga,<blank>,unexpected_row,unexpected raw CSV row,,"[['ENGL C1000 (3.00)'], ['ENGL C1001 (3.00)'], ['PHYSICS 004B (4.00)', 'PHYSICS 004C (4.00)']]",[],[],No CS-filtered impact: receiving course is not configured in course_reqs.py.,https://assist.org/transfer/results?year=76&institution=67&agreement=79&agreementType=to&viewAgreementsOptions=true&view=agreement&viewBy=major&viewSendingAgreements=false&viewByKey=76%2F67%2Fto%2F79%2FMajor%2F7d01fb7b-2afa-460e-ace0-08ddbf3f4ee7,76/67/to/79/Major/7d01fb7b-2afa-460e-ace0-08ddbf3f4ee7
info,no,False,False,non_course_requirement_placeholder,info,UCB,University of California Berkeley,West Hills College Lemoore,<blank>,unexpected_row,unexpected raw CSV row,,"[['ENGL C1000 (4.00)'], ['ENGL C1001 (3.00)']]",[],[],No CS-filtered impact: receiving course is not configured in course_reqs.py.,https://assist.org/transfer/results?year=76&institution=146&agreement=79&agreementType=to&viewAgreementsOptions=true&view=agreement&viewBy=major&viewSendingAgreements=false&viewByKey=76%2F146%2Fto%2F79%2FMajor%2F7d01fb7b-2afa-460e-ace0-08ddbf3f4ee7,76/146/to/79/Major/7d01fb7b-2afa-460e-ace0-08ddbf3f4ee7
info,no,False,False,non_course_requirement_placeholder,info,UCB,University of California Berkeley,West Los Angeles College,<blank>,unexpected_row,unexpected raw CSV row,,"[['ENGL C1000 (3.00)'], ['ENGLISH 102 (3.00)']]",[],[],No CS-filtered impact: receiving course is not configured in course_reqs.py.,https://assist.org/transfer/results?year=76&institution=91&agreement=79&agreementType=to&viewAgreementsOptions=true&view=agreement&viewBy=major&viewSendingAgreements=false&viewByKey=76%2F91%2Fto%2F79%2FMajor%2F7d01fb7b-2afa-460e-ace0-08ddbf3f4ee7,76/91/to/79/Major/7d01fb7b-2afa-460e-ace0-08ddbf3f4ee7
info,no,False,False,non_course_requirement_placeholder,info,UCB,University of California Berkeley,West Valley College,<blank>,unexpected_row,unexpected raw CSV row,,"[['ENGL C1000 (3.00)'], ['ENGL 001B (3.00)', 'ENGL C1001 (3.00)', 'ENGL C1001H (3.00)']]",[],[],No CS-filtered impact: receiving course is not configured in course_reqs.py.,https://assist.org/transfer/results?year=76&institution=80&agreement=79&agreementType=to&viewAgreementsOptions=true&view=agreement&viewBy=major&viewSendingAgreements=false&viewByKey=76%2F80%2Fto%2F79%2FMajor%2F7d01fb7b-2afa-460e-ace0-08ddbf3f4ee7,76/80/to/79/Major/7d01fb7b-2afa-460e-ace0-08ddbf3f4ee7
info,no,False,False,non_course_requirement_placeholder,info,UCB,University of California Berkeley,Woodland Community College,<blank>,unexpected_row,unexpected raw CSV row,,"[['ENGL C1000 (4.00)'], ['ENGL 1B (4.00)']]",[],[],No CS-filtered impact: receiving course is not configured in course_reqs.py.,https://assist.org/transfer/results?year=76&institution=147&agreement=79&agreementType=to&viewAgreementsOptions=true&view=agreement&viewBy=major&viewSendingAgreements=false&viewByKey=76%2F147%2Fto%2F79%2FMajor%2F7d01fb7b-2afa-460e-ace0-08ddbf3f4ee7,76/147/to/79/Major/7d01fb7b-2afa-460e-ace0-08ddbf3f4ee7
info,no,False,False,non_course_requirement_placeholder,info,UCB,University of California Berkeley,Yuba College,<blank>,unexpected_row,unexpected raw CSV row,,"[['ENGL C1000 (4.00)'], ['ENGL 1B (4.00)']]",[],[],No CS-filtered impact: receiving course is not configured in course_reqs.py.,https://assist.org/transfer/results?year=76&institution=90&agreement=79&agreementType=to&viewAgreementsOptions=true&view=agreement&viewBy=major&viewSendingAgreements=false&viewByKey=76%2F90%2Fto%2F79%2FMajor%2F7d01fb7b-2afa-460e-ace0-08ddbf3f4ee7,76/90/to/79/Major/7d01fb7b-2afa-460e-ace0-08ddbf3f4ee7
info,no,False,False,non_course_requirement_placeholder,info,UCB,University of California Berkeley,Allan Hancock College,Requirement,missing_row,missing raw CSV row,"[['ENGL C1000 (4.00)'], ['ENGL 102 (3.00)']]",,[],[],No CS-filtered impact: receiving course is not configured in course_reqs.py.,https://assist.org/transfer/results?year=76&institution=110&agreement=79&agreementType=to&viewAgreementsOptions=true&view=agreement&viewBy=major&viewSendingAgreements=false&viewByKey=76%2F110%2Fto%2F79%2FMajor%2F7d01fb7b-2afa-460e-ace0-08ddbf3f4ee7,76/110/to/79/Major/7d01fb7b-2afa-460e-ace0-08ddbf3f4ee7
info,no,False,False,non_course_requirement_placeholder,info,UCB,University of California Berkeley,American River College,Requirement,missing_row,missing raw CSV row,"[['ENGL C1000 (3.00)'], ['ENGL C1000H (3.00)'], ['ENGWR 301 (3.00)'], ['ENGWR 303 (4.00)'], ['ENGWR 481 (3.00)'], ['ENGL C1001 (3.00)']]",,[],[],No CS-filtered impact: receiving course is not configured in course_reqs.py.,https://assist.org/transfer/results?year=76&institution=27&agreement=79&agreementType=to&viewAgreementsOptions=true&view=agreement&viewBy=major&viewSendingAgreements=false&viewByKey=76%2F27%2Fto%2F79%2FMajor%2F7d01fb7b-2afa-460e-ace0-08ddbf3f4ee7,76/27/to/79/Major/7d01fb7b-2afa-460e-ace0-08ddbf3f4ee7
info,no,False,False,non_course_requirement_placeholder,info,UCB,University of California Berkeley,Antelope Valley College,Requirement,sending_options_mismatch,sending options differ,"[['ENGL C1000 (3.00)'], ['ENGL 102 (3.00)'], ['ENGL 102H (3.00)'], ['ENGL C1001 (3.00)']]",[['ENGL C1001 (3.00)']],[],[],No CS-filtered impact: receiving course is not configured in course_reqs.py.,https://assist.org/transfer/results?year=76&institution=121&agreement=79&agreementType=to&viewAgreementsOptions=true&view=agreement&viewBy=major&viewSendingAgreements=false&viewByKey=76%2F121%2Fto%2F79%2FMajor%2F7d01fb7b-2afa-460e-ace0-08ddbf3f4ee7,76/121/to/79/Major/7d01fb7b-2afa-460e-ace0-08ddbf3f4ee7
info,no,False,False,non_course_requirement_placeholder,info,UCB,University of California Berkeley,Bakersfield College,Requirement,missing_row,missing raw CSV row,"[['ENGL C1000 (3.00)'], ['ENGL C1001 (4.00)'], ['ENGL B3 (4.00)']]",,[],[],No CS-filtered impact: receiving course is not configured in course_reqs.py.,https://assist.org/transfer/results?year=76&institution=84&agreement=79&agreementType=to&viewAgreementsOptions=true&view=agreement&viewBy=major&viewSendingAgreements=false&viewByKey=76%2F84%2Fto%2F79%2FMajor%2F7d01fb7b-2afa-460e-ace0-08ddbf3f4ee7,76/84/to/79/Major/7d01fb7b-2afa-460e-ace0-08ddbf3f4ee7
info,no,False,False,non_course_requirement_placeholder,info,UCB,University of California Berkeley,Barstow Community College,Requirement,missing_row,missing raw CSV row,"[['ENGL 1B (3.00)', 'ENGL C1000 (4.00)'], ['ENGL 1B (3.00)', 'ENGL C1001 (4.00)']]",,[],[],No CS-filtered impact: receiving course is not configured in course_reqs.py.,https://assist.org/transfer/results?year=76&institution=20&agreement=79&agreementType=to&viewAgreementsOptions=true&view=agreement&viewBy=major&viewSendingAgreements=false&viewByKey=76%2F20%2Fto%2F79%2FMajor%2F7d01fb7b-2afa-460e-ace0-08ddbf3f4ee7,76/20/to/79/Major/7d01fb7b-2afa-460e-ace0-08ddbf3f4ee7
info,no,False,False,non_course_requirement_placeholder,info,UCB,University of California Berkeley,Berkeley City College,Requirement,sending_options_mismatch,sending options differ,"[['ENGL C1000 (4.00)'], ['ENGL 1B (4.00)']]",[['ENGL 1B (4.00)']],[],[],No CS-filtered impact: receiving course is not configured in course_reqs.py.,https://assist.org/transfer/results?year=76&institution=58&agreement=79&agreementType=to&viewAgreementsOptions=true&view=agreement&viewBy=major&viewSendingAgreements=false&viewByKey=76%2F58%2Fto%2F79%2FMajor%2F7d01fb7b-2afa-460e-ace0-08ddbf3f4ee7,76/58/to/79/Major/7d01fb7b-2afa-460e-ace0-08ddbf3f4ee7
info,no,False,False,non_course_requirement_placeholder,info,UCB,University of California Berkeley,Butte College,Requirement,sending_options_mismatch,sending options differ,"[['ENGL C1000 (4.00)'], ['ENGL C1000E (4.00)'], ['ENGL 4 (3.00)'], ['ENGL C1001 (3.00)']]","[['ENGL 4 (3.00)'], ['ENGL C1001 (3.00)']]",[],[],No CS-filtered impact: receiving course is not configured in course_reqs.py.,https://assist.org/transfer/results?year=76&institution=8&agreement=79&agreementType=to&viewAgreementsOptions=true&view=agreement&viewBy=major&viewSendingAgreements=false&viewByKey=76%2F8%2Fto%2F79%2FMajor%2F7d01fb7b-2afa-460e-ace0-08ddbf3f4ee7,76/8/to/79/Major/7d01fb7b-2afa-460e-ace0-08ddbf3f4ee7
info,no,False,False,non_course_requirement_placeholder,info,UCB,University of California Berkeley,Cabrillo College,Requirement,missing_row,missing raw CSV row,"[['ENGL C1000 (3.00)'], ['ENGL C1000H (3.00)'], ['ENGL 1AMC (3.00)'], ['ENGL 1AMCH (3.00)'], ['ESL 1A (3.00)'], ['ENGL 1B (3.00)'], ['ENGL 1BH (3.00)'], ['ENGL 1BMC (3.00)'], ['ENGL C1001 (3.00)'], ['ENGL C1001H (3.00)']]",,[],[],No CS-filtered impact: receiving course is not configured in course_reqs.py.,https://assist.org/transfer/results?year=76&institution=41&agreement=79&agreementType=to&viewAgreementsOptions=true&view=agreement&viewBy=major&viewSendingAgreements=false&viewByKey=76%2F41%2Fto%2F79%2FMajor%2F7d01fb7b-2afa-460e-ace0-08ddbf3f4ee7,76/41/to/79/Major/7d01fb7b-2afa-460e-ace0-08ddbf3f4ee7
info,no,False,False,non_course_requirement_placeholder,info,UCB,University of California Berkeley,Canada College,Requirement,missing_row,missing raw CSV row,"[['ENGL C1000 (3.00)'], ['ENGL C1000E (5.00)'], ['ENGL 110 (3.00)'], ['ENGL C1001 (3.00)']]",,[],[],No CS-filtered impact: receiving course is not configured in course_reqs.py.,https://assist.org/transfer/results?year=76&institution=68&agreement=79&agreementType=to&viewAgreementsOptions=true&view=agreement&viewBy=major&viewSendingAgreements=false&viewByKey=76%2F68%2Fto%2F79%2FMajor%2F7d01fb7b-2afa-460e-ace0-08ddbf3f4ee7,76/68/to/79/Major/7d01fb7b-2afa-460e-ace0-08ddbf3f4ee7
info,no,False,False,non_course_requirement_placeholder,info,UCB,University of California Berkeley,Cerritos College,Requirement,missing_row,missing raw CSV row,"[['ENGL C1000 (4.00)'], ['ENGL C1000E (4.50)'], ['ENGL 102 (3.00)'], ['ENGL C1001 (4.00)'], ['ENGL 110 (4.00)'], ['READ 103 (3.00)']]",,[],[],No CS-filtered impact: receiving course is not configured in course_reqs.py.,https://assist.org/transfer/results?year=76&institution=104&agreement=79&agreementType=to&viewAgreementsOptions=true&view=agreement&viewBy=major&viewSendingAgreements=false&viewByKey=76%2F104%2Fto%2F79%2FMajor%2F7d01fb7b-2afa-460e-ace0-08ddbf3f4ee7,76/104/to/79/Major/7d01fb7b-2afa-460e-ace0-08ddbf3f4ee7
info,no,False,False,non_course_requirement_placeholder,info,UCB,University of California Berkeley,Cerro Coso Community College,Requirement,sending_options_mismatch,sending options differ,"[['ENGL C1000 (4.00)'], ['ENGL C102 (4.00)'], ['ENGL C102H (5.00)']]","[['ENGL C102 (4.00)'], ['ENGL C102H (5.00)']]",[],[],No CS-filtered impact: receiving course is not configured in course_reqs.py.,https://assist.org/transfer/results?year=76&institution=9&agreement=79&agreementType=to&viewAgreementsOptions=true&view=agreement&viewBy=major&viewSendingAgreements=false&viewByKey=76%2F9%2Fto%2F79%2FMajor%2F7d01fb7b-2afa-460e-ace0-08ddbf3f4ee7,76/9/to/79/Major/7d01fb7b-2afa-460e-ace0-08ddbf3f4ee7
info,no,False,False,non_course_requirement_placeholder,info,UCB,University of California Berkeley,Chabot College,Requirement,missing_row,missing raw CSV row,"[['ENGL C1000 (4.00)'], ['ENGL 4A (4.00)'], ['ENGL C1001 (4.00)']]",,[],[],No CS-filtered impact: receiving course is not configured in course_reqs.py.,https://assist.org/transfer/results?year=76&institution=96&agreement=79&agreementType=to&viewAgreementsOptions=true&view=agreement&viewBy=major&viewSendingAgreements=false&viewByKey=76%2F96%2Fto%2F79%2FMajor%2F7d01fb7b-2afa-460e-ace0-08ddbf3f4ee7,76/96/to/79/Major/7d01fb7b-2afa-460e-ace0-08ddbf3f4ee7
info,no,False,False,non_course_requirement_placeholder,info,UCB,University of California Berkeley,Chaffey College,Requirement,missing_row,missing raw CSV row,"[['ENGL 1A (3.00)'], ['ENGL 1B (3.00)']]",,[],[],No CS-filtered impact: receiving course is not configured in course_reqs.py.,https://assist.org/transfer/results?year=76&institution=69&agreement=79&agreementType=to&viewAgreementsOptions=true&view=agreement&viewBy=major&viewSendingAgreements=false&viewByKey=76%2F69%2Fto%2F79%2FMajor%2F7d01fb7b-2afa-460e-ace0-08ddbf3f4ee7,76/69/to/79/Major/7d01fb7b-2afa-460e-ace0-08ddbf3f4ee7
info,no,False,False,non_course_requirement_placeholder,info,UCB,University of California Berkeley,Citrus College,Requirement,missing_row,missing raw CSV row,"[['ENGL C1000 (4.00)'], ['ENGL C1000 E (5.00)'], ['ENGL C1000 H (4.00)'], ['ENGL 102 (3.00)'], ['ENGL 103 (3.00)'], ['ENGL 103H (3.00)'], ['ENGL C1001 (3.00)'], ['ENGL C1001 H (3.00)']]",,[],[],No CS-filtered impact: receiving course is not configured in course_reqs.py.,https://assist.org/transfer/results?year=76&institution=97&agreement=79&agreementType=to&viewAgreementsOptions=true&view=agreement&viewBy=major&viewSendingAgreements=false&viewByKey=76%2F97%2Fto%2F79%2FMajor%2F7d01fb7b-2afa-460e-ace0-08ddbf3f4ee7,76/97/to/79/Major/7d01fb7b-2afa-460e-ace0-08ddbf3f4ee7
info,no,False,False,non_course_requirement_placeholder,info,UCB,University of California Berkeley,City College of San Francisco,Requirement,sending_options_mismatch,sending options differ,"[['ENGL C1000 (4.00)'], ['ENGL C1001 (4.00)'], ['ENGL 1B (4.00)'], ['CMST 2 (3.00)']]","[['ENGL C1001 (4.00)'], ['ENGL 1B (4.00)'], ['CMST 2 (3.00)']]",[],[],No CS-filtered impact: receiving course is not configured in course_reqs.py.,https://assist.org/transfer/results?year=76&institution=33&agreement=79&agreementType=to&viewAgreementsOptions=true&view=agreement&viewBy=major&viewSendingAgreements=false&viewByKey=76%2F33%2Fto%2F79%2FMajor%2F7d01fb7b-2afa-460e-ace0-08ddbf3f4ee7,76/33/to/79/Major/7d01fb7b-2afa-460e-ace0-08ddbf3f4ee7
info,no,False,False,non_course_requirement_placeholder,info,UCB,University of California Berkeley,Clovis Community College,Requirement,missing_row,missing raw CSV row,"[['ENGL C1000 (4.00)'], ['ENGL C1000H (4.00)'], ['ENGL 1B (3.00)'], ['ENGL 1BH (3.00)'], ['ENGL C1001 (3.00)'], ['ENGL C1001H (3.00)']]",,[],[],No CS-filtered impact: receiving course is not configured in course_reqs.py.,https://assist.org/transfer/results?year=76&institution=150&agreement=79&agreementType=to&viewAgreementsOptions=true&view=agreement&viewBy=major&viewSendingAgreements=false&viewByKey=76%2F150%2Fto%2F79%2FMajor%2F7d01fb7b-2afa-460e-ace0-08ddbf3f4ee7,76/150/to/79/Major/7d01fb7b-2afa-460e-ace0-08ddbf3f4ee7
info,no,False,False,non_course_requirement_placeholder,info,UCB,University of California Berkeley,Coastline Community College,Requirement,missing_row,missing raw CSV row,"[['ENGL C1000 (4.00)'], ['ENGL C101 (4.00)'], ['ENGL C1001 (3.00)']]",,[],[],No CS-filtered impact: receiving course is not configured in course_reqs.py.,https://assist.org/transfer/results?year=76&institution=105&agreement=79&agreementType=to&viewAgreementsOptions=true&view=agreement&viewBy=major&viewSendingAgreements=false&viewByKey=76%2F105%2Fto%2F79%2FMajor%2F7d01fb7b-2afa-460e-ace0-08ddbf3f4ee7,76/105/to/79/Major/7d01fb7b-2afa-460e-ace0-08ddbf3f4ee7
info,no,False,False,non_course_requirement_placeholder,info,UCB,University of California Berkeley,College of Alameda,Requirement,missing_row,missing raw CSV row,"[['ENGL C1000 (4.00)'], ['ENGL C1000E (5.00)'], ['ENGL 1B (4.00)']]",,[],[],No CS-filtered impact: receiving course is not configured in course_reqs.py.,https://assist.org/transfer/results?year=76&institution=111&agreement=79&agreementType=to&viewAgreementsOptions=true&view=agreement&viewBy=major&viewSendingAgreements=false&viewByKey=76%2F111%2Fto%2F79%2FMajor%2F7d01fb7b-2afa-460e-ace0-08ddbf3f4ee7,76/111/to/79/Major/7d01fb7b-2afa-460e-ace0-08ddbf3f4ee7
info,no,False,False,non_course_requirement_placeholder,info,UCB,University of California Berkeley,College of Marin,Requirement,missing_row,missing raw CSV row,"[['ENGL C1000 (4.00)'], ['ENGL 151 (4.00)'], ['ENGL C1001 (4.00)']]",,[],[],No CS-filtered impact: receiving course is not configured in course_reqs.py.,https://assist.org/transfer/results?year=76&institution=4&agreement=79&agreementType=to&viewAgreementsOptions=true&view=agreement&viewBy=major&viewSendingAgreements=false&viewByKey=76%2F4%2Fto%2F79%2FMajor%2F7d01fb7b-2afa-460e-ace0-08ddbf3f4ee7,76/4/to/79/Major/7d01fb7b-2afa-460e-ace0-08ddbf3f4ee7
info,no,False,False,non_course_requirement_placeholder,info,UCB,University of California Berkeley,College of San Mateo,Requirement,missing_row,missing raw CSV row,"[['ENGL C1000 (3.00)'], ['ENGL C1000E (5.00)'], ['ENGL 110 (3.00)'], ['ENGL C1001 (3.00)']]",,[],[],No CS-filtered impact: receiving course is not configured in course_reqs.py.,https://assist.org/transfer/results?year=76&institution=5&agreement=79&agreementType=to&viewAgreementsOptions=true&view=agreement&viewBy=major&viewSendingAgreements=false&viewByKey=76%2F5%2Fto%2F79%2FMajor%2F7d01fb7b-2afa-460e-ace0-08ddbf3f4ee7,76/5/to/79/Major/7d01fb7b-2afa-460e-ace0-08ddbf3f4ee7
info,no,False,False,non_course_requirement_placeholder,info,UCB,University of California Berkeley,College of the Canyons,Requirement,sending_options_mismatch,sending options differ,"[['ENGL C1000 (4.00)'], ['ENGL C1000H (4.00)'], ['ENGL C1001 (3.00)'], ['ENGL C1001H (3.00)']]","[['ENGL C1001 (3.00)'], ['ENGL C1001H (3.00)']]",[],[],No CS-filtered impact: receiving course is not configured in course_reqs.py.,https://assist.org/transfer/results?year=76&institution=140&agreement=79&agreementType=to&viewAgreementsOptions=true&view=agreement&viewBy=major&viewSendingAgreements=false&viewByKey=76%2F140%2Fto%2F79%2FMajor%2F7d01fb7b-2afa-460e-ace0-08ddbf3f4ee7,76/140/to/79/Major/7d01fb7b-2afa-460e-ace0-08ddbf3f4ee7
info,no,False,False,non_course_requirement_placeholder,info,UCB,University of California Berkeley,College of the Desert,Requirement,missing_row,missing raw CSV row,"[['ENGL C1000 (4.00)'], ['ENG 2 (4.00)']]",,[],[],No CS-filtered impact: receiving course is not configured in course_reqs.py.,https://assist.org/transfer/results?year=76&institution=30&agreement=79&agreementType=to&viewAgreementsOptions=true&view=agreement&viewBy=major&viewSendingAgreements=false&viewByKey=76%2F30%2Fto%2F79%2FMajor%2F7d01fb7b-2afa-460e-ace0-08ddbf3f4ee7,76/30/to/79/Major/7d01fb7b-2afa-460e-ace0-08ddbf3f4ee7
info,no,False,False,non_course_requirement_placeholder,info,UCB,University of California Berkeley,College of the Redwoods,Requirement,missing_row,missing raw CSV row,"[['ENGL C1000 (4.00)'], ['ENGL 1B (3.00)'], ['ENGL 2B (4.00)'], ['ENGL C1001 (3.00)']]",,[],[],No CS-filtered impact: receiving course is not configured in course_reqs.py.,https://assist.org/transfer/results?year=76&institution=83&agreement=79&agreementType=to&viewAgreementsOptions=true&view=agreement&viewBy=major&viewSendingAgreements=false&viewByKey=76%2F83%2Fto%2F79%2FMajor%2F7d01fb7b-2afa-460e-ace0-08ddbf3f4ee7,76/83/to/79/Major/7d01fb7b-2afa-460e-ace0-08ddbf3f4ee7
info,no,False,False,non_course_requirement_placeholder,info,UCB,University of California Berkeley,College of the Sequoias,Requirement,missing_row,missing raw CSV row,"[['ENGL C1000 (4.00)'], ['ENGL C1001 (3.00)']]",,[],[],No CS-filtered impact: receiving course is not configured in course_reqs.py.,https://assist.org/transfer/results?year=76&institution=6&agreement=79&agreementType=to&viewAgreementsOptions=true&view=agreement&viewBy=major&viewSendingAgreements=false&viewByKey=76%2F6%2Fto%2F79%2FMajor%2F7d01fb7b-2afa-460e-ace0-08ddbf3f4ee7,76/6/to/79/Major/7d01fb7b-2afa-460e-ace0-08ddbf3f4ee7
info,no,False,False,non_course_requirement_placeholder,info,UCB,University of California Berkeley,College of the Siskiyous,Requirement,missing_row,missing raw CSV row,"[['ENGL C1000 (4.00)'], ['ENGL C1001 (3.00)'], ['ENGL 1501 (3.00)']]",,[],[],No CS-filtered impact: receiving course is not configured in course_reqs.py.,https://assist.org/transfer/results?year=76&institution=102&agreement=79&agreementType=to&viewAgreementsOptions=true&view=agreement&viewBy=major&viewSendingAgreements=false&viewByKey=76%2F102%2Fto%2F79%2FMajor%2F7d01fb7b-2afa-460e-ace0-08ddbf3f4ee7,76/102/to/79/Major/7d01fb7b-2afa-460e-ace0-08ddbf3f4ee7
info,no,False,False,non_course_requirement_placeholder,info,UCB,University of California Berkeley,Columbia College,Requirement,missing_row,missing raw CSV row,"[['ENGL C1000 (3.00)'], ['ENGL 1B (3.00)']]",,[],[],No CS-filtered impact: receiving course is not configured in course_reqs.py.,https://assist.org/transfer/results?year=76&institution=10&agreement=79&agreementType=to&viewAgreementsOptions=true&view=agreement&viewBy=major&viewSendingAgreements=false&viewByKey=76%2F10%2Fto%2F79%2FMajor%2F7d01fb7b-2afa-460e-ace0-08ddbf3f4ee7,76/10/to/79/Major/7d01fb7b-2afa-460e-ace0-08ddbf3f4ee7
info,no,False,False,non_course_requirement_placeholder,info,UCB,University of California Berkeley,Compton College,Requirement,missing_row,missing raw CSV row,"[['ENGL C1000 (4.00)'], ['ENGL C1000H (4.00)'], ['ENGL 102 (3.00)'], ['ENGL 102H (3.00)']]",,[],[],No CS-filtered impact: receiving course is not configured in course_reqs.py.,https://assist.org/transfer/results?year=76&institution=153&agreement=79&agreementType=to&viewAgreementsOptions=true&view=agreement&viewBy=major&viewSendingAgreements=false&viewByKey=76%2F153%2Fto%2F79%2FMajor%2F7d01fb7b-2afa-460e-ace0-08ddbf3f4ee7,76/153/to/79/Major/7d01fb7b-2afa-460e-ace0-08ddbf3f4ee7
info,no,False,False,non_course_requirement_placeholder,info,UCB,University of California Berkeley,Contra Costa College,Requirement,missing_row,missing raw CSV row,"[['ENGL C1000 (4.00)'], ['ENGL C1000E (5.00)'], ['ENGL 002B (4.00)'], ['ENGL C1001 (3.00)'], ['PHILO 130 (3.00)']]",,[],[],No CS-filtered impact: receiving course is not configured in course_reqs.py.,https://assist.org/transfer/results?year=76&institution=28&agreement=79&agreementType=to&viewAgreementsOptions=true&view=agreement&viewBy=major&viewSendingAgreements=false&viewByKey=76%2F28%2Fto%2F79%2FMajor%2F7d01fb7b-2afa-460e-ace0-08ddbf3f4ee7,76/28/to/79/Major/7d01fb7b-2afa-460e-ace0-08ddbf3f4ee7
info,no,False,False,non_course_requirement_placeholder,info,UCB,University of California Berkeley,Copper Mountain College,Requirement,missing_row,missing raw CSV row,"[['ENGL C1000 (3.00)'], ['ENG 001B (3.00)'], ['ENGL C1001 (3.00)']]",,[],[],No CS-filtered impact: receiving course is not configured in course_reqs.py.,https://assist.org/transfer/results?year=76&institution=112&agreement=79&agreementType=to&viewAgreementsOptions=true&view=agreement&viewBy=major&viewSendingAgreements=false&viewByKey=76%2F112%2Fto%2F79%2FMajor%2F7d01fb7b-2afa-460e-ace0-08ddbf3f4ee7,76/112/to/79/Major/7d01fb7b-2afa-460e-ace0-08ddbf3f4ee7
info,no,False,False,non_course_requirement_placeholder,info,UCB,University of California Berkeley,Cosumnes River College,Requirement,missing_row,missing raw CSV row,"[['ENGL C1000 (3.00)'], ['ENGL C1000H (3.00)'], ['ENGWR 301 (3.00)'], ['ENGL C1001 (3.00)']]",,[],[],No CS-filtered impact: receiving course is not configured in course_reqs.py.,https://assist.org/transfer/results?year=76&institution=142&agreement=79&agreementType=to&viewAgreementsOptions=true&view=agreement&viewBy=major&viewSendingAgreements=false&viewByKey=76%2F142%2Fto%2F79%2FMajor%2F7d01fb7b-2afa-460e-ace0-08ddbf3f4ee7,76/142/to/79/Major/7d01fb7b-2afa-460e-ace0-08ddbf3f4ee7
info,no,False,False,non_course_requirement_placeholder,info,UCB,University of California Berkeley,Crafton Hills College,Requirement,sending_options_mismatch,sending options differ,"[['PHYSIC 251 (4.00)', 'PHYSIC 252 (4.00)'], ['ENGL C1000 (4.00)'], ['ENGL C1000H (4.00)'], ['ENGL C1001 (4.00)'], ['ENGL C1001H (4.00)']]","[['ENGL C1001 (4.00)'], ['ENGL C1001H (4.00)']]",[],[],No CS-filtered impact: receiving course is not configured in course_reqs.py.,https://assist.org/transfer/results?year=76&institution=70&agreement=79&agreementType=to&viewAgreementsOptions=true&view=agreement&viewBy=major&viewSendingAgreements=false&viewByKey=76%2F70%2Fto%2F79%2FMajor%2F7d01fb7b-2afa-460e-ace0-08ddbf3f4ee7,76/70/to/79/Major/7d01fb7b-2afa-460e-ace0-08ddbf3f4ee7
info,no,False,False,non_course_requirement_placeholder,info,UCB,University of California Berkeley,Cuesta College,Requirement,missing_row,missing raw CSV row,"[['ENGL C1000 (4.00)'], ['ENGL 201B (4.00)'], ['ENGL C1001 (4.00)']]",,[],[],No CS-filtered impact: receiving course is not configured in course_reqs.py.,https://assist.org/transfer/results?year=76&institution=16&agreement=79&agreementType=to&viewAgreementsOptions=true&view=agreement&viewBy=major&viewSendingAgreements=false&viewByKey=76%2F16%2Fto%2F79%2FMajor%2F7d01fb7b-2afa-460e-ace0-08ddbf3f4ee7,76/16/to/79/Major/7d01fb7b-2afa-460e-ace0-08ddbf3f4ee7
info,no,False,False,non_course_requirement_placeholder,info,UCB,University of California Berkeley,Cuyamaca College,Requirement,sending_options_mismatch,sending options differ,"[['PHYC 203 (5.00)'], ['ENGL C1000 (3.00)'], ['ENGL 122 (3.00)'], ['ENGL C1001 (3.00)'], ['PHYC 201 (5.00)'], ['PHYC 202 (5.00)']]",[['PHYC 202 (5.00)']],[],[],No CS-filtered impact: receiving course is not configured in course_reqs.py.,https://assist.org/transfer/results?year=76&institution=99&agreement=79&agreementType=to&viewAgreementsOptions=true&view=agreement&viewBy=major&viewSendingAgreements=false&viewByKey=76%2F99%2Fto%2F79%2FMajor%2F7d01fb7b-2afa-460e-ace0-08ddbf3f4ee7,76/99/to/79/Major/7d01fb7b-2afa-460e-ace0-08ddbf3f4ee7
info,no,False,False,non_course_requirement_placeholder,info,UCB,University of California Berkeley,Cypress College,Requirement,sending_options_mismatch,sending options differ,"[['ENGL C1000 (4.00)'], ['ENGL C1000H (4.00)'], ['ENGL C1000E (5.00)'], ['ENGL 102 C (3.00)'], ['ENGL 102HC (3.00)'], ['ENGL 104 C (4.00)'], ['ENGL 104HC (4.00)'], ['ENGL C1001 (4.00)'], ['ENGL C1001H (4.00)']]","[['ENGL 102 C (3.00)'], ['ENGL 102HC (3.00)'], ['ENGL 104 C (4.00)'], ['ENGL 104HC (4.00)'], ['ENGL C1001 (4.00)'], ['ENGL C1001H (4.00)']]",[],[],No CS-filtered impact: receiving course is not configured in course_reqs.py.,https://assist.org/transfer/results?year=76&institution=71&agreement=79&agreementType=to&viewAgreementsOptions=true&view=agreement&viewBy=major&viewSendingAgreements=false&viewByKey=76%2F71%2Fto%2F79%2FMajor%2F7d01fb7b-2afa-460e-ace0-08ddbf3f4ee7,76/71/to/79/Major/7d01fb7b-2afa-460e-ace0-08ddbf3f4ee7
info,no,False,False,non_course_requirement_placeholder,info,UCB,University of California Berkeley,De Anza College,Requirement,sending_options_mismatch,sending options differ,"[['ENGL C1000 (5.00)'], ['ENGL C1000H (5.00)'], ['ESL 5 (5.00)'], ['ENGL C1001 (5.00)'], ['ENGL C1001H (5.00)'], ['EWRT 1B (5.00)'], ['EWRT 1BH (5.00)']]","[['ENGL C1001 (5.00)'], ['ENGL C1001H (5.00)'], ['EWRT 1B (5.00)'], ['EWRT 1BH (5.00)']]",[],[],No CS-filtered impact: receiving course is not configured in course_reqs.py.,https://assist.org/transfer/results?year=76&institution=113&agreement=79&agreementType=to&viewAgreementsOptions=true&view=agreement&viewBy=major&viewSendingAgreements=false&viewByKey=76%2F113%2Fto%2F79%2FMajor%2F7d01fb7b-2afa-460e-ace0-08ddbf3f4ee7,76/113/to/79/Major/7d01fb7b-2afa-460e-ace0-08ddbf3f4ee7
info,no,False,False,non_course_requirement_placeholder,info,UCB,University of California Berkeley,Diablo Valley College,Requirement,sending_options_mismatch,sending options differ,"[['ENGL C1000 (3.00)'], ['ENGL C1000E (5.00)'], ['ENGL 122AL (5.00)'], ['ARTHS 191 (3.00)'], ['COMM 121 (3.00)'], ['DANCE 201 (3.00)'], ['ENGL 123 (3.00)'], ['ENGL 123A (4.00)'], ['ENGL 126A (4.00)'], ['ENGL C1001 (3.00)'], ['HIST 122 (3.00)'], ['KINES 249 (3.00)'], ['PHILO 130 (3.00)'], ['PSYC 145 (3.00)'], ['SOCIO 122 (3.00)']]","[['ARTHS 191 (3.00)'], ['COMM 121 (3.00)'], ['DANCE 201 (3.00)'], ['ENGL 123 (3.00)'], ['ENGL 123A (4.00)'], ['ENGL 126A (4.00)'], ['ENGL C1001 (3.00)'], ['HIST 122 (3.00)'], ['KINES 249 (3.00)'], ['PHILO 130 (3.00)'], ['PSYC 145 (3.00)'], ['SOCIO 122 (3.00)']]",[],[],No CS-filtered impact: receiving course is not configured in course_reqs.py.,https://assist.org/transfer/results?year=76&institution=114&agreement=79&agreementType=to&viewAgreementsOptions=true&view=agreement&viewBy=major&viewSendingAgreements=false&viewByKey=76%2F114%2Fto%2F79%2FMajor%2F7d01fb7b-2afa-460e-ace0-08ddbf3f4ee7,76/114/to/79/Major/7d01fb7b-2afa-460e-ace0-08ddbf3f4ee7
info,no,False,False,non_course_requirement_placeholder,info,UCB,University of California Berkeley,East Los Angeles College,Requirement,sending_options_mismatch,sending options differ,"[['PHYSICS 101 (5.00)', 'PHYSICS 102 (5.00)', 'PHYSICS 103 (5.00)'], ['ENGL C1000 (3.00)'], ['ENGLISH 101Z (4.00)'], ['E.S.L. 110 (4.00)'], ['ENGLISH 102 (3.00)']]","[['PHYSICS 101 (5.00)', 'PHYSICS 102 (5.00)', 'PHYSICS 103 (5.00)']]",[],[],No CS-filtered impact: receiving course is not configured in course_reqs.py.,https://assist.org/transfer/results?year=76&institution=118&agreement=79&agreementType=to&viewAgreementsOptions=true&view=agreement&viewBy=major&viewSendingAgreements=false&viewByKey=76%2F118%2Fto%2F79%2FMajor%2F7d01fb7b-2afa-460e-ace0-08ddbf3f4ee7,76/118/to/79/Major/7d01fb7b-2afa-460e-ace0-08ddbf3f4ee7
info,no,False,False,non_course_requirement_placeholder,info,UCB,University of California Berkeley,El Camino College,Requirement,missing_row,missing raw CSV row,"[['ENGL C1000 (4.00)'], ['ENGL C1000H (4.00)'], ['ENGL 1B (3.00)'], ['ENGL 1BH (3.00)']]",,[],[],No CS-filtered impact: receiving course is not configured in course_reqs.py.,https://assist.org/transfer/results?year=76&institution=103&agreement=79&agreementType=to&viewAgreementsOptions=true&view=agreement&viewBy=major&viewSendingAgreements=false&viewByKey=76%2F103%2Fto%2F79%2FMajor%2F7d01fb7b-2afa-460e-ace0-08ddbf3f4ee7,76/103/to/79/Major/7d01fb7b-2afa-460e-ace0-08ddbf3f4ee7
info,no,False,False,non_course_requirement_placeholder,info,UCB,University of California Berkeley,Evergreen Valley College,Requirement,sending_options_mismatch,sending options differ,"[['ENGL C1000 (3.00)'], ['ENGL 001B (3.00)'], ['ENGL C1001 (3.00)']]","[['ENGL 001B (3.00)'], ['ENGL C1001 (3.00)']]",[],[],No CS-filtered impact: receiving course is not configured in course_reqs.py.,https://assist.org/transfer/results?year=76&institution=2&agreement=79&agreementType=to&viewAgreementsOptions=true&view=agreement&viewBy=major&viewSendingAgreements=false&viewByKey=76%2F2%2Fto%2F79%2FMajor%2F7d01fb7b-2afa-460e-ace0-08ddbf3f4ee7,76/2/to/79/Major/7d01fb7b-2afa-460e-ace0-08ddbf3f4ee7
info,no,False,False,non_course_requirement_placeholder,info,UCB,University of California Berkeley,Feather River College,Requirement,missing_row,missing raw CSV row,"[['PHYS 204 (4.00)', 'PHYS 206 (4.00)'], ['ENGL C1000 (3.00)'], ['ENGL 102 (3.00)'], ['ENGL C1001 (3.00)']]",,[],[],No CS-filtered impact: receiving course is not configured in course_reqs.py.,https://assist.org/transfer/results?year=76&institution=122&agreement=79&agreementType=to&viewAgreementsOptions=true&view=agreement&viewBy=major&viewSendingAgreements=false&viewByKey=76%2F122%2Fto%2F79%2FMajor%2F7d01fb7b-2afa-460e-ace0-08ddbf3f4ee7,76/122/to/79/Major/7d01fb7b-2afa-460e-ace0-08ddbf3f4ee7
info,no,False,False,non_course_requirement_placeholder,info,UCB,University of California Berkeley,Folsom Lake College,Requirement,sending_options_mismatch,sending options differ,"[['ENGL C1000 (3.00)'], ['ENGL C1000H (3.00)'], ['ENGWR 301 (3.00)'], ['ENGWR 481 (3.00)'], ['ENGL C1001 (3.00)'], ['ENGL C1001H (3.00)']]","[['ENGWR 301 (3.00)'], ['ENGWR 481 (3.00)'], ['ENGL C1001 (3.00)'], ['ENGL C1001H (3.00)']]",[],[],No CS-filtered impact: receiving course is not configured in course_reqs.py.,https://assist.org/transfer/results?year=76&institution=145&agreement=79&agreementType=to&viewAgreementsOptions=true&view=agreement&viewBy=major&viewSendingAgreements=false&viewByKey=76%2F145%2Fto%2F79%2FMajor%2F7d01fb7b-2afa-460e-ace0-08ddbf3f4ee7,76/145/to/79/Major/7d01fb7b-2afa-460e-ace0-08ddbf3f4ee7
info,no,False,False,non_course_requirement_placeholder,info,UCB,University of California Berkeley,Foothill College,Requirement,missing_row,missing raw CSV row,"[['ENGL C1000 (5.00)', 'ENGL 1B (5.00)'], ['ENGL C1000H (5.00)', 'ENGL 1BH (5.00)'], ['ESLL 26 (5.00)', 'ENGL 1B (5.00)'], ['ESLL 26 (5.00)', 'ENGL 1BH (5.00)'], ['ENGL 1B (5.00)', 'ENGL C1001 (5.00)'], ['ENGL 1BH (5.00)', 'ENGL C1001H (5.00)']]",,[],[],No CS-filtered impact: receiving course is not configured in course_reqs.py.,https://assist.org/transfer/results?year=76&institution=51&agreement=79&agreementType=to&viewAgreementsOptions=true&view=agreement&viewBy=major&viewSendingAgreements=false&viewByKey=76%2F51%2Fto%2F79%2FMajor%2F7d01fb7b-2afa-460e-ace0-08ddbf3f4ee7,76/51/to/79/Major/7d01fb7b-2afa-460e-ace0-08ddbf3f4ee7
info,no,False,False,non_course_requirement_placeholder,info,UCB,University of California Berkeley,Fresno City College,Requirement,sending_options_mismatch,sending options differ,"[['ENGL C1000 (4.00)'], ['ENGL C1000H (4.00)'], ['ENGL 1B (3.00)'], ['ENGL C1001 (3.00)'], ['ENGL C1001H (3.00)']]","[['ENGL 1B (3.00)'], ['ENGL C1001 (3.00)'], ['ENGL C1001H (3.00)']]",[],[],No CS-filtered impact: receiving course is not configured in course_reqs.py.,https://assist.org/transfer/results?year=76&institution=35&agreement=79&agreementType=to&viewAgreementsOptions=true&view=agreement&viewBy=major&viewSendingAgreements=false&viewByKey=76%2F35%2Fto%2F79%2FMajor%2F7d01fb7b-2afa-460e-ace0-08ddbf3f4ee7,76/35/to/79/Major/7d01fb7b-2afa-460e-ace0-08ddbf3f4ee7
info,no,False,False,non_course_requirement_placeholder,info,UCB,University of California Berkeley,Fullerton College,Requirement,sending_options_mismatch,sending options differ,"[['ENGL C1000 (4.00)'], ['ENGL C1000H (4.00)'], ['ENGL C1000E (5.00)'], ['ENGL C1001 (4.00)'], ['ENGL C1001H (4.00)']]","[['ENGL C1001 (4.00)'], ['ENGL C1001H (4.00)']]",[],[],No CS-filtered impact: receiving course is not configured in course_reqs.py.,https://assist.org/transfer/results?year=76&institution=134&agreement=79&agreementType=to&viewAgreementsOptions=true&view=agreement&viewBy=major&viewSendingAgreements=false&viewByKey=76%2F134%2Fto%2F79%2FMajor%2F7d01fb7b-2afa-460e-ace0-08ddbf3f4ee7,76/134/to/79/Major/7d01fb7b-2afa-460e-ace0-08ddbf3f4ee7
info,no,False,False,non_course_requirement_placeholder,info,UCB,University of California Berkeley,Gavilan College,Requirement,sending_options_mismatch,sending options differ,"[['ENGL C1000 (4.00)'], ['ENGL 1B (3.00)']]",[['ENGL 1B (3.00)']],[],[],No CS-filtered impact: receiving course is not configured in course_reqs.py.,https://assist.org/transfer/results?year=76&institution=72&agreement=79&agreementType=to&viewAgreementsOptions=true&view=agreement&viewBy=major&viewSendingAgreements=false&viewByKey=76%2F72%2Fto%2F79%2FMajor%2F7d01fb7b-2afa-460e-ace0-08ddbf3f4ee7,76/72/to/79/Major/7d01fb7b-2afa-460e-ace0-08ddbf3f4ee7
info,no,False,False,non_course_requirement_placeholder,info,UCB,University of California Berkeley,Glendale Community College,Requirement,sending_options_mismatch,sending options differ,"[['ENGL C1000 (4.00)'], ['ENGL C1000E (4.50)'], ['ENGL C1000H (4.00)'], ['ENGL 102 (3.00)'], ['ENGL 102H (3.00)'], ['ENGL C1001 (3.00)']]","[['ENGL 102 (3.00)'], ['ENGL 102H (3.00)'], ['ENGL C1001 (3.00)']]",[],[],No CS-filtered impact: receiving course is not configured in course_reqs.py.,https://assist.org/transfer/results?year=76&institution=43&agreement=79&agreementType=to&viewAgreementsOptions=true&view=agreement&viewBy=major&viewSendingAgreements=false&viewByKey=76%2F43%2Fto%2F79%2FMajor%2F7d01fb7b-2afa-460e-ace0-08ddbf3f4ee7,76/43/to/79/Major/7d01fb7b-2afa-460e-ace0-08ddbf3f4ee7
info,no,False,False,non_course_requirement_placeholder,info,UCB,University of California Berkeley,Golden West College,Requirement,missing_row,missing raw CSV row,"[['ENGL C1000 (4.00)'], ['ENGL C1000E (6.00)'], ['ENGL G110 (4.00)'], ['PSYC G130 (3.00)']]",,[],[],No CS-filtered impact: receiving course is not configured in course_reqs.py.,https://assist.org/transfer/results?year=76&institution=55&agreement=79&agreementType=to&viewAgreementsOptions=true&view=agreement&viewBy=major&viewSendingAgreements=false&viewByKey=76%2F55%2Fto%2F79%2FMajor%2F7d01fb7b-2afa-460e-ace0-08ddbf3f4ee7,76/55/to/79/Major/7d01fb7b-2afa-460e-ace0-08ddbf3f4ee7
info,no,False,False,non_course_requirement_placeholder,info,UCB,University of California Berkeley,Grossmont College,Requirement,sending_options_mismatch,sending options differ,"[['PHYC 203 (5.00)'], ['ENGL C1000 (3.00)'], ['ESL 122 (6.00)'], ['ENGL 122 (3.00)'], ['ENGL C1001 (3.00)'], ['PHYC 201 (5.00)'], ['PHYC 202 (5.00)']]",[['PHYC 202 (5.00)']],[],[],No CS-filtered impact: receiving course is not configured in course_reqs.py.,https://assist.org/transfer/results?year=76&institution=106&agreement=79&agreementType=to&viewAgreementsOptions=true&view=agreement&viewBy=major&viewSendingAgreements=false&viewByKey=76%2F106%2Fto%2F79%2FMajor%2F7d01fb7b-2afa-460e-ace0-08ddbf3f4ee7,76/106/to/79/Major/7d01fb7b-2afa-460e-ace0-08ddbf3f4ee7
info,no,False,False,non_course_requirement_placeholder,info,UCB,University of California Berkeley,Hartnell College,Requirement,missing_row,missing raw CSV row,"[['ENGL C1000 (3.00)'], ['ENGL C1000E (4.00)'], ['ENG 1B (3.00)'], ['ENGL C1001 (3.00)']]",,[],[],No CS-filtered impact: receiving course is not configured in course_reqs.py.,https://assist.org/transfer/results?year=76&institution=123&agreement=79&agreementType=to&viewAgreementsOptions=true&view=agreement&viewBy=major&viewSendingAgreements=false&viewByKey=76%2F123%2Fto%2F79%2FMajor%2F7d01fb7b-2afa-460e-ace0-08ddbf3f4ee7,76/123/to/79/Major/7d01fb7b-2afa-460e-ace0-08ddbf3f4ee7
info,no,False,False,non_course_requirement_placeholder,info,UCB,University of California Berkeley,Imperial Valley College,Requirement,missing_row,missing raw CSV row,"[['ENGL 105 (5.00)'], ['ENGL C1000 (4.00)'], ['ENGL C1001 (3.00)']]",,[],[],No CS-filtered impact: receiving course is not configured in course_reqs.py.,https://assist.org/transfer/results?year=76&institution=107&agreement=79&agreementType=to&viewAgreementsOptions=true&view=agreement&viewBy=major&viewSendingAgreements=false&viewByKey=76%2F107%2Fto%2F79%2FMajor%2F7d01fb7b-2afa-460e-ace0-08ddbf3f4ee7,76/107/to/79/Major/7d01fb7b-2afa-460e-ace0-08ddbf3f4ee7
info,no,False,False,non_course_requirement_placeholder,info,UCB,University of California Berkeley,Irvine Valley College,Requirement,missing_row,missing raw CSV row,"[['ENGL C1000 (4.00)'], ['ENGL C1000H (4.00)'], ['ESL 1 (4.00)'], ['ENGL C1001 (4.00)'], ['ENGL C1001H (4.00)'], ['LIB 20 (3.00)'], ['LIB 20H (3.00)']]",,[],[],No CS-filtered impact: receiving course is not configured in course_reqs.py.,https://assist.org/transfer/results?year=76&institution=124&agreement=79&agreementType=to&viewAgreementsOptions=true&view=agreement&viewBy=major&viewSendingAgreements=false&viewByKey=76%2F124%2Fto%2F79%2FMajor%2F7d01fb7b-2afa-460e-ace0-08ddbf3f4ee7,76/124/to/79/Major/7d01fb7b-2afa-460e-ace0-08ddbf3f4ee7
info,no,False,False,non_course_requirement_placeholder,info,UCB,University of California Berkeley,Lake Tahoe Community College,Requirement,sending_options_mismatch,sending options differ,"[['ENGL C1000 (5.00)'], ['ENG 102 (4.00)'], ['ENGL C1001 (5.00)']]","[['ENG 102 (4.00)'], ['ENGL C1001 (5.00)']]",[],[],No CS-filtered impact: receiving course is not configured in course_reqs.py.,https://assist.org/transfer/results?year=76&institution=40&agreement=79&agreementType=to&viewAgreementsOptions=true&view=agreement&viewBy=major&viewSendingAgreements=false&viewByKey=76%2F40%2Fto%2F79%2FMajor%2F7d01fb7b-2afa-460e-ace0-08ddbf3f4ee7,76/40/to/79/Major/7d01fb7b-2afa-460e-ace0-08ddbf3f4ee7
info,no,False,False,non_course_requirement_placeholder,info,UCB,University of California Berkeley,Laney College,Requirement,sending_options_mismatch,sending options differ,"[['ENGL C1000 (4.00)'], ['ENGL C1000E (5.00)'], ['ENGL 1B (4.00)']]",[['ENGL 1B (4.00)']],[],[],No CS-filtered impact: receiving course is not configured in course_reqs.py.,https://assist.org/transfer/results?year=76&institution=77&agreement=79&agreementType=to&viewAgreementsOptions=true&view=agreement&viewBy=major&viewSendingAgreements=false&viewByKey=76%2F77%2Fto%2F79%2FMajor%2F7d01fb7b-2afa-460e-ace0-08ddbf3f4ee7,76/77/to/79/Major/7d01fb7b-2afa-460e-ace0-08ddbf3f4ee7
info,no,False,False,non_course_requirement_placeholder,info,UCB,University of California Berkeley,Las Positas College,Requirement,missing_row,missing raw CSV row,"[['ENGL C1000 (3.00)'], ['ENG 4 (3.00)'], ['ENGL C1001 (3.00)']]",,[],[],No CS-filtered impact: receiving course is not configured in course_reqs.py.,https://assist.org/transfer/results?year=76&institution=18&agreement=79&agreementType=to&viewAgreementsOptions=true&view=agreement&viewBy=major&viewSendingAgreements=false&viewByKey=76%2F18%2Fto%2F79%2FMajor%2F7d01fb7b-2afa-460e-ace0-08ddbf3f4ee7,76/18/to/79/Major/7d01fb7b-2afa-460e-ace0-08ddbf3f4ee7
info,no,False,False,non_course_requirement_placeholder,info,UCB,University of California Berkeley,Lassen Community College,Requirement,missing_row,missing raw CSV row,"[['ENGL C1000 (3.00)'], ['ENGL C1001 (3.00)']]",,[],[],No CS-filtered impact: receiving course is not configured in course_reqs.py.,https://assist.org/transfer/results?year=76&institution=82&agreement=79&agreementType=to&viewAgreementsOptions=true&view=agreement&viewBy=major&viewSendingAgreements=false&viewByKey=76%2F82%2Fto%2F79%2FMajor%2F7d01fb7b-2afa-460e-ace0-08ddbf3f4ee7,76/82/to/79/Major/7d01fb7b-2afa-460e-ace0-08ddbf3f4ee7
info,no,False,False,non_course_requirement_placeholder,info,UCB,University of California Berkeley,Long Beach City College,Requirement,sending_options_mismatch,sending options differ,"[['ENGL C1000 (4.00)'], ['ENGL C1000E (5.00)'], ['ENGL C1000H (4.00)'], ['ESL 1S (5.00)'], ['ENGL C1001 (4.00)'], ['ENGL C1001H (4.00)']]","[['ENGL C1001 (4.00)'], ['ENGL C1001H (4.00)']]",[],[],No CS-filtered impact: receiving course is not configured in course_reqs.py.,https://assist.org/transfer/results?year=76&institution=135&agreement=79&agreementType=to&viewAgreementsOptions=true&view=agreement&viewBy=major&viewSendingAgreements=false&viewByKey=76%2F135%2Fto%2F79%2FMajor%2F7d01fb7b-2afa-460e-ace0-08ddbf3f4ee7,76/135/to/79/Major/7d01fb7b-2afa-460e-ace0-08ddbf3f4ee7
info,no,False,False,non_course_requirement_placeholder,info,UCB,University of California Berkeley,Los Angeles City College,Requirement,sending_options_mismatch,sending options differ,"[['ENGL C1000 (3.00)'], ['ENGL C1001 (3.00)'], ['ENGLISH 102 (3.00)']]","[['ENGL C1001 (3.00)'], ['ENGLISH 102 (3.00)']]",[],[],No CS-filtered impact: receiving course is not configured in course_reqs.py.,https://assist.org/transfer/results?year=76&institution=3&agreement=79&agreementType=to&viewAgreementsOptions=true&view=agreement&viewBy=major&viewSendingAgreements=false&viewByKey=76%2F3%2Fto%2F79%2FMajor%2F7d01fb7b-2afa-460e-ace0-08ddbf3f4ee7,76/3/to/79/Major/7d01fb7b-2afa-460e-ace0-08ddbf3f4ee7
info,no,False,False,non_course_requirement_placeholder,info,UCB,University of California Berkeley,Los Angeles Harbor College,Requirement,sending_options_mismatch,sending options differ,"[['ENGL C1000 (3.00)'], ['ENGLISH 101X (3.00)'], ['ENGLISH 101Y (3.50)'], ['E.S.L. 110 (4.00)'], ['ENGLISH 102 (3.00)'], ['ENGL C1001 (3.00)']]","[['ENGLISH 102 (3.00)'], ['ENGL C1001 (3.00)']]",[],[],No CS-filtered impact: receiving course is not configured in course_reqs.py.,https://assist.org/transfer/results?year=76&institution=31&agreement=79&agreementType=to&viewAgreementsOptions=true&view=agreement&viewBy=major&viewSendingAgreements=false&viewByKey=76%2F31%2Fto%2F79%2FMajor%2F7d01fb7b-2afa-460e-ace0-08ddbf3f4ee7,76/31/to/79/Major/7d01fb7b-2afa-460e-ace0-08ddbf3f4ee7
info,no,False,False,non_course_requirement_placeholder,info,UCB,University of California Berkeley,Los Angeles Mission College,Requirement,sending_options_mismatch,sending options differ,"[['ENGL C1000 (3.00)'], ['ENGLISH 101X (3.00)'], ['ENGLISH 101Y (3.50)'], ['ENGLISH 101Z (4.00)'], ['ENGL C1001 (3.00)'], ['ENGLISH 102 (3.00)']]","[['ENGL C1001 (3.00)'], ['ENGLISH 102 (3.00)']]",[],[],No CS-filtered impact: receiving course is not configured in course_reqs.py.,https://assist.org/transfer/results?year=76&institution=47&agreement=79&agreementType=to&viewAgreementsOptions=true&view=agreement&viewBy=major&viewSendingAgreements=false&viewByKey=76%2F47%2Fto%2F79%2FMajor%2F7d01fb7b-2afa-460e-ace0-08ddbf3f4ee7,76/47/to/79/Major/7d01fb7b-2afa-460e-ace0-08ddbf3f4ee7
info,no,False,False,non_course_requirement_placeholder,info,UCB,University of California Berkeley,Los Angeles Pierce College,Requirement,missing_row,missing raw CSV row,"[['ENGL C1000 (3.00)'], ['ENGL C1001 (3.00)'], ['ENGLISH 102 (3.00)'], ['JOURNAL 109 (3.00)'], ['PHILOS 005 (3.00)']]",,[],[],No CS-filtered impact: receiving course is not configured in course_reqs.py.,https://assist.org/transfer/results?year=76&institution=86&agreement=79&agreementType=to&viewAgreementsOptions=true&view=agreement&viewBy=major&viewSendingAgreements=false&viewByKey=76%2F86%2Fto%2F79%2FMajor%2F7d01fb7b-2afa-460e-ace0-08ddbf3f4ee7,76/86/to/79/Major/7d01fb7b-2afa-460e-ace0-08ddbf3f4ee7
info,no,False,False,non_course_requirement_placeholder,info,UCB,University of California Berkeley,Los Angeles Southwest College,Requirement,missing_row,missing raw CSV row,"[['ENGL C1000 (3.00)'], ['ENGLISH 102 (3.00)']]",,[],[],No CS-filtered impact: receiving course is not configured in course_reqs.py.,https://assist.org/transfer/results?year=76&institution=130&agreement=79&agreementType=to&viewAgreementsOptions=true&view=agreement&viewBy=major&viewSendingAgreements=false&viewByKey=76%2F130%2Fto%2F79%2FMajor%2F7d01fb7b-2afa-460e-ace0-08ddbf3f4ee7,76/130/to/79/Major/7d01fb7b-2afa-460e-ace0-08ddbf3f4ee7
info,no,False,False,non_course_requirement_placeholder,info,UCB,University of California Berkeley,Los Angeles Trade Technical College,Requirement,sending_options_mismatch,sending options differ,"[['PHYSICS 101 (5.00)', 'PHYSICS 102 (5.00)', 'PHYSICS 103 (5.00)'], ['ENGL C1000 (3.00)'], ['ENGL C1001 (3.00)'], ['ENGLISH 102 (3.00)']]","[['ENGL C1001 (3.00)'], ['ENGLISH 102 (3.00)']]",[],[],No CS-filtered impact: receiving course is not configured in course_reqs.py.,https://assist.org/transfer/results?year=76&institution=25&agreement=79&agreementType=to&viewAgreementsOptions=true&view=agreement&viewBy=major&viewSendingAgreements=false&viewByKey=76%2F25%2Fto%2F79%2FMajor%2F7d01fb7b-2afa-460e-ace0-08ddbf3f4ee7,76/25/to/79/Major/7d01fb7b-2afa-460e-ace0-08ddbf3f4ee7
info,no,False,False,non_course_requirement_placeholder,info,UCB,University of California Berkeley,Los Angeles Valley College,Requirement,missing_row,missing raw CSV row,"[['ENGL C1000 (3.00)'], ['ENGLISH 102 (3.00)']]",,[],[],No CS-filtered impact: receiving course is not configured in course_reqs.py.,https://assist.org/transfer/results?year=76&institution=44&agreement=79&agreementType=to&viewAgreementsOptions=true&view=agreement&viewBy=major&viewSendingAgreements=false&viewByKey=76%2F44%2Fto%2F79%2FMajor%2F7d01fb7b-2afa-460e-ace0-08ddbf3f4ee7,76/44/to/79/Major/7d01fb7b-2afa-460e-ace0-08ddbf3f4ee7
info,no,False,False,non_course_requirement_placeholder,info,UCB,University of California Berkeley,Los Medanos College,Requirement,missing_row,missing raw CSV row,"[['ENGL C1000 (3.00)'], ['ENGL 230 (3.00)'], ['ENGL C1001 (3.00)']]",,[],[],No CS-filtered impact: receiving course is not configured in course_reqs.py.,https://assist.org/transfer/results?year=76&institution=61&agreement=79&agreementType=to&viewAgreementsOptions=true&view=agreement&viewBy=major&viewSendingAgreements=false&viewByKey=76%2F61%2Fto%2F79%2FMajor%2F7d01fb7b-2afa-460e-ace0-08ddbf3f4ee7,76/61/to/79/Major/7d01fb7b-2afa-460e-ace0-08ddbf3f4ee7
info,no,False,False,non_course_requirement_placeholder,info,UCB,University of California Berkeley,Madera Community College,Requirement,missing_row,missing raw CSV row,"[['ENGL C1000 (4.00)'], ['ENGL C1000H (4.00)'], ['ENGL 1B (3.00)'], ['ENGL 1BH (3.00)'], ['ENGL 2 (3.00)'], ['ENGL 2H (3.00)'], ['ENGL C1001 (3.00)'], ['ENGL C1001H (3.00)']]",,[],[],No CS-filtered impact: receiving course is not configured in course_reqs.py.,https://assist.org/transfer/results?year=76&institution=200&agreement=79&agreementType=to&viewAgreementsOptions=true&view=agreement&viewBy=major&viewSendingAgreements=false&viewByKey=76%2F200%2Fto%2F79%2FMajor%2F7d01fb7b-2afa-460e-ace0-08ddbf3f4ee7,76/200/to/79/Major/7d01fb7b-2afa-460e-ace0-08ddbf3f4ee7
info,no,False,False,non_course_requirement_placeholder,info,UCB,University of California Berkeley,Mendocino College,Requirement,missing_row,missing raw CSV row,"[['PHY 220 (4.00)'], ['PHY 221 (4.00)', 'PHY 222 (4.00)'], ['ENGL C1000 (4.00)'], ['ENGL 201 (4.00)']]",,[],[],No CS-filtered impact: receiving course is not configured in course_reqs.py.,https://assist.org/transfer/results?year=76&institution=100&agreement=79&agreementType=to&viewAgreementsOptions=true&view=agreement&viewBy=major&viewSendingAgreements=false&viewByKey=76%2F100%2Fto%2F79%2FMajor%2F7d01fb7b-2afa-460e-ace0-08ddbf3f4ee7,76/100/to/79/Major/7d01fb7b-2afa-460e-ace0-08ddbf3f4ee7
info,no,False,False,non_course_requirement_placeholder,info,UCB,University of California Berkeley,Merced College,Requirement,missing_row,missing raw CSV row,"[['ENGL C1000 (4.00)'], ['ENGL -01B (3.00)']]",,[],[],No CS-filtered impact: receiving course is not configured in course_reqs.py.,https://assist.org/transfer/results?year=76&institution=17&agreement=79&agreementType=to&viewAgreementsOptions=true&view=agreement&viewBy=major&viewSendingAgreements=false&viewByKey=76%2F17%2Fto%2F79%2FMajor%2F7d01fb7b-2afa-460e-ace0-08ddbf3f4ee7,76/17/to/79/Major/7d01fb7b-2afa-460e-ace0-08ddbf3f4ee7
info,no,False,False,non_course_requirement_placeholder,info,UCB,University of California Berkeley,Merritt College,Requirement,sending_options_mismatch,sending options differ,"[['ENGL C1000 (4.00)'], ['ENGL 1B (4.00)']]",[['ENGL 1B (4.00)']],[],[],No CS-filtered impact: receiving course is not configured in course_reqs.py.,https://assist.org/transfer/results?year=76&institution=13&agreement=79&agreementType=to&viewAgreementsOptions=true&view=agreement&viewBy=major&viewSendingAgreements=false&viewByKey=76%2F13%2Fto%2F79%2FMajor%2F7d01fb7b-2afa-460e-ace0-08ddbf3f4ee7,76/13/to/79/Major/7d01fb7b-2afa-460e-ace0-08ddbf3f4ee7
info,no,False,False,non_course_requirement_placeholder,info,UCB,University of California Berkeley,MiraCosta College,Requirement,sending_options_mismatch,sending options differ,"[['ENGL C1000 (4.00)'], ['ENGL 201 (4.00)'], ['ENGL 201H (4.00)'], ['ENGL C1001 (4.00)'], ['ENGL C1001H (4.00)']]","[['ENGL 201 (4.00)'], ['ENGL 201H (4.00)'], ['ENGL C1001 (4.00)'], ['ENGL C1001H (4.00)']]",[],[],No CS-filtered impact: receiving course is not configured in course_reqs.py.,https://assist.org/transfer/results?year=76&institution=108&agreement=79&agreementType=to&viewAgreementsOptions=true&view=agreement&viewBy=major&viewSendingAgreements=false&viewByKey=76%2F108%2Fto%2F79%2FMajor%2F7d01fb7b-2afa-460e-ace0-08ddbf3f4ee7,76/108/to/79/Major/7d01fb7b-2afa-460e-ace0-08ddbf3f4ee7
info,no,False,False,non_course_requirement_placeholder,info,UCB,University of California Berkeley,Mission College,Requirement,sending_options_mismatch,sending options differ,"[['ENGL C1000 (3.00)'], ['ENGL C1000E (5.00)'], ['ENG 001B (3.00)'], ['ENGL C1001 (3.00)']]","[['ENG 001B (3.00)'], ['ENGL C1001 (3.00)']]",[],[],No CS-filtered impact: receiving course is not configured in course_reqs.py.,https://assist.org/transfer/results?year=76&institution=32&agreement=79&agreementType=to&viewAgreementsOptions=true&view=agreement&viewBy=major&viewSendingAgreements=false&viewByKey=76%2F32%2Fto%2F79%2FMajor%2F7d01fb7b-2afa-460e-ace0-08ddbf3f4ee7,76/32/to/79/Major/7d01fb7b-2afa-460e-ace0-08ddbf3f4ee7
info,no,False,False,non_course_requirement_placeholder,info,UCB,University of California Berkeley,Modesto Junior College,Requirement,missing_row,missing raw CSV row,"[['ENGL C1000 (3.00)'], ['ENGL 102 (3.00)'], ['ENGL C1001 (3.00)']]",,[],[],No CS-filtered impact: receiving course is not configured in course_reqs.py.,https://assist.org/transfer/results?year=76&institution=52&agreement=79&agreementType=to&viewAgreementsOptions=true&view=agreement&viewBy=major&viewSendingAgreements=false&viewByKey=76%2F52%2Fto%2F79%2FMajor%2F7d01fb7b-2afa-460e-ace0-08ddbf3f4ee7,76/52/to/79/Major/7d01fb7b-2afa-460e-ace0-08ddbf3f4ee7
info,no,False,False,non_course_requirement_placeholder,info,UCB,University of California Berkeley,Monterey Peninsula College,Requirement,missing_row,missing raw CSV row,"[['ENGL C1000 (3.00)'], ['ENGL 1B (3.00)']]",,[],[],No CS-filtered impact: receiving course is not configured in course_reqs.py.,https://assist.org/transfer/results?year=76&institution=133&agreement=79&agreementType=to&viewAgreementsOptions=true&view=agreement&viewBy=major&viewSendingAgreements=false&viewByKey=76%2F133%2Fto%2F79%2FMajor%2F7d01fb7b-2afa-460e-ace0-08ddbf3f4ee7,76/133/to/79/Major/7d01fb7b-2afa-460e-ace0-08ddbf3f4ee7
info,no,False,False,non_course_requirement_placeholder,info,UCB,University of California Berkeley,Moorpark College,Requirement,sending_options_mismatch,sending options differ,"[['ENGL C1000 (4.00)'], ['ENGL C1000H (4.00)'], ['ENGL M01B (4.00)'], ['ENGL M01BH (4.00)'], ['ENGL C1001 (3.00)'], ['ENGL C1001H (3.00)']]","[['ENGL M01B (4.00)'], ['ENGL M01BH (4.00)'], ['ENGL C1001 (3.00)'], ['ENGL C1001H (3.00)']]",[],[],No CS-filtered impact: receiving course is not configured in course_reqs.py.,https://assist.org/transfer/results?year=76&institution=139&agreement=79&agreementType=to&viewAgreementsOptions=true&view=agreement&viewBy=major&viewSendingAgreements=false&viewByKey=76%2F139%2Fto%2F79%2FMajor%2F7d01fb7b-2afa-460e-ace0-08ddbf3f4ee7,76/139/to/79/Major/7d01fb7b-2afa-460e-ace0-08ddbf3f4ee7
info,no,False,False,non_course_requirement_placeholder,info,UCB,University of California Berkeley,Moreno Valley College,Requirement,missing_row,missing raw CSV row,"[['ENGL C1000 (4.00)'], ['ENGL C1000H (4.00)'], ['ENGL 1B (4.00)'], ['ENGL 1BH (4.00)']]",,[],[],No CS-filtered impact: receiving course is not configured in course_reqs.py.,https://assist.org/transfer/results?year=76&institution=149&agreement=79&agreementType=to&viewAgreementsOptions=true&view=agreement&viewBy=major&viewSendingAgreements=false&viewByKey=76%2F149%2Fto%2F79%2FMajor%2F7d01fb7b-2afa-460e-ace0-08ddbf3f4ee7,76/149/to/79/Major/7d01fb7b-2afa-460e-ace0-08ddbf3f4ee7
info,no,False,False,non_course_requirement_placeholder,info,UCB,University of California Berkeley,Mount San Antonio College,Requirement,missing_row,missing raw CSV row,"[['AMLA 1A (4.00)'], ['ENGL C1000 (4.00)'], ['ENGL C1000H (4.00)'], ['ENGL C1001 (4.00)'], ['ENGL C1001H (4.00)']]",,[],[],No CS-filtered impact: receiving course is not configured in course_reqs.py.,https://assist.org/transfer/results?year=76&institution=62&agreement=79&agreementType=to&viewAgreementsOptions=true&view=agreement&viewBy=major&viewSendingAgreements=false&viewByKey=76%2F62%2Fto%2F79%2FMajor%2F7d01fb7b-2afa-460e-ace0-08ddbf3f4ee7,76/62/to/79/Major/7d01fb7b-2afa-460e-ace0-08ddbf3f4ee7
info,no,False,False,non_course_requirement_placeholder,info,UCB,University of California Berkeley,Mt. San Jacinto College,Requirement,sending_options_mismatch,sending options differ,"[['ENGL C1000 (3.00)'], ['ENGL C1000H (3.00)'], ['ENGL C1001 (3.00)'], ['ENGL C1001H (3.00)']]","[['ENGL C1001 (3.00)'], ['ENGL C1001H (3.00)']]",[],[],No CS-filtered impact: receiving course is not configured in course_reqs.py.,https://assist.org/transfer/results?year=76&institution=53&agreement=79&agreementType=to&viewAgreementsOptions=true&view=agreement&viewBy=major&viewSendingAgreements=false&viewByKey=76%2F53%2Fto%2F79%2FMajor%2F7d01fb7b-2afa-460e-ace0-08ddbf3f4ee7,76/53/to/79/Major/7d01fb7b-2afa-460e-ace0-08ddbf3f4ee7
info,no,False,False,non_course_requirement_placeholder,info,UCB,University of California Berkeley,Napa Valley College,Requirement,missing_row,missing raw CSV row,"[['ENGL C1000 (4.00)'], ['ENGL 121 (3.00)'], ['ENGL C1001 (3.00)']]",,[],[],No CS-filtered impact: receiving course is not configured in course_reqs.py.,https://assist.org/transfer/results?year=76&institution=73&agreement=79&agreementType=to&viewAgreementsOptions=true&view=agreement&viewBy=major&viewSendingAgreements=false&viewByKey=76%2F73%2Fto%2F79%2FMajor%2F7d01fb7b-2afa-460e-ace0-08ddbf3f4ee7,76/73/to/79/Major/7d01fb7b-2afa-460e-ace0-08ddbf3f4ee7
info,no,False,False,non_course_requirement_placeholder,info,UCB,University of California Berkeley,Norco College,Requirement,sending_options_mismatch,sending options differ,"[['ENGL C1000 (4.00)'], ['ENGL C1000H (4.00)'], ['ENGL 1B (4.00)'], ['ENGL 1BH (4.00)']]","[['ENGL 1B (4.00)'], ['ENGL 1BH (4.00)']]",[],[],No CS-filtered impact: receiving course is not configured in course_reqs.py.,https://assist.org/transfer/results?year=76&institution=148&agreement=79&agreementType=to&viewAgreementsOptions=true&view=agreement&viewBy=major&viewSendingAgreements=false&viewByKey=76%2F148%2Fto%2F79%2FMajor%2F7d01fb7b-2afa-460e-ace0-08ddbf3f4ee7,76/148/to/79/Major/7d01fb7b-2afa-460e-ace0-08ddbf3f4ee7
info,no,False,False,non_course_requirement_placeholder,info,UCB,University of California Berkeley,Ohlone College,Requirement,missing_row,missing raw CSV row,"[['ENGL C1000 (4.00)'], ['ENGL 101B (4.00)']]",,[],[],No CS-filtered impact: receiving course is not configured in course_reqs.py.,https://assist.org/transfer/results?year=76&institution=48&agreement=79&agreementType=to&viewAgreementsOptions=true&view=agreement&viewBy=major&viewSendingAgreements=false&viewByKey=76%2F48%2Fto%2F79%2FMajor%2F7d01fb7b-2afa-460e-ace0-08ddbf3f4ee7,76/48/to/79/Major/7d01fb7b-2afa-460e-ace0-08ddbf3f4ee7
info,no,False,False,non_course_requirement_placeholder,info,UCB,University of California Berkeley,Orange Coast College,Requirement,missing_row,missing raw CSV row,"[['ENGL C1000 (4.00)'], ['ESL A100 (3.00)'], ['ENGL A101 (4.00)'], ['ENGL A101H (4.00)'], ['ENGL A109 (4.00)'], ['ENGL C1001 (4.00)'], ['ENGL C1001H (4.00)']]",,[],[],No CS-filtered impact: receiving course is not configured in course_reqs.py.,https://assist.org/transfer/results?year=76&institution=74&agreement=79&agreementType=to&viewAgreementsOptions=true&view=agreement&viewBy=major&viewSendingAgreements=false&viewByKey=76%2F74%2Fto%2F79%2FMajor%2F7d01fb7b-2afa-460e-ace0-08ddbf3f4ee7,76/74/to/79/Major/7d01fb7b-2afa-460e-ace0-08ddbf3f4ee7
info,no,False,False,non_course_requirement_placeholder,info,UCB,University of California Berkeley,Oxnard College,Requirement,sending_options_mismatch,sending options differ,"[['ENGL C1000 (4.00)'], ['ENGL C1000H (4.00)'], ['ENGL R102 (4.00)'], ['ENGL R102H (4.00)']]","[['ENGL R102 (4.00)'], ['ENGL R102H (4.00)']]",[],[],No CS-filtered impact: receiving course is not configured in course_reqs.py.,https://assist.org/transfer/results?year=76&institution=87&agreement=79&agreementType=to&viewAgreementsOptions=true&view=agreement&viewBy=major&viewSendingAgreements=false&viewByKey=76%2F87%2Fto%2F79%2FMajor%2F7d01fb7b-2afa-460e-ace0-08ddbf3f4ee7,76/87/to/79/Major/7d01fb7b-2afa-460e-ace0-08ddbf3f4ee7
info,no,False,False,non_course_requirement_placeholder,info,UCB,University of California Berkeley,Palo Verde College,Requirement,missing_row,missing raw CSV row,"[['ENG 102 (3.00)', 'ENGL C1000 (4.00)'], ['ENG 102 (3.00)', 'ENGL C1001 (3.00)']]",,[],[],No CS-filtered impact: receiving course is not configured in course_reqs.py.,https://assist.org/transfer/results?year=76&institution=63&agreement=79&agreementType=to&viewAgreementsOptions=true&view=agreement&viewBy=major&viewSendingAgreements=false&viewByKey=76%2F63%2Fto%2F79%2FMajor%2F7d01fb7b-2afa-460e-ace0-08ddbf3f4ee7,76/63/to/79/Major/7d01fb7b-2afa-460e-ace0-08ddbf3f4ee7
info,no,False,False,non_course_requirement_placeholder,info,UCB,University of California Berkeley,Palomar College,Requirement,sending_options_mismatch,sending options differ,"[['ENGL C1000 (4.00)'], ['ENG 203 (4.00)'], ['ENGL C1001 (4.00)']]","[['ENG 203 (4.00)'], ['ENGL C1001 (4.00)']]",[],[],No CS-filtered impact: receiving course is not configured in course_reqs.py.,https://assist.org/transfer/results?year=76&institution=56&agreement=79&agreementType=to&viewAgreementsOptions=true&view=agreement&viewBy=major&viewSendingAgreements=false&viewByKey=76%2F56%2Fto%2F79%2FMajor%2F7d01fb7b-2afa-460e-ace0-08ddbf3f4ee7,76/56/to/79/Major/7d01fb7b-2afa-460e-ace0-08ddbf3f4ee7
info,no,False,False,non_course_requirement_placeholder,info,UCB,University of California Berkeley,Pasadena City College,Requirement,sending_options_mismatch,sending options differ,"[['ENGL C1000 (4.00)'], ['ENGL C1000H (4.00)'], ['ENGL 001B (4.00)'], ['ENGL 001BH (4.00)']]","[['ENGL 001B (4.00)'], ['ENGL 001BH (4.00)']]",[],[],No CS-filtered impact: receiving course is not configured in course_reqs.py.,https://assist.org/transfer/results?year=76&institution=49&agreement=79&agreementType=to&viewAgreementsOptions=true&view=agreement&viewBy=major&viewSendingAgreements=false&viewByKey=76%2F49%2Fto%2F79%2FMajor%2F7d01fb7b-2afa-460e-ace0-08ddbf3f4ee7,76/49/to/79/Major/7d01fb7b-2afa-460e-ace0-08ddbf3f4ee7
info,no,False,False,non_course_requirement_placeholder,info,UCB,University of California Berkeley,Porterville College,Requirement,sending_options_mismatch,sending options differ,"[['PHYS P102A (4.00)', 'PHYS P102B (4.00)'], ['ENGL C1000 (4.00)'], ['ENGL P101B (4.00)'], ['PHYS P104A (4.00)'], ['PHYS P104B (4.00)']]","[['PHYS P102A (4.00)', 'PHYS P102B (4.00)'], ['PHYS P104B (4.00)']]",[],[],No CS-filtered impact: receiving course is not configured in course_reqs.py.,https://assist.org/transfer/results?year=76&institution=125&agreement=79&agreementType=to&viewAgreementsOptions=true&view=agreement&viewBy=major&viewSendingAgreements=false&viewByKey=76%2F125%2Fto%2F79%2FMajor%2F7d01fb7b-2afa-460e-ace0-08ddbf3f4ee7,76/125/to/79/Major/7d01fb7b-2afa-460e-ace0-08ddbf3f4ee7
info,no,False,False,non_course_requirement_placeholder,info,UCB,University of California Berkeley,Reedley College,Requirement,missing_row,missing raw CSV row,"[['ENGL C1000 (4.00)'], ['ENGL C1000H (4.00)'], ['ENGL 1B (3.00)'], ['ENGL 1BH (3.00)'], ['ENGL 2 (3.00)'], ['ENGL 2H (3.00)'], ['ENGL C1001 (3.00)'], ['ENGL C1001H (3.00)']]",,[],[],No CS-filtered impact: receiving course is not configured in course_reqs.py.,https://assist.org/transfer/results?year=76&institution=36&agreement=79&agreementType=to&viewAgreementsOptions=true&view=agreement&viewBy=major&viewSendingAgreements=false&viewByKey=76%2F36%2Fto%2F79%2FMajor%2F7d01fb7b-2afa-460e-ace0-08ddbf3f4ee7,76/36/to/79/Major/7d01fb7b-2afa-460e-ace0-08ddbf3f4ee7
info,no,False,False,non_course_requirement_placeholder,info,UCB,University of California Berkeley,Rio Hondo College,Requirement,missing_row,missing raw CSV row,"[['ENGL C1000 (3.50)'], ['ENGL C1001 (3.50)'], ['ENGL C1001H (3.50)']]",,[],[],No CS-filtered impact: receiving course is not configured in course_reqs.py.,https://assist.org/transfer/results?year=76&institution=64&agreement=79&agreementType=to&viewAgreementsOptions=true&view=agreement&viewBy=major&viewSendingAgreements=false&viewByKey=76%2F64%2Fto%2F79%2FMajor%2F7d01fb7b-2afa-460e-ace0-08ddbf3f4ee7,76/64/to/79/Major/7d01fb7b-2afa-460e-ace0-08ddbf3f4ee7
info,no,False,False,non_course_requirement_placeholder,info,UCB,University of California Berkeley,Riverside City College,Requirement,missing_row,missing raw CSV row,"[['ENGL C1000 (4.00)'], ['ENGL C1000H (4.00)'], ['ENGL 1B (4.00)'], ['ENGL 1BH (4.00)']]",,[],[],No CS-filtered impact: receiving course is not configured in course_reqs.py.,https://assist.org/transfer/results?year=76&institution=78&agreement=79&agreementType=to&viewAgreementsOptions=true&view=agreement&viewBy=major&viewSendingAgreements=false&viewByKey=76%2F78%2Fto%2F79%2FMajor%2F7d01fb7b-2afa-460e-ace0-08ddbf3f4ee7,76/78/to/79/Major/7d01fb7b-2afa-460e-ace0-08ddbf3f4ee7
info,no,False,False,non_course_requirement_placeholder,info,UCB,University of California Berkeley,Sacramento City College,Requirement,missing_row,missing raw CSV row,"[['ENGL C1000 (3.00)'], ['ENGWR 488 (4.00)'], ['ENGWR 301 (3.00)'], ['ENGWR 303 (4.00)'], ['ENGL C1001 (3.00)'], ['ENGL C1001H (3.00)']]",,[],[],No CS-filtered impact: receiving course is not configured in course_reqs.py.,https://assist.org/transfer/results?year=76&institution=126&agreement=79&agreementType=to&viewAgreementsOptions=true&view=agreement&viewBy=major&viewSendingAgreements=false&viewByKey=76%2F126%2Fto%2F79%2FMajor%2F7d01fb7b-2afa-460e-ace0-08ddbf3f4ee7,76/126/to/79/Major/7d01fb7b-2afa-460e-ace0-08ddbf3f4ee7
info,no,False,False,non_course_requirement_placeholder,info,UCB,University of California Berkeley,Saddleback College,Requirement,sending_options_mismatch,sending options differ,"[['ENGL C1000 (4.00)'], ['ENGL C1000H (4.00)'], ['ENGL C1001 (3.00)'], ['ENGL C1001H (3.00)']]","[['ENGL C1001 (3.00)'], ['ENGL C1001H (3.00)']]",[],[],No CS-filtered impact: receiving course is not configured in course_reqs.py.,https://assist.org/transfer/results?year=76&institution=65&agreement=79&agreementType=to&viewAgreementsOptions=true&view=agreement&viewBy=major&viewSendingAgreements=false&viewByKey=76%2F65%2Fto%2F79%2FMajor%2F7d01fb7b-2afa-460e-ace0-08ddbf3f4ee7,76/65/to/79/Major/7d01fb7b-2afa-460e-ace0-08ddbf3f4ee7
info,no,False,False,non_course_requirement_placeholder,info,UCB,University of California Berkeley,San Bernardino Valley College,Requirement,missing_row,missing raw CSV row,"[['ENGL C1000 (4.00)'], ['ENGL C1000H (4.00)'], ['ENGL C1001 (4.00)'], ['ENGL C1001H (4.00)']]",,[],[],No CS-filtered impact: receiving course is not configured in course_reqs.py.,https://assist.org/transfer/results?year=76&institution=131&agreement=79&agreementType=to&viewAgreementsOptions=true&view=agreement&viewBy=major&viewSendingAgreements=false&viewByKey=76%2F131%2Fto%2F79%2FMajor%2F7d01fb7b-2afa-460e-ace0-08ddbf3f4ee7,76/131/to/79/Major/7d01fb7b-2afa-460e-ace0-08ddbf3f4ee7
info,no,False,False,non_course_requirement_placeholder,info,UCB,University of California Berkeley,San Diego City College,Requirement,sending_options_mismatch,sending options differ,"[['ENGL C1000 (3.00)'], ['ENGL C1001 (3.00)']]",[['ENGL C1001 (3.00)']],[],[],No CS-filtered impact: receiving course is not configured in course_reqs.py.,https://assist.org/transfer/results?year=76&institution=54&agreement=79&agreementType=to&viewAgreementsOptions=true&view=agreement&viewBy=major&viewSendingAgreements=false&viewByKey=76%2F54%2Fto%2F79%2FMajor%2F7d01fb7b-2afa-460e-ace0-08ddbf3f4ee7,76/54/to/79/Major/7d01fb7b-2afa-460e-ace0-08ddbf3f4ee7
info,no,False,False,non_course_requirement_placeholder,info,UCB,University of California Berkeley,San Diego Mesa College,Requirement,missing_row,missing raw CSV row,"[['ENGL C1000 (3.00)'], ['ENGL C1001 (3.00)']]",,[],[],No CS-filtered impact: receiving course is not configured in course_reqs.py.,https://assist.org/transfer/results?year=76&institution=101&agreement=79&agreementType=to&viewAgreementsOptions=true&view=agreement&viewBy=major&viewSendingAgreements=false&viewByKey=76%2F101%2Fto%2F79%2FMajor%2F7d01fb7b-2afa-460e-ace0-08ddbf3f4ee7,76/101/to/79/Major/7d01fb7b-2afa-460e-ace0-08ddbf3f4ee7
info,no,False,False,non_course_requirement_placeholder,info,UCB,University of California Berkeley,San Diego Miramar College,Requirement,missing_row,missing raw CSV row,"[['ENGL C1000 (3.00)'], ['ENGL C1001 (3.00)']]",,[],[],No CS-filtered impact: receiving course is not configured in course_reqs.py.,https://assist.org/transfer/results?year=76&institution=45&agreement=79&agreementType=to&viewAgreementsOptions=true&view=agreement&viewBy=major&viewSendingAgreements=false&viewByKey=76%2F45%2Fto%2F79%2FMajor%2F7d01fb7b-2afa-460e-ace0-08ddbf3f4ee7,76/45/to/79/Major/7d01fb7b-2afa-460e-ace0-08ddbf3f4ee7
info,no,False,False,non_course_requirement_placeholder,info,UCB,University of California Berkeley,San Joaquin Delta College,Requirement,missing_row,missing raw CSV row,"[['ENGL C1000 (3.00)'], ['ENGL 1B (3.00)'], ['ENGL C1001 (3.00)']]",,[],[],No CS-filtered impact: receiving course is not configured in course_reqs.py.,https://assist.org/transfer/results?year=76&institution=109&agreement=79&agreementType=to&viewAgreementsOptions=true&view=agreement&viewBy=major&viewSendingAgreements=false&viewByKey=76%2F109%2Fto%2F79%2FMajor%2F7d01fb7b-2afa-460e-ace0-08ddbf3f4ee7,76/109/to/79/Major/7d01fb7b-2afa-460e-ace0-08ddbf3f4ee7
info,no,False,False,non_course_requirement_placeholder,info,UCB,University of California Berkeley,San Jose City College,Requirement,sending_options_mismatch,sending options differ,"[['ENGL C1000 (3.00)'], ['ENGL 001B (3.00)'], ['ENGL C1001 (3.00)']]","[['ENGL 001B (3.00)'], ['ENGL C1001 (3.00)']]",[],[],No CS-filtered impact: receiving course is not configured in course_reqs.py.,https://assist.org/transfer/results?year=76&institution=136&agreement=79&agreementType=to&viewAgreementsOptions=true&view=agreement&viewBy=major&viewSendingAgreements=false&viewByKey=76%2F136%2Fto%2F79%2FMajor%2F7d01fb7b-2afa-460e-ace0-08ddbf3f4ee7,76/136/to/79/Major/7d01fb7b-2afa-460e-ace0-08ddbf3f4ee7
info,no,False,False,non_course_requirement_placeholder,info,UCB,University of California Berkeley,Santa Ana College,Requirement,missing_row,missing raw CSV row,"[['ENGL C1000 (4.00)'], ['ENGL C1000H (4.00)'], ['ENGL 102 (4.00)'], ['ENGL 102H (4.00)'], ['ENGL C1001 (4.00)'], ['ENGL C1001H (4.00)']]",,[],[],No CS-filtered impact: receiving course is not configured in course_reqs.py.,https://assist.org/transfer/results?year=76&institution=14&agreement=79&agreementType=to&viewAgreementsOptions=true&view=agreement&viewBy=major&viewSendingAgreements=false&viewByKey=76%2F14%2Fto%2F79%2FMajor%2F7d01fb7b-2afa-460e-ace0-08ddbf3f4ee7,76/14/to/79/Major/7d01fb7b-2afa-460e-ace0-08ddbf3f4ee7
info,no,False,False,non_course_requirement_placeholder,info,UCB,University of California Berkeley,Santa Barbara City College,Requirement,missing_row,missing raw CSV row,"[['ENG 200 (3.00)'], ['ENGL C1000 (4.00)'], ['ENGL C1000H (4.00)'], ['COMM 235 (3.00)'], ['ENG 111 (3.00)'], ['ENG 111H (3.00)'], ['ENGL C1001 (3.00)'], ['PHIL 111 (3.00)']]",,[],[],No CS-filtered impact: receiving course is not configured in course_reqs.py.,https://assist.org/transfer/results?year=76&institution=92&agreement=79&agreementType=to&viewAgreementsOptions=true&view=agreement&viewBy=major&viewSendingAgreements=false&viewByKey=76%2F92%2Fto%2F79%2FMajor%2F7d01fb7b-2afa-460e-ace0-08ddbf3f4ee7,76/92/to/79/Major/7d01fb7b-2afa-460e-ace0-08ddbf3f4ee7
info,no,False,False,non_course_requirement_placeholder,info,UCB,University of California Berkeley,Santa Monica College,Requirement,missing_row,missing raw CSV row,"[['ENGL C1000 (3.00)'], ['ENGL 31 (3.00)'], ['ENGL C1001 (3.00)']]",,[],[],No CS-filtered impact: receiving course is not configured in course_reqs.py.,https://assist.org/transfer/results?year=76&institution=137&agreement=79&agreementType=to&viewAgreementsOptions=true&view=agreement&viewBy=major&viewSendingAgreements=false&viewByKey=76%2F137%2Fto%2F79%2FMajor%2F7d01fb7b-2afa-460e-ace0-08ddbf3f4ee7,76/137/to/79/Major/7d01fb7b-2afa-460e-ace0-08ddbf3f4ee7
info,no,False,False,non_course_requirement_placeholder,info,UCB,University of California Berkeley,Santa Rosa Junior College,Requirement,missing_row,missing raw CSV row,"[['EMLS 10 (4.50)'], ['ENGL C1000 (4.00)'], ['ENGL C1001 (3.00)']]",,[],[],No CS-filtered impact: receiving course is not configured in course_reqs.py.,https://assist.org/transfer/results?year=76&institution=57&agreement=79&agreementType=to&viewAgreementsOptions=true&view=agreement&viewBy=major&viewSendingAgreements=false&viewByKey=76%2F57%2Fto%2F79%2FMajor%2F7d01fb7b-2afa-460e-ace0-08ddbf3f4ee7,76/57/to/79/Major/7d01fb7b-2afa-460e-ace0-08ddbf3f4ee7
info,no,False,False,non_course_requirement_placeholder,info,UCB,University of California Berkeley,Santiago Canyon College,Requirement,sending_options_mismatch,sending options differ,"[['ENGL C1000 (4.00)'], ['ENGL C1000H (4.00)'], ['ENGL 102 (4.00)'], ['ENGL 102H (4.00)'], ['ENGL C1001 (4.00)'], ['ENGL C1001H (4.00)']]","[['ENGL 102 (4.00)'], ['ENGL 102H (4.00)'], ['ENGL C1001 (4.00)'], ['ENGL C1001H (4.00)']]",[],[],No CS-filtered impact: receiving course is not configured in course_reqs.py.,https://assist.org/transfer/results?year=76&institution=66&agreement=79&agreementType=to&viewAgreementsOptions=true&view=agreement&viewBy=major&viewSendingAgreements=false&viewByKey=76%2F66%2Fto%2F79%2FMajor%2F7d01fb7b-2afa-460e-ace0-08ddbf3f4ee7,76/66/to/79/Major/7d01fb7b-2afa-460e-ace0-08ddbf3f4ee7
info,no,False,False,non_course_requirement_placeholder,info,UCB,University of California Berkeley,Shasta College,Requirement,sending_options_mismatch,sending options differ,"[['ENGL C1000 (4.00)'], ['ENGL 1B (3.00)'], ['ENGL C1001 (3.00)']]","[['ENGL 1B (3.00)'], ['ENGL C1001 (3.00)']]",[],[],No CS-filtered impact: receiving course is not configured in course_reqs.py.,https://assist.org/transfer/results?year=76&institution=38&agreement=79&agreementType=to&viewAgreementsOptions=true&view=agreement&viewBy=major&viewSendingAgreements=false&viewByKey=76%2F38%2Fto%2F79%2FMajor%2F7d01fb7b-2afa-460e-ace0-08ddbf3f4ee7,76/38/to/79/Major/7d01fb7b-2afa-460e-ace0-08ddbf3f4ee7
info,no,False,False,non_course_requirement_placeholder,info,UCB,University of California Berkeley,Sierra College,Requirement,missing_row,missing raw CSV row,"[['ENGL C1000 (4.00)'], ['ENGL 1B (3.00)'], ['ENGL C1001 (3.00)']]",,[],[],No CS-filtered impact: receiving course is not configured in course_reqs.py.,https://assist.org/transfer/results?year=76&institution=93&agreement=79&agreementType=to&viewAgreementsOptions=true&view=agreement&viewBy=major&viewSendingAgreements=false&viewByKey=76%2F93%2Fto%2F79%2FMajor%2F7d01fb7b-2afa-460e-ace0-08ddbf3f4ee7,76/93/to/79/Major/7d01fb7b-2afa-460e-ace0-08ddbf3f4ee7
info,no,False,False,non_course_requirement_placeholder,info,UCB,University of California Berkeley,Skyline College,Requirement,missing_row,missing raw CSV row,"[['ENGL C1000 (3.00)'], ['ENGL C1000E (5.00)'], ['ENGL 110 (3.00)'], ['ENGL C1001 (3.00)']]",,[],[],No CS-filtered impact: receiving course is not configured in course_reqs.py.,https://assist.org/transfer/results?year=76&institution=127&agreement=79&agreementType=to&viewAgreementsOptions=true&view=agreement&viewBy=major&viewSendingAgreements=false&viewByKey=76%2F127%2Fto%2F79%2FMajor%2F7d01fb7b-2afa-460e-ace0-08ddbf3f4ee7,76/127/to/79/Major/7d01fb7b-2afa-460e-ace0-08ddbf3f4ee7
info,no,False,False,non_course_requirement_placeholder,info,UCB,University of California Berkeley,Solano Community College,Requirement,sending_options_mismatch,sending options differ,"[['ENGL C1000 (4.00)'], ['ENGL 002 (4.00)'], ['ENGL C1001 (4.00)']]","[['ENGL 002 (4.00)'], ['ENGL C1001 (4.00)']]",[],[],No CS-filtered impact: receiving course is not configured in course_reqs.py.,https://assist.org/transfer/results?year=76&institution=94&agreement=79&agreementType=to&viewAgreementsOptions=true&view=agreement&viewBy=major&viewSendingAgreements=false&viewByKey=76%2F94%2Fto%2F79%2FMajor%2F7d01fb7b-2afa-460e-ace0-08ddbf3f4ee7,76/94/to/79/Major/7d01fb7b-2afa-460e-ace0-08ddbf3f4ee7
info,no,False,False,non_course_requirement_placeholder,info,UCB,University of California Berkeley,Southwestern College,Requirement,missing_row,missing raw CSV row,"[['ENGL C1000 (4.00)'], ['ENGL C1001 (4.00)']]",,[],[],No CS-filtered impact: receiving course is not configured in course_reqs.py.,https://assist.org/transfer/results?year=76&institution=138&agreement=79&agreementType=to&viewAgreementsOptions=true&view=agreement&viewBy=major&viewSendingAgreements=false&viewByKey=76%2F138%2Fto%2F79%2FMajor%2F7d01fb7b-2afa-460e-ace0-08ddbf3f4ee7,76/138/to/79/Major/7d01fb7b-2afa-460e-ace0-08ddbf3f4ee7
info,no,False,False,non_course_requirement_placeholder,info,UCB,University of California Berkeley,Taft College,Requirement,missing_row,missing raw CSV row,"[['ENGL C1000 (3.00)'], ['ENGL C1000E (4.00)'], ['ENGL 1600 (4.00)']]",,[],[],No CS-filtered impact: receiving course is not configured in course_reqs.py.,https://assist.org/transfer/results?year=76&institution=119&agreement=79&agreementType=to&viewAgreementsOptions=true&view=agreement&viewBy=major&viewSendingAgreements=false&viewByKey=76%2F119%2Fto%2F79%2FMajor%2F7d01fb7b-2afa-460e-ace0-08ddbf3f4ee7,76/119/to/79/Major/7d01fb7b-2afa-460e-ace0-08ddbf3f4ee7
info,no,False,False,non_course_requirement_placeholder,info,UCB,University of California Berkeley,Ventura College,Requirement,sending_options_mismatch,sending options differ,"[['ENGL C1000 (4.00)'], ['ENGL V01B (4.00)']]",[['ENGL V01B (4.00)']],[],[],No CS-filtered impact: receiving course is not configured in course_reqs.py.,https://assist.org/transfer/results?year=76&institution=95&agreement=79&agreementType=to&viewAgreementsOptions=true&view=agreement&viewBy=major&viewSendingAgreements=false&viewByKey=76%2F95%2Fto%2F79%2FMajor%2F7d01fb7b-2afa-460e-ace0-08ddbf3f4ee7,76/95/to/79/Major/7d01fb7b-2afa-460e-ace0-08ddbf3f4ee7
info,no,False,False,non_course_requirement_placeholder,info,UCB,University of California Berkeley,Victor Valley College,Requirement,sending_options_mismatch,sending options differ,"[['ENGL C1000 (4.00)'], ['ENGL 102 (3.00)'], ['ENGL 102H (4.00)'], ['ENGL C1001 (4.00)']]","[['ENGL 102 (3.00)'], ['ENGL 102H (4.00)'], ['ENGL C1001 (4.00)']]",[],[],No CS-filtered impact: receiving course is not configured in course_reqs.py.,https://assist.org/transfer/results?year=76&institution=19&agreement=79&agreementType=to&viewAgreementsOptions=true&view=agreement&viewBy=major&viewSendingAgreements=false&viewByKey=76%2F19%2Fto%2F79%2FMajor%2F7d01fb7b-2afa-460e-ace0-08ddbf3f4ee7,76/19/to/79/Major/7d01fb7b-2afa-460e-ace0-08ddbf3f4ee7
info,no,False,False,non_course_requirement_placeholder,info,UCB,University of California Berkeley,West Hills College Coalinga,Requirement,missing_row,missing raw CSV row,"[['PHYSICS 004B (4.00)', 'PHYSICS 004C (4.00)'], ['ENGL C1000 (3.00)'], ['ENGL C1001 (3.00)']]",,[],[],No CS-filtered impact: receiving course is not configured in course_reqs.py.,https://assist.org/transfer/results?year=76&institution=67&agreement=79&agreementType=to&viewAgreementsOptions=true&view=agreement&viewBy=major&viewSendingAgreements=false&viewByKey=76%2F67%2Fto%2F79%2FMajor%2F7d01fb7b-2afa-460e-ace0-08ddbf3f4ee7,76/67/to/79/Major/7d01fb7b-2afa-460e-ace0-08ddbf3f4ee7
info,no,False,False,non_course_requirement_placeholder,info,UCB,University of California Berkeley,West Hills College Lemoore,Requirement,missing_row,missing raw CSV row,"[['ENGL C1000 (4.00)'], ['ENGL C1001 (3.00)']]",,[],[],No CS-filtered impact: receiving course is not configured in course_reqs.py.,https://assist.org/transfer/results?year=76&institution=146&agreement=79&agreementType=to&viewAgreementsOptions=true&view=agreement&viewBy=major&viewSendingAgreements=false&viewByKey=76%2F146%2Fto%2F79%2FMajor%2F7d01fb7b-2afa-460e-ace0-08ddbf3f4ee7,76/146/to/79/Major/7d01fb7b-2afa-460e-ace0-08ddbf3f4ee7
info,no,False,False,non_course_requirement_placeholder,info,UCB,University of California Berkeley,West Los Angeles College,Requirement,missing_row,missing raw CSV row,"[['ENGL C1000 (3.00)'], ['ENGLISH 102 (3.00)']]",,[],[],No CS-filtered impact: receiving course is not configured in course_reqs.py.,https://assist.org/transfer/results?year=76&institution=91&agreement=79&agreementType=to&viewAgreementsOptions=true&view=agreement&viewBy=major&viewSendingAgreements=false&viewByKey=76%2F91%2Fto%2F79%2FMajor%2F7d01fb7b-2afa-460e-ace0-08ddbf3f4ee7,76/91/to/79/Major/7d01fb7b-2afa-460e-ace0-08ddbf3f4ee7
info,no,False,False,non_course_requirement_placeholder,info,UCB,University of California Berkeley,West Valley College,Requirement,missing_row,missing raw CSV row,"[['ENGL C1000 (3.00)'], ['ENGL 001B (3.00)'], ['ENGL C1001 (3.00)'], ['ENGL C1001H (3.00)']]",,[],[],No CS-filtered impact: receiving course is not configured in course_reqs.py.,https://assist.org/transfer/results?year=76&institution=80&agreement=79&agreementType=to&viewAgreementsOptions=true&view=agreement&viewBy=major&viewSendingAgreements=false&viewByKey=76%2F80%2Fto%2F79%2FMajor%2F7d01fb7b-2afa-460e-ace0-08ddbf3f4ee7,76/80/to/79/Major/7d01fb7b-2afa-460e-ace0-08ddbf3f4ee7
info,no,False,False,non_course_requirement_placeholder,info,UCB,University of California Berkeley,Woodland Community College,Requirement,missing_row,missing raw CSV row,"[['ENGL C1000 (4.00)'], ['ENGL 1B (4.00)']]",,[],[],No CS-filtered impact: receiving course is not configured in course_reqs.py.,https://assist.org/transfer/results?year=76&institution=147&agreement=79&agreementType=to&viewAgreementsOptions=true&view=agreement&viewBy=major&viewSendingAgreements=false&viewByKey=76%2F147%2Fto%2F79%2FMajor%2F7d01fb7b-2afa-460e-ace0-08ddbf3f4ee7,76/147/to/79/Major/7d01fb7b-2afa-460e-ace0-08ddbf3f4ee7
info,no,False,False,non_course_requirement_placeholder,info,UCB,University of California Berkeley,Yuba College,Requirement,missing_row,missing raw CSV row,"[['ENGL C1000 (4.00)'], ['ENGL 1B (4.00)']]",,[],[],No CS-filtered impact: receiving course is not configured in course_reqs.py.,https://assist.org/transfer/results?year=76&institution=90&agreement=79&agreementType=to&viewAgreementsOptions=true&view=agreement&viewBy=major&viewSendingAgreements=false&viewByKey=76%2F90%2Fto%2F79%2FMajor%2F7d01fb7b-2afa-460e-ace0-08ddbf3f4ee7,76/90/to/79/Major/7d01fb7b-2afa-460e-ace0-08ddbf3f4ee7
info,no,False,False,not_articulated_mismatch,high,UCB,University of California Berkeley,Clovis Community College,COMPSCI 61C,not_articulated_mismatch,sending options differ,[['CSCI 45 (4.00)']],[['Not Articulated']],[],[],No CS-filtered impact: receiving course is not configured in course_reqs.py.,https://assist.org/transfer/results?year=76&institution=150&agreement=79&agreementType=to&viewAgreementsOptions=true&view=agreement&viewBy=major&viewSendingAgreements=false&viewByKey=76%2F150%2Fto%2F79%2FMajor%2F7d01fb7b-2afa-460e-ace0-08ddbf3f4ee7,76/150/to/79/Major/7d01fb7b-2afa-460e-ace0-08ddbf3f4ee7
info,no,False,False,not_articulated_mismatch,high,UCB,University of California Berkeley,Santa Rosa Junior College,EECS 16B,not_articulated_mismatch,sending options differ,[['ENGR 16 (4.00)']],[['Not Articulated']],[],[],No CS-filtered impact: receiving course is not configured in course_reqs.py.,https://assist.org/transfer/results?year=76&institution=57&agreement=79&agreementType=to&viewAgreementsOptions=true&view=agreement&viewBy=major&viewSendingAgreements=false&viewByKey=76%2F57%2Fto%2F79%2FMajor%2F7d01fb7b-2afa-460e-ace0-08ddbf3f4ee7,76/57/to/79/Major/7d01fb7b-2afa-460e-ace0-08ddbf3f4ee7
info,no,False,False,option_order_only,low,UCB,University of California Berkeley,Coastline Community College,CHEM 1A; CHEM 1AL,sending_options_mismatch,sending options differ,"[['CHEM C130 (4.00)'], ['CHEM C180 (4.00)', 'CHEM C180L (1.00)']]","[['CHEM C180 (4.00)', 'CHEM C180L (1.00)'], ['CHEM C130 (4.00)']]",[],[],No CS-filtered impact: receiving course is not configured in course_reqs.py.,https://assist.org/transfer/results?year=76&institution=105&agreement=79&agreementType=to&viewAgreementsOptions=true&view=agreement&viewBy=major&viewSendingAgreements=false&viewByKey=76%2F105%2Fto%2F79%2FMajor%2F7d01fb7b-2afa-460e-ace0-08ddbf3f4ee7,76/105/to/79/Major/7d01fb7b-2afa-460e-ace0-08ddbf3f4ee7
info,no,False,False,missing_row,medium,UCD,University of California Davis,Chabot College,PHY 009A; PHY 009B; PHY 009C,missing_row,missing raw CSV row,"[['PHYS 7A (5.00)', 'PHYS 7B (5.00)', 'PHYS 7C (5.00)']]",,[],[],No CS-filtered impact: receiving course is not configured in course_reqs.py.,https://assist.org/transfer/results?year=76&institution=96&agreement=89&agreementType=to&viewAgreementsOptions=true&view=agreement&viewBy=major&viewSendingAgreements=false&viewByKey=76%2F96%2Fto%2F89%2FMajor%2F37adebfb-6deb-4e42-34ac-08ddb349963e,76/96/to/89/Major/37adebfb-6deb-4e42-34ac-08ddb349963e
info,no,False,False,flattened_or,high,UCI,University of California Irvine,College of Marin,MATH 3A,flattened_or,sending options differ,"[['MATH 116 (4.00)'], ['MATH 216 (5.00)']]","[['MATH 116 (4.00)', 'MATH 216 (5.00)']]",[],[],No CS-filtered impact: receiving course is not configured in course_reqs.py.,https://assist.org/transfer/results?year=76&institution=4&agreement=120&agreementType=to&viewAgreementsOptions=true&view=agreement&viewBy=major&viewSendingAgreements=false&viewByKey=76%2F4%2Fto%2F120%2FMajor%2F7752acca-2b16-46d0-fb90-08dda2ee8889,76/4/to/120/Major/7752acca-2b16-46d0-fb90-08dda2ee8889
info,no,False,False,flattened_or,high,UCI,University of California Irvine,Irvine Valley College,MATH 3A,flattened_or,sending options differ,"[['MATH 26 (4.00)'], ['MATH 26H (4.00)']]","[['MATH 26 (4.00)', 'MATH 26H (4.00)']]",[],[],No CS-filtered impact: receiving course is not configured in course_reqs.py.,https://assist.org/transfer/results?year=76&institution=124&agreement=120&agreementType=to&viewAgreementsOptions=true&view=agreement&viewBy=major&viewSendingAgreements=false&viewByKey=76%2F124%2Fto%2F120%2FMajor%2F7752acca-2b16-46d0-fb90-08dda2ee8889,76/124/to/120/Major/7752acca-2b16-46d0-fb90-08dda2ee8889
info,no,False,False,flattened_or,high,UCLA,University of California Los Angeles,Santa Barbara City College,ENGCOMP 3,flattened_or,sending options differ,"[['ENGL C1000 (4.00)'], ['ENGL C1000H (4.00)'], ['ENGL C1000E (4.00)']]","[['ENGL C1000 (4.00)', 'ENGL C1000H (4.00)', 'ENGL C1000E (4.00)']]",[],[],No CS-filtered impact: receiving course is not configured in course_reqs.py.,https://assist.org/transfer/results?year=76&institution=92&agreement=117&agreementType=to&viewAgreementsOptions=true&view=agreement&viewBy=major&viewSendingAgreements=false&viewByKey=76%2F92%2Fto%2F117%2FMajor%2F3fc7b07d-4058-4a0a-1f72-08ddcb96df9e,76/92/to/117/Major/3fc7b07d-4058-4a0a-1f72-08ddcb96df9e
info,no,False,False,non_course_requirement_placeholder,info,UCLA,University of California Los Angeles,Allan Hancock College,<blank>,unexpected_row,unexpected raw CSV row,,"[['ENGL 102 (3.00)'], ['ENGL C1001 (3.00)'], ['PHIL 114 (3.00)'], ['CS 111 (4.00)']]",[],[],No CS-filtered impact: receiving course is not configured in course_reqs.py.,https://assist.org/transfer/results?year=76&institution=110&agreement=117&agreementType=to&viewAgreementsOptions=true&view=agreement&viewBy=major&viewSendingAgreements=false&viewByKey=76%2F110%2Fto%2F117%2FMajor%2F3fc7b07d-4058-4a0a-1f72-08ddcb96df9e,76/110/to/117/Major/3fc7b07d-4058-4a0a-1f72-08ddcb96df9e
info,no,False,False,non_course_requirement_placeholder,info,UCLA,University of California Los Angeles,American River College,<blank>,unexpected_row,unexpected raw CSV row,,"[['ENGWR 301 (3.00)'], ['ENGL C1001 (3.00)'], ['ENGWR 481 (3.00)'], ['ENGL C1001H (3.00)'], ['CISP 400 (4.00)']]",[],[],No CS-filtered impact: receiving course is not configured in course_reqs.py.,https://assist.org/transfer/results?year=76&institution=27&agreement=117&agreementType=to&viewAgreementsOptions=true&view=agreement&viewBy=major&viewSendingAgreements=false&viewByKey=76%2F27%2Fto%2F117%2FMajor%2F3fc7b07d-4058-4a0a-1f72-08ddcb96df9e,76/27/to/117/Major/3fc7b07d-4058-4a0a-1f72-08ddcb96df9e
info,no,False,False,non_course_requirement_placeholder,info,UCLA,University of California Los Angeles,Bakersfield College,<blank>,unexpected_row,unexpected raw CSV row,,"[['ENGL C1001 (4.00)'], ['PHIL B9 (3.00)'], ['COMP B12 (3.00)'], ['ENGR B19C (4.00)']]",[],[],No CS-filtered impact: receiving course is not configured in course_reqs.py.,https://assist.org/transfer/results?year=76&institution=84&agreement=117&agreementType=to&viewAgreementsOptions=true&view=agreement&viewBy=major&viewSendingAgreements=false&viewByKey=76%2F84%2Fto%2F117%2FMajor%2F3fc7b07d-4058-4a0a-1f72-08ddcb96df9e,76/84/to/117/Major/3fc7b07d-4058-4a0a-1f72-08ddcb96df9e
info,no,False,False,non_course_requirement_placeholder,info,UCLA,University of California Los Angeles,Barstow Community College,<blank>,unexpected_row,unexpected raw CSV row,,"[['ENGL 1B (3.00)'], ['ENGL C1001 (4.00)'], ['Not Articulated']]",[],[],No CS-filtered impact: receiving course is not configured in course_reqs.py.,https://assist.org/transfer/results?year=76&institution=20&agreement=117&agreementType=to&viewAgreementsOptions=true&view=agreement&viewBy=major&viewSendingAgreements=false&viewByKey=76%2F20%2Fto%2F117%2FMajor%2F3fc7b07d-4058-4a0a-1f72-08ddcb96df9e,76/20/to/117/Major/3fc7b07d-4058-4a0a-1f72-08ddcb96df9e
info,no,False,False,non_course_requirement_placeholder,info,UCLA,University of California Los Angeles,Cabrillo College,<blank>,unexpected_row,unexpected raw CSV row,,"[['ENGL 1C (3.00)'], ['PHILO 49 (3.00)'], ['ENGL 1B (3.00)'], ['ENGL 1BMC (3.00)'], ['ENGL C1001 (3.00)'], ['CS 11 (4.00)']]",[],[],No CS-filtered impact: receiving course is not configured in course_reqs.py.,https://assist.org/transfer/results?year=76&institution=41&agreement=117&agreementType=to&viewAgreementsOptions=true&view=agreement&viewBy=major&viewSendingAgreements=false&viewByKey=76%2F41%2Fto%2F117%2FMajor%2F3fc7b07d-4058-4a0a-1f72-08ddcb96df9e,76/41/to/117/Major/3fc7b07d-4058-4a0a-1f72-08ddcb96df9e
info,no,False,False,non_course_requirement_placeholder,info,UCLA,University of California Los Angeles,Canada College,<blank>,unexpected_row,unexpected raw CSV row,,"[['ENGL 110 (3.00)'], ['ENGL C1001 (3.00)'], ['CIS 250 (3.00)']]",[],[],No CS-filtered impact: receiving course is not configured in course_reqs.py.,https://assist.org/transfer/results?year=76&institution=68&agreement=117&agreementType=to&viewAgreementsOptions=true&view=agreement&viewBy=major&viewSendingAgreements=false&viewByKey=76%2F68%2Fto%2F117%2FMajor%2F3fc7b07d-4058-4a0a-1f72-08ddcb96df9e,76/68/to/117/Major/3fc7b07d-4058-4a0a-1f72-08ddcb96df9e
info,no,False,False,non_course_requirement_placeholder,info,UCLA,University of California Los Angeles,Cerritos College,<blank>,unexpected_row,unexpected raw CSV row,,"[['ENGL 102 (3.00)'], ['ENGL C1001 (4.00)'], ['ENGL 110 (4.00)'], ['PHIL 103 (3.00)'], ['PSYC 103 (3.00)'], ['COMM 103 (3.00)'], ['CIS 180 (3.50)'], ['CIS 280X (3.50)']]",[],[],No CS-filtered impact: receiving course is not configured in course_reqs.py.,https://assist.org/transfer/results?year=76&institution=104&agreement=117&agreementType=to&viewAgreementsOptions=true&view=agreement&viewBy=major&viewSendingAgreements=false&viewByKey=76%2F104%2Fto%2F117%2FMajor%2F3fc7b07d-4058-4a0a-1f72-08ddcb96df9e,76/104/to/117/Major/3fc7b07d-4058-4a0a-1f72-08ddcb96df9e
info,no,False,False,non_course_requirement_placeholder,info,UCLA,University of California Los Angeles,Chabot College,<blank>,unexpected_row,unexpected raw CSV row,,"[['ENGL 4A (4.00)'], ['ENGL C1001 (4.00)'], ['CSCI 14 (4.00)'], ['CSCI 15 (4.00)'], ['ENGR 25 (3.00)']]",[],[],No CS-filtered impact: receiving course is not configured in course_reqs.py.,https://assist.org/transfer/results?year=76&institution=96&agreement=117&agreementType=to&viewAgreementsOptions=true&view=agreement&viewBy=major&viewSendingAgreements=false&viewByKey=76%2F96%2Fto%2F117%2FMajor%2F3fc7b07d-4058-4a0a-1f72-08ddcb96df9e,76/96/to/117/Major/3fc7b07d-4058-4a0a-1f72-08ddcb96df9e
info,no,False,False,non_course_requirement_placeholder,info,UCLA,University of California Los Angeles,Chaffey College,<blank>,unexpected_row,unexpected raw CSV row,,"[['ENGL 1B (3.00)'], ['ENGL 1C (3.00)'], ['Not Articulated']]",[],[],No CS-filtered impact: receiving course is not configured in course_reqs.py.,https://assist.org/transfer/results?year=76&institution=69&agreement=117&agreementType=to&viewAgreementsOptions=true&view=agreement&viewBy=major&viewSendingAgreements=false&viewByKey=76%2F69%2Fto%2F117%2FMajor%2F3fc7b07d-4058-4a0a-1f72-08ddcb96df9e,76/69/to/117/Major/3fc7b07d-4058-4a0a-1f72-08ddcb96df9e
info,no,False,False,non_course_requirement_placeholder,info,UCLA,University of California Los Angeles,Citrus College,<blank>,unexpected_row,unexpected raw CSV row,,"[['ENGL 102 (3.00)'], ['ENGL 103 (3.00)'], ['ENGL 103H (3.00)'], ['ENGL C1001 (3.00)'], ['ENGL C1001 H (3.00)'], ['Not Articulated']]",[],[],No CS-filtered impact: receiving course is not configured in course_reqs.py.,https://assist.org/transfer/results?year=76&institution=97&agreement=117&agreementType=to&viewAgreementsOptions=true&view=agreement&viewBy=major&viewSendingAgreements=false&viewByKey=76%2F97%2Fto%2F117%2FMajor%2F3fc7b07d-4058-4a0a-1f72-08ddcb96df9e,76/97/to/117/Major/3fc7b07d-4058-4a0a-1f72-08ddcb96df9e
info,no,False,False,non_course_requirement_placeholder,info,UCLA,University of California Los Angeles,Clovis Community College,<blank>,unexpected_row,unexpected raw CSV row,,"[['ENGL 1B (3.00)'], ['ENGL 1BH (3.00)'], ['ENGL C1001 (3.00)'], ['ENGL C1001H (3.00)'], ['PHIL 2 (3.00)'], ['CSCI 40 (4.00)']]",[],[],No CS-filtered impact: receiving course is not configured in course_reqs.py.,https://assist.org/transfer/results?year=76&institution=150&agreement=117&agreementType=to&viewAgreementsOptions=true&view=agreement&viewBy=major&viewSendingAgreements=false&viewByKey=76%2F150%2Fto%2F117%2FMajor%2F3fc7b07d-4058-4a0a-1f72-08ddcb96df9e,76/150/to/117/Major/3fc7b07d-4058-4a0a-1f72-08ddcb96df9e
info,no,False,False,non_course_requirement_placeholder,info,UCLA,University of California Los Angeles,Coastline Community College,<blank>,unexpected_row,unexpected raw CSV row,,"[['ENGL C1001 (3.00)'], ['Not Articulated']]",[],[],No CS-filtered impact: receiving course is not configured in course_reqs.py.,https://assist.org/transfer/results?year=76&institution=105&agreement=117&agreementType=to&viewAgreementsOptions=true&view=agreement&viewBy=major&viewSendingAgreements=false&viewByKey=76%2F105%2Fto%2F117%2FMajor%2F3fc7b07d-4058-4a0a-1f72-08ddcb96df9e,76/105/to/117/Major/3fc7b07d-4058-4a0a-1f72-08ddcb96df9e
info,no,False,False,non_course_requirement_placeholder,info,UCLA,University of California Los Angeles,College of Alameda,<blank>,unexpected_row,unexpected raw CSV row,,"[['COMM 5 (3.00)'], ['ENGL 1B (4.00)'], ['ENGL C1001 (3.00)'], ['Not Articulated']]",[],[],No CS-filtered impact: receiving course is not configured in course_reqs.py.,https://assist.org/transfer/results?year=76&institution=111&agreement=117&agreementType=to&viewAgreementsOptions=true&view=agreement&viewBy=major&viewSendingAgreements=false&viewByKey=76%2F111%2Fto%2F117%2FMajor%2F3fc7b07d-4058-4a0a-1f72-08ddcb96df9e,76/111/to/117/Major/3fc7b07d-4058-4a0a-1f72-08ddcb96df9e
info,no,False,False,non_course_requirement_placeholder,info,UCLA,University of California Los Angeles,College of Marin,<blank>,unexpected_row,unexpected raw CSV row,,"[['ENGL 151 (4.00)'], ['ENGL C1001 (4.00)'], ['Not Articulated']]",[],[],No CS-filtered impact: receiving course is not configured in course_reqs.py.,https://assist.org/transfer/results?year=76&institution=4&agreement=117&agreementType=to&viewAgreementsOptions=true&view=agreement&viewBy=major&viewSendingAgreements=false&viewByKey=76%2F4%2Fto%2F117%2FMajor%2F3fc7b07d-4058-4a0a-1f72-08ddcb96df9e,76/4/to/117/Major/3fc7b07d-4058-4a0a-1f72-08ddcb96df9e
info,no,False,False,non_course_requirement_placeholder,info,UCLA,University of California Los Angeles,College of San Mateo,<blank>,unexpected_row,unexpected raw CSV row,,"[['ENGL 110 (3.00)'], ['ENGL C1001 (3.00)'], ['Not Articulated']]",[],[],No CS-filtered impact: receiving course is not configured in course_reqs.py.,https://assist.org/transfer/results?year=76&institution=5&agreement=117&agreementType=to&viewAgreementsOptions=true&view=agreement&viewBy=major&viewSendingAgreements=false&viewByKey=76%2F5%2Fto%2F117%2FMajor%2F3fc7b07d-4058-4a0a-1f72-08ddcb96df9e,76/5/to/117/Major/3fc7b07d-4058-4a0a-1f72-08ddcb96df9e
info,no,False,False,non_course_requirement_placeholder,info,UCLA,University of California Los Angeles,College of the Desert,<blank>,unexpected_row,unexpected raw CSV row,,"[['SOC 4 (3.00)'], ['CS 7A (4.00)', 'CS 7B (3.00)']]",[],[],No CS-filtered impact: receiving course is not configured in course_reqs.py.,https://assist.org/transfer/results?year=76&institution=30&agreement=117&agreementType=to&viewAgreementsOptions=true&view=agreement&viewBy=major&viewSendingAgreements=false&viewByKey=76%2F30%2Fto%2F117%2FMajor%2F3fc7b07d-4058-4a0a-1f72-08ddcb96df9e,76/30/to/117/Major/3fc7b07d-4058-4a0a-1f72-08ddcb96df9e
info,no,False,False,non_course_requirement_placeholder,info,UCLA,University of California Los Angeles,College of the Redwoods,<blank>,unexpected_row,unexpected raw CSV row,,"[['ENGL 1B (3.00)'], ['Not Articulated']]",[],[],No CS-filtered impact: receiving course is not configured in course_reqs.py.,https://assist.org/transfer/results?year=76&institution=83&agreement=117&agreementType=to&viewAgreementsOptions=true&view=agreement&viewBy=major&viewSendingAgreements=false&viewByKey=76%2F83%2Fto%2F117%2FMajor%2F3fc7b07d-4058-4a0a-1f72-08ddcb96df9e,76/83/to/117/Major/3fc7b07d-4058-4a0a-1f72-08ddcb96df9e
info,no,False,False,non_course_requirement_placeholder,info,UCLA,University of California Los Angeles,College of the Sequoias,<blank>,unexpected_row,unexpected raw CSV row,,"[['ENGL C1001 (3.00)'], ['ENGL 004 (3.00)'], ['PHIL 025 (3.00)'], ['CSCI 001 (4.00)', 'CSCI 002 (4.00)']]",[],[],No CS-filtered impact: receiving course is not configured in course_reqs.py.,https://assist.org/transfer/results?year=76&institution=6&agreement=117&agreementType=to&viewAgreementsOptions=true&view=agreement&viewBy=major&viewSendingAgreements=false&viewByKey=76%2F6%2Fto%2F117%2FMajor%2F3fc7b07d-4058-4a0a-1f72-08ddcb96df9e,76/6/to/117/Major/3fc7b07d-4058-4a0a-1f72-08ddcb96df9e
info,no,False,False,non_course_requirement_placeholder,info,UCLA,University of California Los Angeles,College of the Siskiyous,<blank>,unexpected_row,unexpected raw CSV row,,"[['ENGL 1501 (3.00)'], ['ENGL C1001 (3.00)'], ['Not Articulated']]",[],[],No CS-filtered impact: receiving course is not configured in course_reqs.py.,https://assist.org/transfer/results?year=76&institution=102&agreement=117&agreementType=to&viewAgreementsOptions=true&view=agreement&viewBy=major&viewSendingAgreements=false&viewByKey=76%2F102%2Fto%2F117%2FMajor%2F3fc7b07d-4058-4a0a-1f72-08ddcb96df9e,76/102/to/117/Major/3fc7b07d-4058-4a0a-1f72-08ddcb96df9e
info,no,False,False,non_course_requirement_placeholder,info,UCLA,University of California Los Angeles,Columbia College,<blank>,unexpected_row,unexpected raw CSV row,,"[['ENGL 1B (3.00)'], ['ENGL C1001 (3.00)'], ['COMP 11P (4.00)', 'COMP 12P (4.00)']]",[],[],No CS-filtered impact: receiving course is not configured in course_reqs.py.,https://assist.org/transfer/results?year=76&institution=10&agreement=117&agreementType=to&viewAgreementsOptions=true&view=agreement&viewBy=major&viewSendingAgreements=false&viewByKey=76%2F10%2Fto%2F117%2FMajor%2F3fc7b07d-4058-4a0a-1f72-08ddcb96df9e,76/10/to/117/Major/3fc7b07d-4058-4a0a-1f72-08ddcb96df9e
info,no,False,False,non_course_requirement_placeholder,info,UCLA,University of California Los Angeles,Compton College,<blank>,unexpected_row,unexpected raw CSV row,,"[['ENGL 102 (3.00)'], ['ENGL 102H (3.00)'], ['ENGL C1001 (3.00)'], ['ENGL C1001H (3.00)'], ['PHIL 105 (3.00)'], ['Not Articulated']]",[],[],No CS-filtered impact: receiving course is not configured in course_reqs.py.,https://assist.org/transfer/results?year=76&institution=153&agreement=117&agreementType=to&viewAgreementsOptions=true&view=agreement&viewBy=major&viewSendingAgreements=false&viewByKey=76%2F153%2Fto%2F117%2FMajor%2F3fc7b07d-4058-4a0a-1f72-08ddcb96df9e,76/153/to/117/Major/3fc7b07d-4058-4a0a-1f72-08ddcb96df9e
info,no,False,False,non_course_requirement_placeholder,info,UCLA,University of California Los Angeles,Contra Costa College,<blank>,unexpected_row,unexpected raw CSV row,,"[['ENGL C1001 (3.00)'], ['ENGL 002B (4.00)'], ['PHILO 130 (3.00)'], ['SPCH 121I (3.00)'], ['COMP 200 (4.00)', 'COMP 210 (4.00)'], ['COMP 165 (4.00)'], ['COMP 200 (4.00)']]",[],[],No CS-filtered impact: receiving course is not configured in course_reqs.py.,https://assist.org/transfer/results?year=76&institution=28&agreement=117&agreementType=to&viewAgreementsOptions=true&view=agreement&viewBy=major&viewSendingAgreements=false&viewByKey=76%2F28%2Fto%2F117%2FMajor%2F3fc7b07d-4058-4a0a-1f72-08ddcb96df9e,76/28/to/117/Major/3fc7b07d-4058-4a0a-1f72-08ddcb96df9e
info,no,False,False,non_course_requirement_placeholder,info,UCLA,University of California Los Angeles,Copper Mountain College,<blank>,unexpected_row,unexpected raw CSV row,,"[['ENG 001B (3.00)'], ['SOC 004 (3.00)'], ['CS 089 (3.00)', 'CS 089A (3.00)']]",[],[],No CS-filtered impact: receiving course is not configured in course_reqs.py.,https://assist.org/transfer/results?year=76&institution=112&agreement=117&agreementType=to&viewAgreementsOptions=true&view=agreement&viewBy=major&viewSendingAgreements=false&viewByKey=76%2F112%2Fto%2F117%2FMajor%2F3fc7b07d-4058-4a0a-1f72-08ddcb96df9e,76/112/to/117/Major/3fc7b07d-4058-4a0a-1f72-08ddcb96df9e
info,no,False,False,non_course_requirement_placeholder,info,UCLA,University of California Los Angeles,Cosumnes River College,<blank>,unexpected_row,unexpected raw CSV row,,"[['ENGWR 301 (3.00)'], ['ENGL C1001 (3.00)'], ['CISP 360 (4.00)']]",[],[],No CS-filtered impact: receiving course is not configured in course_reqs.py.,https://assist.org/transfer/results?year=76&institution=142&agreement=117&agreementType=to&viewAgreementsOptions=true&view=agreement&viewBy=major&viewSendingAgreements=false&viewByKey=76%2F142%2Fto%2F117%2FMajor%2F3fc7b07d-4058-4a0a-1f72-08ddcb96df9e,76/142/to/117/Major/3fc7b07d-4058-4a0a-1f72-08ddcb96df9e
info,no,False,False,non_course_requirement_placeholder,info,UCLA,University of California Los Angeles,Cuesta College,<blank>,unexpected_row,unexpected raw CSV row,,"[['ENGL 201B (4.00)'], ['ENGL C1001 (4.00)'], ['Not Articulated']]",[],[],No CS-filtered impact: receiving course is not configured in course_reqs.py.,https://assist.org/transfer/results?year=76&institution=16&agreement=117&agreementType=to&viewAgreementsOptions=true&view=agreement&viewBy=major&viewSendingAgreements=false&viewByKey=76%2F16%2Fto%2F117%2FMajor%2F3fc7b07d-4058-4a0a-1f72-08ddcb96df9e,76/16/to/117/Major/3fc7b07d-4058-4a0a-1f72-08ddcb96df9e
info,no,False,False,non_course_requirement_placeholder,info,UCLA,University of California Los Angeles,El Camino College,<blank>,unexpected_row,unexpected raw CSV row,,"[['ENGL 1B (3.00)'], ['ENGL 1BH (3.00)'], ['ENGL C1001 (4.00)'], ['ENGL C1001H (4.00)'], ['PHIL 105 (3.00)'], ['PSYC 103 (3.00)'], ['CSCI 2 (5.00)', 'CSCI 3 (4.00)'], ['CSCI 1 (4.00)'], ['CSCI 30 (4.00)']]",[],[],No CS-filtered impact: receiving course is not configured in course_reqs.py.,https://assist.org/transfer/results?year=76&institution=103&agreement=117&agreementType=to&viewAgreementsOptions=true&view=agreement&viewBy=major&viewSendingAgreements=false&viewByKey=76%2F103%2Fto%2F117%2FMajor%2F3fc7b07d-4058-4a0a-1f72-08ddcb96df9e,76/103/to/117/Major/3fc7b07d-4058-4a0a-1f72-08ddcb96df9e
info,no,False,False,non_course_requirement_placeholder,info,UCLA,University of California Los Angeles,Feather River College,<blank>,unexpected_row,unexpected raw CSV row,,"[['ENGL 102 (3.00)'], ['ENGL C1001 (3.00)'], ['Not Articulated']]",[],[],No CS-filtered impact: receiving course is not configured in course_reqs.py.,https://assist.org/transfer/results?year=76&institution=122&agreement=117&agreementType=to&viewAgreementsOptions=true&view=agreement&viewBy=major&viewSendingAgreements=false&viewByKey=76%2F122%2Fto%2F117%2FMajor%2F3fc7b07d-4058-4a0a-1f72-08ddcb96df9e,76/122/to/117/Major/3fc7b07d-4058-4a0a-1f72-08ddcb96df9e
info,no,False,False,non_course_requirement_placeholder,info,UCLA,University of California Los Angeles,Foothill College,<blank>,unexpected_row,unexpected raw CSV row,,"[['ENGL 1B (5.00)'], ['ENGL 1BH (5.00)'], ['C S 2A (4.50)'], ['C S 2B (4.50)']]",[],[],No CS-filtered impact: receiving course is not configured in course_reqs.py.,https://assist.org/transfer/results?year=76&institution=51&agreement=117&agreementType=to&viewAgreementsOptions=true&view=agreement&viewBy=major&viewSendingAgreements=false&viewByKey=76%2F51%2Fto%2F117%2FMajor%2F3fc7b07d-4058-4a0a-1f72-08ddcb96df9e,76/51/to/117/Major/3fc7b07d-4058-4a0a-1f72-08ddcb96df9e
info,no,False,False,non_course_requirement_placeholder,info,UCLA,University of California Los Angeles,Golden West College,<blank>,unexpected_row,unexpected raw CSV row,,"[['ENGL G110 (4.00)'], ['CS G175 (3.00)']]",[],[],No CS-filtered impact: receiving course is not configured in course_reqs.py.,https://assist.org/transfer/results?year=76&institution=55&agreement=117&agreementType=to&viewAgreementsOptions=true&view=agreement&viewBy=major&viewSendingAgreements=false&viewByKey=76%2F55%2Fto%2F117%2FMajor%2F3fc7b07d-4058-4a0a-1f72-08ddcb96df9e,76/55/to/117/Major/3fc7b07d-4058-4a0a-1f72-08ddcb96df9e
info,no,False,False,non_course_requirement_placeholder,info,UCLA,University of California Los Angeles,Hartnell College,<blank>,unexpected_row,unexpected raw CSV row,,"[['ENG 1B (3.00)'], ['ENGL C1001 (3.00)'], ['CSS 2A (4.00)']]",[],[],No CS-filtered impact: receiving course is not configured in course_reqs.py.,https://assist.org/transfer/results?year=76&institution=123&agreement=117&agreementType=to&viewAgreementsOptions=true&view=agreement&viewBy=major&viewSendingAgreements=false&viewByKey=76%2F123%2Fto%2F117%2FMajor%2F3fc7b07d-4058-4a0a-1f72-08ddcb96df9e,76/123/to/117/Major/3fc7b07d-4058-4a0a-1f72-08ddcb96df9e
info,no,False,False,non_course_requirement_placeholder,info,UCLA,University of California Los Angeles,Imperial Valley College,<blank>,unexpected_row,unexpected raw CSV row,,"[['ENGL 102 (3.00)'], ['ENGL C1001 (3.00)'], ['Not Articulated']]",[],[],No CS-filtered impact: receiving course is not configured in course_reqs.py.,https://assist.org/transfer/results?year=76&institution=107&agreement=117&agreementType=to&viewAgreementsOptions=true&view=agreement&viewBy=major&viewSendingAgreements=false&viewByKey=76%2F107%2Fto%2F117%2FMajor%2F3fc7b07d-4058-4a0a-1f72-08ddcb96df9e,76/107/to/117/Major/3fc7b07d-4058-4a0a-1f72-08ddcb96df9e
info,no,False,False,non_course_requirement_placeholder,info,UCLA,University of California Los Angeles,Irvine Valley College,<blank>,unexpected_row,unexpected raw CSV row,,"[['LIT 1 (3.00)'], ['ENGL C1001 (4.00)'], ['ENGL C1001H (4.00)'], ['CS 37 (3.00)']]",[],[],No CS-filtered impact: receiving course is not configured in course_reqs.py.,https://assist.org/transfer/results?year=76&institution=124&agreement=117&agreementType=to&viewAgreementsOptions=true&view=agreement&viewBy=major&viewSendingAgreements=false&viewByKey=76%2F124%2Fto%2F117%2FMajor%2F3fc7b07d-4058-4a0a-1f72-08ddcb96df9e,76/124/to/117/Major/3fc7b07d-4058-4a0a-1f72-08ddcb96df9e
info,no,False,False,non_course_requirement_placeholder,info,UCLA,University of California Los Angeles,Las Positas College,<blank>,unexpected_row,unexpected raw CSV row,,"[['ENG 4 (3.00)'], ['ENGL C1001 (3.00)'], ['CS 1 (4.00)'], ['CS 2 (4.00)']]",[],[],No CS-filtered impact: receiving course is not configured in course_reqs.py.,https://assist.org/transfer/results?year=76&institution=18&agreement=117&agreementType=to&viewAgreementsOptions=true&view=agreement&viewBy=major&viewSendingAgreements=false&viewByKey=76%2F18%2Fto%2F117%2FMajor%2F3fc7b07d-4058-4a0a-1f72-08ddcb96df9e,76/18/to/117/Major/3fc7b07d-4058-4a0a-1f72-08ddcb96df9e
info,no,False,False,non_course_requirement_placeholder,info,UCLA,University of California Los Angeles,Lassen Community College,<blank>,unexpected_row,unexpected raw CSV row,,"[['ENGL C1001 (3.00)'], ['Not Articulated']]",[],[],No CS-filtered impact: receiving course is not configured in course_reqs.py.,https://assist.org/transfer/results?year=76&institution=82&agreement=117&agreementType=to&viewAgreementsOptions=true&view=agreement&viewBy=major&viewSendingAgreements=false&viewByKey=76%2F82%2Fto%2F117%2FMajor%2F3fc7b07d-4058-4a0a-1f72-08ddcb96df9e,76/82/to/117/Major/3fc7b07d-4058-4a0a-1f72-08ddcb96df9e
info,no,False,False,non_course_requirement_placeholder,info,UCLA,University of California Los Angeles,Los Angeles Pierce College,<blank>,unexpected_row,unexpected raw CSV row,,"[['ENGLISH 102 (3.00)'], ['ENGL C1001 (3.00)'], ['PHILOS 005 (3.00)'], ['CS 216 (3.00)']]",[],[],No CS-filtered impact: receiving course is not configured in course_reqs.py.,https://assist.org/transfer/results?year=76&institution=86&agreement=117&agreementType=to&viewAgreementsOptions=true&view=agreement&viewBy=major&viewSendingAgreements=false&viewByKey=76%2F86%2Fto%2F117%2FMajor%2F3fc7b07d-4058-4a0a-1f72-08ddcb96df9e,76/86/to/117/Major/3fc7b07d-4058-4a0a-1f72-08ddcb96df9e
info,no,False,False,non_course_requirement_placeholder,info,UCLA,University of California Los Angeles,Los Angeles Southwest College,<blank>,unexpected_row,unexpected raw CSV row,,"[['ENGLISH 102 (3.00)'], ['ENGL C1001 (3.00)'], ['Not Articulated']]",[],[],No CS-filtered impact: receiving course is not configured in course_reqs.py.,https://assist.org/transfer/results?year=76&institution=130&agreement=117&agreementType=to&viewAgreementsOptions=true&view=agreement&viewBy=major&viewSendingAgreements=false&viewByKey=76%2F130%2Fto%2F117%2FMajor%2F3fc7b07d-4058-4a0a-1f72-08ddcb96df9e,76/130/to/117/Major/3fc7b07d-4058-4a0a-1f72-08ddcb96df9e
info,no,False,False,non_course_requirement_placeholder,info,UCLA,University of California Los Angeles,Los Angeles Valley College,<blank>,unexpected_row,unexpected raw CSV row,,"[['COMM 105 (3.00)'], ['ENGLISH 102 (3.00)'], ['ENGL C1001 (3.00)'], ['CS 216 (3.00)']]",[],[],No CS-filtered impact: receiving course is not configured in course_reqs.py.,https://assist.org/transfer/results?year=76&institution=44&agreement=117&agreementType=to&viewAgreementsOptions=true&view=agreement&viewBy=major&viewSendingAgreements=false&viewByKey=76%2F44%2Fto%2F117%2FMajor%2F3fc7b07d-4058-4a0a-1f72-08ddcb96df9e,76/44/to/117/Major/3fc7b07d-4058-4a0a-1f72-08ddcb96df9e
info,no,False,False,non_course_requirement_placeholder,info,UCLA,University of California Los Angeles,Los Medanos College,<blank>,unexpected_row,unexpected raw CSV row,,"[['ENGL C1001 (3.00)'], ['ENGL 230 (3.00)'], ['Not Articulated']]",[],[],No CS-filtered impact: receiving course is not configured in course_reqs.py.,https://assist.org/transfer/results?year=76&institution=61&agreement=117&agreementType=to&viewAgreementsOptions=true&view=agreement&viewBy=major&viewSendingAgreements=false&viewByKey=76%2F61%2Fto%2F117%2FMajor%2F3fc7b07d-4058-4a0a-1f72-08ddcb96df9e,76/61/to/117/Major/3fc7b07d-4058-4a0a-1f72-08ddcb96df9e
info,no,False,False,non_course_requirement_placeholder,info,UCLA,University of California Los Angeles,Madera Community College,<blank>,unexpected_row,unexpected raw CSV row,,"[['ENGL 1B (3.00)'], ['ENGL 1BH (3.00)'], ['ENGL 2 (3.00)'], ['ENGL 2H (3.00)'], ['ENGL C1001 (3.00)'], ['ENGL C1001H (3.00)'], ['PHIL 2 (3.00)'], ['ENGR 40 (4.00)']]",[],[],No CS-filtered impact: receiving course is not configured in course_reqs.py.,https://assist.org/transfer/results?year=76&institution=200&agreement=117&agreementType=to&viewAgreementsOptions=true&view=agreement&viewBy=major&viewSendingAgreements=false&viewByKey=76%2F200%2Fto%2F117%2FMajor%2F3fc7b07d-4058-4a0a-1f72-08ddcb96df9e,76/200/to/117/Major/3fc7b07d-4058-4a0a-1f72-08ddcb96df9e
info,no,False,False,non_course_requirement_placeholder,info,UCLA,University of California Los Angeles,Mendocino College,<blank>,unexpected_row,unexpected raw CSV row,,"[['ENGL 201 (4.00)'], ['ENGL C1001 (3.00)'], ['Not Articulated']]",[],[],No CS-filtered impact: receiving course is not configured in course_reqs.py.,https://assist.org/transfer/results?year=76&institution=100&agreement=117&agreementType=to&viewAgreementsOptions=true&view=agreement&viewBy=major&viewSendingAgreements=false&viewByKey=76%2F100%2Fto%2F117%2FMajor%2F3fc7b07d-4058-4a0a-1f72-08ddcb96df9e,76/100/to/117/Major/3fc7b07d-4058-4a0a-1f72-08ddcb96df9e
info,no,False,False,non_course_requirement_placeholder,info,UCLA,University of California Los Angeles,Merced College,<blank>,unexpected_row,unexpected raw CSV row,,"[['ENGL -01B (3.00)'], ['ENGL C1001 (3.00)'], ['ENGL C1001H (3.00)'], ['Not Articulated']]",[],[],No CS-filtered impact: receiving course is not configured in course_reqs.py.,https://assist.org/transfer/results?year=76&institution=17&agreement=117&agreementType=to&viewAgreementsOptions=true&view=agreement&viewBy=major&viewSendingAgreements=false&viewByKey=76%2F17%2Fto%2F117%2FMajor%2F3fc7b07d-4058-4a0a-1f72-08ddcb96df9e,76/17/to/117/Major/3fc7b07d-4058-4a0a-1f72-08ddcb96df9e
info,no,False,False,non_course_requirement_placeholder,info,UCLA,University of California Los Angeles,Modesto Junior College,<blank>,unexpected_row,unexpected raw CSV row,,"[['ENGL 102 (3.00)'], ['ENGL C1001 (3.00)'], ['PHILO 105 (3.00)'], ['PHILO 107 (3.00)'], ['COMM 104 (3.00)'], ['Not Articulated']]",[],[],No CS-filtered impact: receiving course is not configured in course_reqs.py.,https://assist.org/transfer/results?year=76&institution=52&agreement=117&agreementType=to&viewAgreementsOptions=true&view=agreement&viewBy=major&viewSendingAgreements=false&viewByKey=76%2F52%2Fto%2F117%2FMajor%2F3fc7b07d-4058-4a0a-1f72-08ddcb96df9e,76/52/to/117/Major/3fc7b07d-4058-4a0a-1f72-08ddcb96df9e
info,no,False,False,non_course_requirement_placeholder,info,UCLA,University of California Los Angeles,Monterey Peninsula College,<blank>,unexpected_row,unexpected raw CSV row,,"[['ENGL 1B (3.00)'], ['ENGL C1001 (3.00)'], ['CSCI 10C (4.00)']]",[],[],No CS-filtered impact: receiving course is not configured in course_reqs.py.,https://assist.org/transfer/results?year=76&institution=133&agreement=117&agreementType=to&viewAgreementsOptions=true&view=agreement&viewBy=major&viewSendingAgreements=false&viewByKey=76%2F133%2Fto%2F117%2FMajor%2F3fc7b07d-4058-4a0a-1f72-08ddcb96df9e,76/133/to/117/Major/3fc7b07d-4058-4a0a-1f72-08ddcb96df9e
info,no,False,False,non_course_requirement_placeholder,info,UCLA,University of California Los Angeles,Moreno Valley College,<blank>,unexpected_row,unexpected raw CSV row,,"[['ENGL 1B (4.00)'], ['ENGL 1BH (4.00)'], ['CIS 5 (4.00)']]",[],[],No CS-filtered impact: receiving course is not configured in course_reqs.py.,https://assist.org/transfer/results?year=76&institution=149&agreement=117&agreementType=to&viewAgreementsOptions=true&view=agreement&viewBy=major&viewSendingAgreements=false&viewByKey=76%2F149%2Fto%2F117%2FMajor%2F3fc7b07d-4058-4a0a-1f72-08ddcb96df9e,76/149/to/117/Major/3fc7b07d-4058-4a0a-1f72-08ddcb96df9e
info,no,False,False,non_course_requirement_placeholder,info,UCLA,University of California Los Angeles,Mount San Antonio College,<blank>,unexpected_row,unexpected raw CSV row,,"[['ENGL 1B (3.00)'], ['ENGL 1BH (3.00)'], ['ENGL C1001 (4.00)'], ['ENGL C1001H (4.00)'], ['PHIL 9 (3.00)'], ['PHIL 9H (3.00)'], ['CISP 31 (3.00)', 'CISP 31L (0.50)'], ['CISP 34 (3.00)'], ['CSCI 140 (4.00)']]",[],[],No CS-filtered impact: receiving course is not configured in course_reqs.py.,https://assist.org/transfer/results?year=76&institution=62&agreement=117&agreementType=to&viewAgreementsOptions=true&view=agreement&viewBy=major&viewSendingAgreements=false&viewByKey=76%2F62%2Fto%2F117%2FMajor%2F3fc7b07d-4058-4a0a-1f72-08ddcb96df9e,76/62/to/117/Major/3fc7b07d-4058-4a0a-1f72-08ddcb96df9e
info,no,False,False,non_course_requirement_placeholder,info,UCLA,University of California Los Angeles,Napa Valley College,<blank>,unexpected_row,unexpected raw CSV row,,"[['ENGL 121 (3.00)'], ['ENGL 123 (4.00)'], ['ENGL C1001 (3.00)'], ['Not Articulated']]",[],[],No CS-filtered impact: receiving course is not configured in course_reqs.py.,https://assist.org/transfer/results?year=76&institution=73&agreement=117&agreementType=to&viewAgreementsOptions=true&view=agreement&viewBy=major&viewSendingAgreements=false&viewByKey=76%2F73%2Fto%2F117%2FMajor%2F3fc7b07d-4058-4a0a-1f72-08ddcb96df9e,76/73/to/117/Major/3fc7b07d-4058-4a0a-1f72-08ddcb96df9e
info,no,False,False,non_course_requirement_placeholder,info,UCLA,University of California Los Angeles,Ohlone College,<blank>,unexpected_row,unexpected raw CSV row,,"[['ENGL 101B (4.00)'], ['ENGL C1001 (3.00)'], ['CS 116 (4.00)']]",[],[],No CS-filtered impact: receiving course is not configured in course_reqs.py.,https://assist.org/transfer/results?year=76&institution=48&agreement=117&agreementType=to&viewAgreementsOptions=true&view=agreement&viewBy=major&viewSendingAgreements=false&viewByKey=76%2F48%2Fto%2F117%2FMajor%2F3fc7b07d-4058-4a0a-1f72-08ddcb96df9e,76/48/to/117/Major/3fc7b07d-4058-4a0a-1f72-08ddcb96df9e
info,no,False,False,non_course_requirement_placeholder,info,UCLA,University of California Los Angeles,Orange Coast College,<blank>,unexpected_row,unexpected raw CSV row,,"[['ENGL A101 (4.00)'], ['ENGL A101H (4.00)'], ['ENGL C1001 (4.00)'], ['ENGL C1001H (4.00)'], ['PHIL A150 (3.00)'], ['CS A250 (4.00)']]",[],[],No CS-filtered impact: receiving course is not configured in course_reqs.py.,https://assist.org/transfer/results?year=76&institution=74&agreement=117&agreementType=to&viewAgreementsOptions=true&view=agreement&viewBy=major&viewSendingAgreements=false&viewByKey=76%2F74%2Fto%2F117%2FMajor%2F3fc7b07d-4058-4a0a-1f72-08ddcb96df9e,76/74/to/117/Major/3fc7b07d-4058-4a0a-1f72-08ddcb96df9e
info,no,False,False,non_course_requirement_placeholder,info,UCLA,University of California Los Angeles,Palo Verde College,<blank>,unexpected_row,unexpected raw CSV row,,"[['ENG 102 (3.00)'], ['ENGL C1001 (3.00)'], ['Not Articulated']]",[],[],No CS-filtered impact: receiving course is not configured in course_reqs.py.,https://assist.org/transfer/results?year=76&institution=63&agreement=117&agreementType=to&viewAgreementsOptions=true&view=agreement&viewBy=major&viewSendingAgreements=false&viewByKey=76%2F63%2Fto%2F117%2FMajor%2F3fc7b07d-4058-4a0a-1f72-08ddcb96df9e,76/63/to/117/Major/3fc7b07d-4058-4a0a-1f72-08ddcb96df9e
info,no,False,False,non_course_requirement_placeholder,info,UCLA,University of California Los Angeles,Reedley College,<blank>,unexpected_row,unexpected raw CSV row,,"[['ENGL 1B (3.00)'], ['ENGL 1BH (3.00)'], ['ENGL 2 (3.00)'], ['ENGL 2H (3.00)'], ['ENGL C1001 (3.00)'], ['ENGL C1001H (3.00)'], ['PHIL 2 (3.00)'], ['Not Articulated']]",[],[],No CS-filtered impact: receiving course is not configured in course_reqs.py.,https://assist.org/transfer/results?year=76&institution=36&agreement=117&agreementType=to&viewAgreementsOptions=true&view=agreement&viewBy=major&viewSendingAgreements=false&viewByKey=76%2F36%2Fto%2F117%2FMajor%2F3fc7b07d-4058-4a0a-1f72-08ddcb96df9e,76/36/to/117/Major/3fc7b07d-4058-4a0a-1f72-08ddcb96df9e
info,no,False,False,non_course_requirement_placeholder,info,UCLA,University of California Los Angeles,Rio Hondo College,<blank>,unexpected_row,unexpected raw CSV row,,"[['ENGL C1001 (3.50)'], ['ENGL C1001H (3.50)'], ['LIT 102 (3.00)'], ['LIT 102H (3.00)'], ['CIT 126 (4.00)']]",[],[],No CS-filtered impact: receiving course is not configured in course_reqs.py.,https://assist.org/transfer/results?year=76&institution=64&agreement=117&agreementType=to&viewAgreementsOptions=true&view=agreement&viewBy=major&viewSendingAgreements=false&viewByKey=76%2F64%2Fto%2F117%2FMajor%2F3fc7b07d-4058-4a0a-1f72-08ddcb96df9e,76/64/to/117/Major/3fc7b07d-4058-4a0a-1f72-08ddcb96df9e
info,no,False,False,non_course_requirement_placeholder,info,UCLA,University of California Los Angeles,Riverside City College,<blank>,unexpected_row,unexpected raw CSV row,,"[['ENGL 1B (4.00)'], ['ENGL 1BH (4.00)'], ['CSC 17A (3.00)', 'CIS 17B (3.00)'], ['CSC 17A (3.00)', 'CIS 17C (3.00)'], ['CIS 5 (4.00)']]",[],[],No CS-filtered impact: receiving course is not configured in course_reqs.py.,https://assist.org/transfer/results?year=76&institution=78&agreement=117&agreementType=to&viewAgreementsOptions=true&view=agreement&viewBy=major&viewSendingAgreements=false&viewByKey=76%2F78%2Fto%2F117%2FMajor%2F3fc7b07d-4058-4a0a-1f72-08ddcb96df9e,76/78/to/117/Major/3fc7b07d-4058-4a0a-1f72-08ddcb96df9e
info,no,False,False,non_course_requirement_placeholder,info,UCLA,University of California Los Angeles,Sacramento City College,<blank>,unexpected_row,unexpected raw CSV row,,"[['ENGWR 301 (3.00)'], ['ENGL C1001 (3.00)'], ['ENGWR 303 (4.00)'], ['COMM 316 (3.00)'], ['SOC 305 (3.00)'], ['CISP 360 (4.00)'], ['CISP 400 (4.00)']]",[],[],No CS-filtered impact: receiving course is not configured in course_reqs.py.,https://assist.org/transfer/results?year=76&institution=126&agreement=117&agreementType=to&viewAgreementsOptions=true&view=agreement&viewBy=major&viewSendingAgreements=false&viewByKey=76%2F126%2Fto%2F117%2FMajor%2F3fc7b07d-4058-4a0a-1f72-08ddcb96df9e,76/126/to/117/Major/3fc7b07d-4058-4a0a-1f72-08ddcb96df9e
info,no,False,False,non_course_requirement_placeholder,info,UCLA,University of California Los Angeles,San Bernardino Valley College,<blank>,unexpected_row,unexpected raw CSV row,,"[['ENGL C1001 (4.00)'], ['ENGL C1001H (4.00)'], ['ENGL 151 (3.00)'], ['CS 190 (4.00)']]",[],[],No CS-filtered impact: receiving course is not configured in course_reqs.py.,https://assist.org/transfer/results?year=76&institution=131&agreement=117&agreementType=to&viewAgreementsOptions=true&view=agreement&viewBy=major&viewSendingAgreements=false&viewByKey=76%2F131%2Fto%2F117%2FMajor%2F3fc7b07d-4058-4a0a-1f72-08ddcb96df9e,76/131/to/117/Major/3fc7b07d-4058-4a0a-1f72-08ddcb96df9e
info,no,False,False,non_course_requirement_placeholder,info,UCLA,University of California Los Angeles,San Diego Mesa College,<blank>,unexpected_row,unexpected raw CSV row,,"[['ENGL 105 (3.00)'], ['ENGL C1001 (3.00)'], ['PHIL 205 (3.00)'], ['CISC 192 (4.00)']]",[],[],No CS-filtered impact: receiving course is not configured in course_reqs.py.,https://assist.org/transfer/results?year=76&institution=101&agreement=117&agreementType=to&viewAgreementsOptions=true&view=agreement&viewBy=major&viewSendingAgreements=false&viewByKey=76%2F101%2Fto%2F117%2FMajor%2F3fc7b07d-4058-4a0a-1f72-08ddcb96df9e,76/101/to/117/Major/3fc7b07d-4058-4a0a-1f72-08ddcb96df9e
info,no,False,False,non_course_requirement_placeholder,info,UCLA,University of California Los Angeles,San Diego Miramar College,<blank>,unexpected_row,unexpected raw CSV row,,"[['ENGL 105 (3.00)'], ['ENGL C1001 (3.00)'], ['PHIL 205 (3.00)'], ['CISC 192 (4.00)']]",[],[],No CS-filtered impact: receiving course is not configured in course_reqs.py.,https://assist.org/transfer/results?year=76&institution=45&agreement=117&agreementType=to&viewAgreementsOptions=true&view=agreement&viewBy=major&viewSendingAgreements=false&viewByKey=76%2F45%2Fto%2F117%2FMajor%2F3fc7b07d-4058-4a0a-1f72-08ddcb96df9e,76/45/to/117/Major/3fc7b07d-4058-4a0a-1f72-08ddcb96df9e
info,no,False,False,non_course_requirement_placeholder,info,UCLA,University of California Los Angeles,San Joaquin Delta College,<blank>,unexpected_row,unexpected raw CSV row,,"[['ENGL 1B (3.00)'], ['ENGL C1001 (3.00)'], ['Not Articulated']]",[],[],No CS-filtered impact: receiving course is not configured in course_reqs.py.,https://assist.org/transfer/results?year=76&institution=109&agreement=117&agreementType=to&viewAgreementsOptions=true&view=agreement&viewBy=major&viewSendingAgreements=false&viewByKey=76%2F109%2Fto%2F117%2FMajor%2F3fc7b07d-4058-4a0a-1f72-08ddcb96df9e,76/109/to/117/Major/3fc7b07d-4058-4a0a-1f72-08ddcb96df9e
info,no,False,False,non_course_requirement_placeholder,info,UCLA,University of California Los Angeles,Santa Ana College,<blank>,unexpected_row,unexpected raw CSV row,,"[['ENGL 102 (4.00)'], ['ENGL 102H (4.00)'], ['ENGL C1001 (4.00)'], ['ENGL C1001H (4.00)'], ['CMPR 121 (3.00)']]",[],[],No CS-filtered impact: receiving course is not configured in course_reqs.py.,https://assist.org/transfer/results?year=76&institution=14&agreement=117&agreementType=to&viewAgreementsOptions=true&view=agreement&viewBy=major&viewSendingAgreements=false&viewByKey=76%2F14%2Fto%2F117%2FMajor%2F3fc7b07d-4058-4a0a-1f72-08ddcb96df9e,76/14/to/117/Major/3fc7b07d-4058-4a0a-1f72-08ddcb96df9e
info,no,False,False,non_course_requirement_placeholder,info,UCLA,University of California Los Angeles,Santa Barbara City College,<blank>,unexpected_row,unexpected raw CSV row,,"[['COMM 235 (3.00)'], ['ENG 111 (3.00)'], ['ENG 111H (3.00)'], ['PHIL 111 (3.00)'], ['CS 106 (3.00)'], ['CS 133 (3.00)'], ['CS 137 (3.00)'], ['CS 140 (4.00)']]",[],[],No CS-filtered impact: receiving course is not configured in course_reqs.py.,https://assist.org/transfer/results?year=76&institution=92&agreement=117&agreementType=to&viewAgreementsOptions=true&view=agreement&viewBy=major&viewSendingAgreements=false&viewByKey=76%2F92%2Fto%2F117%2FMajor%2F3fc7b07d-4058-4a0a-1f72-08ddcb96df9e,76/92/to/117/Major/3fc7b07d-4058-4a0a-1f72-08ddcb96df9e
info,no,False,False,non_course_requirement_placeholder,info,UCLA,University of California Los Angeles,Santa Monica College,<blank>,unexpected_row,unexpected raw CSV row,,"[['ENGL C1001 (3.00)'], ['ENGL 31 (3.00)'], ['CS 52 (3.00)']]",[],[],No CS-filtered impact: receiving course is not configured in course_reqs.py.,https://assist.org/transfer/results?year=76&institution=137&agreement=117&agreementType=to&viewAgreementsOptions=true&view=agreement&viewBy=major&viewSendingAgreements=false&viewByKey=76%2F137%2Fto%2F117%2FMajor%2F3fc7b07d-4058-4a0a-1f72-08ddcb96df9e,76/137/to/117/Major/3fc7b07d-4058-4a0a-1f72-08ddcb96df9e
info,no,False,False,non_course_requirement_placeholder,info,UCLA,University of California Los Angeles,Santa Rosa Junior College,<blank>,unexpected_row,unexpected raw CSV row,,"[['ENGL 1B (3.00)'], ['ENGL C1001 (3.00)'], ['CS 10A (4.00)']]",[],[],No CS-filtered impact: receiving course is not configured in course_reqs.py.,https://assist.org/transfer/results?year=76&institution=57&agreement=117&agreementType=to&viewAgreementsOptions=true&view=agreement&viewBy=major&viewSendingAgreements=false&viewByKey=76%2F57%2Fto%2F117%2FMajor%2F3fc7b07d-4058-4a0a-1f72-08ddcb96df9e,76/57/to/117/Major/3fc7b07d-4058-4a0a-1f72-08ddcb96df9e
info,no,False,False,non_course_requirement_placeholder,info,UCLA,University of California Los Angeles,Sierra College,<blank>,unexpected_row,unexpected raw CSV row,,"[['ENGL 1B (3.00)'], ['ENGL C1001 (3.00)'], ['CSCI 66 (3.00)']]",[],[],No CS-filtered impact: receiving course is not configured in course_reqs.py.,https://assist.org/transfer/results?year=76&institution=93&agreement=117&agreementType=to&viewAgreementsOptions=true&view=agreement&viewBy=major&viewSendingAgreements=false&viewByKey=76%2F93%2Fto%2F117%2FMajor%2F3fc7b07d-4058-4a0a-1f72-08ddcb96df9e,76/93/to/117/Major/3fc7b07d-4058-4a0a-1f72-08ddcb96df9e
info,no,False,False,non_course_requirement_placeholder,info,UCLA,University of California Los Angeles,Skyline College,<blank>,unexpected_row,unexpected raw CSV row,,"[['ENGL 110 (3.00)'], ['ENGL C1001 (3.00)'], ['CIS 250 (3.00)']]",[],[],No CS-filtered impact: receiving course is not configured in course_reqs.py.,https://assist.org/transfer/results?year=76&institution=127&agreement=117&agreementType=to&viewAgreementsOptions=true&view=agreement&viewBy=major&viewSendingAgreements=false&viewByKey=76%2F127%2Fto%2F117%2FMajor%2F3fc7b07d-4058-4a0a-1f72-08ddcb96df9e,76/127/to/117/Major/3fc7b07d-4058-4a0a-1f72-08ddcb96df9e
info,no,False,False,non_course_requirement_placeholder,info,UCLA,University of California Los Angeles,Southwestern College,<blank>,unexpected_row,unexpected raw CSV row,,"[['ENGL C1001 (4.00)'], ['ENGL 220 (3.00)'], ['PHIL 103 (3.00)'], ['CIS 115 (4.00)']]",[],[],No CS-filtered impact: receiving course is not configured in course_reqs.py.,https://assist.org/transfer/results?year=76&institution=138&agreement=117&agreementType=to&viewAgreementsOptions=true&view=agreement&viewBy=major&viewSendingAgreements=false&viewByKey=76%2F138%2Fto%2F117%2FMajor%2F3fc7b07d-4058-4a0a-1f72-08ddcb96df9e,76/138/to/117/Major/3fc7b07d-4058-4a0a-1f72-08ddcb96df9e
info,no,False,False,non_course_requirement_placeholder,info,UCLA,University of California Los Angeles,Taft College,<blank>,unexpected_row,unexpected raw CSV row,,"[['ENGL 1600 (4.00)'], ['Not Articulated']]",[],[],No CS-filtered impact: receiving course is not configured in course_reqs.py.,https://assist.org/transfer/results?year=76&institution=119&agreement=117&agreementType=to&viewAgreementsOptions=true&view=agreement&viewBy=major&viewSendingAgreements=false&viewByKey=76%2F119%2Fto%2F117%2FMajor%2F3fc7b07d-4058-4a0a-1f72-08ddcb96df9e,76/119/to/117/Major/3fc7b07d-4058-4a0a-1f72-08ddcb96df9e
info,no,False,False,non_course_requirement_placeholder,info,UCLA,University of California Los Angeles,West Hills College Coalinga,<blank>,unexpected_row,unexpected raw CSV row,,"[['ENGL C1001 (3.00)'], ['Not Articulated']]",[],[],No CS-filtered impact: receiving course is not configured in course_reqs.py.,https://assist.org/transfer/results?year=76&institution=67&agreement=117&agreementType=to&viewAgreementsOptions=true&view=agreement&viewBy=major&viewSendingAgreements=false&viewByKey=76%2F67%2Fto%2F117%2FMajor%2F3fc7b07d-4058-4a0a-1f72-08ddcb96df9e,76/67/to/117/Major/3fc7b07d-4058-4a0a-1f72-08ddcb96df9e
info,no,False,False,non_course_requirement_placeholder,info,UCLA,University of California Los Angeles,West Hills College Lemoore,<blank>,unexpected_row,unexpected raw CSV row,,"[['ENGL C1000 (4.00)'], ['Not Articulated']]",[],[],No CS-filtered impact: receiving course is not configured in course_reqs.py.,https://assist.org/transfer/results?year=76&institution=146&agreement=117&agreementType=to&viewAgreementsOptions=true&view=agreement&viewBy=major&viewSendingAgreements=false&viewByKey=76%2F146%2Fto%2F117%2FMajor%2F3fc7b07d-4058-4a0a-1f72-08ddcb96df9e,76/146/to/117/Major/3fc7b07d-4058-4a0a-1f72-08ddcb96df9e
info,no,False,False,non_course_requirement_placeholder,info,UCLA,University of California Los Angeles,West Los Angeles College,<blank>,unexpected_row,unexpected raw CSV row,,"[['ENGLISH 102 (3.00)'], ['ENGL C1001 (3.00)'], ['Not Articulated']]",[],[],No CS-filtered impact: receiving course is not configured in course_reqs.py.,https://assist.org/transfer/results?year=76&institution=91&agreement=117&agreementType=to&viewAgreementsOptions=true&view=agreement&viewBy=major&viewSendingAgreements=false&viewByKey=76%2F91%2Fto%2F117%2FMajor%2F3fc7b07d-4058-4a0a-1f72-08ddcb96df9e,76/91/to/117/Major/3fc7b07d-4058-4a0a-1f72-08ddcb96df9e
info,no,False,False,non_course_requirement_placeholder,info,UCLA,University of California Los Angeles,West Valley College,<blank>,unexpected_row,unexpected raw CSV row,,"[['ENGL 001B (3.00)'], ['ENGL C1001 (3.00)'], ['ENGL C1001H (3.00)'], ['PHIL 003 (3.00)'], ['PHIL 017 (3.00)'], ['Not Articulated']]",[],[],No CS-filtered impact: receiving course is not configured in course_reqs.py.,https://assist.org/transfer/results?year=76&institution=80&agreement=117&agreementType=to&viewAgreementsOptions=true&view=agreement&viewBy=major&viewSendingAgreements=false&viewByKey=76%2F80%2Fto%2F117%2FMajor%2F3fc7b07d-4058-4a0a-1f72-08ddcb96df9e,76/80/to/117/Major/3fc7b07d-4058-4a0a-1f72-08ddcb96df9e
info,no,False,False,non_course_requirement_placeholder,info,UCLA,University of California Los Angeles,Woodland Community College,<blank>,unexpected_row,unexpected raw CSV row,,"[['ENGL 1B (4.00)'], ['ENGL C1001 (3.00)'], ['Not Articulated']]",[],[],No CS-filtered impact: receiving course is not configured in course_reqs.py.,https://assist.org/transfer/results?year=76&institution=147&agreement=117&agreementType=to&viewAgreementsOptions=true&view=agreement&viewBy=major&viewSendingAgreements=false&viewByKey=76%2F147%2Fto%2F117%2FMajor%2F3fc7b07d-4058-4a0a-1f72-08ddcb96df9e,76/147/to/117/Major/3fc7b07d-4058-4a0a-1f72-08ddcb96df9e
info,no,False,False,non_course_requirement_placeholder,info,UCLA,University of California Los Angeles,Yuba College,<blank>,unexpected_row,unexpected raw CSV row,,"[['ENGL 1B (4.00)'], ['ENGL C1001 (3.00)'], ['COMSC 9A (4.00)'], ['COMSC 11 (3.00)']]",[],[],No CS-filtered impact: receiving course is not configured in course_reqs.py.,https://assist.org/transfer/results?year=76&institution=90&agreement=117&agreementType=to&viewAgreementsOptions=true&view=agreement&viewBy=major&viewSendingAgreements=false&viewByKey=76%2F90%2Fto%2F117%2FMajor%2F3fc7b07d-4058-4a0a-1f72-08ddcb96df9e,76/90/to/117/Major/3fc7b07d-4058-4a0a-1f72-08ddcb96df9e
info,no,False,False,non_course_requirement_placeholder,info,UCLA,University of California Los Angeles,Allan Hancock College,Requirement,missing_row,missing raw CSV row,"[['ENGL 102 (3.00)'], ['ENGL C1001 (3.00)'], ['PHIL 114 (3.00)'], ['CS 111 (4.00)']]",,[],[],No CS-filtered impact: receiving course is not configured in course_reqs.py.,https://assist.org/transfer/results?year=76&institution=110&agreement=117&agreementType=to&viewAgreementsOptions=true&view=agreement&viewBy=major&viewSendingAgreements=false&viewByKey=76%2F110%2Fto%2F117%2FMajor%2F3fc7b07d-4058-4a0a-1f72-08ddcb96df9e,76/110/to/117/Major/3fc7b07d-4058-4a0a-1f72-08ddcb96df9e
info,no,False,False,non_course_requirement_placeholder,info,UCLA,University of California Los Angeles,American River College,Requirement,missing_row,missing raw CSV row,"[['ENGWR 301 (3.00)'], ['ENGL C1001 (3.00)'], ['ENGWR 481 (3.00)'], ['ENGL C1001H (3.00)'], ['CISP 400 (4.00)']]",,[],[],No CS-filtered impact: receiving course is not configured in course_reqs.py.,https://assist.org/transfer/results?year=76&institution=27&agreement=117&agreementType=to&viewAgreementsOptions=true&view=agreement&viewBy=major&viewSendingAgreements=false&viewByKey=76%2F27%2Fto%2F117%2FMajor%2F3fc7b07d-4058-4a0a-1f72-08ddcb96df9e,76/27/to/117/Major/3fc7b07d-4058-4a0a-1f72-08ddcb96df9e
info,no,False,False,non_course_requirement_placeholder,info,UCLA,University of California Los Angeles,Bakersfield College,Requirement,missing_row,missing raw CSV row,"[['ENGL C1001 (4.00)'], ['PHIL B9 (3.00)'], ['COMP B12 (3.00)'], ['ENGR B19C (4.00)']]",,[],[],No CS-filtered impact: receiving course is not configured in course_reqs.py.,https://assist.org/transfer/results?year=76&institution=84&agreement=117&agreementType=to&viewAgreementsOptions=true&view=agreement&viewBy=major&viewSendingAgreements=false&viewByKey=76%2F84%2Fto%2F117%2FMajor%2F3fc7b07d-4058-4a0a-1f72-08ddcb96df9e,76/84/to/117/Major/3fc7b07d-4058-4a0a-1f72-08ddcb96df9e
info,no,False,False,non_course_requirement_placeholder,info,UCLA,University of California Los Angeles,Barstow Community College,Requirement,missing_row,missing raw CSV row,"[['ENGL 1B (3.00)'], ['ENGL C1001 (4.00)']]",,[],[],No CS-filtered impact: receiving course is not configured in course_reqs.py.,https://assist.org/transfer/results?year=76&institution=20&agreement=117&agreementType=to&viewAgreementsOptions=true&view=agreement&viewBy=major&viewSendingAgreements=false&viewByKey=76%2F20%2Fto%2F117%2FMajor%2F3fc7b07d-4058-4a0a-1f72-08ddcb96df9e,76/20/to/117/Major/3fc7b07d-4058-4a0a-1f72-08ddcb96df9e
info,no,False,False,non_course_requirement_placeholder,info,UCLA,University of California Los Angeles,Butte College,Requirement,sending_options_mismatch,sending options differ,"[['ENGL 4 (3.00)'], ['ENGL C1001 (3.00)'], ['PHIL 8 (3.00)'], ['CMST 14 (3.00)'], ['CSCI 20 (3.00)', 'CSCI 21 (3.00)']]","[['CSCI 20 (3.00)', 'CSCI 21 (3.00)']]",[],[],No CS-filtered impact: receiving course is not configured in course_reqs.py.,https://assist.org/transfer/results?year=76&institution=8&agreement=117&agreementType=to&viewAgreementsOptions=true&view=agreement&viewBy=major&viewSendingAgreements=false&viewByKey=76%2F8%2Fto%2F117%2FMajor%2F3fc7b07d-4058-4a0a-1f72-08ddcb96df9e,76/8/to/117/Major/3fc7b07d-4058-4a0a-1f72-08ddcb96df9e
info,no,False,False,non_course_requirement_placeholder,info,UCLA,University of California Los Angeles,Cabrillo College,Requirement,missing_row,missing raw CSV row,"[['ENGL 1C (3.00)'], ['PHILO 49 (3.00)'], ['ENGL 1B (3.00)'], ['ENGL 1BMC (3.00)'], ['ENGL C1001 (3.00)'], ['CS 11 (4.00)']]",,[],[],No CS-filtered impact: receiving course is not configured in course_reqs.py.,https://assist.org/transfer/results?year=76&institution=41&agreement=117&agreementType=to&viewAgreementsOptions=true&view=agreement&viewBy=major&viewSendingAgreements=false&viewByKey=76%2F41%2Fto%2F117%2FMajor%2F3fc7b07d-4058-4a0a-1f72-08ddcb96df9e,76/41/to/117/Major/3fc7b07d-4058-4a0a-1f72-08ddcb96df9e
info,no,False,False,non_course_requirement_placeholder,info,UCLA,University of California Los Angeles,Canada College,Requirement,missing_row,missing raw CSV row,"[['ENGL 110 (3.00)'], ['ENGL C1001 (3.00)'], ['CIS 250 (3.00)']]",,[],[],No CS-filtered impact: receiving course is not configured in course_reqs.py.,https://assist.org/transfer/results?year=76&institution=68&agreement=117&agreementType=to&viewAgreementsOptions=true&view=agreement&viewBy=major&viewSendingAgreements=false&viewByKey=76%2F68%2Fto%2F117%2FMajor%2F3fc7b07d-4058-4a0a-1f72-08ddcb96df9e,76/68/to/117/Major/3fc7b07d-4058-4a0a-1f72-08ddcb96df9e
info,no,False,False,non_course_requirement_placeholder,info,UCLA,University of California Los Angeles,Cerritos College,Requirement,missing_row,missing raw CSV row,"[['ENGL 102 (3.00)'], ['ENGL C1001 (4.00)'], ['ENGL 110 (4.00)'], ['PHIL 103 (3.00)'], ['PSYC 103 (3.00)'], ['COMM 103 (3.00)'], ['CIS 180 (3.50)'], ['CIS 280X (3.50)']]",,[],[],No CS-filtered impact: receiving course is not configured in course_reqs.py.,https://assist.org/transfer/results?year=76&institution=104&agreement=117&agreementType=to&viewAgreementsOptions=true&view=agreement&viewBy=major&viewSendingAgreements=false&viewByKey=76%2F104%2Fto%2F117%2FMajor%2F3fc7b07d-4058-4a0a-1f72-08ddcb96df9e,76/104/to/117/Major/3fc7b07d-4058-4a0a-1f72-08ddcb96df9e
info,no,False,False,non_course_requirement_placeholder,info,UCLA,University of California Los Angeles,Chabot College,Requirement,missing_row,missing raw CSV row,"[['ENGL 4A (4.00)'], ['ENGL C1001 (4.00)'], ['CSCI 14 (4.00)'], ['CSCI 15 (4.00)'], ['ENGR 25 (3.00)']]",,[],[],No CS-filtered impact: receiving course is not configured in course_reqs.py.,https://assist.org/transfer/results?year=76&institution=96&agreement=117&agreementType=to&viewAgreementsOptions=true&view=agreement&viewBy=major&viewSendingAgreements=false&viewByKey=76%2F96%2Fto%2F117%2FMajor%2F3fc7b07d-4058-4a0a-1f72-08ddcb96df9e,76/96/to/117/Major/3fc7b07d-4058-4a0a-1f72-08ddcb96df9e
info,no,False,False,non_course_requirement_placeholder,info,UCLA,University of California Los Angeles,Chaffey College,Requirement,missing_row,missing raw CSV row,"[['ENGL 1B (3.00)'], ['ENGL 1C (3.00)']]",,[],[],No CS-filtered impact: receiving course is not configured in course_reqs.py.,https://assist.org/transfer/results?year=76&institution=69&agreement=117&agreementType=to&viewAgreementsOptions=true&view=agreement&viewBy=major&viewSendingAgreements=false&viewByKey=76%2F69%2Fto%2F117%2FMajor%2F3fc7b07d-4058-4a0a-1f72-08ddcb96df9e,76/69/to/117/Major/3fc7b07d-4058-4a0a-1f72-08ddcb96df9e
info,no,False,False,non_course_requirement_placeholder,info,UCLA,University of California Los Angeles,Citrus College,Requirement,missing_row,missing raw CSV row,"[['ENGL 102 (3.00)'], ['ENGL 103 (3.00)'], ['ENGL 103H (3.00)'], ['ENGL C1001 (3.00)'], ['ENGL C1001 H (3.00)']]",,[],[],No CS-filtered impact: receiving course is not configured in course_reqs.py.,https://assist.org/transfer/results?year=76&institution=97&agreement=117&agreementType=to&viewAgreementsOptions=true&view=agreement&viewBy=major&viewSendingAgreements=false&viewByKey=76%2F97%2Fto%2F117%2FMajor%2F3fc7b07d-4058-4a0a-1f72-08ddcb96df9e,76/97/to/117/Major/3fc7b07d-4058-4a0a-1f72-08ddcb96df9e
info,no,False,False,non_course_requirement_placeholder,info,UCLA,University of California Los Angeles,City College of San Francisco,Requirement,sending_options_mismatch,sending options differ,"[['ENGL 1B (4.00)'], ['ENGL C1001 (4.00)'], ['CS 110B (4.00)'], ['ENGN 38 (3.00)']]","[['CS 110B (4.00)'], ['ENGN 38 (3.00)']]",[],[],No CS-filtered impact: receiving course is not configured in course_reqs.py.,https://assist.org/transfer/results?year=76&institution=33&agreement=117&agreementType=to&viewAgreementsOptions=true&view=agreement&viewBy=major&viewSendingAgreements=false&viewByKey=76%2F33%2Fto%2F117%2FMajor%2F3fc7b07d-4058-4a0a-1f72-08ddcb96df9e,76/33/to/117/Major/3fc7b07d-4058-4a0a-1f72-08ddcb96df9e
info,no,False,False,non_course_requirement_placeholder,info,UCLA,University of California Los Angeles,Clovis Community College,Requirement,missing_row,missing raw CSV row,"[['ENGL 1B (3.00)'], ['ENGL 1BH (3.00)'], ['ENGL C1001 (3.00)'], ['ENGL C1001H (3.00)'], ['PHIL 2 (3.00)'], ['CSCI 40 (4.00)']]",,[],[],No CS-filtered impact: receiving course is not configured in course_reqs.py.,https://assist.org/transfer/results?year=76&institution=150&agreement=117&agreementType=to&viewAgreementsOptions=true&view=agreement&viewBy=major&viewSendingAgreements=false&viewByKey=76%2F150%2Fto%2F117%2FMajor%2F3fc7b07d-4058-4a0a-1f72-08ddcb96df9e,76/150/to/117/Major/3fc7b07d-4058-4a0a-1f72-08ddcb96df9e
info,no,False,False,non_course_requirement_placeholder,info,UCLA,University of California Los Angeles,Coastline Community College,Requirement,missing_row,missing raw CSV row,[['ENGL C1001 (3.00)']],,[],[],No CS-filtered impact: receiving course is not configured in course_reqs.py.,https://assist.org/transfer/results?year=76&institution=105&agreement=117&agreementType=to&viewAgreementsOptions=true&view=agreement&viewBy=major&viewSendingAgreements=false&viewByKey=76%2F105%2Fto%2F117%2FMajor%2F3fc7b07d-4058-4a0a-1f72-08ddcb96df9e,76/105/to/117/Major/3fc7b07d-4058-4a0a-1f72-08ddcb96df9e
info,no,False,False,non_course_requirement_placeholder,info,UCLA,University of California Los Angeles,College of Alameda,Requirement,missing_row,missing raw CSV row,"[['COMM 5 (3.00)'], ['ENGL 1B (4.00)'], ['ENGL C1001 (3.00)']]",,[],[],No CS-filtered impact: receiving course is not configured in course_reqs.py.,https://assist.org/transfer/results?year=76&institution=111&agreement=117&agreementType=to&viewAgreementsOptions=true&view=agreement&viewBy=major&viewSendingAgreements=false&viewByKey=76%2F111%2Fto%2F117%2FMajor%2F3fc7b07d-4058-4a0a-1f72-08ddcb96df9e,76/111/to/117/Major/3fc7b07d-4058-4a0a-1f72-08ddcb96df9e
info,no,False,False,non_course_requirement_placeholder,info,UCLA,University of California Los Angeles,College of Marin,Requirement,missing_row,missing raw CSV row,"[['ENGL 151 (4.00)'], ['ENGL C1001 (4.00)']]",,[],[],No CS-filtered impact: receiving course is not configured in course_reqs.py.,https://assist.org/transfer/results?year=76&institution=4&agreement=117&agreementType=to&viewAgreementsOptions=true&view=agreement&viewBy=major&viewSendingAgreements=false&viewByKey=76%2F4%2Fto%2F117%2FMajor%2F3fc7b07d-4058-4a0a-1f72-08ddcb96df9e,76/4/to/117/Major/3fc7b07d-4058-4a0a-1f72-08ddcb96df9e
info,no,False,False,non_course_requirement_placeholder,info,UCLA,University of California Los Angeles,College of San Mateo,Requirement,missing_row,missing raw CSV row,"[['ENGL 110 (3.00)'], ['ENGL C1001 (3.00)']]",,[],[],No CS-filtered impact: receiving course is not configured in course_reqs.py.,https://assist.org/transfer/results?year=76&institution=5&agreement=117&agreementType=to&viewAgreementsOptions=true&view=agreement&viewBy=major&viewSendingAgreements=false&viewByKey=76%2F5%2Fto%2F117%2FMajor%2F3fc7b07d-4058-4a0a-1f72-08ddcb96df9e,76/5/to/117/Major/3fc7b07d-4058-4a0a-1f72-08ddcb96df9e
info,no,False,False,non_course_requirement_placeholder,info,UCLA,University of California Los Angeles,College of the Canyons,Requirement,sending_options_mismatch,sending options differ,"[['ENGL C1001 (3.00)'], ['ENGL C1001H (3.00)'], ['CMPSCI 236 (3.00)']]",[['CMPSCI 236 (3.00)']],[],[],No CS-filtered impact: receiving course is not configured in course_reqs.py.,https://assist.org/transfer/results?year=76&institution=140&agreement=117&agreementType=to&viewAgreementsOptions=true&view=agreement&viewBy=major&viewSendingAgreements=false&viewByKey=76%2F140%2Fto%2F117%2FMajor%2F3fc7b07d-4058-4a0a-1f72-08ddcb96df9e,76/140/to/117/Major/3fc7b07d-4058-4a0a-1f72-08ddcb96df9e
info,no,False,False,non_course_requirement_placeholder,info,UCLA,University of California Los Angeles,College of the Desert,Requirement,missing_row,missing raw CSV row,"[['SOC 4 (3.00)'], ['CS 7A (4.00)', 'CS 7B (3.00)']]",,[],[],No CS-filtered impact: receiving course is not configured in course_reqs.py.,https://assist.org/transfer/results?year=76&institution=30&agreement=117&agreementType=to&viewAgreementsOptions=true&view=agreement&viewBy=major&viewSendingAgreements=false&viewByKey=76%2F30%2Fto%2F117%2FMajor%2F3fc7b07d-4058-4a0a-1f72-08ddcb96df9e,76/30/to/117/Major/3fc7b07d-4058-4a0a-1f72-08ddcb96df9e
info,no,False,False,non_course_requirement_placeholder,info,UCLA,University of California Los Angeles,College of the Redwoods,Requirement,missing_row,missing raw CSV row,[['ENGL C1001 (3.00)']],,[],[],No CS-filtered impact: receiving course is not configured in course_reqs.py.,https://assist.org/transfer/results?year=76&institution=83&agreement=117&agreementType=to&viewAgreementsOptions=true&view=agreement&viewBy=major&viewSendingAgreements=false&viewByKey=76%2F83%2Fto%2F117%2FMajor%2F3fc7b07d-4058-4a0a-1f72-08ddcb96df9e,76/83/to/117/Major/3fc7b07d-4058-4a0a-1f72-08ddcb96df9e
info,no,False,False,non_course_requirement_placeholder,info,UCLA,University of California Los Angeles,College of the Sequoias,Requirement,missing_row,missing raw CSV row,"[['ENGL C1001 (3.00)'], ['ENGL 004 (3.00)'], ['PHIL 025 (3.00)'], ['CSCI 001 (4.00)', 'CSCI 002 (4.00)']]",,[],[],No CS-filtered impact: receiving course is not configured in course_reqs.py.,https://assist.org/transfer/results?year=76&institution=6&agreement=117&agreementType=to&viewAgreementsOptions=true&view=agreement&viewBy=major&viewSendingAgreements=false&viewByKey=76%2F6%2Fto%2F117%2FMajor%2F3fc7b07d-4058-4a0a-1f72-08ddcb96df9e,76/6/to/117/Major/3fc7b07d-4058-4a0a-1f72-08ddcb96df9e
info,no,False,False,non_course_requirement_placeholder,info,UCLA,University of California Los Angeles,College of the Siskiyous,Requirement,missing_row,missing raw CSV row,"[['ENGL 1501 (3.00)'], ['ENGL C1001 (3.00)']]",,[],[],No CS-filtered impact: receiving course is not configured in course_reqs.py.,https://assist.org/transfer/results?year=76&institution=102&agreement=117&agreementType=to&viewAgreementsOptions=true&view=agreement&viewBy=major&viewSendingAgreements=false&viewByKey=76%2F102%2Fto%2F117%2FMajor%2F3fc7b07d-4058-4a0a-1f72-08ddcb96df9e,76/102/to/117/Major/3fc7b07d-4058-4a0a-1f72-08ddcb96df9e
info,no,False,False,non_course_requirement_placeholder,info,UCLA,University of California Los Angeles,Columbia College,Requirement,missing_row,missing raw CSV row,"[['ENGL 1B (3.00)'], ['ENGL C1001 (3.00)'], ['COMP 11P (4.00)', 'COMP 12P (4.00)']]",,[],[],No CS-filtered impact: receiving course is not configured in course_reqs.py.,https://assist.org/transfer/results?year=76&institution=10&agreement=117&agreementType=to&viewAgreementsOptions=true&view=agreement&viewBy=major&viewSendingAgreements=false&viewByKey=76%2F10%2Fto%2F117%2FMajor%2F3fc7b07d-4058-4a0a-1f72-08ddcb96df9e,76/10/to/117/Major/3fc7b07d-4058-4a0a-1f72-08ddcb96df9e
info,no,False,False,non_course_requirement_placeholder,info,UCLA,University of California Los Angeles,Compton College,Requirement,missing_row,missing raw CSV row,"[['ENGL 102 (3.00)'], ['ENGL 102H (3.00)'], ['ENGL C1001 (3.00)'], ['ENGL C1001H (3.00)'], ['PHIL 105 (3.00)']]",,[],[],No CS-filtered impact: receiving course is not configured in course_reqs.py.,https://assist.org/transfer/results?year=76&institution=153&agreement=117&agreementType=to&viewAgreementsOptions=true&view=agreement&viewBy=major&viewSendingAgreements=false&viewByKey=76%2F153%2Fto%2F117%2FMajor%2F3fc7b07d-4058-4a0a-1f72-08ddcb96df9e,76/153/to/117/Major/3fc7b07d-4058-4a0a-1f72-08ddcb96df9e
info,no,False,False,non_course_requirement_placeholder,info,UCLA,University of California Los Angeles,Contra Costa College,Requirement,missing_row,missing raw CSV row,"[['ENGL C1001 (3.00)'], ['ENGL 002B (4.00)'], ['PHILO 130 (3.00)'], ['SPCH 121I (3.00)'], ['COMP 165 (4.00)'], ['COMP 200 (4.00)'], ['COMP 200 (4.00)', 'COMP 210 (4.00)']]",,[],[],No CS-filtered impact: receiving course is not configured in course_reqs.py.,https://assist.org/transfer/results?year=76&institution=28&agreement=117&agreementType=to&viewAgreementsOptions=true&view=agreement&viewBy=major&viewSendingAgreements=false&viewByKey=76%2F28%2Fto%2F117%2FMajor%2F3fc7b07d-4058-4a0a-1f72-08ddcb96df9e,76/28/to/117/Major/3fc7b07d-4058-4a0a-1f72-08ddcb96df9e
info,no,False,False,non_course_requirement_placeholder,info,UCLA,University of California Los Angeles,Copper Mountain College,Requirement,missing_row,missing raw CSV row,"[['ENG 001B (3.00)'], ['SOC 004 (3.00)'], ['CS 089 (3.00)', 'CS 089A (3.00)']]",,[],[],No CS-filtered impact: receiving course is not configured in course_reqs.py.,https://assist.org/transfer/results?year=76&institution=112&agreement=117&agreementType=to&viewAgreementsOptions=true&view=agreement&viewBy=major&viewSendingAgreements=false&viewByKey=76%2F112%2Fto%2F117%2FMajor%2F3fc7b07d-4058-4a0a-1f72-08ddcb96df9e,76/112/to/117/Major/3fc7b07d-4058-4a0a-1f72-08ddcb96df9e
info,no,False,False,non_course_requirement_placeholder,info,UCLA,University of California Los Angeles,Cosumnes River College,Requirement,missing_row,missing raw CSV row,"[['ENGWR 301 (3.00)'], ['ENGL C1001 (3.00)'], ['CISP 360 (4.00)']]",,[],[],No CS-filtered impact: receiving course is not configured in course_reqs.py.,https://assist.org/transfer/results?year=76&institution=142&agreement=117&agreementType=to&viewAgreementsOptions=true&view=agreement&viewBy=major&viewSendingAgreements=false&viewByKey=76%2F142%2Fto%2F117%2FMajor%2F3fc7b07d-4058-4a0a-1f72-08ddcb96df9e,76/142/to/117/Major/3fc7b07d-4058-4a0a-1f72-08ddcb96df9e
info,no,False,False,non_course_requirement_placeholder,info,UCLA,University of California Los Angeles,Crafton Hills College,Requirement,sending_options_mismatch,sending options differ,"[['ENGL C1001 (4.00)'], ['ENGL C1001H (4.00)'], ['ENGL 152 (4.00)'], ['ENGL 152H (4.00)'], ['CSCI 110 (4.00)'], ['CSCI 120 (3.00)']]","[['CSCI 110 (4.00)'], ['CSCI 120 (3.00)']]",[],[],No CS-filtered impact: receiving course is not configured in course_reqs.py.,https://assist.org/transfer/results?year=76&institution=70&agreement=117&agreementType=to&viewAgreementsOptions=true&view=agreement&viewBy=major&viewSendingAgreements=false&viewByKey=76%2F70%2Fto%2F117%2FMajor%2F3fc7b07d-4058-4a0a-1f72-08ddcb96df9e,76/70/to/117/Major/3fc7b07d-4058-4a0a-1f72-08ddcb96df9e
info,no,False,False,non_course_requirement_placeholder,info,UCLA,University of California Los Angeles,Cuesta College,Requirement,missing_row,missing raw CSV row,"[['ENGL 201B (4.00)'], ['ENGL C1001 (4.00)']]",,[],[],No CS-filtered impact: receiving course is not configured in course_reqs.py.,https://assist.org/transfer/results?year=76&institution=16&agreement=117&agreementType=to&viewAgreementsOptions=true&view=agreement&viewBy=major&viewSendingAgreements=false&viewByKey=76%2F16%2Fto%2F117%2FMajor%2F3fc7b07d-4058-4a0a-1f72-08ddcb96df9e,76/16/to/117/Major/3fc7b07d-4058-4a0a-1f72-08ddcb96df9e
info,no,False,False,non_course_requirement_placeholder,info,UCLA,University of California Los Angeles,Cypress College,Requirement,sending_options_mismatch,sending options differ,"[['ENGL 102HC (3.00)'], ['ENGL 102 C (3.00)'], ['ENGL C1001 (4.00)'], ['ENGL C1001H (4.00)'], ['ENGL 104 C (4.00)'], ['ENGL 104HC (4.00)'], ['PHIL 172 C (3.00)'], ['CSCI 123 C (3.00)']]",[['CSCI 123 C (3.00)']],[],[],No CS-filtered impact: receiving course is not configured in course_reqs.py.,https://assist.org/transfer/results?year=76&institution=71&agreement=117&agreementType=to&viewAgreementsOptions=true&view=agreement&viewBy=major&viewSendingAgreements=false&viewByKey=76%2F71%2Fto%2F117%2FMajor%2F3fc7b07d-4058-4a0a-1f72-08ddcb96df9e,76/71/to/117/Major/3fc7b07d-4058-4a0a-1f72-08ddcb96df9e
info,no,False,False,non_course_requirement_placeholder,info,UCLA,University of California Los Angeles,De Anza College,Requirement,sending_options_mismatch,sending options differ,"[['COMM 9 (5.00)'], ['EWRT 1B (5.00)'], ['EWRT 1BH (5.00)'], ['EWRT 1C (5.00)'], ['ENGL C1001 (5.00)'], ['PHIL 3 (5.00)'], ['CIS 27 (4.50)'], ['CIS 29 (4.50)'], ['CIS 22A (4.50)'], ['CIS 22B (4.50)'], ['CIS 22BH (4.50)']]","[['CIS 27 (4.50)'], ['CIS 29 (4.50)'], ['CIS 22A (4.50)'], ['CIS 22B (4.50)'], ['CIS 22BH (4.50)']]",[],[],No CS-filtered impact: receiving course is not configured in course_reqs.py.,https://assist.org/transfer/results?year=76&institution=113&agreement=117&agreementType=to&viewAgreementsOptions=true&view=agreement&viewBy=major&viewSendingAgreements=false&viewByKey=76%2F113%2Fto%2F117%2FMajor%2F3fc7b07d-4058-4a0a-1f72-08ddcb96df9e,76/113/to/117/Major/3fc7b07d-4058-4a0a-1f72-08ddcb96df9e
info,no,False,False,non_course_requirement_placeholder,info,UCLA,University of California Los Angeles,Diablo Valley College,Requirement,sending_options_mismatch,sending options differ,"[['ENGL 123 (3.00)'], ['ENGL 123A (4.00)'], ['ENGL C1001 (3.00)'], ['ENGL 126A (4.00)'], ['COMM 121 (3.00)'], ['HIST 122 (3.00)'], ['PHILO 130 (3.00)'], ['PSYC 145 (3.00)'], ['SOCIO 122 (3.00)'], ['COMSC 110 (4.00)'], ['COMSC 165 (4.00)'], ['COMSC 200 (4.00)']]","[['COMSC 110 (4.00)'], ['COMSC 165 (4.00)'], ['COMSC 200 (4.00)']]",[],[],No CS-filtered impact: receiving course is not configured in course_reqs.py.,https://assist.org/transfer/results?year=76&institution=114&agreement=117&agreementType=to&viewAgreementsOptions=true&view=agreement&viewBy=major&viewSendingAgreements=false&viewByKey=76%2F114%2Fto%2F117%2FMajor%2F3fc7b07d-4058-4a0a-1f72-08ddcb96df9e,76/114/to/117/Major/3fc7b07d-4058-4a0a-1f72-08ddcb96df9e
info,no,False,False,non_course_requirement_placeholder,info,UCLA,University of California Los Angeles,East Los Angeles College,Requirement,sending_options_mismatch,sending options differ,"[['ENGLISH 102 (3.00)'], ['ENGL C1001 (3.00)'], ['MATH 173 (4.00)']]",[['MATH 173 (4.00)']],[],[],No CS-filtered impact: receiving course is not configured in course_reqs.py.,https://assist.org/transfer/results?year=76&institution=118&agreement=117&agreementType=to&viewAgreementsOptions=true&view=agreement&viewBy=major&viewSendingAgreements=false&viewByKey=76%2F118%2Fto%2F117%2FMajor%2F3fc7b07d-4058-4a0a-1f72-08ddcb96df9e,76/118/to/117/Major/3fc7b07d-4058-4a0a-1f72-08ddcb96df9e
info,no,False,False,non_course_requirement_placeholder,info,UCLA,University of California Los Angeles,El Camino College,Requirement,missing_row,missing raw CSV row,"[['ENGL 1B (3.00)'], ['ENGL 1BH (3.00)'], ['ENGL C1001 (4.00)'], ['ENGL C1001H (4.00)'], ['PHIL 105 (3.00)'], ['PSYC 103 (3.00)'], ['CSCI 1 (4.00)'], ['CSCI 30 (4.00)'], ['CSCI 2 (5.00)', 'CSCI 3 (4.00)']]",,[],[],No CS-filtered impact: receiving course is not configured in course_reqs.py.,https://assist.org/transfer/results?year=76&institution=103&agreement=117&agreementType=to&viewAgreementsOptions=true&view=agreement&viewBy=major&viewSendingAgreements=false&viewByKey=76%2F103%2Fto%2F117%2FMajor%2F3fc7b07d-4058-4a0a-1f72-08ddcb96df9e,76/103/to/117/Major/3fc7b07d-4058-4a0a-1f72-08ddcb96df9e
info,no,False,False,non_course_requirement_placeholder,info,UCLA,University of California Los Angeles,Evergreen Valley College,Requirement,sending_options_mismatch,sending options differ,"[['ENGL 001B (3.00)'], ['ENGL C1001 (3.00)'], ['ENGR 050 (4.00)']]",[['ENGR 050 (4.00)']],[],[],No CS-filtered impact: receiving course is not configured in course_reqs.py.,https://assist.org/transfer/results?year=76&institution=2&agreement=117&agreementType=to&viewAgreementsOptions=true&view=agreement&viewBy=major&viewSendingAgreements=false&viewByKey=76%2F2%2Fto%2F117%2FMajor%2F3fc7b07d-4058-4a0a-1f72-08ddcb96df9e,76/2/to/117/Major/3fc7b07d-4058-4a0a-1f72-08ddcb96df9e
info,no,False,False,non_course_requirement_placeholder,info,UCLA,University of California Los Angeles,Feather River College,Requirement,missing_row,missing raw CSV row,"[['ENGL 102 (3.00)'], ['ENGL C1001 (3.00)']]",,[],[],No CS-filtered impact: receiving course is not configured in course_reqs.py.,https://assist.org/transfer/results?year=76&institution=122&agreement=117&agreementType=to&viewAgreementsOptions=true&view=agreement&viewBy=major&viewSendingAgreements=false&viewByKey=76%2F122%2Fto%2F117%2FMajor%2F3fc7b07d-4058-4a0a-1f72-08ddcb96df9e,76/122/to/117/Major/3fc7b07d-4058-4a0a-1f72-08ddcb96df9e
info,no,False,False,non_course_requirement_placeholder,info,UCLA,University of California Los Angeles,Foothill College,Requirement,missing_row,missing raw CSV row,"[['ENGL 1B (5.00)'], ['ENGL 1BH (5.00)'], ['C S 2A (4.50)'], ['C S 2B (4.50)']]",,[],[],No CS-filtered impact: receiving course is not configured in course_reqs.py.,https://assist.org/transfer/results?year=76&institution=51&agreement=117&agreementType=to&viewAgreementsOptions=true&view=agreement&viewBy=major&viewSendingAgreements=false&viewByKey=76%2F51%2Fto%2F117%2FMajor%2F3fc7b07d-4058-4a0a-1f72-08ddcb96df9e,76/51/to/117/Major/3fc7b07d-4058-4a0a-1f72-08ddcb96df9e
info,no,False,False,non_course_requirement_placeholder,info,UCLA,University of California Los Angeles,Fresno City College,Requirement,sending_options_mismatch,sending options differ,"[['ENGL 1B (3.00)'], ['ENGL C1001 (3.00)'], ['ENGL C1001H (3.00)'], ['CIT 66 (4.00)'], ['CSCI 40 (4.00)']]","[['CIT 66 (4.00)'], ['CSCI 40 (4.00)']]",[],[],No CS-filtered impact: receiving course is not configured in course_reqs.py.,https://assist.org/transfer/results?year=76&institution=35&agreement=117&agreementType=to&viewAgreementsOptions=true&view=agreement&viewBy=major&viewSendingAgreements=false&viewByKey=76%2F35%2Fto%2F117%2FMajor%2F3fc7b07d-4058-4a0a-1f72-08ddcb96df9e,76/35/to/117/Major/3fc7b07d-4058-4a0a-1f72-08ddcb96df9e
info,no,False,False,non_course_requirement_placeholder,info,UCLA,University of California Los Angeles,Fullerton College,Requirement,sending_options_mismatch,sending options differ,"[['ENGL C1001 (4.00)'], ['ENGL C1001H (4.00)'], ['ENGL 104 F (4.00)'], ['PHIL 172 F (3.00)'], ['CSCI 123 F (4.00)']]",[['CSCI 123 F (4.00)']],[],[],No CS-filtered impact: receiving course is not configured in course_reqs.py.,https://assist.org/transfer/results?year=76&institution=134&agreement=117&agreementType=to&viewAgreementsOptions=true&view=agreement&viewBy=major&viewSendingAgreements=false&viewByKey=76%2F134%2Fto%2F117%2FMajor%2F3fc7b07d-4058-4a0a-1f72-08ddcb96df9e,76/134/to/117/Major/3fc7b07d-4058-4a0a-1f72-08ddcb96df9e
info,no,False,False,non_course_requirement_placeholder,info,UCLA,University of California Los Angeles,Gavilan College,Requirement,sending_options_mismatch,sending options differ,"[['ENGL 1B (3.00)'], ['ENGL c1001 (3.00)'], ['PHIL 4 (3.00)'], ['CSIS 45 (3.00)'], ['CSIS 46 (3.00)']]","[['CSIS 45 (3.00)'], ['CSIS 46 (3.00)']]",[],[],No CS-filtered impact: receiving course is not configured in course_reqs.py.,https://assist.org/transfer/results?year=76&institution=72&agreement=117&agreementType=to&viewAgreementsOptions=true&view=agreement&viewBy=major&viewSendingAgreements=false&viewByKey=76%2F72%2Fto%2F117%2FMajor%2F3fc7b07d-4058-4a0a-1f72-08ddcb96df9e,76/72/to/117/Major/3fc7b07d-4058-4a0a-1f72-08ddcb96df9e
info,no,False,False,non_course_requirement_placeholder,info,UCLA,University of California Los Angeles,Glendale Community College,Requirement,sending_options_mismatch,sending options differ,"[['ENGL 102 (3.00)'], ['ENGL 102H (3.00)'], ['ENGL C1001 (3.00)'], ['CS/IS 135 (3.00)'], ['CS/IS 137 (4.00)']]","[['CS/IS 135 (3.00)'], ['CS/IS 137 (4.00)']]",[],[],No CS-filtered impact: receiving course is not configured in course_reqs.py.,https://assist.org/transfer/results?year=76&institution=43&agreement=117&agreementType=to&viewAgreementsOptions=true&view=agreement&viewBy=major&viewSendingAgreements=false&viewByKey=76%2F43%2Fto%2F117%2FMajor%2F3fc7b07d-4058-4a0a-1f72-08ddcb96df9e,76/43/to/117/Major/3fc7b07d-4058-4a0a-1f72-08ddcb96df9e
info,no,False,False,non_course_requirement_placeholder,info,UCLA,University of California Los Angeles,Golden West College,Requirement,missing_row,missing raw CSV row,"[['ENGL G110 (4.00)'], ['CS G175 (3.00)']]",,[],[],No CS-filtered impact: receiving course is not configured in course_reqs.py.,https://assist.org/transfer/results?year=76&institution=55&agreement=117&agreementType=to&viewAgreementsOptions=true&view=agreement&viewBy=major&viewSendingAgreements=false&viewByKey=76%2F55%2Fto%2F117%2FMajor%2F3fc7b07d-4058-4a0a-1f72-08ddcb96df9e,76/55/to/117/Major/3fc7b07d-4058-4a0a-1f72-08ddcb96df9e
info,no,False,False,non_course_requirement_placeholder,info,UCLA,University of California Los Angeles,Grossmont College,Requirement,sending_options_mismatch,sending options differ,"[['ENGL 122 (3.00)'], ['ENGL C1001 (3.00)'], ['CSIS 296 (4.00)'], ['CSIS 297 (4.00)']]","[['CSIS 296 (4.00)'], ['CSIS 297 (4.00)']]",[],[],No CS-filtered impact: receiving course is not configured in course_reqs.py.,https://assist.org/transfer/results?year=76&institution=106&agreement=117&agreementType=to&viewAgreementsOptions=true&view=agreement&viewBy=major&viewSendingAgreements=false&viewByKey=76%2F106%2Fto%2F117%2FMajor%2F3fc7b07d-4058-4a0a-1f72-08ddcb96df9e,76/106/to/117/Major/3fc7b07d-4058-4a0a-1f72-08ddcb96df9e
info,no,False,False,non_course_requirement_placeholder,info,UCLA,University of California Los Angeles,Hartnell College,Requirement,missing_row,missing raw CSV row,"[['ENG 1B (3.00)'], ['ENGL C1001 (3.00)'], ['CSS 2A (4.00)']]",,[],[],No CS-filtered impact: receiving course is not configured in course_reqs.py.,https://assist.org/transfer/results?year=76&institution=123&agreement=117&agreementType=to&viewAgreementsOptions=true&view=agreement&viewBy=major&viewSendingAgreements=false&viewByKey=76%2F123%2Fto%2F117%2FMajor%2F3fc7b07d-4058-4a0a-1f72-08ddcb96df9e,76/123/to/117/Major/3fc7b07d-4058-4a0a-1f72-08ddcb96df9e
info,no,False,False,non_course_requirement_placeholder,info,UCLA,University of California Los Angeles,Imperial Valley College,Requirement,missing_row,missing raw CSV row,"[['ENGL 102 (3.00)'], ['ENGL C1001 (3.00)']]",,[],[],No CS-filtered impact: receiving course is not configured in course_reqs.py.,https://assist.org/transfer/results?year=76&institution=107&agreement=117&agreementType=to&viewAgreementsOptions=true&view=agreement&viewBy=major&viewSendingAgreements=false&viewByKey=76%2F107%2Fto%2F117%2FMajor%2F3fc7b07d-4058-4a0a-1f72-08ddcb96df9e,76/107/to/117/Major/3fc7b07d-4058-4a0a-1f72-08ddcb96df9e
info,no,False,False,non_course_requirement_placeholder,info,UCLA,University of California Los Angeles,Irvine Valley College,Requirement,missing_row,missing raw CSV row,"[['LIT 1 (3.00)'], ['ENGL C1001 (4.00)'], ['ENGL C1001H (4.00)'], ['CS 37 (3.00)']]",,[],[],No CS-filtered impact: receiving course is not configured in course_reqs.py.,https://assist.org/transfer/results?year=76&institution=124&agreement=117&agreementType=to&viewAgreementsOptions=true&view=agreement&viewBy=major&viewSendingAgreements=false&viewByKey=76%2F124%2Fto%2F117%2FMajor%2F3fc7b07d-4058-4a0a-1f72-08ddcb96df9e,76/124/to/117/Major/3fc7b07d-4058-4a0a-1f72-08ddcb96df9e
info,no,False,False,non_course_requirement_placeholder,info,UCLA,University of California Los Angeles,Lake Tahoe Community College,Requirement,sending_options_mismatch,sending options differ,"[['ENG 102 (4.00)'], ['ENGL C1001 (5.00)'], ['CIS 120A (4.00)']]",[['CIS 120A (4.00)']],[],[],No CS-filtered impact: receiving course is not configured in course_reqs.py.,https://assist.org/transfer/results?year=76&institution=40&agreement=117&agreementType=to&viewAgreementsOptions=true&view=agreement&viewBy=major&viewSendingAgreements=false&viewByKey=76%2F40%2Fto%2F117%2FMajor%2F3fc7b07d-4058-4a0a-1f72-08ddcb96df9e,76/40/to/117/Major/3fc7b07d-4058-4a0a-1f72-08ddcb96df9e
info,no,False,False,non_course_requirement_placeholder,info,UCLA,University of California Los Angeles,Laney College,Requirement,sending_options_mismatch,sending options differ,"[['ENGL 1B (4.00)'], ['ENGL C1001 (3.00)'], ['CIS 25 (4.00)']]",[['CIS 25 (4.00)']],[],[],No CS-filtered impact: receiving course is not configured in course_reqs.py.,https://assist.org/transfer/results?year=76&institution=77&agreement=117&agreementType=to&viewAgreementsOptions=true&view=agreement&viewBy=major&viewSendingAgreements=false&viewByKey=76%2F77%2Fto%2F117%2FMajor%2F3fc7b07d-4058-4a0a-1f72-08ddcb96df9e,76/77/to/117/Major/3fc7b07d-4058-4a0a-1f72-08ddcb96df9e
info,no,False,False,non_course_requirement_placeholder,info,UCLA,University of California Los Angeles,Las Positas College,Requirement,missing_row,missing raw CSV row,"[['ENG 4 (3.00)'], ['ENGL C1001 (3.00)'], ['CS 1 (4.00)'], ['CS 2 (4.00)']]",,[],[],No CS-filtered impact: receiving course is not configured in course_reqs.py.,https://assist.org/transfer/results?year=76&institution=18&agreement=117&agreementType=to&viewAgreementsOptions=true&view=agreement&viewBy=major&viewSendingAgreements=false&viewByKey=76%2F18%2Fto%2F117%2FMajor%2F3fc7b07d-4058-4a0a-1f72-08ddcb96df9e,76/18/to/117/Major/3fc7b07d-4058-4a0a-1f72-08ddcb96df9e
info,no,False,False,non_course_requirement_placeholder,info,UCLA,University of California Los Angeles,Lassen Community College,Requirement,missing_row,missing raw CSV row,[['ENGL C1001 (3.00)']],,[],[],No CS-filtered impact: receiving course is not configured in course_reqs.py.,https://assist.org/transfer/results?year=76&institution=82&agreement=117&agreementType=to&viewAgreementsOptions=true&view=agreement&viewBy=major&viewSendingAgreements=false&viewByKey=76%2F82%2Fto%2F117%2FMajor%2F3fc7b07d-4058-4a0a-1f72-08ddcb96df9e,76/82/to/117/Major/3fc7b07d-4058-4a0a-1f72-08ddcb96df9e
info,no,False,False,non_course_requirement_placeholder,info,UCLA,University of California Los Angeles,Long Beach City College,Requirement,sending_options_mismatch,sending options differ,"[['ENGL 2 (4.00)'], ['ENGL C1001 (4.00)'], ['ENGL C1001H (4.00)'], ['CS 12 (4.00)']]",[['CS 12 (4.00)']],[],[],No CS-filtered impact: receiving course is not configured in course_reqs.py.,https://assist.org/transfer/results?year=76&institution=135&agreement=117&agreementType=to&viewAgreementsOptions=true&view=agreement&viewBy=major&viewSendingAgreements=false&viewByKey=76%2F135%2Fto%2F117%2FMajor%2F3fc7b07d-4058-4a0a-1f72-08ddcb96df9e,76/135/to/117/Major/3fc7b07d-4058-4a0a-1f72-08ddcb96df9e
info,no,False,False,non_course_requirement_placeholder,info,UCLA,University of California Los Angeles,Los Angeles City College,Requirement,sending_options_mismatch,sending options differ,"[['ENGLISH 102 (3.00)'], ['ENGL C1001 (3.00)'], ['PHILOS 005 (3.00)'], ['CS 216 (3.00)'], ['CS 116 (3.00)']]","[['CS 216 (3.00)'], ['CS 116 (3.00)']]",[],[],No CS-filtered impact: receiving course is not configured in course_reqs.py.,https://assist.org/transfer/results?year=76&institution=3&agreement=117&agreementType=to&viewAgreementsOptions=true&view=agreement&viewBy=major&viewSendingAgreements=false&viewByKey=76%2F3%2Fto%2F117%2FMajor%2F3fc7b07d-4058-4a0a-1f72-08ddcb96df9e,76/3/to/117/Major/3fc7b07d-4058-4a0a-1f72-08ddcb96df9e
info,no,False,False,non_course_requirement_placeholder,info,UCLA,University of California Los Angeles,Los Angeles Pierce College,Requirement,missing_row,missing raw CSV row,"[['ENGLISH 102 (3.00)'], ['ENGL C1001 (3.00)'], ['PHILOS 005 (3.00)'], ['CS 216 (3.00)']]",,[],[],No CS-filtered impact: receiving course is not configured in course_reqs.py.,https://assist.org/transfer/results?year=76&institution=86&agreement=117&agreementType=to&viewAgreementsOptions=true&view=agreement&viewBy=major&viewSendingAgreements=false&viewByKey=76%2F86%2Fto%2F117%2FMajor%2F3fc7b07d-4058-4a0a-1f72-08ddcb96df9e,76/86/to/117/Major/3fc7b07d-4058-4a0a-1f72-08ddcb96df9e
info,no,False,False,non_course_requirement_placeholder,info,UCLA,University of California Los Angeles,Los Angeles Southwest College,Requirement,missing_row,missing raw CSV row,"[['ENGLISH 102 (3.00)'], ['ENGL C1001 (3.00)']]",,[],[],No CS-filtered impact: receiving course is not configured in course_reqs.py.,https://assist.org/transfer/results?year=76&institution=130&agreement=117&agreementType=to&viewAgreementsOptions=true&view=agreement&viewBy=major&viewSendingAgreements=false&viewByKey=76%2F130%2Fto%2F117%2FMajor%2F3fc7b07d-4058-4a0a-1f72-08ddcb96df9e,76/130/to/117/Major/3fc7b07d-4058-4a0a-1f72-08ddcb96df9e
info,no,False,False,non_course_requirement_placeholder,info,UCLA,University of California Los Angeles,Los Angeles Trade Technical College,Requirement,sending_options_mismatch,sending options differ,"[['ENGLISH 102 (3.00)'], ['ENGL C1001 (3.00)'], ['CS 116 (3.00)'], ['CS 115 (3.00)'], ['CS 216 (3.00)']]","[['CS 116 (3.00)'], ['CS 115 (3.00)'], ['CS 216 (3.00)']]",[],[],No CS-filtered impact: receiving course is not configured in course_reqs.py.,https://assist.org/transfer/results?year=76&institution=25&agreement=117&agreementType=to&viewAgreementsOptions=true&view=agreement&viewBy=major&viewSendingAgreements=false&viewByKey=76%2F25%2Fto%2F117%2FMajor%2F3fc7b07d-4058-4a0a-1f72-08ddcb96df9e,76/25/to/117/Major/3fc7b07d-4058-4a0a-1f72-08ddcb96df9e
info,no,False,False,non_course_requirement_placeholder,info,UCLA,University of California Los Angeles,Los Angeles Valley College,Requirement,missing_row,missing raw CSV row,"[['COMM 105 (3.00)'], ['ENGLISH 102 (3.00)'], ['ENGL C1001 (3.00)'], ['CS 216 (3.00)']]",,[],[],No CS-filtered impact: receiving course is not configured in course_reqs.py.,https://assist.org/transfer/results?year=76&institution=44&agreement=117&agreementType=to&viewAgreementsOptions=true&view=agreement&viewBy=major&viewSendingAgreements=false&viewByKey=76%2F44%2Fto%2F117%2FMajor%2F3fc7b07d-4058-4a0a-1f72-08ddcb96df9e,76/44/to/117/Major/3fc7b07d-4058-4a0a-1f72-08ddcb96df9e
info,no,False,False,non_course_requirement_placeholder,info,UCLA,University of California Los Angeles,Los Medanos College,Requirement,missing_row,missing raw CSV row,"[['ENGL C1001 (3.00)'], ['ENGL 230 (3.00)']]",,[],[],No CS-filtered impact: receiving course is not configured in course_reqs.py.,https://assist.org/transfer/results?year=76&institution=61&agreement=117&agreementType=to&viewAgreementsOptions=true&view=agreement&viewBy=major&viewSendingAgreements=false&viewByKey=76%2F61%2Fto%2F117%2FMajor%2F3fc7b07d-4058-4a0a-1f72-08ddcb96df9e,76/61/to/117/Major/3fc7b07d-4058-4a0a-1f72-08ddcb96df9e
info,no,False,False,non_course_requirement_placeholder,info,UCLA,University of California Los Angeles,Madera Community College,Requirement,missing_row,missing raw CSV row,"[['ENGL 1B (3.00)'], ['ENGL 1BH (3.00)'], ['ENGL 2 (3.00)'], ['ENGL 2H (3.00)'], ['ENGL C1001 (3.00)'], ['ENGL C1001H (3.00)'], ['PHIL 2 (3.00)'], ['ENGR 40 (4.00)']]",,[],[],No CS-filtered impact: receiving course is not configured in course_reqs.py.,https://assist.org/transfer/results?year=76&institution=200&agreement=117&agreementType=to&viewAgreementsOptions=true&view=agreement&viewBy=major&viewSendingAgreements=false&viewByKey=76%2F200%2Fto%2F117%2FMajor%2F3fc7b07d-4058-4a0a-1f72-08ddcb96df9e,76/200/to/117/Major/3fc7b07d-4058-4a0a-1f72-08ddcb96df9e
info,no,False,False,non_course_requirement_placeholder,info,UCLA,University of California Los Angeles,Mendocino College,Requirement,missing_row,missing raw CSV row,"[['ENGL 201 (4.00)'], ['ENGL C1001 (3.00)']]",,[],[],No CS-filtered impact: receiving course is not configured in course_reqs.py.,https://assist.org/transfer/results?year=76&institution=100&agreement=117&agreementType=to&viewAgreementsOptions=true&view=agreement&viewBy=major&viewSendingAgreements=false&viewByKey=76%2F100%2Fto%2F117%2FMajor%2F3fc7b07d-4058-4a0a-1f72-08ddcb96df9e,76/100/to/117/Major/3fc7b07d-4058-4a0a-1f72-08ddcb96df9e
info,no,False,False,non_course_requirement_placeholder,info,UCLA,University of California Los Angeles,Merced College,Requirement,missing_row,missing raw CSV row,"[['ENGL -01B (3.00)'], ['ENGL C1001 (3.00)'], ['ENGL C1001H (3.00)']]",,[],[],No CS-filtered impact: receiving course is not configured in course_reqs.py.,https://assist.org/transfer/results?year=76&institution=17&agreement=117&agreementType=to&viewAgreementsOptions=true&view=agreement&viewBy=major&viewSendingAgreements=false&viewByKey=76%2F17%2Fto%2F117%2FMajor%2F3fc7b07d-4058-4a0a-1f72-08ddcb96df9e,76/17/to/117/Major/3fc7b07d-4058-4a0a-1f72-08ddcb96df9e
info,no,False,False,non_course_requirement_placeholder,info,UCLA,University of California Los Angeles,Mission College,Requirement,sending_options_mismatch,sending options differ,"[['ENG 001B (3.00)'], ['ENGL C1001 (3.00)'], ['PHI 003 (3.00)'], ['EGR 030 (4.00)']]",[['EGR 030 (4.00)']],[],[],No CS-filtered impact: receiving course is not configured in course_reqs.py.,https://assist.org/transfer/results?year=76&institution=32&agreement=117&agreementType=to&viewAgreementsOptions=true&view=agreement&viewBy=major&viewSendingAgreements=false&viewByKey=76%2F32%2Fto%2F117%2FMajor%2F3fc7b07d-4058-4a0a-1f72-08ddcb96df9e,76/32/to/117/Major/3fc7b07d-4058-4a0a-1f72-08ddcb96df9e
info,no,False,False,non_course_requirement_placeholder,info,UCLA,University of California Los Angeles,Modesto Junior College,Requirement,missing_row,missing raw CSV row,"[['ENGL 102 (3.00)'], ['ENGL C1001 (3.00)'], ['PHILO 105 (3.00)'], ['PHILO 107 (3.00)'], ['COMM 104 (3.00)']]",,[],[],No CS-filtered impact: receiving course is not configured in course_reqs.py.,https://assist.org/transfer/results?year=76&institution=52&agreement=117&agreementType=to&viewAgreementsOptions=true&view=agreement&viewBy=major&viewSendingAgreements=false&viewByKey=76%2F52%2Fto%2F117%2FMajor%2F3fc7b07d-4058-4a0a-1f72-08ddcb96df9e,76/52/to/117/Major/3fc7b07d-4058-4a0a-1f72-08ddcb96df9e
info,no,False,False,non_course_requirement_placeholder,info,UCLA,University of California Los Angeles,Monterey Peninsula College,Requirement,missing_row,missing raw CSV row,"[['ENGL 1B (3.00)'], ['ENGL C1001 (3.00)'], ['CSCI 10C (4.00)']]",,[],[],No CS-filtered impact: receiving course is not configured in course_reqs.py.,https://assist.org/transfer/results?year=76&institution=133&agreement=117&agreementType=to&viewAgreementsOptions=true&view=agreement&viewBy=major&viewSendingAgreements=false&viewByKey=76%2F133%2Fto%2F117%2FMajor%2F3fc7b07d-4058-4a0a-1f72-08ddcb96df9e,76/133/to/117/Major/3fc7b07d-4058-4a0a-1f72-08ddcb96df9e
info,no,False,False,non_course_requirement_placeholder,info,UCLA,University of California Los Angeles,Moorpark College,Requirement,sending_options_mismatch,sending options differ,"[['ENGL M01B (4.00)'], ['ENGL M01BH (4.00)'], ['ENGL C1001 (3.00)'], ['ENGL C1001H (3.00)'], ['COMM M25 (3.00)'], ['PHIL M05 (3.00)'], ['CS M125 (3.00)']]",[['CS M125 (3.00)']],[],[],No CS-filtered impact: receiving course is not configured in course_reqs.py.,https://assist.org/transfer/results?year=76&institution=139&agreement=117&agreementType=to&viewAgreementsOptions=true&view=agreement&viewBy=major&viewSendingAgreements=false&viewByKey=76%2F139%2Fto%2F117%2FMajor%2F3fc7b07d-4058-4a0a-1f72-08ddcb96df9e,76/139/to/117/Major/3fc7b07d-4058-4a0a-1f72-08ddcb96df9e
info,no,False,False,non_course_requirement_placeholder,info,UCLA,University of California Los Angeles,Moreno Valley College,Requirement,missing_row,missing raw CSV row,"[['ENGL 1B (4.00)'], ['ENGL 1BH (4.00)'], ['CIS 5 (4.00)']]",,[],[],No CS-filtered impact: receiving course is not configured in course_reqs.py.,https://assist.org/transfer/results?year=76&institution=149&agreement=117&agreementType=to&viewAgreementsOptions=true&view=agreement&viewBy=major&viewSendingAgreements=false&viewByKey=76%2F149%2Fto%2F117%2FMajor%2F3fc7b07d-4058-4a0a-1f72-08ddcb96df9e,76/149/to/117/Major/3fc7b07d-4058-4a0a-1f72-08ddcb96df9e
info,no,False,False,non_course_requirement_placeholder,info,UCLA,University of California Los Angeles,Mount San Antonio College,Requirement,missing_row,missing raw CSV row,"[['ENGL 1B (3.00)'], ['ENGL 1BH (3.00)'], ['ENGL C1001 (4.00)'], ['ENGL C1001H (4.00)'], ['PHIL 9 (3.00)'], ['PHIL 9H (3.00)'], ['CISP 31 (3.00)', 'CISP 31L (0.50)'], ['CISP 34 (3.00)'], ['CSCI 140 (4.00)']]",,[],[],No CS-filtered impact: receiving course is not configured in course_reqs.py.,https://assist.org/transfer/results?year=76&institution=62&agreement=117&agreementType=to&viewAgreementsOptions=true&view=agreement&viewBy=major&viewSendingAgreements=false&viewByKey=76%2F62%2Fto%2F117%2FMajor%2F3fc7b07d-4058-4a0a-1f72-08ddcb96df9e,76/62/to/117/Major/3fc7b07d-4058-4a0a-1f72-08ddcb96df9e
info,no,False,False,non_course_requirement_placeholder,info,UCLA,University of California Los Angeles,Mt. San Jacinto College,Requirement,sending_options_mismatch,sending options differ,"[['ENGL C1001 (3.00)'], ['ENGL C1001H (3.00)'], ['LIT- 106 (3.00)'], ['LIT- 106H (3.00)'], ['PHIL- 112 (3.00)'], ['CSIS- 113A (3.00)'], ['CSIS- 123A (3.00)']]","[['CSIS- 113A (3.00)'], ['CSIS- 123A (3.00)']]",[],[],No CS-filtered impact: receiving course is not configured in course_reqs.py.,https://assist.org/transfer/results?year=76&institution=53&agreement=117&agreementType=to&viewAgreementsOptions=true&view=agreement&viewBy=major&viewSendingAgreements=false&viewByKey=76%2F53%2Fto%2F117%2FMajor%2F3fc7b07d-4058-4a0a-1f72-08ddcb96df9e,76/53/to/117/Major/3fc7b07d-4058-4a0a-1f72-08ddcb96df9e
info,no,False,False,non_course_requirement_placeholder,info,UCLA,University of California Los Angeles,Napa Valley College,Requirement,missing_row,missing raw CSV row,"[['ENGL 121 (3.00)'], ['ENGL 123 (4.00)'], ['ENGL C1001 (3.00)']]",,[],[],No CS-filtered impact: receiving course is not configured in course_reqs.py.,https://assist.org/transfer/results?year=76&institution=73&agreement=117&agreementType=to&viewAgreementsOptions=true&view=agreement&viewBy=major&viewSendingAgreements=false&viewByKey=76%2F73%2Fto%2F117%2FMajor%2F3fc7b07d-4058-4a0a-1f72-08ddcb96df9e,76/73/to/117/Major/3fc7b07d-4058-4a0a-1f72-08ddcb96df9e
info,no,False,False,non_course_requirement_placeholder,info,UCLA,University of California Los Angeles,Norco College,Requirement,sending_options_mismatch,sending options differ,"[['ENGL 1B (4.00)'], ['ENGL 1BH (4.00)'], ['CIS 5 (4.00)'], ['CIS 17A (3.00)'], ['CIS 17C (3.00)']]","[['CIS 5 (4.00)'], ['CIS 17A (3.00)'], ['CIS 17C (3.00)']]",[],[],No CS-filtered impact: receiving course is not configured in course_reqs.py.,https://assist.org/transfer/results?year=76&institution=148&agreement=117&agreementType=to&viewAgreementsOptions=true&view=agreement&viewBy=major&viewSendingAgreements=false&viewByKey=76%2F148%2Fto%2F117%2FMajor%2F3fc7b07d-4058-4a0a-1f72-08ddcb96df9e,76/148/to/117/Major/3fc7b07d-4058-4a0a-1f72-08ddcb96df9e
info,no,False,False,non_course_requirement_placeholder,info,UCLA,University of California Los Angeles,Ohlone College,Requirement,missing_row,missing raw CSV row,"[['ENGL 101B (4.00)'], ['ENGL C1001 (3.00)'], ['CS 116 (4.00)']]",,[],[],No CS-filtered impact: receiving course is not configured in course_reqs.py.,https://assist.org/transfer/results?year=76&institution=48&agreement=117&agreementType=to&viewAgreementsOptions=true&view=agreement&viewBy=major&viewSendingAgreements=false&viewByKey=76%2F48%2Fto%2F117%2FMajor%2F3fc7b07d-4058-4a0a-1f72-08ddcb96df9e,76/48/to/117/Major/3fc7b07d-4058-4a0a-1f72-08ddcb96df9e
info,no,False,False,non_course_requirement_placeholder,info,UCLA,University of California Los Angeles,Orange Coast College,Requirement,missing_row,missing raw CSV row,"[['ENGL A101 (4.00)'], ['ENGL A101H (4.00)'], ['ENGL C1001 (4.00)'], ['ENGL C1001H (4.00)'], ['PHIL A150 (3.00)'], ['CS A250 (4.00)']]",,[],[],No CS-filtered impact: receiving course is not configured in course_reqs.py.,https://assist.org/transfer/results?year=76&institution=74&agreement=117&agreementType=to&viewAgreementsOptions=true&view=agreement&viewBy=major&viewSendingAgreements=false&viewByKey=76%2F74%2Fto%2F117%2FMajor%2F3fc7b07d-4058-4a0a-1f72-08ddcb96df9e,76/74/to/117/Major/3fc7b07d-4058-4a0a-1f72-08ddcb96df9e
info,no,False,False,non_course_requirement_placeholder,info,UCLA,University of California Los Angeles,Palo Verde College,Requirement,missing_row,missing raw CSV row,"[['ENG 102 (3.00)'], ['ENGL C1001 (3.00)']]",,[],[],No CS-filtered impact: receiving course is not configured in course_reqs.py.,https://assist.org/transfer/results?year=76&institution=63&agreement=117&agreementType=to&viewAgreementsOptions=true&view=agreement&viewBy=major&viewSendingAgreements=false&viewByKey=76%2F63%2Fto%2F117%2FMajor%2F3fc7b07d-4058-4a0a-1f72-08ddcb96df9e,76/63/to/117/Major/3fc7b07d-4058-4a0a-1f72-08ddcb96df9e
info,no,False,False,non_course_requirement_placeholder,info,UCLA,University of California Los Angeles,Palomar College,Requirement,sending_options_mismatch,sending options differ,"[['ENGL C1001 (4.00)'], ['ENG 203 (4.00)'], ['PHIL 200 (3.00)'], ['CSCI 222 (4.00)']]",[['CSCI 222 (4.00)']],[],[],No CS-filtered impact: receiving course is not configured in course_reqs.py.,https://assist.org/transfer/results?year=76&institution=56&agreement=117&agreementType=to&viewAgreementsOptions=true&view=agreement&viewBy=major&viewSendingAgreements=false&viewByKey=76%2F56%2Fto%2F117%2FMajor%2F3fc7b07d-4058-4a0a-1f72-08ddcb96df9e,76/56/to/117/Major/3fc7b07d-4058-4a0a-1f72-08ddcb96df9e
info,no,False,False,non_course_requirement_placeholder,info,UCLA,University of California Los Angeles,Pasadena City College,Requirement,sending_options_mismatch,sending options differ,"[['ENGL 001B (4.00)'], ['ENGL 001BH (4.00)'], ['ENGL C1001 (4.00)'], ['ENGL C1001H (4.00)'], ['PHIL 025 (3.00)'], ['PHIL 025H (3.00)'], ['PHSC 002 (3.00)'], ['CS 002 (4.00)'], ['CS 003A (3.00)']]","[['CS 002 (4.00)'], ['CS 003A (3.00)']]",[],[],No CS-filtered impact: receiving course is not configured in course_reqs.py.,https://assist.org/transfer/results?year=76&institution=49&agreement=117&agreementType=to&viewAgreementsOptions=true&view=agreement&viewBy=major&viewSendingAgreements=false&viewByKey=76%2F49%2Fto%2F117%2FMajor%2F3fc7b07d-4058-4a0a-1f72-08ddcb96df9e,76/49/to/117/Major/3fc7b07d-4058-4a0a-1f72-08ddcb96df9e
info,no,False,False,non_course_requirement_placeholder,info,UCLA,University of California Los Angeles,Reedley College,Requirement,missing_row,missing raw CSV row,"[['ENGL 1B (3.00)'], ['ENGL 1BH (3.00)'], ['ENGL 2 (3.00)'], ['ENGL 2H (3.00)'], ['ENGL C1001 (3.00)'], ['ENGL C1001H (3.00)'], ['PHIL 2 (3.00)'], ['Not Articulated']]",,[],[],No CS-filtered impact: receiving course is not configured in course_reqs.py.,https://assist.org/transfer/results?year=76&institution=36&agreement=117&agreementType=to&viewAgreementsOptions=true&view=agreement&viewBy=major&viewSendingAgreements=false&viewByKey=76%2F36%2Fto%2F117%2FMajor%2F3fc7b07d-4058-4a0a-1f72-08ddcb96df9e,76/36/to/117/Major/3fc7b07d-4058-4a0a-1f72-08ddcb96df9e
info,no,False,False,non_course_requirement_placeholder,info,UCLA,University of California Los Angeles,Rio Hondo College,Requirement,missing_row,missing raw CSV row,"[['ENGL C1001 (3.50)'], ['ENGL C1001H (3.50)'], ['LIT 102 (3.00)'], ['LIT 102H (3.00)'], ['CIT 126 (4.00)']]",,[],[],No CS-filtered impact: receiving course is not configured in course_reqs.py.,https://assist.org/transfer/results?year=76&institution=64&agreement=117&agreementType=to&viewAgreementsOptions=true&view=agreement&viewBy=major&viewSendingAgreements=false&viewByKey=76%2F64%2Fto%2F117%2FMajor%2F3fc7b07d-4058-4a0a-1f72-08ddcb96df9e,76/64/to/117/Major/3fc7b07d-4058-4a0a-1f72-08ddcb96df9e
info,no,False,False,non_course_requirement_placeholder,info,UCLA,University of California Los Angeles,Riverside City College,Requirement,missing_row,missing raw CSV row,"[['ENGL 1B (4.00)'], ['ENGL 1BH (4.00)'], ['CIS 5 (4.00)'], ['CSC 17A (3.00)', 'CIS 17B (3.00)'], ['CSC 17A (3.00)', 'CIS 17C (3.00)']]",,[],[],No CS-filtered impact: receiving course is not configured in course_reqs.py.,https://assist.org/transfer/results?year=76&institution=78&agreement=117&agreementType=to&viewAgreementsOptions=true&view=agreement&viewBy=major&viewSendingAgreements=false&viewByKey=76%2F78%2Fto%2F117%2FMajor%2F3fc7b07d-4058-4a0a-1f72-08ddcb96df9e,76/78/to/117/Major/3fc7b07d-4058-4a0a-1f72-08ddcb96df9e
info,no,False,False,non_course_requirement_placeholder,info,UCLA,University of California Los Angeles,Sacramento City College,Requirement,missing_row,missing raw CSV row,"[['ENGWR 301 (3.00)'], ['ENGL C1001 (3.00)'], ['ENGWR 303 (4.00)'], ['COMM 316 (3.00)'], ['SOC 305 (3.00)'], ['CISP 360 (4.00)'], ['CISP 400 (4.00)']]",,[],[],No CS-filtered impact: receiving course is not configured in course_reqs.py.,https://assist.org/transfer/results?year=76&institution=126&agreement=117&agreementType=to&viewAgreementsOptions=true&view=agreement&viewBy=major&viewSendingAgreements=false&viewByKey=76%2F126%2Fto%2F117%2FMajor%2F3fc7b07d-4058-4a0a-1f72-08ddcb96df9e,76/126/to/117/Major/3fc7b07d-4058-4a0a-1f72-08ddcb96df9e
info,no,False,False,non_course_requirement_placeholder,info,UCLA,University of California Los Angeles,Saddleback College,Requirement,sending_options_mismatch,sending options differ,"[['ENGL C1001 (3.00)'], ['ENGL C1001H (3.00)'], ['ENG 25 (3.00)'], ['CS 1B (3.50)']]",[['CS 1B (3.50)']],[],[],No CS-filtered impact: receiving course is not configured in course_reqs.py.,https://assist.org/transfer/results?year=76&institution=65&agreement=117&agreementType=to&viewAgreementsOptions=true&view=agreement&viewBy=major&viewSendingAgreements=false&viewByKey=76%2F65%2Fto%2F117%2FMajor%2F3fc7b07d-4058-4a0a-1f72-08ddcb96df9e,76/65/to/117/Major/3fc7b07d-4058-4a0a-1f72-08ddcb96df9e
info,no,False,False,non_course_requirement_placeholder,info,UCLA,University of California Los Angeles,San Bernardino Valley College,Requirement,missing_row,missing raw CSV row,"[['ENGL C1001 (4.00)'], ['ENGL C1001H (4.00)'], ['ENGL 151 (3.00)'], ['CS 190 (4.00)']]",,[],[],No CS-filtered impact: receiving course is not configured in course_reqs.py.,https://assist.org/transfer/results?year=76&institution=131&agreement=117&agreementType=to&viewAgreementsOptions=true&view=agreement&viewBy=major&viewSendingAgreements=false&viewByKey=76%2F131%2Fto%2F117%2FMajor%2F3fc7b07d-4058-4a0a-1f72-08ddcb96df9e,76/131/to/117/Major/3fc7b07d-4058-4a0a-1f72-08ddcb96df9e
info,no,False,False,non_course_requirement_placeholder,info,UCLA,University of California Los Angeles,San Diego City College,Requirement,sending_options_mismatch,sending options differ,"[['ENGL 105 (3.00)'], ['ENGL C1001 (3.00)'], ['CISC 192 (4.00)'], ['CISC 205 (4.00)']]","[['CISC 192 (4.00)'], ['CISC 205 (4.00)']]",[],[],No CS-filtered impact: receiving course is not configured in course_reqs.py.,https://assist.org/transfer/results?year=76&institution=54&agreement=117&agreementType=to&viewAgreementsOptions=true&view=agreement&viewBy=major&viewSendingAgreements=false&viewByKey=76%2F54%2Fto%2F117%2FMajor%2F3fc7b07d-4058-4a0a-1f72-08ddcb96df9e,76/54/to/117/Major/3fc7b07d-4058-4a0a-1f72-08ddcb96df9e
info,no,False,False,non_course_requirement_placeholder,info,UCLA,University of California Los Angeles,San Diego Mesa College,Requirement,missing_row,missing raw CSV row,"[['ENGL 105 (3.00)'], ['ENGL C1001 (3.00)'], ['PHIL 205 (3.00)'], ['CISC 192 (4.00)']]",,[],[],No CS-filtered impact: receiving course is not configured in course_reqs.py.,https://assist.org/transfer/results?year=76&institution=101&agreement=117&agreementType=to&viewAgreementsOptions=true&view=agreement&viewBy=major&viewSendingAgreements=false&viewByKey=76%2F101%2Fto%2F117%2FMajor%2F3fc7b07d-4058-4a0a-1f72-08ddcb96df9e,76/101/to/117/Major/3fc7b07d-4058-4a0a-1f72-08ddcb96df9e
info,no,False,False,non_course_requirement_placeholder,info,UCLA,University of California Los Angeles,San Diego Miramar College,Requirement,missing_row,missing raw CSV row,"[['ENGL 105 (3.00)'], ['ENGL C1001 (3.00)'], ['PHIL 205 (3.00)'], ['CISC 192 (4.00)']]",,[],[],No CS-filtered impact: receiving course is not configured in course_reqs.py.,https://assist.org/transfer/results?year=76&institution=45&agreement=117&agreementType=to&viewAgreementsOptions=true&view=agreement&viewBy=major&viewSendingAgreements=false&viewByKey=76%2F45%2Fto%2F117%2FMajor%2F3fc7b07d-4058-4a0a-1f72-08ddcb96df9e,76/45/to/117/Major/3fc7b07d-4058-4a0a-1f72-08ddcb96df9e
info,no,False,False,non_course_requirement_placeholder,info,UCLA,University of California Los Angeles,San Joaquin Delta College,Requirement,missing_row,missing raw CSV row,"[['ENGL 1B (3.00)'], ['ENGL C1001 (3.00)']]",,[],[],No CS-filtered impact: receiving course is not configured in course_reqs.py.,https://assist.org/transfer/results?year=76&institution=109&agreement=117&agreementType=to&viewAgreementsOptions=true&view=agreement&viewBy=major&viewSendingAgreements=false&viewByKey=76%2F109%2Fto%2F117%2FMajor%2F3fc7b07d-4058-4a0a-1f72-08ddcb96df9e,76/109/to/117/Major/3fc7b07d-4058-4a0a-1f72-08ddcb96df9e
info,no,False,False,non_course_requirement_placeholder,info,UCLA,University of California Los Angeles,San Jose City College,Requirement,sending_options_mismatch,sending options differ,"[['ENGL 001B (3.00)'], ['ENGL C1001 (3.00)'], ['CIS 054 (3.00)'], ['CIS 059 (3.00)']]","[['CIS 054 (3.00)'], ['CIS 059 (3.00)']]",[],[],No CS-filtered impact: receiving course is not configured in course_reqs.py.,https://assist.org/transfer/results?year=76&institution=136&agreement=117&agreementType=to&viewAgreementsOptions=true&view=agreement&viewBy=major&viewSendingAgreements=false&viewByKey=76%2F136%2Fto%2F117%2FMajor%2F3fc7b07d-4058-4a0a-1f72-08ddcb96df9e,76/136/to/117/Major/3fc7b07d-4058-4a0a-1f72-08ddcb96df9e
info,no,False,False,non_course_requirement_placeholder,info,UCLA,University of California Los Angeles,Santa Ana College,Requirement,missing_row,missing raw CSV row,"[['ENGL 102 (4.00)'], ['ENGL 102H (4.00)'], ['ENGL C1001 (4.00)'], ['ENGL C1001H (4.00)'], ['CMPR 121 (3.00)']]",,[],[],No CS-filtered impact: receiving course is not configured in course_reqs.py.,https://assist.org/transfer/results?year=76&institution=14&agreement=117&agreementType=to&viewAgreementsOptions=true&view=agreement&viewBy=major&viewSendingAgreements=false&viewByKey=76%2F14%2Fto%2F117%2FMajor%2F3fc7b07d-4058-4a0a-1f72-08ddcb96df9e,76/14/to/117/Major/3fc7b07d-4058-4a0a-1f72-08ddcb96df9e
info,no,False,False,non_course_requirement_placeholder,info,UCLA,University of California Los Angeles,Santa Barbara City College,Requirement,missing_row,missing raw CSV row,"[['COMM 235 (3.00)'], ['ENG 111 (3.00)'], ['ENG 111H (3.00)'], ['PHIL 111 (3.00)'], ['CS 106 (3.00)'], ['CS 133 (3.00)'], ['CS 137 (3.00)'], ['CS 140 (4.00)']]",,[],[],No CS-filtered impact: receiving course is not configured in course_reqs.py.,https://assist.org/transfer/results?year=76&institution=92&agreement=117&agreementType=to&viewAgreementsOptions=true&view=agreement&viewBy=major&viewSendingAgreements=false&viewByKey=76%2F92%2Fto%2F117%2FMajor%2F3fc7b07d-4058-4a0a-1f72-08ddcb96df9e,76/92/to/117/Major/3fc7b07d-4058-4a0a-1f72-08ddcb96df9e
info,no,False,False,non_course_requirement_placeholder,info,UCLA,University of California Los Angeles,Santa Monica College,Requirement,missing_row,missing raw CSV row,"[['ENGL C1001 (3.00)'], ['ENGL 31 (3.00)'], ['CS 52 (3.00)']]",,[],[],No CS-filtered impact: receiving course is not configured in course_reqs.py.,https://assist.org/transfer/results?year=76&institution=137&agreement=117&agreementType=to&viewAgreementsOptions=true&view=agreement&viewBy=major&viewSendingAgreements=false&viewByKey=76%2F137%2Fto%2F117%2FMajor%2F3fc7b07d-4058-4a0a-1f72-08ddcb96df9e,76/137/to/117/Major/3fc7b07d-4058-4a0a-1f72-08ddcb96df9e
info,no,False,False,non_course_requirement_placeholder,info,UCLA,University of California Los Angeles,Santa Rosa Junior College,Requirement,missing_row,missing raw CSV row,"[['ENGL 1B (3.00)'], ['ENGL C1001 (3.00)'], ['CS 10A (4.00)']]",,[],[],No CS-filtered impact: receiving course is not configured in course_reqs.py.,https://assist.org/transfer/results?year=76&institution=57&agreement=117&agreementType=to&viewAgreementsOptions=true&view=agreement&viewBy=major&viewSendingAgreements=false&viewByKey=76%2F57%2Fto%2F117%2FMajor%2F3fc7b07d-4058-4a0a-1f72-08ddcb96df9e,76/57/to/117/Major/3fc7b07d-4058-4a0a-1f72-08ddcb96df9e
info,no,False,False,non_course_requirement_placeholder,info,UCLA,University of California Los Angeles,Santiago Canyon College,Requirement,sending_options_mismatch,sending options differ,"[['ENGL 102 (4.00)'], ['ENGL 102H (4.00)'], ['ENGL C1001 (4.00)'], ['ENGL C1001H (4.00)'], ['PHIL 110 (4.00)'], ['PHIL 110H (4.00)'], ['READ 151 (3.00)'], ['CMPR 121 (3.00)']]",[['CMPR 121 (3.00)']],[],[],No CS-filtered impact: receiving course is not configured in course_reqs.py.,https://assist.org/transfer/results?year=76&institution=66&agreement=117&agreementType=to&viewAgreementsOptions=true&view=agreement&viewBy=major&viewSendingAgreements=false&viewByKey=76%2F66%2Fto%2F117%2FMajor%2F3fc7b07d-4058-4a0a-1f72-08ddcb96df9e,76/66/to/117/Major/3fc7b07d-4058-4a0a-1f72-08ddcb96df9e
info,no,False,False,non_course_requirement_placeholder,info,UCLA,University of California Los Angeles,Shasta College,Requirement,sending_options_mismatch,sending options differ,"[['ENGL 1B (3.00)'], ['ENGL C1001 (3.00)'], ['CIS 61 (3.00)']]",[['CIS 61 (3.00)']],[],[],No CS-filtered impact: receiving course is not configured in course_reqs.py.,https://assist.org/transfer/results?year=76&institution=38&agreement=117&agreementType=to&viewAgreementsOptions=true&view=agreement&viewBy=major&viewSendingAgreements=false&viewByKey=76%2F38%2Fto%2F117%2FMajor%2F3fc7b07d-4058-4a0a-1f72-08ddcb96df9e,76/38/to/117/Major/3fc7b07d-4058-4a0a-1f72-08ddcb96df9e
info,no,False,False,non_course_requirement_placeholder,info,UCLA,University of California Los Angeles,Sierra College,Requirement,missing_row,missing raw CSV row,"[['ENGL 1B (3.00)'], ['ENGL C1001 (3.00)'], ['CSCI 66 (3.00)']]",,[],[],No CS-filtered impact: receiving course is not configured in course_reqs.py.,https://assist.org/transfer/results?year=76&institution=93&agreement=117&agreementType=to&viewAgreementsOptions=true&view=agreement&viewBy=major&viewSendingAgreements=false&viewByKey=76%2F93%2Fto%2F117%2FMajor%2F3fc7b07d-4058-4a0a-1f72-08ddcb96df9e,76/93/to/117/Major/3fc7b07d-4058-4a0a-1f72-08ddcb96df9e
info,no,False,False,non_course_requirement_placeholder,info,UCLA,University of California Los Angeles,Skyline College,Requirement,missing_row,missing raw CSV row,"[['ENGL 110 (3.00)'], ['ENGL C1001 (3.00)'], ['CIS 250 (3.00)']]",,[],[],No CS-filtered impact: receiving course is not configured in course_reqs.py.,https://assist.org/transfer/results?year=76&institution=127&agreement=117&agreementType=to&viewAgreementsOptions=true&view=agreement&viewBy=major&viewSendingAgreements=false&viewByKey=76%2F127%2Fto%2F117%2FMajor%2F3fc7b07d-4058-4a0a-1f72-08ddcb96df9e,76/127/to/117/Major/3fc7b07d-4058-4a0a-1f72-08ddcb96df9e
info,no,False,False,non_course_requirement_placeholder,info,UCLA,University of California Los Angeles,Southwestern College,Requirement,missing_row,missing raw CSV row,"[['ENGL C1001 (4.00)'], ['ENGL 220 (3.00)'], ['PHIL 103 (3.00)'], ['CIS 115 (4.00)']]",,[],[],No CS-filtered impact: receiving course is not configured in course_reqs.py.,https://assist.org/transfer/results?year=76&institution=138&agreement=117&agreementType=to&viewAgreementsOptions=true&view=agreement&viewBy=major&viewSendingAgreements=false&viewByKey=76%2F138%2Fto%2F117%2FMajor%2F3fc7b07d-4058-4a0a-1f72-08ddcb96df9e,76/138/to/117/Major/3fc7b07d-4058-4a0a-1f72-08ddcb96df9e
info,no,False,False,non_course_requirement_placeholder,info,UCLA,University of California Los Angeles,Taft College,Requirement,missing_row,missing raw CSV row,[['ENGL 1600 (4.00)']],,[],[],No CS-filtered impact: receiving course is not configured in course_reqs.py.,https://assist.org/transfer/results?year=76&institution=119&agreement=117&agreementType=to&viewAgreementsOptions=true&view=agreement&viewBy=major&viewSendingAgreements=false&viewByKey=76%2F119%2Fto%2F117%2FMajor%2F3fc7b07d-4058-4a0a-1f72-08ddcb96df9e,76/119/to/117/Major/3fc7b07d-4058-4a0a-1f72-08ddcb96df9e
info,no,False,False,non_course_requirement_placeholder,info,UCLA,University of California Los Angeles,Ventura College,Requirement,sending_options_mismatch,sending options differ,"[['PHIL V05 (3.00)'], ['ENGL V01B (4.00)'], ['ENGL C1001 (3.00)'], ['CS V13 (3.00)'], ['CS V30 (3.00)']]","[['CS V13 (3.00)'], ['CS V30 (3.00)']]",[],[],No CS-filtered impact: receiving course is not configured in course_reqs.py.,https://assist.org/transfer/results?year=76&institution=95&agreement=117&agreementType=to&viewAgreementsOptions=true&view=agreement&viewBy=major&viewSendingAgreements=false&viewByKey=76%2F95%2Fto%2F117%2FMajor%2F3fc7b07d-4058-4a0a-1f72-08ddcb96df9e,76/95/to/117/Major/3fc7b07d-4058-4a0a-1f72-08ddcb96df9e
info,no,False,False,non_course_requirement_placeholder,info,UCLA,University of California Los Angeles,Victor Valley College,Requirement,sending_options_mismatch,sending options differ,"[['ENGL 102 (3.00)'], ['ENGL C1001 (4.00)'], ['ENGL 104H (3.00)'], ['PHIL 207 (3.00)'], ['CIS 201 (4.00)'], ['CIS 202 (4.00)']]","[['CIS 201 (4.00)'], ['CIS 202 (4.00)']]",[],[],No CS-filtered impact: receiving course is not configured in course_reqs.py.,https://assist.org/transfer/results?year=76&institution=19&agreement=117&agreementType=to&viewAgreementsOptions=true&view=agreement&viewBy=major&viewSendingAgreements=false&viewByKey=76%2F19%2Fto%2F117%2FMajor%2F3fc7b07d-4058-4a0a-1f72-08ddcb96df9e,76/19/to/117/Major/3fc7b07d-4058-4a0a-1f72-08ddcb96df9e
info,no,False,False,non_course_requirement_placeholder,info,UCLA,University of California Los Angeles,West Hills College Coalinga,Requirement,missing_row,missing raw CSV row,[['ENGL C1001 (3.00)']],,[],[],No CS-filtered impact: receiving course is not configured in course_reqs.py.,https://assist.org/transfer/results?year=76&institution=67&agreement=117&agreementType=to&viewAgreementsOptions=true&view=agreement&viewBy=major&viewSendingAgreements=false&viewByKey=76%2F67%2Fto%2F117%2FMajor%2F3fc7b07d-4058-4a0a-1f72-08ddcb96df9e,76/67/to/117/Major/3fc7b07d-4058-4a0a-1f72-08ddcb96df9e
info,no,False,False,non_course_requirement_placeholder,info,UCLA,University of California Los Angeles,West Hills College Lemoore,Requirement,missing_row,missing raw CSV row,"[['ENGL C1001 (3.00)'], ['Not Articulated']]",,[],[],No CS-filtered impact: receiving course is not configured in course_reqs.py.,https://assist.org/transfer/results?year=76&institution=146&agreement=117&agreementType=to&viewAgreementsOptions=true&view=agreement&viewBy=major&viewSendingAgreements=false&viewByKey=76%2F146%2Fto%2F117%2FMajor%2F3fc7b07d-4058-4a0a-1f72-08ddcb96df9e,76/146/to/117/Major/3fc7b07d-4058-4a0a-1f72-08ddcb96df9e
info,no,False,False,non_course_requirement_placeholder,info,UCLA,University of California Los Angeles,West Los Angeles College,Requirement,missing_row,missing raw CSV row,"[['ENGLISH 102 (3.00)'], ['ENGL C1001 (3.00)']]",,[],[],No CS-filtered impact: receiving course is not configured in course_reqs.py.,https://assist.org/transfer/results?year=76&institution=91&agreement=117&agreementType=to&viewAgreementsOptions=true&view=agreement&viewBy=major&viewSendingAgreements=false&viewByKey=76%2F91%2Fto%2F117%2FMajor%2F3fc7b07d-4058-4a0a-1f72-08ddcb96df9e,76/91/to/117/Major/3fc7b07d-4058-4a0a-1f72-08ddcb96df9e
info,no,False,False,non_course_requirement_placeholder,info,UCLA,University of California Los Angeles,West Valley College,Requirement,missing_row,missing raw CSV row,"[['ENGL 001B (3.00)'], ['ENGL C1001 (3.00)'], ['ENGL C1001H (3.00)'], ['PHIL 003 (3.00)'], ['PHIL 017 (3.00)']]",,[],[],No CS-filtered impact: receiving course is not configured in course_reqs.py.,https://assist.org/transfer/results?year=76&institution=80&agreement=117&agreementType=to&viewAgreementsOptions=true&view=agreement&viewBy=major&viewSendingAgreements=false&viewByKey=76%2F80%2Fto%2F117%2FMajor%2F3fc7b07d-4058-4a0a-1f72-08ddcb96df9e,76/80/to/117/Major/3fc7b07d-4058-4a0a-1f72-08ddcb96df9e
info,no,False,False,non_course_requirement_placeholder,info,UCLA,University of California Los Angeles,Woodland Community College,Requirement,missing_row,missing raw CSV row,"[['ENGL 1B (4.00)'], ['ENGL C1001 (3.00)']]",,[],[],No CS-filtered impact: receiving course is not configured in course_reqs.py.,https://assist.org/transfer/results?year=76&institution=147&agreement=117&agreementType=to&viewAgreementsOptions=true&view=agreement&viewBy=major&viewSendingAgreements=false&viewByKey=76%2F147%2Fto%2F117%2FMajor%2F3fc7b07d-4058-4a0a-1f72-08ddcb96df9e,76/147/to/117/Major/3fc7b07d-4058-4a0a-1f72-08ddcb96df9e
info,no,False,False,non_course_requirement_placeholder,info,UCLA,University of California Los Angeles,Yuba College,Requirement,missing_row,missing raw CSV row,"[['ENGL 1B (4.00)'], ['ENGL C1001 (3.00)'], ['COMSC 9A (4.00)'], ['COMSC 11 (3.00)']]",,[],[],No CS-filtered impact: receiving course is not configured in course_reqs.py.,https://assist.org/transfer/results?year=76&institution=90&agreement=117&agreementType=to&viewAgreementsOptions=true&view=agreement&viewBy=major&viewSendingAgreements=false&viewByKey=76%2F90%2Fto%2F117%2FMajor%2F3fc7b07d-4058-4a0a-1f72-08ddcb96df9e,76/90/to/117/Major/3fc7b07d-4058-4a0a-1f72-08ddcb96df9e
info,no,False,False,sending_grouping_mismatch,high,UCLA,University of California Los Angeles,Cabrillo College,ENGCOMP 3,sending_options_mismatch,sending options differ,"[['ENGL C1000 (3.00)'], ['ENGL C1000H (3.00)'], ['ESL 1A (3.00)']]","[['ENGL C1000 (3.00)', 'ENGL C1000H (3.00)'], ['ESL 1A (3.00)']]",[],[],No CS-filtered impact: receiving course is not configured in course_reqs.py.,https://assist.org/transfer/results?year=76&institution=41&agreement=117&agreementType=to&viewAgreementsOptions=true&view=agreement&viewBy=major&viewSendingAgreements=false&viewByKey=76%2F41%2Fto%2F117%2FMajor%2F3fc7b07d-4058-4a0a-1f72-08ddcb96df9e,76/41/to/117/Major/3fc7b07d-4058-4a0a-1f72-08ddcb96df9e
info,no,False,False,sending_grouping_mismatch,high,UCLA,University of California Los Angeles,College of Marin,ENGCOMP 3,sending_options_mismatch,sending options differ,"[['ENGL C1000 (4.00)'], ['ENGL 150SL (5.00)']]",[['ENGL C1000 (4.00)']],[],[],No CS-filtered impact: receiving course is not configured in course_reqs.py.,https://assist.org/transfer/results?year=76&institution=4&agreement=117&agreementType=to&viewAgreementsOptions=true&view=agreement&viewBy=major&viewSendingAgreements=false&viewByKey=76%2F4%2Fto%2F117%2FMajor%2F3fc7b07d-4058-4a0a-1f72-08ddcb96df9e,76/4/to/117/Major/3fc7b07d-4058-4a0a-1f72-08ddcb96df9e
info,no,False,False,missing_row,medium,UCM,University of California Merced,Allan Hancock College,EE 060,missing_row,missing raw CSV row,[['Not Articulated']],,[],[],No CS-filtered impact: receiving course is not configured in course_reqs.py.,https://assist.org/transfer/results?year=76&institution=110&agreement=144&agreementType=to&viewAgreementsOptions=true&view=agreement&viewBy=major&viewSendingAgreements=false&viewByKey=76%2F110%2Fto%2F144%2FMajor%2Fbe462cb5-458a-4c3d-5be5-08dd9e07c477,76/110/to/144/Major/be462cb5-458a-4c3d-5be5-08dd9e07c477
info,no,False,False,missing_row,medium,UCM,University of California Merced,American River College,EE 060,missing_row,missing raw CSV row,[['Not Articulated']],,[],[],No CS-filtered impact: receiving course is not configured in course_reqs.py.,https://assist.org/transfer/results?year=76&institution=27&agreement=144&agreementType=to&viewAgreementsOptions=true&view=agreement&viewBy=major&viewSendingAgreements=false&viewByKey=76%2F27%2Fto%2F144%2FMajor%2Fbe462cb5-458a-4c3d-5be5-08dd9e07c477,76/27/to/144/Major/be462cb5-458a-4c3d-5be5-08dd9e07c477
info,no,False,False,missing_row,medium,UCM,University of California Merced,Bakersfield College,EE 060,missing_row,missing raw CSV row,[['Not Articulated']],,[],[],No CS-filtered impact: receiving course is not configured in course_reqs.py.,https://assist.org/transfer/results?year=76&institution=84&agreement=144&agreementType=to&viewAgreementsOptions=true&view=agreement&viewBy=major&viewSendingAgreements=false&viewByKey=76%2F84%2Fto%2F144%2FMajor%2Fbe462cb5-458a-4c3d-5be5-08dd9e07c477,76/84/to/144/Major/be462cb5-458a-4c3d-5be5-08dd9e07c477
info,no,False,False,missing_row,medium,UCM,University of California Merced,Barstow Community College,EE 060,missing_row,missing raw CSV row,[['Not Articulated']],,[],[],No CS-filtered impact: receiving course is not configured in course_reqs.py.,https://assist.org/transfer/results?year=76&institution=20&agreement=144&agreementType=to&viewAgreementsOptions=true&view=agreement&viewBy=major&viewSendingAgreements=false&viewByKey=76%2F20%2Fto%2F144%2FMajor%2Fbe462cb5-458a-4c3d-5be5-08dd9e07c477,76/20/to/144/Major/be462cb5-458a-4c3d-5be5-08dd9e07c477
info,no,False,False,missing_row,medium,UCM,University of California Merced,Cabrillo College,EE 060,missing_row,missing raw CSV row,[['Not Articulated']],,[],[],No CS-filtered impact: receiving course is not configured in course_reqs.py.,https://assist.org/transfer/results?year=76&institution=41&agreement=144&agreementType=to&viewAgreementsOptions=true&view=agreement&viewBy=major&viewSendingAgreements=false&viewByKey=76%2F41%2Fto%2F144%2FMajor%2Fbe462cb5-458a-4c3d-5be5-08dd9e07c477,76/41/to/144/Major/be462cb5-458a-4c3d-5be5-08dd9e07c477
info,no,False,False,missing_row,medium,UCM,University of California Merced,Canada College,EE 060,missing_row,missing raw CSV row,[['Not Articulated']],,[],[],No CS-filtered impact: receiving course is not configured in course_reqs.py.,https://assist.org/transfer/results?year=76&institution=68&agreement=144&agreementType=to&viewAgreementsOptions=true&view=agreement&viewBy=major&viewSendingAgreements=false&viewByKey=76%2F68%2Fto%2F144%2FMajor%2Fbe462cb5-458a-4c3d-5be5-08dd9e07c477,76/68/to/144/Major/be462cb5-458a-4c3d-5be5-08dd9e07c477
info,no,False,False,missing_row,medium,UCM,University of California Merced,Cerritos College,EE 060,missing_row,missing raw CSV row,[['Not Articulated']],,[],[],No CS-filtered impact: receiving course is not configured in course_reqs.py.,https://assist.org/transfer/results?year=76&institution=104&agreement=144&agreementType=to&viewAgreementsOptions=true&view=agreement&viewBy=major&viewSendingAgreements=false&viewByKey=76%2F104%2Fto%2F144%2FMajor%2Fbe462cb5-458a-4c3d-5be5-08dd9e07c477,76/104/to/144/Major/be462cb5-458a-4c3d-5be5-08dd9e07c477
info,no,False,False,missing_row,medium,UCM,University of California Merced,Chabot College,EE 060,missing_row,missing raw CSV row,[['Not Articulated']],,[],[],No CS-filtered impact: receiving course is not configured in course_reqs.py.,https://assist.org/transfer/results?year=76&institution=96&agreement=144&agreementType=to&viewAgreementsOptions=true&view=agreement&viewBy=major&viewSendingAgreements=false&viewByKey=76%2F96%2Fto%2F144%2FMajor%2Fbe462cb5-458a-4c3d-5be5-08dd9e07c477,76/96/to/144/Major/be462cb5-458a-4c3d-5be5-08dd9e07c477
info,no,False,False,missing_row,medium,UCM,University of California Merced,Chaffey College,EE 060,missing_row,missing raw CSV row,[['Not Articulated']],,[],[],No CS-filtered impact: receiving course is not configured in course_reqs.py.,https://assist.org/transfer/results?year=76&institution=69&agreement=144&agreementType=to&viewAgreementsOptions=true&view=agreement&viewBy=major&viewSendingAgreements=false&viewByKey=76%2F69%2Fto%2F144%2FMajor%2Fbe462cb5-458a-4c3d-5be5-08dd9e07c477,76/69/to/144/Major/be462cb5-458a-4c3d-5be5-08dd9e07c477
info,no,False,False,missing_row,medium,UCM,University of California Merced,Citrus College,EE 060,missing_row,missing raw CSV row,[['Not Articulated']],,[],[],No CS-filtered impact: receiving course is not configured in course_reqs.py.,https://assist.org/transfer/results?year=76&institution=97&agreement=144&agreementType=to&viewAgreementsOptions=true&view=agreement&viewBy=major&viewSendingAgreements=false&viewByKey=76%2F97%2Fto%2F144%2FMajor%2Fbe462cb5-458a-4c3d-5be5-08dd9e07c477,76/97/to/144/Major/be462cb5-458a-4c3d-5be5-08dd9e07c477
info,no,False,False,missing_row,medium,UCM,University of California Merced,Clovis Community College,EE 060,missing_row,missing raw CSV row,[['Not Articulated']],,[],[],No CS-filtered impact: receiving course is not configured in course_reqs.py.,https://assist.org/transfer/results?year=76&institution=150&agreement=144&agreementType=to&viewAgreementsOptions=true&view=agreement&viewBy=major&viewSendingAgreements=false&viewByKey=76%2F150%2Fto%2F144%2FMajor%2Fbe462cb5-458a-4c3d-5be5-08dd9e07c477,76/150/to/144/Major/be462cb5-458a-4c3d-5be5-08dd9e07c477
info,no,False,False,missing_row,medium,UCM,University of California Merced,College of Alameda,EE 060,missing_row,missing raw CSV row,[['Not Articulated']],,[],[],No CS-filtered impact: receiving course is not configured in course_reqs.py.,https://assist.org/transfer/results?year=76&institution=111&agreement=144&agreementType=to&viewAgreementsOptions=true&view=agreement&viewBy=major&viewSendingAgreements=false&viewByKey=76%2F111%2Fto%2F144%2FMajor%2Fbe462cb5-458a-4c3d-5be5-08dd9e07c477,76/111/to/144/Major/be462cb5-458a-4c3d-5be5-08dd9e07c477
info,no,False,False,missing_row,medium,UCM,University of California Merced,College of Marin,EE 060,missing_row,missing raw CSV row,[['Not Articulated']],,[],[],No CS-filtered impact: receiving course is not configured in course_reqs.py.,https://assist.org/transfer/results?year=76&institution=4&agreement=144&agreementType=to&viewAgreementsOptions=true&view=agreement&viewBy=major&viewSendingAgreements=false&viewByKey=76%2F4%2Fto%2F144%2FMajor%2Fbe462cb5-458a-4c3d-5be5-08dd9e07c477,76/4/to/144/Major/be462cb5-458a-4c3d-5be5-08dd9e07c477
info,no,False,False,missing_row,medium,UCM,University of California Merced,College of San Mateo,EE 060,missing_row,missing raw CSV row,[['Not Articulated']],,[],[],No CS-filtered impact: receiving course is not configured in course_reqs.py.,https://assist.org/transfer/results?year=76&institution=5&agreement=144&agreementType=to&viewAgreementsOptions=true&view=agreement&viewBy=major&viewSendingAgreements=false&viewByKey=76%2F5%2Fto%2F144%2FMajor%2Fbe462cb5-458a-4c3d-5be5-08dd9e07c477,76/5/to/144/Major/be462cb5-458a-4c3d-5be5-08dd9e07c477
info,no,False,False,missing_row,medium,UCM,University of California Merced,College of the Desert,EE 060,missing_row,missing raw CSV row,[['Not Articulated']],,[],[],No CS-filtered impact: receiving course is not configured in course_reqs.py.,https://assist.org/transfer/results?year=76&institution=30&agreement=144&agreementType=to&viewAgreementsOptions=true&view=agreement&viewBy=major&viewSendingAgreements=false&viewByKey=76%2F30%2Fto%2F144%2FMajor%2Fbe462cb5-458a-4c3d-5be5-08dd9e07c477,76/30/to/144/Major/be462cb5-458a-4c3d-5be5-08dd9e07c477
info,no,False,False,missing_row,medium,UCM,University of California Merced,College of the Redwoods,EE 060,missing_row,missing raw CSV row,[['Not Articulated']],,[],[],No CS-filtered impact: receiving course is not configured in course_reqs.py.,https://assist.org/transfer/results?year=76&institution=83&agreement=144&agreementType=to&viewAgreementsOptions=true&view=agreement&viewBy=major&viewSendingAgreements=false&viewByKey=76%2F83%2Fto%2F144%2FMajor%2Fbe462cb5-458a-4c3d-5be5-08dd9e07c477,76/83/to/144/Major/be462cb5-458a-4c3d-5be5-08dd9e07c477
info,no,False,False,missing_row,medium,UCM,University of California Merced,College of the Sequoias,EE 060,missing_row,missing raw CSV row,[['Not Articulated']],,[],[],No CS-filtered impact: receiving course is not configured in course_reqs.py.,https://assist.org/transfer/results?year=76&institution=6&agreement=144&agreementType=to&viewAgreementsOptions=true&view=agreement&viewBy=major&viewSendingAgreements=false&viewByKey=76%2F6%2Fto%2F144%2FMajor%2Fbe462cb5-458a-4c3d-5be5-08dd9e07c477,76/6/to/144/Major/be462cb5-458a-4c3d-5be5-08dd9e07c477
info,no,False,False,missing_row,medium,UCM,University of California Merced,College of the Siskiyous,EE 060,missing_row,missing raw CSV row,[['Not Articulated']],,[],[],No CS-filtered impact: receiving course is not configured in course_reqs.py.,https://assist.org/transfer/results?year=76&institution=102&agreement=144&agreementType=to&viewAgreementsOptions=true&view=agreement&viewBy=major&viewSendingAgreements=false&viewByKey=76%2F102%2Fto%2F144%2FMajor%2Fbe462cb5-458a-4c3d-5be5-08dd9e07c477,76/102/to/144/Major/be462cb5-458a-4c3d-5be5-08dd9e07c477
info,no,False,False,missing_row,medium,UCM,University of California Merced,Columbia College,EE 060,missing_row,missing raw CSV row,[['Not Articulated']],,[],[],No CS-filtered impact: receiving course is not configured in course_reqs.py.,https://assist.org/transfer/results?year=76&institution=10&agreement=144&agreementType=to&viewAgreementsOptions=true&view=agreement&viewBy=major&viewSendingAgreements=false&viewByKey=76%2F10%2Fto%2F144%2FMajor%2Fbe462cb5-458a-4c3d-5be5-08dd9e07c477,76/10/to/144/Major/be462cb5-458a-4c3d-5be5-08dd9e07c477
info,no,False,False,missing_row,medium,UCM,University of California Merced,Compton College,EE 060,missing_row,missing raw CSV row,[['Not Articulated']],,[],[],No CS-filtered impact: receiving course is not configured in course_reqs.py.,https://assist.org/transfer/results?year=76&institution=153&agreement=144&agreementType=to&viewAgreementsOptions=true&view=agreement&viewBy=major&viewSendingAgreements=false&viewByKey=76%2F153%2Fto%2F144%2FMajor%2Fbe462cb5-458a-4c3d-5be5-08dd9e07c477,76/153/to/144/Major/be462cb5-458a-4c3d-5be5-08dd9e07c477
info,no,False,False,missing_row,medium,UCM,University of California Merced,Contra Costa College,EE 060,missing_row,missing raw CSV row,[['Not Articulated']],,[],[],No CS-filtered impact: receiving course is not configured in course_reqs.py.,https://assist.org/transfer/results?year=76&institution=28&agreement=144&agreementType=to&viewAgreementsOptions=true&view=agreement&viewBy=major&viewSendingAgreements=false&viewByKey=76%2F28%2Fto%2F144%2FMajor%2Fbe462cb5-458a-4c3d-5be5-08dd9e07c477,76/28/to/144/Major/be462cb5-458a-4c3d-5be5-08dd9e07c477
info,no,False,False,missing_row,medium,UCM,University of California Merced,Copper Mountain College,EE 060,missing_row,missing raw CSV row,[['Not Articulated']],,[],[],No CS-filtered impact: receiving course is not configured in course_reqs.py.,https://assist.org/transfer/results?year=76&institution=112&agreement=144&agreementType=to&viewAgreementsOptions=true&view=agreement&viewBy=major&viewSendingAgreements=false&viewByKey=76%2F112%2Fto%2F144%2FMajor%2Fbe462cb5-458a-4c3d-5be5-08dd9e07c477,76/112/to/144/Major/be462cb5-458a-4c3d-5be5-08dd9e07c477
info,no,False,False,missing_row,medium,UCM,University of California Merced,Cosumnes River College,EE 060,missing_row,missing raw CSV row,[['Not Articulated']],,[],[],No CS-filtered impact: receiving course is not configured in course_reqs.py.,https://assist.org/transfer/results?year=76&institution=142&agreement=144&agreementType=to&viewAgreementsOptions=true&view=agreement&viewBy=major&viewSendingAgreements=false&viewByKey=76%2F142%2Fto%2F144%2FMajor%2Fbe462cb5-458a-4c3d-5be5-08dd9e07c477,76/142/to/144/Major/be462cb5-458a-4c3d-5be5-08dd9e07c477
info,no,False,False,missing_row,medium,UCM,University of California Merced,Cuesta College,EE 060,missing_row,missing raw CSV row,[['Not Articulated']],,[],[],No CS-filtered impact: receiving course is not configured in course_reqs.py.,https://assist.org/transfer/results?year=76&institution=16&agreement=144&agreementType=to&viewAgreementsOptions=true&view=agreement&viewBy=major&viewSendingAgreements=false&viewByKey=76%2F16%2Fto%2F144%2FMajor%2Fbe462cb5-458a-4c3d-5be5-08dd9e07c477,76/16/to/144/Major/be462cb5-458a-4c3d-5be5-08dd9e07c477
info,no,False,False,missing_row,medium,UCM,University of California Merced,El Camino College,EE 060,missing_row,missing raw CSV row,[['Not Articulated']],,[],[],No CS-filtered impact: receiving course is not configured in course_reqs.py.,https://assist.org/transfer/results?year=76&institution=103&agreement=144&agreementType=to&viewAgreementsOptions=true&view=agreement&viewBy=major&viewSendingAgreements=false&viewByKey=76%2F103%2Fto%2F144%2FMajor%2Fbe462cb5-458a-4c3d-5be5-08dd9e07c477,76/103/to/144/Major/be462cb5-458a-4c3d-5be5-08dd9e07c477
info,no,False,False,missing_row,medium,UCM,University of California Merced,Feather River College,EE 060,missing_row,missing raw CSV row,[['Not Articulated']],,[],[],No CS-filtered impact: receiving course is not configured in course_reqs.py.,https://assist.org/transfer/results?year=76&institution=122&agreement=144&agreementType=to&viewAgreementsOptions=true&view=agreement&viewBy=major&viewSendingAgreements=false&viewByKey=76%2F122%2Fto%2F144%2FMajor%2Fbe462cb5-458a-4c3d-5be5-08dd9e07c477,76/122/to/144/Major/be462cb5-458a-4c3d-5be5-08dd9e07c477
info,no,False,False,missing_row,medium,UCM,University of California Merced,Foothill College,EE 060,missing_row,missing raw CSV row,[['Not Articulated']],,[],[],No CS-filtered impact: receiving course is not configured in course_reqs.py.,https://assist.org/transfer/results?year=76&institution=51&agreement=144&agreementType=to&viewAgreementsOptions=true&view=agreement&viewBy=major&viewSendingAgreements=false&viewByKey=76%2F51%2Fto%2F144%2FMajor%2Fbe462cb5-458a-4c3d-5be5-08dd9e07c477,76/51/to/144/Major/be462cb5-458a-4c3d-5be5-08dd9e07c477
info,no,False,False,missing_row,medium,UCM,University of California Merced,Golden West College,EE 060,missing_row,missing raw CSV row,[['Not Articulated']],,[],[],No CS-filtered impact: receiving course is not configured in course_reqs.py.,https://assist.org/transfer/results?year=76&institution=55&agreement=144&agreementType=to&viewAgreementsOptions=true&view=agreement&viewBy=major&viewSendingAgreements=false&viewByKey=76%2F55%2Fto%2F144%2FMajor%2Fbe462cb5-458a-4c3d-5be5-08dd9e07c477,76/55/to/144/Major/be462cb5-458a-4c3d-5be5-08dd9e07c477
info,no,False,False,missing_row,medium,UCM,University of California Merced,Hartnell College,EE 060,missing_row,missing raw CSV row,[['Not Articulated']],,[],[],No CS-filtered impact: receiving course is not configured in course_reqs.py.,https://assist.org/transfer/results?year=76&institution=123&agreement=144&agreementType=to&viewAgreementsOptions=true&view=agreement&viewBy=major&viewSendingAgreements=false&viewByKey=76%2F123%2Fto%2F144%2FMajor%2Fbe462cb5-458a-4c3d-5be5-08dd9e07c477,76/123/to/144/Major/be462cb5-458a-4c3d-5be5-08dd9e07c477
info,no,False,False,missing_row,medium,UCM,University of California Merced,Imperial Valley College,EE 060,missing_row,missing raw CSV row,[['Not Articulated']],,[],[],No CS-filtered impact: receiving course is not configured in course_reqs.py.,https://assist.org/transfer/results?year=76&institution=107&agreement=144&agreementType=to&viewAgreementsOptions=true&view=agreement&viewBy=major&viewSendingAgreements=false&viewByKey=76%2F107%2Fto%2F144%2FMajor%2Fbe462cb5-458a-4c3d-5be5-08dd9e07c477,76/107/to/144/Major/be462cb5-458a-4c3d-5be5-08dd9e07c477
info,no,False,False,missing_row,medium,UCM,University of California Merced,Las Positas College,EE 060,missing_row,missing raw CSV row,[['Not Articulated']],,[],[],No CS-filtered impact: receiving course is not configured in course_reqs.py.,https://assist.org/transfer/results?year=76&institution=18&agreement=144&agreementType=to&viewAgreementsOptions=true&view=agreement&viewBy=major&viewSendingAgreements=false&viewByKey=76%2F18%2Fto%2F144%2FMajor%2Fbe462cb5-458a-4c3d-5be5-08dd9e07c477,76/18/to/144/Major/be462cb5-458a-4c3d-5be5-08dd9e07c477
info,no,False,False,missing_row,medium,UCM,University of California Merced,Lassen Community College,EE 060,missing_row,missing raw CSV row,[['Not Articulated']],,[],[],No CS-filtered impact: receiving course is not configured in course_reqs.py.,https://assist.org/transfer/results?year=76&institution=82&agreement=144&agreementType=to&viewAgreementsOptions=true&view=agreement&viewBy=major&viewSendingAgreements=false&viewByKey=76%2F82%2Fto%2F144%2FMajor%2Fbe462cb5-458a-4c3d-5be5-08dd9e07c477,76/82/to/144/Major/be462cb5-458a-4c3d-5be5-08dd9e07c477
info,no,False,False,missing_row,medium,UCM,University of California Merced,Los Angeles Pierce College,EE 060,missing_row,missing raw CSV row,[['Not Articulated']],,[],[],No CS-filtered impact: receiving course is not configured in course_reqs.py.,https://assist.org/transfer/results?year=76&institution=86&agreement=144&agreementType=to&viewAgreementsOptions=true&view=agreement&viewBy=major&viewSendingAgreements=false&viewByKey=76%2F86%2Fto%2F144%2FMajor%2Fbe462cb5-458a-4c3d-5be5-08dd9e07c477,76/86/to/144/Major/be462cb5-458a-4c3d-5be5-08dd9e07c477
info,no,False,False,missing_row,medium,UCM,University of California Merced,Los Angeles Southwest College,EE 060,missing_row,missing raw CSV row,[['Not Articulated']],,[],[],No CS-filtered impact: receiving course is not configured in course_reqs.py.,https://assist.org/transfer/results?year=76&institution=130&agreement=144&agreementType=to&viewAgreementsOptions=true&view=agreement&viewBy=major&viewSendingAgreements=false&viewByKey=76%2F130%2Fto%2F144%2FMajor%2Fbe462cb5-458a-4c3d-5be5-08dd9e07c477,76/130/to/144/Major/be462cb5-458a-4c3d-5be5-08dd9e07c477
info,no,False,False,missing_row,medium,UCM,University of California Merced,Los Angeles Valley College,EE 060,missing_row,missing raw CSV row,[['Not Articulated']],,[],[],No CS-filtered impact: receiving course is not configured in course_reqs.py.,https://assist.org/transfer/results?year=76&institution=44&agreement=144&agreementType=to&viewAgreementsOptions=true&view=agreement&viewBy=major&viewSendingAgreements=false&viewByKey=76%2F44%2Fto%2F144%2FMajor%2Fbe462cb5-458a-4c3d-5be5-08dd9e07c477,76/44/to/144/Major/be462cb5-458a-4c3d-5be5-08dd9e07c477
info,no,False,False,missing_row,medium,UCM,University of California Merced,Los Medanos College,EE 060,missing_row,missing raw CSV row,[['Not Articulated']],,[],[],No CS-filtered impact: receiving course is not configured in course_reqs.py.,https://assist.org/transfer/results?year=76&institution=61&agreement=144&agreementType=to&viewAgreementsOptions=true&view=agreement&viewBy=major&viewSendingAgreements=false&viewByKey=76%2F61%2Fto%2F144%2FMajor%2Fbe462cb5-458a-4c3d-5be5-08dd9e07c477,76/61/to/144/Major/be462cb5-458a-4c3d-5be5-08dd9e07c477
info,no,False,False,missing_row,medium,UCM,University of California Merced,Madera Community College,EE 060,missing_row,missing raw CSV row,[['Not Articulated']],,[],[],No CS-filtered impact: receiving course is not configured in course_reqs.py.,https://assist.org/transfer/results?year=76&institution=200&agreement=144&agreementType=to&viewAgreementsOptions=true&view=agreement&viewBy=major&viewSendingAgreements=false&viewByKey=76%2F200%2Fto%2F144%2FMajor%2Fbe462cb5-458a-4c3d-5be5-08dd9e07c477,76/200/to/144/Major/be462cb5-458a-4c3d-5be5-08dd9e07c477
info,no,False,False,missing_row,medium,UCM,University of California Merced,Mendocino College,EE 060,missing_row,missing raw CSV row,[['Not Articulated']],,[],[],No CS-filtered impact: receiving course is not configured in course_reqs.py.,https://assist.org/transfer/results?year=76&institution=100&agreement=144&agreementType=to&viewAgreementsOptions=true&view=agreement&viewBy=major&viewSendingAgreements=false&viewByKey=76%2F100%2Fto%2F144%2FMajor%2Fbe462cb5-458a-4c3d-5be5-08dd9e07c477,76/100/to/144/Major/be462cb5-458a-4c3d-5be5-08dd9e07c477
info,no,False,False,missing_row,medium,UCM,University of California Merced,Modesto Junior College,EE 060,missing_row,missing raw CSV row,[['Not Articulated']],,[],[],No CS-filtered impact: receiving course is not configured in course_reqs.py.,https://assist.org/transfer/results?year=76&institution=52&agreement=144&agreementType=to&viewAgreementsOptions=true&view=agreement&viewBy=major&viewSendingAgreements=false&viewByKey=76%2F52%2Fto%2F144%2FMajor%2Fbe462cb5-458a-4c3d-5be5-08dd9e07c477,76/52/to/144/Major/be462cb5-458a-4c3d-5be5-08dd9e07c477
info,no,False,False,missing_row,medium,UCM,University of California Merced,Monterey Peninsula College,EE 060,missing_row,missing raw CSV row,[['Not Articulated']],,[],[],No CS-filtered impact: receiving course is not configured in course_reqs.py.,https://assist.org/transfer/results?year=76&institution=133&agreement=144&agreementType=to&viewAgreementsOptions=true&view=agreement&viewBy=major&viewSendingAgreements=false&viewByKey=76%2F133%2Fto%2F144%2FMajor%2Fbe462cb5-458a-4c3d-5be5-08dd9e07c477,76/133/to/144/Major/be462cb5-458a-4c3d-5be5-08dd9e07c477
info,no,False,False,missing_row,medium,UCM,University of California Merced,Moreno Valley College,EE 060,missing_row,missing raw CSV row,[['Not Articulated']],,[],[],No CS-filtered impact: receiving course is not configured in course_reqs.py.,https://assist.org/transfer/results?year=76&institution=149&agreement=144&agreementType=to&viewAgreementsOptions=true&view=agreement&viewBy=major&viewSendingAgreements=false&viewByKey=76%2F149%2Fto%2F144%2FMajor%2Fbe462cb5-458a-4c3d-5be5-08dd9e07c477,76/149/to/144/Major/be462cb5-458a-4c3d-5be5-08dd9e07c477
info,no,False,False,missing_row,medium,UCM,University of California Merced,Mount San Antonio College,EE 060,missing_row,missing raw CSV row,[['Not Articulated']],,[],[],No CS-filtered impact: receiving course is not configured in course_reqs.py.,https://assist.org/transfer/results?year=76&institution=62&agreement=144&agreementType=to&viewAgreementsOptions=true&view=agreement&viewBy=major&viewSendingAgreements=false&viewByKey=76%2F62%2Fto%2F144%2FMajor%2Fbe462cb5-458a-4c3d-5be5-08dd9e07c477,76/62/to/144/Major/be462cb5-458a-4c3d-5be5-08dd9e07c477
info,no,False,False,missing_row,medium,UCM,University of California Merced,Napa Valley College,EE 060,missing_row,missing raw CSV row,[['Not Articulated']],,[],[],No CS-filtered impact: receiving course is not configured in course_reqs.py.,https://assist.org/transfer/results?year=76&institution=73&agreement=144&agreementType=to&viewAgreementsOptions=true&view=agreement&viewBy=major&viewSendingAgreements=false&viewByKey=76%2F73%2Fto%2F144%2FMajor%2Fbe462cb5-458a-4c3d-5be5-08dd9e07c477,76/73/to/144/Major/be462cb5-458a-4c3d-5be5-08dd9e07c477
info,no,False,False,missing_row,medium,UCM,University of California Merced,Ohlone College,EE 060,missing_row,missing raw CSV row,[['Not Articulated']],,[],[],No CS-filtered impact: receiving course is not configured in course_reqs.py.,https://assist.org/transfer/results?year=76&institution=48&agreement=144&agreementType=to&viewAgreementsOptions=true&view=agreement&viewBy=major&viewSendingAgreements=false&viewByKey=76%2F48%2Fto%2F144%2FMajor%2Fbe462cb5-458a-4c3d-5be5-08dd9e07c477,76/48/to/144/Major/be462cb5-458a-4c3d-5be5-08dd9e07c477
info,no,False,False,missing_row,medium,UCM,University of California Merced,Palo Verde College,EE 060,missing_row,missing raw CSV row,[['Not Articulated']],,[],[],No CS-filtered impact: receiving course is not configured in course_reqs.py.,https://assist.org/transfer/results?year=76&institution=63&agreement=144&agreementType=to&viewAgreementsOptions=true&view=agreement&viewBy=major&viewSendingAgreements=false&viewByKey=76%2F63%2Fto%2F144%2FMajor%2Fbe462cb5-458a-4c3d-5be5-08dd9e07c477,76/63/to/144/Major/be462cb5-458a-4c3d-5be5-08dd9e07c477
info,no,False,False,missing_row,medium,UCM,University of California Merced,Reedley College,EE 060,missing_row,missing raw CSV row,[['Not Articulated']],,[],[],No CS-filtered impact: receiving course is not configured in course_reqs.py.,https://assist.org/transfer/results?year=76&institution=36&agreement=144&agreementType=to&viewAgreementsOptions=true&view=agreement&viewBy=major&viewSendingAgreements=false&viewByKey=76%2F36%2Fto%2F144%2FMajor%2Fbe462cb5-458a-4c3d-5be5-08dd9e07c477,76/36/to/144/Major/be462cb5-458a-4c3d-5be5-08dd9e07c477
info,no,False,False,missing_row,medium,UCM,University of California Merced,Riverside City College,EE 060,missing_row,missing raw CSV row,[['Not Articulated']],,[],[],No CS-filtered impact: receiving course is not configured in course_reqs.py.,https://assist.org/transfer/results?year=76&institution=78&agreement=144&agreementType=to&viewAgreementsOptions=true&view=agreement&viewBy=major&viewSendingAgreements=false&viewByKey=76%2F78%2Fto%2F144%2FMajor%2Fbe462cb5-458a-4c3d-5be5-08dd9e07c477,76/78/to/144/Major/be462cb5-458a-4c3d-5be5-08dd9e07c477
info,no,False,False,missing_row,medium,UCM,University of California Merced,Sacramento City College,EE 060,missing_row,missing raw CSV row,[['Not Articulated']],,[],[],No CS-filtered impact: receiving course is not configured in course_reqs.py.,https://assist.org/transfer/results?year=76&institution=126&agreement=144&agreementType=to&viewAgreementsOptions=true&view=agreement&viewBy=major&viewSendingAgreements=false&viewByKey=76%2F126%2Fto%2F144%2FMajor%2Fbe462cb5-458a-4c3d-5be5-08dd9e07c477,76/126/to/144/Major/be462cb5-458a-4c3d-5be5-08dd9e07c477
info,no,False,False,missing_row,medium,UCM,University of California Merced,San Bernardino Valley College,EE 060,missing_row,missing raw CSV row,[['Not Articulated']],,[],[],No CS-filtered impact: receiving course is not configured in course_reqs.py.,https://assist.org/transfer/results?year=76&institution=131&agreement=144&agreementType=to&viewAgreementsOptions=true&view=agreement&viewBy=major&viewSendingAgreements=false&viewByKey=76%2F131%2Fto%2F144%2FMajor%2Fbe462cb5-458a-4c3d-5be5-08dd9e07c477,76/131/to/144/Major/be462cb5-458a-4c3d-5be5-08dd9e07c477
info,no,False,False,missing_row,medium,UCM,University of California Merced,San Diego Mesa College,EE 060,missing_row,missing raw CSV row,[['Not Articulated']],,[],[],No CS-filtered impact: receiving course is not configured in course_reqs.py.,https://assist.org/transfer/results?year=76&institution=101&agreement=144&agreementType=to&viewAgreementsOptions=true&view=agreement&viewBy=major&viewSendingAgreements=false&viewByKey=76%2F101%2Fto%2F144%2FMajor%2Fbe462cb5-458a-4c3d-5be5-08dd9e07c477,76/101/to/144/Major/be462cb5-458a-4c3d-5be5-08dd9e07c477
info,no,False,False,missing_row,medium,UCM,University of California Merced,San Diego Miramar College,EE 060,missing_row,missing raw CSV row,[['Not Articulated']],,[],[],No CS-filtered impact: receiving course is not configured in course_reqs.py.,https://assist.org/transfer/results?year=76&institution=45&agreement=144&agreementType=to&viewAgreementsOptions=true&view=agreement&viewBy=major&viewSendingAgreements=false&viewByKey=76%2F45%2Fto%2F144%2FMajor%2Fbe462cb5-458a-4c3d-5be5-08dd9e07c477,76/45/to/144/Major/be462cb5-458a-4c3d-5be5-08dd9e07c477
info,no,False,False,missing_row,medium,UCM,University of California Merced,San Joaquin Delta College,EE 060,missing_row,missing raw CSV row,[['Not Articulated']],,[],[],No CS-filtered impact: receiving course is not configured in course_reqs.py.,https://assist.org/transfer/results?year=76&institution=109&agreement=144&agreementType=to&viewAgreementsOptions=true&view=agreement&viewBy=major&viewSendingAgreements=false&viewByKey=76%2F109%2Fto%2F144%2FMajor%2Fbe462cb5-458a-4c3d-5be5-08dd9e07c477,76/109/to/144/Major/be462cb5-458a-4c3d-5be5-08dd9e07c477
info,no,False,False,missing_row,medium,UCM,University of California Merced,Santa Ana College,EE 060,missing_row,missing raw CSV row,[['Not Articulated']],,[],[],No CS-filtered impact: receiving course is not configured in course_reqs.py.,https://assist.org/transfer/results?year=76&institution=14&agreement=144&agreementType=to&viewAgreementsOptions=true&view=agreement&viewBy=major&viewSendingAgreements=false&viewByKey=76%2F14%2Fto%2F144%2FMajor%2Fbe462cb5-458a-4c3d-5be5-08dd9e07c477,76/14/to/144/Major/be462cb5-458a-4c3d-5be5-08dd9e07c477
info,no,False,False,missing_row,medium,UCM,University of California Merced,Santa Barbara City College,EE 060,missing_row,missing raw CSV row,[['Not Articulated']],,[],[],No CS-filtered impact: receiving course is not configured in course_reqs.py.,https://assist.org/transfer/results?year=76&institution=92&agreement=144&agreementType=to&viewAgreementsOptions=true&view=agreement&viewBy=major&viewSendingAgreements=false&viewByKey=76%2F92%2Fto%2F144%2FMajor%2Fbe462cb5-458a-4c3d-5be5-08dd9e07c477,76/92/to/144/Major/be462cb5-458a-4c3d-5be5-08dd9e07c477
info,no,False,False,missing_row,medium,UCM,University of California Merced,Santa Rosa Junior College,EE 060,missing_row,missing raw CSV row,[['Not Articulated']],,[],[],No CS-filtered impact: receiving course is not configured in course_reqs.py.,https://assist.org/transfer/results?year=76&institution=57&agreement=144&agreementType=to&viewAgreementsOptions=true&view=agreement&viewBy=major&viewSendingAgreements=false&viewByKey=76%2F57%2Fto%2F144%2FMajor%2Fbe462cb5-458a-4c3d-5be5-08dd9e07c477,76/57/to/144/Major/be462cb5-458a-4c3d-5be5-08dd9e07c477
info,no,False,False,missing_row,medium,UCM,University of California Merced,Sierra College,EE 060,missing_row,missing raw CSV row,[['Not Articulated']],,[],[],No CS-filtered impact: receiving course is not configured in course_reqs.py.,https://assist.org/transfer/results?year=76&institution=93&agreement=144&agreementType=to&viewAgreementsOptions=true&view=agreement&viewBy=major&viewSendingAgreements=false&viewByKey=76%2F93%2Fto%2F144%2FMajor%2Fbe462cb5-458a-4c3d-5be5-08dd9e07c477,76/93/to/144/Major/be462cb5-458a-4c3d-5be5-08dd9e07c477
info,no,False,False,missing_row,medium,UCM,University of California Merced,Skyline College,EE 060,missing_row,missing raw CSV row,[['Not Articulated']],,[],[],No CS-filtered impact: receiving course is not configured in course_reqs.py.,https://assist.org/transfer/results?year=76&institution=127&agreement=144&agreementType=to&viewAgreementsOptions=true&view=agreement&viewBy=major&viewSendingAgreements=false&viewByKey=76%2F127%2Fto%2F144%2FMajor%2Fbe462cb5-458a-4c3d-5be5-08dd9e07c477,76/127/to/144/Major/be462cb5-458a-4c3d-5be5-08dd9e07c477
info,no,False,False,missing_row,medium,UCM,University of California Merced,Southwestern College,EE 060,missing_row,missing raw CSV row,[['Not Articulated']],,[],[],No CS-filtered impact: receiving course is not configured in course_reqs.py.,https://assist.org/transfer/results?year=76&institution=138&agreement=144&agreementType=to&viewAgreementsOptions=true&view=agreement&viewBy=major&viewSendingAgreements=false&viewByKey=76%2F138%2Fto%2F144%2FMajor%2Fbe462cb5-458a-4c3d-5be5-08dd9e07c477,76/138/to/144/Major/be462cb5-458a-4c3d-5be5-08dd9e07c477
info,no,False,False,missing_row,medium,UCM,University of California Merced,Taft College,EE 060,missing_row,missing raw CSV row,[['Not Articulated']],,[],[],No CS-filtered impact: receiving course is not configured in course_reqs.py.,https://assist.org/transfer/results?year=76&institution=119&agreement=144&agreementType=to&viewAgreementsOptions=true&view=agreement&viewBy=major&viewSendingAgreements=false&viewByKey=76%2F119%2Fto%2F144%2FMajor%2Fbe462cb5-458a-4c3d-5be5-08dd9e07c477,76/119/to/144/Major/be462cb5-458a-4c3d-5be5-08dd9e07c477
info,no,False,False,missing_row,medium,UCM,University of California Merced,West Hills College Coalinga,EE 060,missing_row,missing raw CSV row,[['Not Articulated']],,[],[],No CS-filtered impact: receiving course is not configured in course_reqs.py.,https://assist.org/transfer/results?year=76&institution=67&agreement=144&agreementType=to&viewAgreementsOptions=true&view=agreement&viewBy=major&viewSendingAgreements=false&viewByKey=76%2F67%2Fto%2F144%2FMajor%2Fbe462cb5-458a-4c3d-5be5-08dd9e07c477,76/67/to/144/Major/be462cb5-458a-4c3d-5be5-08dd9e07c477
info,no,False,False,missing_row,medium,UCM,University of California Merced,West Hills College Lemoore,EE 060,missing_row,missing raw CSV row,[['Not Articulated']],,[],[],No CS-filtered impact: receiving course is not configured in course_reqs.py.,https://assist.org/transfer/results?year=76&institution=146&agreement=144&agreementType=to&viewAgreementsOptions=true&view=agreement&viewBy=major&viewSendingAgreements=false&viewByKey=76%2F146%2Fto%2F144%2FMajor%2Fbe462cb5-458a-4c3d-5be5-08dd9e07c477,76/146/to/144/Major/be462cb5-458a-4c3d-5be5-08dd9e07c477
info,no,False,False,missing_row,medium,UCM,University of California Merced,West Los Angeles College,EE 060,missing_row,missing raw CSV row,[['Not Articulated']],,[],[],No CS-filtered impact: receiving course is not configured in course_reqs.py.,https://assist.org/transfer/results?year=76&institution=91&agreement=144&agreementType=to&viewAgreementsOptions=true&view=agreement&viewBy=major&viewSendingAgreements=false&viewByKey=76%2F91%2Fto%2F144%2FMajor%2Fbe462cb5-458a-4c3d-5be5-08dd9e07c477,76/91/to/144/Major/be462cb5-458a-4c3d-5be5-08dd9e07c477
info,no,False,False,missing_row,medium,UCM,University of California Merced,West Valley College,EE 060,missing_row,missing raw CSV row,[['Not Articulated']],,[],[],No CS-filtered impact: receiving course is not configured in course_reqs.py.,https://assist.org/transfer/results?year=76&institution=80&agreement=144&agreementType=to&viewAgreementsOptions=true&view=agreement&viewBy=major&viewSendingAgreements=false&viewByKey=76%2F80%2Fto%2F144%2FMajor%2Fbe462cb5-458a-4c3d-5be5-08dd9e07c477,76/80/to/144/Major/be462cb5-458a-4c3d-5be5-08dd9e07c477
info,no,False,False,missing_row,medium,UCM,University of California Merced,Woodland Community College,EE 060,missing_row,missing raw CSV row,[['Not Articulated']],,[],[],No CS-filtered impact: receiving course is not configured in course_reqs.py.,https://assist.org/transfer/results?year=76&institution=147&agreement=144&agreementType=to&viewAgreementsOptions=true&view=agreement&viewBy=major&viewSendingAgreements=false&viewByKey=76%2F147%2Fto%2F144%2FMajor%2Fbe462cb5-458a-4c3d-5be5-08dd9e07c477,76/147/to/144/Major/be462cb5-458a-4c3d-5be5-08dd9e07c477
info,no,False,False,missing_row,medium,UCM,University of California Merced,Yuba College,EE 060,missing_row,missing raw CSV row,[['Not Articulated']],,[],[],No CS-filtered impact: receiving course is not configured in course_reqs.py.,https://assist.org/transfer/results?year=76&institution=90&agreement=144&agreementType=to&viewAgreementsOptions=true&view=agreement&viewBy=major&viewSendingAgreements=false&viewByKey=76%2F90%2Fto%2F144%2FMajor%2Fbe462cb5-458a-4c3d-5be5-08dd9e07c477,76/90/to/144/Major/be462cb5-458a-4c3d-5be5-08dd9e07c477
info,no,False,False,option_order_only,low,UCM,University of California Merced,Chabot College,PHYS 008; PHYS 008L,sending_options_mismatch,sending options differ,"[['PHYS 4A (5.00)'], ['PHYS 7A (5.00)', 'PHYS 7B (5.00)']]","[['PHYS 7A (5.00)', 'PHYS 7B (5.00)'], ['PHYS 4A (5.00)']]",[],[],No CS-filtered impact: receiving course is not configured in course_reqs.py.,https://assist.org/transfer/results?year=76&institution=96&agreement=144&agreementType=to&viewAgreementsOptions=true&view=agreement&viewBy=major&viewSendingAgreements=false&viewByKey=76%2F96%2Fto%2F144%2FMajor%2Fbe462cb5-458a-4c3d-5be5-08dd9e07c477,76/96/to/144/Major/be462cb5-458a-4c3d-5be5-08dd9e07c477
info,no,False,False,option_order_only,low,UCM,University of California Merced,Compton College,PHYS 008; PHYS 008L,sending_options_mismatch,sending options differ,"[['PHYS 101 (5.00)'], ['PHYS 150 (4.00)', 'PHYS 152 (4.00)']]","[['PHYS 150 (4.00)', 'PHYS 152 (4.00)'], ['PHYS 101 (5.00)']]",[],[],No CS-filtered impact: receiving course is not configured in course_reqs.py.,https://assist.org/transfer/results?year=76&institution=153&agreement=144&agreementType=to&viewAgreementsOptions=true&view=agreement&viewBy=major&viewSendingAgreements=false&viewByKey=76%2F153%2Fto%2F144%2FMajor%2Fbe462cb5-458a-4c3d-5be5-08dd9e07c477,76/153/to/144/Major/be462cb5-458a-4c3d-5be5-08dd9e07c477
info,no,False,False,option_order_only,low,UCM,University of California Merced,Santa Monica College,PHYS 008; PHYS 008L,sending_options_mismatch,sending options differ,"[['PHYSCS 8 (4.00)'], ['PHYSCS 21 (5.00)', 'PHYSCS 23 (5.00)']]","[['PHYSCS 21 (5.00)', 'PHYSCS 23 (5.00)'], ['PHYSCS 8 (4.00)']]",[],[],No CS-filtered impact: receiving course is not configured in course_reqs.py.,https://assist.org/transfer/results?year=76&institution=137&agreement=144&agreementType=to&viewAgreementsOptions=true&view=agreement&viewBy=major&viewSendingAgreements=false&viewByKey=76%2F137%2Fto%2F144%2FMajor%2Fbe462cb5-458a-4c3d-5be5-08dd9e07c477,76/137/to/144/Major/be462cb5-458a-4c3d-5be5-08dd9e07c477
info,no,False,False,option_order_only,low,UCM,University of California Merced,Compton College,PHYS 009; PHYS 009L,sending_options_mismatch,sending options differ,"[['PHYS 102 (5.00)'], ['PHYS 152 (4.00)', 'PHYS 250 (4.00)']]","[['PHYS 152 (4.00)', 'PHYS 250 (4.00)'], ['PHYS 102 (5.00)']]",[],[],No CS-filtered impact: receiving course is not configured in course_reqs.py.,https://assist.org/transfer/results?year=76&institution=153&agreement=144&agreementType=to&viewAgreementsOptions=true&view=agreement&viewBy=major&viewSendingAgreements=false&viewByKey=76%2F153%2Fto%2F144%2FMajor%2Fbe462cb5-458a-4c3d-5be5-08dd9e07c477,76/153/to/144/Major/be462cb5-458a-4c3d-5be5-08dd9e07c477
info,no,False,False,option_order_only,low,UCM,University of California Merced,Santa Monica College,PHYS 009; PHYS 009L,sending_options_mismatch,sending options differ,"[['PHYSCS 9 (4.00)'], ['PHYSCS 22 (5.00)', 'PHYSCS 23 (5.00)']]","[['PHYSCS 22 (5.00)', 'PHYSCS 23 (5.00)'], ['PHYSCS 9 (4.00)']]",[],[],No CS-filtered impact: receiving course is not configured in course_reqs.py.,https://assist.org/transfer/results?year=76&institution=137&agreement=144&agreementType=to&viewAgreementsOptions=true&view=agreement&viewBy=major&viewSendingAgreements=false&viewByKey=76%2F137%2Fto%2F144%2FMajor%2Fbe462cb5-458a-4c3d-5be5-08dd9e07c477,76/137/to/144/Major/be462cb5-458a-4c3d-5be5-08dd9e07c477
info,no,False,False,sending_grouping_mismatch,high,UCM,University of California Merced,College of San Mateo,CSE 015,sending_options_mismatch,sending options differ,"[['CIS 262 (3.00)'], ['MATH 268 (4.00)']]",[['CIS 262 (3.00)']],[],[],No CS-filtered impact: receiving course is not configured in course_reqs.py.,https://assist.org/transfer/results?year=76&institution=5&agreement=144&agreementType=to&viewAgreementsOptions=true&view=agreement&viewBy=major&viewSendingAgreements=false&viewByKey=76%2F5%2Fto%2F144%2FMajor%2Fbe462cb5-458a-4c3d-5be5-08dd9e07c477,76/5/to/144/Major/be462cb5-458a-4c3d-5be5-08dd9e07c477
info,no,False,False,option_order_only,low,UCR,University of California Riverside,Santa Monica College,CS 61,sending_options_mismatch,sending options differ,"[['CS 18 (3.00)'], ['CS 17 (3.00)', 'CS 42 (3.00)']]","[['CS 17 (3.00)', 'CS 42 (3.00)'], ['CS 18 (3.00)']]",[],[],No CS-filtered impact: receiving course is not configured in course_reqs.py.,https://assist.org/transfer/results?year=76&institution=137&agreement=46&agreementType=to&viewAgreementsOptions=true&view=agreement&viewBy=major&viewSendingAgreements=false&viewByKey=76%2F137%2Fto%2F46%2FMajor%2Fb3f7557b-47c0-4486-4ece-08de050a3a5e,76/137/to/46/Major/b3f7557b-47c0-4486-4ece-08de050a3a5e
info,no,False,False,sending_grouping_mismatch,high,UCR,University of California Riverside,San Diego Miramar College,CS 11,sending_options_mismatch,sending options differ,"[['MATH 245 (3.00)'], ['CISC 246 (3.00)']]","[['MATH 245 (3.00)'], ['CISC 246 (3.00)'], ['CISC 246 (3.00)']]",[],[],No CS-filtered impact: receiving course is not configured in course_reqs.py.,https://assist.org/transfer/results?year=76&institution=45&agreement=46&agreementType=to&viewAgreementsOptions=true&view=agreement&viewBy=major&viewSendingAgreements=false&viewByKey=76%2F45%2Fto%2F46%2FMajor%2Fb3f7557b-47c0-4486-4ece-08de050a3a5e,76/45/to/46/Major/b3f7557b-47c0-4486-4ece-08de050a3a5e
info,no,False,False,not_articulated_mismatch,high,UCSB,University of California Santa Barbara,Canada College,MCDB 1A; MCDB 1LL,not_articulated_mismatch,sending options differ,[['BIOL 230 (5.00)']],[['Not Articulated']],[],[],No CS-filtered impact: receiving course is not configured in course_reqs.py.,https://assist.org/transfer/results?year=76&institution=68&agreement=128&agreementType=to&viewAgreementsOptions=true&view=agreement&viewBy=major&viewSendingAgreements=false&viewByKey=76%2F68%2Fto%2F128%2FMajor%2F9b98e159-1754-4eb0-33c4-08ddf001012b,76/68/to/128/Major/9b98e159-1754-4eb0-33c4-08ddf001012b
info,no,False,False,sending_grouping_mismatch,high,UCSB,University of California Santa Barbara,Irvine Valley College,CHEM 1A; CHEM 1B; CHEM 1C; CHEM 2AL; CHEM 2BL,sending_options_mismatch,sending options differ,"[['CHEM 1A (5.00)', 'CHEM 1B (5.00)'], ['CHEM 1A (5.00)', 'CHEM 1BH (5.00)'], ['CHEM 1AH (5.00)', 'CHEM 1B (5.00)'], ['CHEM 1AH (5.00)', 'CHEM 1BH (5.00)']]","[['CHEM 1A (5.00)', 'CHEM 1AH (5.00)'], ['CHEM 1B (5.00)', 'CHEM 1BH (5.00)']]",[],[],No CS-filtered impact: receiving course is not configured in course_reqs.py.,https://assist.org/transfer/results?year=76&institution=124&agreement=128&agreementType=to&viewAgreementsOptions=true&view=agreement&viewBy=major&viewSendingAgreements=false&viewByKey=76%2F124%2Fto%2F128%2FMajor%2F9b98e159-1754-4eb0-33c4-08ddf001012b,76/124/to/128/Major/9b98e159-1754-4eb0-33c4-08ddf001012b
info,no,False,False,sending_grouping_mismatch,high,UCSB,University of California Santa Barbara,Moreno Valley College,CHEM 1A; CHEM 1B; CHEM 1C; CHEM 2AL; CHEM 2BL,sending_options_mismatch,sending options differ,"[['CHE 1A (5.00)', 'CHE 1B (5.00)'], ['CHE 1A (5.00)', 'CHE 1BH (5.00)'], ['CHE 1AH (5.00)', 'CHE 1B (5.00)'], ['CHE 1AH (5.00)', 'CHE 1BH (5.00)']]","[['CHE 1A (5.00)', 'CHE 1AH (5.00)'], ['CHE 1B (5.00)', 'CHE 1BH (5.00)']]",[],[],No CS-filtered impact: receiving course is not configured in course_reqs.py.,https://assist.org/transfer/results?year=76&institution=149&agreement=128&agreementType=to&viewAgreementsOptions=true&view=agreement&viewBy=major&viewSendingAgreements=false&viewByKey=76%2F149%2Fto%2F128%2FMajor%2F9b98e159-1754-4eb0-33c4-08ddf001012b,76/149/to/128/Major/9b98e159-1754-4eb0-33c4-08ddf001012b
info,no,False,False,sending_grouping_mismatch,high,UCSB,University of California Santa Barbara,Mount San Antonio College,CHEM 1A; CHEM 1B; CHEM 1C; CHEM 2AL; CHEM 2BL,sending_options_mismatch,sending options differ,"[['CHEM 50 (5.00)', 'CHEM 51 (5.00)'], ['CHEM 50 (5.00)', 'CHEM 51H (5.00)'], ['CHEM 50H (5.00)', 'CHEM 51 (5.00)'], ['CHEM 50H (5.00)', 'CHEM 51H (5.00)']]","[['CHEM 50 (5.00)', 'CHEM 50H (5.00)'], ['CHEM 51 (5.00)', 'CHEM 51H (5.00)']]",[],[],No CS-filtered impact: receiving course is not configured in course_reqs.py.,https://assist.org/transfer/results?year=76&institution=62&agreement=128&agreementType=to&viewAgreementsOptions=true&view=agreement&viewBy=major&viewSendingAgreements=false&viewByKey=76%2F62%2Fto%2F128%2FMajor%2F9b98e159-1754-4eb0-33c4-08ddf001012b,76/62/to/128/Major/9b98e159-1754-4eb0-33c4-08ddf001012b
info,no,False,False,sending_grouping_mismatch,high,UCSB,University of California Santa Barbara,Riverside City College,CHEM 1A; CHEM 1B; CHEM 1C; CHEM 2AL; CHEM 2BL,sending_options_mismatch,sending options differ,"[['CHE 1A (5.00)', 'CHE 1B (5.00)'], ['CHE 1A (5.00)', 'CHE 1BH (5.00)'], ['CHE 1AH (5.00)', 'CHE 1B (5.00)'], ['CHE 1AH (5.00)', 'CHE 1BH (5.00)']]","[['CHE 1A (5.00)', 'CHE 1AH (5.00)'], ['CHE 1B (5.00)', 'CHE 1BH (5.00)']]",[],[],No CS-filtered impact: receiving course is not configured in course_reqs.py.,https://assist.org/transfer/results?year=76&institution=78&agreement=128&agreementType=to&viewAgreementsOptions=true&view=agreement&viewBy=major&viewSendingAgreements=false&viewByKey=76%2F78%2Fto%2F128%2FMajor%2F9b98e159-1754-4eb0-33c4-08ddf001012b,76/78/to/128/Major/9b98e159-1754-4eb0-33c4-08ddf001012b
info,no,False,False,sending_grouping_mismatch,high,UCSB,University of California Santa Barbara,West Valley College,CHEM 1A; CHEM 1B; CHEM 1C; CHEM 2AL; CHEM 2BL,sending_options_mismatch,sending options differ,"[['CHEM 001A (5.00)', 'CHEM 001B (5.00)'], ['CHEM 001A (5.00)', 'CHEM 001BH (5.00)'], ['CHEM 001AH (5.00)', 'CHEM 001B (5.00)'], ['CHEM 001AH (5.00)', 'CHEM 001BH (5.00)']]","[['CHEM 001A (5.00)', 'CHEM 001AH (5.00)'], ['CHEM 001B (5.00)', 'CHEM 001BH (5.00)']]",[],[],No CS-filtered impact: receiving course is not configured in course_reqs.py.,https://assist.org/transfer/results?year=76&institution=80&agreement=128&agreementType=to&viewAgreementsOptions=true&view=agreement&viewBy=major&viewSendingAgreements=false&viewByKey=76%2F80%2Fto%2F128%2FMajor%2F9b98e159-1754-4eb0-33c4-08ddf001012b,76/80/to/128/Major/9b98e159-1754-4eb0-33c4-08ddf001012b
info,no,False,False,sending_grouping_mismatch,high,UCSB,University of California Santa Barbara,Compton College,MCDB 1A; MCDB 1LL,sending_options_mismatch,sending options differ,"[['BIOL 101 (5.00)', 'BIOL 102 (5.00)'], ['BIOL 101 (5.00)', 'BIOL 102H (5.00)'], ['BIOL 101H (5.00)', 'BIOL 102 (5.00)'], ['BIOL 101H (5.00)', 'BIOL 102H (5.00)'], ['BIOL 102 (5.00)', 'BIOL 103 (3.00)'], ['BIOL 102H (5.00)', 'BIOL 103 (3.00)']]","[['BIOL 101 (5.00)', 'BIOL 101H (5.00)'], ['BIOL 102 (5.00)', 'BIOL 102H (5.00)'], ['BIOL 103 (3.00)']]",[],[],No CS-filtered impact: receiving course is not configured in course_reqs.py.,https://assist.org/transfer/results?year=76&institution=153&agreement=128&agreementType=to&viewAgreementsOptions=true&view=agreement&viewBy=major&viewSendingAgreements=false&viewByKey=76%2F153%2Fto%2F128%2FMajor%2F9b98e159-1754-4eb0-33c4-08ddf001012b,76/153/to/128/Major/9b98e159-1754-4eb0-33c4-08ddf001012b
info,no,False,False,sending_grouping_mismatch,high,UCSB,University of California Santa Barbara,El Camino College,MCDB 1A; MCDB 1LL,sending_options_mismatch,sending options differ,"[['BIOL 110 (5.00)', 'BIOL 120 (5.00)'], ['BIOL 110 (5.00)', 'BIOL 120H (5.00)'], ['BIOL 110H (5.00)', 'BIOL 120 (5.00)'], ['BIOL 110H (5.00)', 'BIOL 120H (5.00)'], ['BIOL 120 (5.00)', 'BIOL 130 (3.00)'], ['BIOL 120H (5.00)', 'BIOL 130 (3.00)']]","[['BIOL 110 (5.00)', 'BIOL 110H (5.00)'], ['BIOL 120 (5.00)', 'BIOL 120H (5.00)'], ['BIOL 130 (3.00)']]",[],[],No CS-filtered impact: receiving course is not configured in course_reqs.py.,https://assist.org/transfer/results?year=76&institution=103&agreement=128&agreementType=to&viewAgreementsOptions=true&view=agreement&viewBy=major&viewSendingAgreements=false&viewByKey=76%2F103%2Fto%2F128%2FMajor%2F9b98e159-1754-4eb0-33c4-08ddf001012b,76/103/to/128/Major/9b98e159-1754-4eb0-33c4-08ddf001012b
info,no,False,False,sending_grouping_mismatch,high,UCSB,University of California Santa Barbara,Compton College,MCDB 1B,sending_options_mismatch,sending options differ,"[['BIOL 101 (5.00)', 'BIOL 102 (5.00)'], ['BIOL 101 (5.00)', 'BIOL 102H (5.00)'], ['BIOL 101H (5.00)', 'BIOL 102 (5.00)'], ['BIOL 101H (5.00)', 'BIOL 102H (5.00)'], ['BIOL 102 (5.00)', 'BIOL 103 (3.00)'], ['BIOL 102H (5.00)', 'BIOL 103 (3.00)']]","[['BIOL 101 (5.00)', 'BIOL 101H (5.00)'], ['BIOL 102 (5.00)', 'BIOL 102H (5.00)'], ['BIOL 103 (3.00)']]",[],[],No CS-filtered impact: receiving course is not configured in course_reqs.py.,https://assist.org/transfer/results?year=76&institution=153&agreement=128&agreementType=to&viewAgreementsOptions=true&view=agreement&viewBy=major&viewSendingAgreements=false&viewByKey=76%2F153%2Fto%2F128%2FMajor%2F9b98e159-1754-4eb0-33c4-08ddf001012b,76/153/to/128/Major/9b98e159-1754-4eb0-33c4-08ddf001012b
info,no,False,False,sending_grouping_mismatch,high,UCSB,University of California Santa Barbara,El Camino College,MCDB 1B,sending_options_mismatch,sending options differ,"[['BIOL 110 (5.00)', 'BIOL 120 (5.00)'], ['BIOL 110 (5.00)', 'BIOL 120H (5.00)'], ['BIOL 110H (5.00)', 'BIOL 120 (5.00)'], ['BIOL 110H (5.00)', 'BIOL 120H (5.00)'], ['BIOL 120 (5.00)', 'BIOL 130 (3.00)'], ['BIOL 120H (5.00)', 'BIOL 130 (3.00)']]","[['BIOL 110 (5.00)', 'BIOL 110H (5.00)'], ['BIOL 120 (5.00)', 'BIOL 120H (5.00)'], ['BIOL 130 (3.00)']]",[],[],No CS-filtered impact: receiving course is not configured in course_reqs.py.,https://assist.org/transfer/results?year=76&institution=103&agreement=128&agreementType=to&viewAgreementsOptions=true&view=agreement&viewBy=major&viewSendingAgreements=false&viewByKey=76%2F103%2Fto%2F128%2FMajor%2F9b98e159-1754-4eb0-33c4-08ddf001012b,76/103/to/128/Major/9b98e159-1754-4eb0-33c4-08ddf001012b
info,no,False,False,option_order_only,low,UCSD,University of California San Diego,Sierra College,CHEM 6A,sending_options_mismatch,sending options differ,"[['CHEM 1A (5.00)'], ['CHEM 3A (3.00)', 'CHEM 3B (3.00)']]","[['CHEM 3A (3.00)', 'CHEM 3B (3.00)'], ['CHEM 1A (5.00)']]",[],[],No CS-filtered impact: receiving course is not configured in course_reqs.py.,https://assist.org/transfer/results?year=76&institution=93&agreement=7&agreementType=to&viewAgreementsOptions=true&view=agreement&viewBy=major&viewSendingAgreements=false&viewByKey=76%2F93%2Fto%2F7%2FMajor%2F76ab1c59-2dcf-4c6f-f364-08ddd3b241a4,76/93/to/7/Major/76ab1c59-2dcf-4c6f-f364-08ddd3b241a4
