cc,uc,status,receiving,issue_type,message,exception_covered,expected,actual,url
Allan Hancock College,University of California Berkeley,fail,,unexpected_row,unexpected raw CSV row,False,,"(('ENGL C1000 (4.00)',), ('ENGL 102 (3.00)',))",https://assist.org/transfer/results?year=76&institution=110&agreement=79&agreementType=to&viewAgreementsOptions=true&view=agreement&viewBy=major&viewSendingAgreements=false&viewByKey=76%2F110%2Fto%2F79%2FMajor%2F7d01fb7b-2afa-460e-ace0-08ddbf3f4ee7
Allan Hancock College,University of California Berkeley,fail,Requirement,missing_row,missing raw CSV row,False,"(('ENGL C1000 (4.00)',), ('ENGL 102 (3.00)',))",,https://assist.org/transfer/results?year=76&institution=110&agreement=79&agreementType=to&viewAgreementsOptions=true&view=agreement&viewBy=major&viewSendingAgreements=false&viewByKey=76%2F110%2Fto%2F79%2FMajor%2F7d01fb7b-2afa-460e-ace0-08ddbf3f4ee7
Allan Hancock College,University of California Los Angeles,fail,,unexpected_row,unexpected raw CSV row,False,,"(('ENGL 102 (3.00)',), ('ENGL C1001 (3.00)',), ('PHIL 114 (3.00)',), ('CS 111 (4.00)',))",https://assist.org/transfer/results?year=76&institution=110&agreement=117&agreementType=to&viewAgreementsOptions=true&view=agreement&viewBy=major&viewSendingAgreements=false&viewByKey=76%2F110%2Fto%2F117%2FMajor%2F3fc7b07d-4058-4a0a-1f72-08ddcb96df9e
Allan Hancock College,University of California Los Angeles,fail,Requirement,missing_row,missing raw CSV row,False,"(('ENGL 102 (3.00)',), ('ENGL C1001 (3.00)',), ('PHIL 114 (3.00)',), ('CS 111 (4.00)',))",,https://assist.org/transfer/results?year=76&institution=110&agreement=117&agreementType=to&viewAgreementsOptions=true&view=agreement&viewBy=major&viewSendingAgreements=false&viewByKey=76%2F110%2Fto%2F117%2FMajor%2F3fc7b07d-4058-4a0a-1f72-08ddcb96df9e
Allan Hancock College,University of California Merced,fail,EE 060,missing_row,missing raw CSV row,False,"(('Not Articulated',),)",,https://assist.org/transfer/results?year=76&institution=110&agreement=144&agreementType=to&viewAgreementsOptions=true&view=agreement&viewBy=major&viewSendingAgreements=false&viewByKey=76%2F110%2Fto%2F144%2FMajor%2Fbe462cb5-458a-4c3d-5be5-08dd9e07c477
American River College,University of California Berkeley,fail,,unexpected_row,unexpected raw CSV row,False,,"(('ENGL C1000 (3.00)',), ('ENGL C1000H (3.00)',), ('ENGWR 301 (3.00)', 'ENGWR 303 (4.00)', 'ENGWR 481 (3.00)', 'ENGL C1001 (3.00)', 'ENGL C1000H (3.00)'))",https://assist.org/transfer/results?year=76&institution=27&agreement=79&agreementType=to&viewAgreementsOptions=true&view=agreement&viewBy=major&viewSendingAgreements=false&viewByKey=76%2F27%2Fto%2F79%2FMajor%2F7d01fb7b-2afa-460e-ace0-08ddbf3f4ee7
American River College,University of California Berkeley,fail,Requirement,missing_row,missing raw CSV row,False,"(('ENGL C1000 (3.00)',), ('ENGL C1000H (3.00)',), ('ENGWR 301 (3.00)',), ('ENGWR 303 (4.00)',), ('ENGWR 481 (3.00)',), ('ENGL C1001 (3.00)',))",,https://assist.org/transfer/results?year=76&institution=27&agreement=79&agreementType=to&viewAgreementsOptions=true&view=agreement&viewBy=major&viewSendingAgreements=false&viewByKey=76%2F27%2Fto%2F79%2FMajor%2F7d01fb7b-2afa-460e-ace0-08ddbf3f4ee7
American River College,University of California Los Angeles,fail,,unexpected_row,unexpected raw CSV row,False,,"(('ENGWR 301 (3.00)',), ('ENGL C1001 (3.00)',), ('ENGWR 481 (3.00)',), ('ENGL C1001H (3.00)',), ('CISP 400 (4.00)',))",https://assist.org/transfer/results?year=76&institution=27&agreement=117&agreementType=to&viewAgreementsOptions=true&view=agreement&viewBy=major&viewSendingAgreements=false&viewByKey=76%2F27%2Fto%2F117%2FMajor%2F3fc7b07d-4058-4a0a-1f72-08ddcb96df9e
American River College,University of California Los Angeles,fail,Requirement,missing_row,missing raw CSV row,False,"(('ENGWR 301 (3.00)',), ('ENGL C1001 (3.00)',), ('ENGWR 481 (3.00)',), ('ENGL C1001H (3.00)',), ('CISP 400 (4.00)',))",,https://assist.org/transfer/results?year=76&institution=27&agreement=117&agreementType=to&viewAgreementsOptions=true&view=agreement&viewBy=major&viewSendingAgreements=false&viewByKey=76%2F27%2Fto%2F117%2FMajor%2F3fc7b07d-4058-4a0a-1f72-08ddcb96df9e
American River College,University of California Merced,fail,EE 060,missing_row,missing raw CSV row,False,"(('Not Articulated',),)",,https://assist.org/transfer/results?year=76&institution=27&agreement=144&agreementType=to&viewAgreementsOptions=true&view=agreement&viewBy=major&viewSendingAgreements=false&viewByKey=76%2F27%2Fto%2F144%2FMajor%2Fbe462cb5-458a-4c3d-5be5-08dd9e07c477
Antelope Valley College,University of California Berkeley,fail,Requirement,sending_options_mismatch,sending options differ,False,"(('ENGL C1000 (3.00)',), ('ENGL 102 (3.00)',), ('ENGL 102H (3.00)',), ('ENGL C1001 (3.00)',))","(('ENGL C1001 (3.00)',),)",https://assist.org/transfer/results?year=76&institution=121&agreement=79&agreementType=to&viewAgreementsOptions=true&view=agreement&viewBy=major&viewSendingAgreements=false&viewByKey=76%2F121%2Fto%2F79%2FMajor%2F7d01fb7b-2afa-460e-ace0-08ddbf3f4ee7
Bakersfield College,University of California Berkeley,fail,,unexpected_row,unexpected raw CSV row,False,,"(('ENGL C1000 (3.00)', 'ENGL C1001 (4.00)'), ('ENGL B3 (4.00)', 'ENGL C1001 (4.00)'))",https://assist.org/transfer/results?year=76&institution=84&agreement=79&agreementType=to&viewAgreementsOptions=true&view=agreement&viewBy=major&viewSendingAgreements=false&viewByKey=76%2F84%2Fto%2F79%2FMajor%2F7d01fb7b-2afa-460e-ace0-08ddbf3f4ee7
Bakersfield College,University of California Berkeley,fail,Requirement,missing_row,missing raw CSV row,False,"(('ENGL C1000 (3.00)',), ('ENGL C1001 (4.00)',), ('ENGL B3 (4.00)',))",,https://assist.org/transfer/results?year=76&institution=84&agreement=79&agreementType=to&viewAgreementsOptions=true&view=agreement&viewBy=major&viewSendingAgreements=false&viewByKey=76%2F84%2Fto%2F79%2FMajor%2F7d01fb7b-2afa-460e-ace0-08ddbf3f4ee7
Bakersfield College,University of California Los Angeles,fail,,unexpected_row,unexpected raw CSV row,False,,"(('ENGL C1001 (4.00)',), ('PHIL B9 (3.00)',), ('COMP B12 (3.00)',), ('ENGR B19C (4.00)',))",https://assist.org/transfer/results?year=76&institution=84&agreement=117&agreementType=to&viewAgreementsOptions=true&view=agreement&viewBy=major&viewSendingAgreements=false&viewByKey=76%2F84%2Fto%2F117%2FMajor%2F3fc7b07d-4058-4a0a-1f72-08ddcb96df9e
Bakersfield College,University of California Los Angeles,fail,Requirement,missing_row,missing raw CSV row,False,"(('ENGL C1001 (4.00)',), ('PHIL B9 (3.00)',), ('COMP B12 (3.00)',), ('ENGR B19C (4.00)',))",,https://assist.org/transfer/results?year=76&institution=84&agreement=117&agreementType=to&viewAgreementsOptions=true&view=agreement&viewBy=major&viewSendingAgreements=false&viewByKey=76%2F84%2Fto%2F117%2FMajor%2F3fc7b07d-4058-4a0a-1f72-08ddcb96df9e
Bakersfield College,University of California Merced,fail,EE 060,missing_row,missing raw CSV row,False,"(('Not Articulated',),)",,https://assist.org/transfer/results?year=76&institution=84&agreement=144&agreementType=to&viewAgreementsOptions=true&view=agreement&viewBy=major&viewSendingAgreements=false&viewByKey=76%2F84%2Fto%2F144%2FMajor%2Fbe462cb5-458a-4c3d-5be5-08dd9e07c477
Barstow Community College,University of California Berkeley,fail,,unexpected_row,unexpected raw CSV row,False,,"(('ENGL 1B (3.00)', 'ENGL C1000 (4.00)'), ('ENGL 1B (3.00)', 'ENGL C1001 (4.00)'))",https://assist.org/transfer/results?year=76&institution=20&agreement=79&agreementType=to&viewAgreementsOptions=true&view=agreement&viewBy=major&viewSendingAgreements=false&viewByKey=76%2F20%2Fto%2F79%2FMajor%2F7d01fb7b-2afa-460e-ace0-08ddbf3f4ee7
Barstow Community College,University of California Berkeley,fail,Requirement,missing_row,missing raw CSV row,False,"(('ENGL 1B (3.00)', 'ENGL C1000 (4.00)'), ('ENGL 1B (3.00)', 'ENGL C1001 (4.00)'))",,https://assist.org/transfer/results?year=76&institution=20&agreement=79&agreementType=to&viewAgreementsOptions=true&view=agreement&viewBy=major&viewSendingAgreements=false&viewByKey=76%2F20%2Fto%2F79%2FMajor%2F7d01fb7b-2afa-460e-ace0-08ddbf3f4ee7
Barstow Community College,University of California Los Angeles,fail,,unexpected_row,unexpected raw CSV row,False,,"(('ENGL 1B (3.00)',), ('ENGL C1001 (4.00)',), ('Not Articulated',))",https://assist.org/transfer/results?year=76&institution=20&agreement=117&agreementType=to&viewAgreementsOptions=true&view=agreement&viewBy=major&viewSendingAgreements=false&viewByKey=76%2F20%2Fto%2F117%2FMajor%2F3fc7b07d-4058-4a0a-1f72-08ddcb96df9e
Barstow Community College,University of California Los Angeles,fail,Requirement,missing_row,missing raw CSV row,False,"(('ENGL 1B (3.00)',), ('ENGL C1001 (4.00)',))",,https://assist.org/transfer/results?year=76&institution=20&agreement=117&agreementType=to&viewAgreementsOptions=true&view=agreement&viewBy=major&viewSendingAgreements=false&viewByKey=76%2F20%2Fto%2F117%2FMajor%2F3fc7b07d-4058-4a0a-1f72-08ddcb96df9e
Barstow Community College,University of California Merced,fail,EE 060,missing_row,missing raw CSV row,False,"(('Not Articulated',),)",,https://assist.org/transfer/results?year=76&institution=20&agreement=144&agreementType=to&viewAgreementsOptions=true&view=agreement&viewBy=major&viewSendingAgreements=false&viewByKey=76%2F20%2Fto%2F144%2FMajor%2Fbe462cb5-458a-4c3d-5be5-08dd9e07c477
Berkeley City College,University of California Berkeley,fail,Requirement,sending_options_mismatch,sending options differ,False,"(('ENGL C1000 (4.00)',), ('ENGL 1B (4.00)',))","(('ENGL 1B (4.00)',),)",https://assist.org/transfer/results?year=76&institution=58&agreement=79&agreementType=to&viewAgreementsOptions=true&view=agreement&viewBy=major&viewSendingAgreements=false&viewByKey=76%2F58%2Fto%2F79%2FMajor%2F7d01fb7b-2afa-460e-ace0-08ddbf3f4ee7
Butte College,University of California Berkeley,fail,Requirement,sending_options_mismatch,sending options differ,False,"(('ENGL C1000 (4.00)',), ('ENGL C1000E (4.00)',), ('ENGL 4 (3.00)',), ('ENGL C1001 (3.00)',))","(('ENGL 4 (3.00)',), ('ENGL C1001 (3.00)',))",https://assist.org/transfer/results?year=76&institution=8&agreement=79&agreementType=to&viewAgreementsOptions=true&view=agreement&viewBy=major&viewSendingAgreements=false&viewByKey=76%2F8%2Fto%2F79%2FMajor%2F7d01fb7b-2afa-460e-ace0-08ddbf3f4ee7
Butte College,University of California Los Angeles,fail,Requirement,sending_options_mismatch,sending options differ,False,"(('ENGL 4 (3.00)',), ('ENGL C1001 (3.00)',), ('PHIL 8 (3.00)',), ('CMST 14 (3.00)',), ('CSCI 20 (3.00)', 'CSCI 21 (3.00)'))","(('CSCI 20 (3.00)', 'CSCI 21 (3.00)'),)",https://assist.org/transfer/results?year=76&institution=8&agreement=117&agreementType=to&viewAgreementsOptions=true&view=agreement&viewBy=major&viewSendingAgreements=false&viewByKey=76%2F8%2Fto%2F117%2FMajor%2F3fc7b07d-4058-4a0a-1f72-08ddcb96df9e
Cabrillo College,University of California Berkeley,fail,,unexpected_row,unexpected raw CSV row,False,,"(('ENGL C1000 (3.00)', 'ENGL C1000H (3.00)', 'ENGL 1AMC (3.00)', 'ENGL 1AMCH (3.00)', 'ESL 1A (3.00)'), ('ENGL 1B (3.00)', 'ENGL 1BH (3.00)', 'ENGL 1BMC (3.00)', 'ENGL C1001 (3.00)', 'ENGL C1001H (3.00)'))",https://assist.org/transfer/results?year=76&institution=41&agreement=79&agreementType=to&viewAgreementsOptions=true&view=agreement&viewBy=major&viewSendingAgreements=false&viewByKey=76%2F41%2Fto%2F79%2FMajor%2F7d01fb7b-2afa-460e-ace0-08ddbf3f4ee7
Cabrillo College,University of California Berkeley,fail,Requirement,missing_row,missing raw CSV row,False,"(('ENGL C1000 (3.00)',), ('ENGL C1000H (3.00)',), ('ENGL 1AMC (3.00)',), ('ENGL 1AMCH (3.00)',), ('ESL 1A (3.00)',), ('ENGL 1B (3.00)',), ('ENGL 1BH (3.00)',), ('ENGL 1BMC (3.00)',), ('ENGL C1001 (3.00)',), ('ENGL C1001H (3.00)',))",,https://assist.org/transfer/results?year=76&institution=41&agreement=79&agreementType=to&viewAgreementsOptions=true&view=agreement&viewBy=major&viewSendingAgreements=false&viewByKey=76%2F41%2Fto%2F79%2FMajor%2F7d01fb7b-2afa-460e-ace0-08ddbf3f4ee7
Cabrillo College,University of California Los Angeles,fail,,unexpected_row,unexpected raw CSV row,False,,"(('ENGL 1C (3.00)',), ('PHILO 49 (3.00)',), ('ENGL 1B (3.00)',), ('ENGL 1BMC (3.00)',), ('ENGL C1001 (3.00)',), ('CS 11 (4.00)',))",https://assist.org/transfer/results?year=76&institution=41&agreement=117&agreementType=to&viewAgreementsOptions=true&view=agreement&viewBy=major&viewSendingAgreements=false&viewByKey=76%2F41%2Fto%2F117%2FMajor%2F3fc7b07d-4058-4a0a-1f72-08ddcb96df9e
Cabrillo College,University of California Los Angeles,fail,ENGCOMP 3,sending_options_mismatch,sending options differ,False,"(('ENGL C1000 (3.00)',), ('ENGL C1000H (3.00)',), ('ESL 1A (3.00)',))","(('ENGL C1000 (3.00)', 'ENGL C1000H (3.00)'), ('ESL 1A (3.00)',))",https://assist.org/transfer/results?year=76&institution=41&agreement=117&agreementType=to&viewAgreementsOptions=true&view=agreement&viewBy=major&viewSendingAgreements=false&viewByKey=76%2F41%2Fto%2F117%2FMajor%2F3fc7b07d-4058-4a0a-1f72-08ddcb96df9e
Cabrillo College,University of California Los Angeles,fail,Requirement,missing_row,missing raw CSV row,False,"(('ENGL 1C (3.00)',), ('PHILO 49 (3.00)',), ('ENGL 1B (3.00)',), ('ENGL 1BMC (3.00)',), ('ENGL C1001 (3.00)',), ('CS 11 (4.00)',))",,https://assist.org/transfer/results?year=76&institution=41&agreement=117&agreementType=to&viewAgreementsOptions=true&view=agreement&viewBy=major&viewSendingAgreements=false&viewByKey=76%2F41%2Fto%2F117%2FMajor%2F3fc7b07d-4058-4a0a-1f72-08ddcb96df9e
Cabrillo College,University of California Merced,fail,EE 060,missing_row,missing raw CSV row,False,"(('Not Articulated',),)",,https://assist.org/transfer/results?year=76&institution=41&agreement=144&agreementType=to&viewAgreementsOptions=true&view=agreement&viewBy=major&viewSendingAgreements=false&viewByKey=76%2F41%2Fto%2F144%2FMajor%2Fbe462cb5-458a-4c3d-5be5-08dd9e07c477
Canada College,University of California Berkeley,fail,,unexpected_row,unexpected raw CSV row,False,,"(('ENGL C1000 (3.00)', 'ENGL C1000E (5.00)'), ('ENGL 110 (3.00)', 'ENGL C1001 (3.00)'))",https://assist.org/transfer/results?year=76&institution=68&agreement=79&agreementType=to&viewAgreementsOptions=true&view=agreement&viewBy=major&viewSendingAgreements=false&viewByKey=76%2F68%2Fto%2F79%2FMajor%2F7d01fb7b-2afa-460e-ace0-08ddbf3f4ee7
Canada College,University of California Berkeley,fail,Requirement,missing_row,missing raw CSV row,False,"(('ENGL C1000 (3.00)',), ('ENGL C1000E (5.00)',), ('ENGL 110 (3.00)',), ('ENGL C1001 (3.00)',))",,https://assist.org/transfer/results?year=76&institution=68&agreement=79&agreementType=to&viewAgreementsOptions=true&view=agreement&viewBy=major&viewSendingAgreements=false&viewByKey=76%2F68%2Fto%2F79%2FMajor%2F7d01fb7b-2afa-460e-ace0-08ddbf3f4ee7
Canada College,University of California Los Angeles,fail,,unexpected_row,unexpected raw CSV row,False,,"(('ENGL 110 (3.00)',), ('ENGL C1001 (3.00)',), ('CIS 250 (3.00)',))",https://assist.org/transfer/results?year=76&institution=68&agreement=117&agreementType=to&viewAgreementsOptions=true&view=agreement&viewBy=major&viewSendingAgreements=false&viewByKey=76%2F68%2Fto%2F117%2FMajor%2F3fc7b07d-4058-4a0a-1f72-08ddcb96df9e
Canada College,University of California Los Angeles,fail,Requirement,missing_row,missing raw CSV row,False,"(('ENGL 110 (3.00)',), ('ENGL C1001 (3.00)',), ('CIS 250 (3.00)',))",,https://assist.org/transfer/results?year=76&institution=68&agreement=117&agreementType=to&viewAgreementsOptions=true&view=agreement&viewBy=major&viewSendingAgreements=false&viewByKey=76%2F68%2Fto%2F117%2FMajor%2F3fc7b07d-4058-4a0a-1f72-08ddcb96df9e
Canada College,University of California Merced,fail,EE 060,missing_row,missing raw CSV row,False,"(('Not Articulated',),)",,https://assist.org/transfer/results?year=76&institution=68&agreement=144&agreementType=to&viewAgreementsOptions=true&view=agreement&viewBy=major&viewSendingAgreements=false&viewByKey=76%2F68%2Fto%2F144%2FMajor%2Fbe462cb5-458a-4c3d-5be5-08dd9e07c477
Canada College,University of California Santa Barbara,fail,MCDB 1A; MCDB 1LL,not_articulated_mismatch,sending options differ,False,"(('BIOL 230 (5.00)',),)","(('Not Articulated',),)",https://assist.org/transfer/results?year=76&institution=68&agreement=128&agreementType=to&viewAgreementsOptions=true&view=agreement&viewBy=major&viewSendingAgreements=false&viewByKey=76%2F68%2Fto%2F128%2FMajor%2F9b98e159-1754-4eb0-33c4-08ddf001012b
Cerritos College,University of California Berkeley,fail,,unexpected_row,unexpected raw CSV row,False,,"(('ENGL C1000 (4.00)', 'ENGL C1000E (4.50)'), ('ENGL 102 (3.00)', 'ENGL C1001 (4.00)', 'ENGL 110 (4.00)', 'READ 103 (3.00)'))",https://assist.org/transfer/results?year=76&institution=104&agreement=79&agreementType=to&viewAgreementsOptions=true&view=agreement&viewBy=major&viewSendingAgreements=false&viewByKey=76%2F104%2Fto%2F79%2FMajor%2F7d01fb7b-2afa-460e-ace0-08ddbf3f4ee7
Cerritos College,University of California Berkeley,fail,Requirement,missing_row,missing raw CSV row,False,"(('ENGL C1000 (4.00)',), ('ENGL C1000E (4.50)',), ('ENGL 102 (3.00)',), ('ENGL C1001 (4.00)',), ('ENGL 110 (4.00)',), ('READ 103 (3.00)',))",,https://assist.org/transfer/results?year=76&institution=104&agreement=79&agreementType=to&viewAgreementsOptions=true&view=agreement&viewBy=major&viewSendingAgreements=false&viewByKey=76%2F104%2Fto%2F79%2FMajor%2F7d01fb7b-2afa-460e-ace0-08ddbf3f4ee7
Cerritos College,University of California Los Angeles,fail,,unexpected_row,unexpected raw CSV row,False,,"(('ENGL 102 (3.00)',), ('ENGL C1001 (4.00)',), ('ENGL 110 (4.00)',), ('PHIL 103 (3.00)',), ('PSYC 103 (3.00)',), ('COMM 103 (3.00)',), ('CIS 180 (3.50)',), ('CIS 280X (3.50)',))",https://assist.org/transfer/results?year=76&institution=104&agreement=117&agreementType=to&viewAgreementsOptions=true&view=agreement&viewBy=major&viewSendingAgreements=false&viewByKey=76%2F104%2Fto%2F117%2FMajor%2F3fc7b07d-4058-4a0a-1f72-08ddcb96df9e
Cerritos College,University of California Los Angeles,fail,Requirement,missing_row,missing raw CSV row,False,"(('ENGL 102 (3.00)',), ('ENGL C1001 (4.00)',), ('ENGL 110 (4.00)',), ('PHIL 103 (3.00)',), ('PSYC 103 (3.00)',), ('COMM 103 (3.00)',), ('CIS 180 (3.50)',), ('CIS 280X (3.50)',))",,https://assist.org/transfer/results?year=76&institution=104&agreement=117&agreementType=to&viewAgreementsOptions=true&view=agreement&viewBy=major&viewSendingAgreements=false&viewByKey=76%2F104%2Fto%2F117%2FMajor%2F3fc7b07d-4058-4a0a-1f72-08ddcb96df9e
Cerritos College,University of California Merced,fail,EE 060,missing_row,missing raw CSV row,False,"(('Not Articulated',),)",,https://assist.org/transfer/results?year=76&institution=104&agreement=144&agreementType=to&viewAgreementsOptions=true&view=agreement&viewBy=major&viewSendingAgreements=false&viewByKey=76%2F104%2Fto%2F144%2FMajor%2Fbe462cb5-458a-4c3d-5be5-08dd9e07c477
Cerro Coso Community College,University of California Berkeley,fail,Requirement,sending_options_mismatch,sending options differ,False,"(('ENGL C1000 (4.00)',), ('ENGL C102 (4.00)',), ('ENGL C102H (5.00)',))","(('ENGL C102 (4.00)',), ('ENGL C102H (5.00)',))",https://assist.org/transfer/results?year=76&institution=9&agreement=79&agreementType=to&viewAgreementsOptions=true&view=agreement&viewBy=major&viewSendingAgreements=false&viewByKey=76%2F9%2Fto%2F79%2FMajor%2F7d01fb7b-2afa-460e-ace0-08ddbf3f4ee7
Chabot College,University of California Berkeley,fail,,unexpected_row,unexpected raw CSV row,False,,"(('ENGL C1000 (4.00)',), ('ENGL 4A (4.00)', 'ENGL C1001 (4.00)'))",https://assist.org/transfer/results?year=76&institution=96&agreement=79&agreementType=to&viewAgreementsOptions=true&view=agreement&viewBy=major&viewSendingAgreements=false&viewByKey=76%2F96%2Fto%2F79%2FMajor%2F7d01fb7b-2afa-460e-ace0-08ddbf3f4ee7
Chabot College,University of California Berkeley,fail,Requirement,missing_row,missing raw CSV row,False,"(('ENGL C1000 (4.00)',), ('ENGL 4A (4.00)',), ('ENGL C1001 (4.00)',))",,https://assist.org/transfer/results?year=76&institution=96&agreement=79&agreementType=to&viewAgreementsOptions=true&view=agreement&viewBy=major&viewSendingAgreements=false&viewByKey=76%2F96%2Fto%2F79%2FMajor%2F7d01fb7b-2afa-460e-ace0-08ddbf3f4ee7
Chabot College,University of California Davis,fail,PHY 009A; PHY 009B; PHY 009C,missing_row,missing raw CSV row,False,"(('PHYS 7A (5.00)', 'PHYS 7B (5.00)', 'PHYS 7C (5.00)'),)",,https://assist.org/transfer/results?year=76&institution=96&agreement=89&agreementType=to&viewAgreementsOptions=true&view=agreement&viewBy=major&viewSendingAgreements=false&viewByKey=76%2F96%2Fto%2F89%2FMajor%2F37adebfb-6deb-4e42-34ac-08ddb349963e
Chabot College,University of California Los Angeles,fail,,unexpected_row,unexpected raw CSV row,False,,"(('ENGL 4A (4.00)',), ('ENGL C1001 (4.00)',), ('CSCI 14 (4.00)',), ('CSCI 15 (4.00)',), ('ENGR 25 (3.00)',))",https://assist.org/transfer/results?year=76&institution=96&agreement=117&agreementType=to&viewAgreementsOptions=true&view=agreement&viewBy=major&viewSendingAgreements=false&viewByKey=76%2F96%2Fto%2F117%2FMajor%2F3fc7b07d-4058-4a0a-1f72-08ddcb96df9e
Chabot College,University of California Los Angeles,fail,Requirement,missing_row,missing raw CSV row,False,"(('ENGL 4A (4.00)',), ('ENGL C1001 (4.00)',), ('CSCI 14 (4.00)',), ('CSCI 15 (4.00)',), ('ENGR 25 (3.00)',))",,https://assist.org/transfer/results?year=76&institution=96&agreement=117&agreementType=to&viewAgreementsOptions=true&view=agreement&viewBy=major&viewSendingAgreements=false&viewByKey=76%2F96%2Fto%2F117%2FMajor%2F3fc7b07d-4058-4a0a-1f72-08ddcb96df9e
Chabot College,University of California Merced,fail,EE 060,missing_row,missing raw CSV row,False,"(('Not Articulated',),)",,https://assist.org/transfer/results?year=76&institution=96&agreement=144&agreementType=to&viewAgreementsOptions=true&view=agreement&viewBy=major&viewSendingAgreements=false&viewByKey=76%2F96%2Fto%2F144%2FMajor%2Fbe462cb5-458a-4c3d-5be5-08dd9e07c477
Chabot College,University of California Merced,fail,PHYS 008; PHYS 008L,sending_options_mismatch,sending options differ,False,"(('PHYS 4A (5.00)',), ('PHYS 7A (5.00)', 'PHYS 7B (5.00)'))","(('PHYS 7A (5.00)', 'PHYS 7B (5.00)'), ('PHYS 4A (5.00)',))",https://assist.org/transfer/results?year=76&institution=96&agreement=144&agreementType=to&viewAgreementsOptions=true&view=agreement&viewBy=major&viewSendingAgreements=false&viewByKey=76%2F96%2Fto%2F144%2FMajor%2Fbe462cb5-458a-4c3d-5be5-08dd9e07c477
Chaffey College,University of California Berkeley,fail,,unexpected_row,unexpected raw CSV row,False,,"(('ENGL 1A (3.00)',), ('ENGL 1B (3.00)',))",https://assist.org/transfer/results?year=76&institution=69&agreement=79&agreementType=to&viewAgreementsOptions=true&view=agreement&viewBy=major&viewSendingAgreements=false&viewByKey=76%2F69%2Fto%2F79%2FMajor%2F7d01fb7b-2afa-460e-ace0-08ddbf3f4ee7
Chaffey College,University of California Berkeley,fail,Requirement,missing_row,missing raw CSV row,False,"(('ENGL 1A (3.00)',), ('ENGL 1B (3.00)',))",,https://assist.org/transfer/results?year=76&institution=69&agreement=79&agreementType=to&viewAgreementsOptions=true&view=agreement&viewBy=major&viewSendingAgreements=false&viewByKey=76%2F69%2Fto%2F79%2FMajor%2F7d01fb7b-2afa-460e-ace0-08ddbf3f4ee7
Chaffey College,University of California Los Angeles,fail,,unexpected_row,unexpected raw CSV row,False,,"(('ENGL 1B (3.00)',), ('ENGL 1C (3.00)',), ('Not Articulated',))",https://assist.org/transfer/results?year=76&institution=69&agreement=117&agreementType=to&viewAgreementsOptions=true&view=agreement&viewBy=major&viewSendingAgreements=false&viewByKey=76%2F69%2Fto%2F117%2FMajor%2F3fc7b07d-4058-4a0a-1f72-08ddcb96df9e
Chaffey College,University of California Los Angeles,fail,Requirement,missing_row,missing raw CSV row,False,"(('ENGL 1B (3.00)',), ('ENGL 1C (3.00)',))",,https://assist.org/transfer/results?year=76&institution=69&agreement=117&agreementType=to&viewAgreementsOptions=true&view=agreement&viewBy=major&viewSendingAgreements=false&viewByKey=76%2F69%2Fto%2F117%2FMajor%2F3fc7b07d-4058-4a0a-1f72-08ddcb96df9e
Chaffey College,University of California Merced,fail,EE 060,missing_row,missing raw CSV row,False,"(('Not Articulated',),)",,https://assist.org/transfer/results?year=76&institution=69&agreement=144&agreementType=to&viewAgreementsOptions=true&view=agreement&viewBy=major&viewSendingAgreements=false&viewByKey=76%2F69%2Fto%2F144%2FMajor%2Fbe462cb5-458a-4c3d-5be5-08dd9e07c477
Citrus College,University of California Berkeley,fail,,unexpected_row,unexpected raw CSV row,False,,"(('ENGL C1000 (4.00)', 'ENGL C1000 E (5.00)', 'ENGL C1000 H (4.00)', 'ENGL 102 (3.00)'), ('ENGL 103 (3.00)', 'ENGL 103H (3.00)', 'ENGL C1001 (3.00)', 'ENGL C1001 H (3.00)'))",https://assist.org/transfer/results?year=76&institution=97&agreement=79&agreementType=to&viewAgreementsOptions=true&view=agreement&viewBy=major&viewSendingAgreements=false&viewByKey=76%2F97%2Fto%2F79%2FMajor%2F7d01fb7b-2afa-460e-ace0-08ddbf3f4ee7
Citrus College,University of California Berkeley,fail,Requirement,missing_row,missing raw CSV row,False,"(('ENGL C1000 (4.00)',), ('ENGL C1000 E (5.00)',), ('ENGL C1000 H (4.00)',), ('ENGL 102 (3.00)',), ('ENGL 103 (3.00)',), ('ENGL 103H (3.00)',), ('ENGL C1001 (3.00)',), ('ENGL C1001 H (3.00)',))",,https://assist.org/transfer/results?year=76&institution=97&agreement=79&agreementType=to&viewAgreementsOptions=true&view=agreement&viewBy=major&viewSendingAgreements=false&viewByKey=76%2F97%2Fto%2F79%2FMajor%2F7d01fb7b-2afa-460e-ace0-08ddbf3f4ee7
Citrus College,University of California Los Angeles,fail,,unexpected_row,unexpected raw CSV row,False,,"(('ENGL 102 (3.00)',), ('ENGL 103 (3.00)',), ('ENGL 103H (3.00)',), ('ENGL C1001 (3.00)',), ('ENGL C1001 H (3.00)',), ('Not Articulated',))",https://assist.org/transfer/results?year=76&institution=97&agreement=117&agreementType=to&viewAgreementsOptions=true&view=agreement&viewBy=major&viewSendingAgreements=false&viewByKey=76%2F97%2Fto%2F117%2FMajor%2F3fc7b07d-4058-4a0a-1f72-08ddcb96df9e
Citrus College,University of California Los Angeles,fail,Requirement,missing_row,missing raw CSV row,False,"(('ENGL 102 (3.00)',), ('ENGL 103 (3.00)',), ('ENGL 103H (3.00)',), ('ENGL C1001 (3.00)',), ('ENGL C1001 H (3.00)',))",,https://assist.org/transfer/results?year=76&institution=97&agreement=117&agreementType=to&viewAgreementsOptions=true&view=agreement&viewBy=major&viewSendingAgreements=false&viewByKey=76%2F97%2Fto%2F117%2FMajor%2F3fc7b07d-4058-4a0a-1f72-08ddcb96df9e
Citrus College,University of California Merced,fail,EE 060,missing_row,missing raw CSV row,False,"(('Not Articulated',),)",,https://assist.org/transfer/results?year=76&institution=97&agreement=144&agreementType=to&viewAgreementsOptions=true&view=agreement&viewBy=major&viewSendingAgreements=false&viewByKey=76%2F97%2Fto%2F144%2FMajor%2Fbe462cb5-458a-4c3d-5be5-08dd9e07c477
City College of San Francisco,University of California Berkeley,fail,Requirement,sending_options_mismatch,sending options differ,False,"(('ENGL C1000 (4.00)',), ('ENGL C1001 (4.00)',), ('ENGL 1B (4.00)',), ('CMST 2 (3.00)',))","(('ENGL C1001 (4.00)',), ('ENGL 1B (4.00)',), ('CMST 2 (3.00)',))",https://assist.org/transfer/results?year=76&institution=33&agreement=79&agreementType=to&viewAgreementsOptions=true&view=agreement&viewBy=major&viewSendingAgreements=false&viewByKey=76%2F33%2Fto%2F79%2FMajor%2F7d01fb7b-2afa-460e-ace0-08ddbf3f4ee7
City College of San Francisco,University of California Los Angeles,fail,Requirement,sending_options_mismatch,sending options differ,False,"(('ENGL 1B (4.00)',), ('ENGL C1001 (4.00)',), ('CS 110B (4.00)',), ('ENGN 38 (3.00)',))","(('CS 110B (4.00)',), ('ENGN 38 (3.00)',))",https://assist.org/transfer/results?year=76&institution=33&agreement=117&agreementType=to&viewAgreementsOptions=true&view=agreement&viewBy=major&viewSendingAgreements=false&viewByKey=76%2F33%2Fto%2F117%2FMajor%2F3fc7b07d-4058-4a0a-1f72-08ddcb96df9e
Clovis Community College,University of California Berkeley,fail,,unexpected_row,unexpected raw CSV row,False,,"(('ENGL C1000 (4.00)', 'ENGL C1000H (4.00)'), ('ENGL 1B (3.00)', 'ENGL 1BH (3.00)', 'ENGL C1001 (3.00)', 'ENGL C1001H (3.00)'))",https://assist.org/transfer/results?year=76&institution=150&agreement=79&agreementType=to&viewAgreementsOptions=true&view=agreement&viewBy=major&viewSendingAgreements=false&viewByKey=76%2F150%2Fto%2F79%2FMajor%2F7d01fb7b-2afa-460e-ace0-08ddbf3f4ee7
Clovis Community College,University of California Berkeley,fail,COMPSCI 61C,not_articulated_mismatch,sending options differ,False,"(('CSCI 45 (4.00)',),)","(('Not Articulated',),)",https://assist.org/transfer/results?year=76&institution=150&agreement=79&agreementType=to&viewAgreementsOptions=true&view=agreement&viewBy=major&viewSendingAgreements=false&viewByKey=76%2F150%2Fto%2F79%2FMajor%2F7d01fb7b-2afa-460e-ace0-08ddbf3f4ee7
Clovis Community College,University of California Berkeley,fail,Requirement,missing_row,missing raw CSV row,False,"(('ENGL C1000 (4.00)',), ('ENGL C1000H (4.00)',), ('ENGL 1B (3.00)',), ('ENGL 1BH (3.00)',), ('ENGL C1001 (3.00)',), ('ENGL C1001H (3.00)',))",,https://assist.org/transfer/results?year=76&institution=150&agreement=79&agreementType=to&viewAgreementsOptions=true&view=agreement&viewBy=major&viewSendingAgreements=false&viewByKey=76%2F150%2Fto%2F79%2FMajor%2F7d01fb7b-2afa-460e-ace0-08ddbf3f4ee7
Clovis Community College,University of California Los Angeles,fail,,unexpected_row,unexpected raw CSV row,False,,"(('ENGL 1B (3.00)',), ('ENGL 1BH (3.00)',), ('ENGL C1001 (3.00)',), ('ENGL C1001H (3.00)',), ('PHIL 2 (3.00)',), ('CSCI 40 (4.00)',))",https://assist.org/transfer/results?year=76&institution=150&agreement=117&agreementType=to&viewAgreementsOptions=true&view=agreement&viewBy=major&viewSendingAgreements=false&viewByKey=76%2F150%2Fto%2F117%2FMajor%2F3fc7b07d-4058-4a0a-1f72-08ddcb96df9e
Clovis Community College,University of California Los Angeles,fail,Requirement,missing_row,missing raw CSV row,False,"(('ENGL 1B (3.00)',), ('ENGL 1BH (3.00)',), ('ENGL C1001 (3.00)',), ('ENGL C1001H (3.00)',), ('PHIL 2 (3.00)',), ('CSCI 40 (4.00)',))",,https://assist.org/transfer/results?year=76&institution=150&agreement=117&agreementType=to&viewAgreementsOptions=true&view=agreement&viewBy=major&viewSendingAgreements=false&viewByKey=76%2F150%2Fto%2F117%2FMajor%2F3fc7b07d-4058-4a0a-1f72-08ddcb96df9e
Clovis Community College,University of California Merced,fail,EE 060,missing_row,missing raw CSV row,False,"(('Not Articulated',),)",,https://assist.org/transfer/results?year=76&institution=150&agreement=144&agreementType=to&viewAgreementsOptions=true&view=agreement&viewBy=major&viewSendingAgreements=false&viewByKey=76%2F150%2Fto%2F144%2FMajor%2Fbe462cb5-458a-4c3d-5be5-08dd9e07c477
Coastline Community College,University of California Berkeley,fail,,unexpected_row,unexpected raw CSV row,False,,"(('ENGL C1000 (4.00)',), ('ENGL C101 (4.00)', 'ENGL C1001 (3.00)'))",https://assist.org/transfer/results?year=76&institution=105&agreement=79&agreementType=to&viewAgreementsOptions=true&view=agreement&viewBy=major&viewSendingAgreements=false&viewByKey=76%2F105%2Fto%2F79%2FMajor%2F7d01fb7b-2afa-460e-ace0-08ddbf3f4ee7
Coastline Community College,University of California Berkeley,fail,CHEM 1A; CHEM 1AL,sending_options_mismatch,sending options differ,False,"(('CHEM C130 (4.00)',), ('CHEM C180 (4.00)', 'CHEM C180L (1.00)'))","(('CHEM C180 (4.00)', 'CHEM C180L (1.00)'), ('CHEM C130 (4.00)',))",https://assist.org/transfer/results?year=76&institution=105&agreement=79&agreementType=to&viewAgreementsOptions=true&view=agreement&viewBy=major&viewSendingAgreements=false&viewByKey=76%2F105%2Fto%2F79%2FMajor%2F7d01fb7b-2afa-460e-ace0-08ddbf3f4ee7
Coastline Community College,University of California Berkeley,fail,Requirement,missing_row,missing raw CSV row,False,"(('ENGL C1000 (4.00)',), ('ENGL C101 (4.00)',), ('ENGL C1001 (3.00)',))",,https://assist.org/transfer/results?year=76&institution=105&agreement=79&agreementType=to&viewAgreementsOptions=true&view=agreement&viewBy=major&viewSendingAgreements=false&viewByKey=76%2F105%2Fto%2F79%2FMajor%2F7d01fb7b-2afa-460e-ace0-08ddbf3f4ee7
Coastline Community College,University of California Los Angeles,fail,,unexpected_row,unexpected raw CSV row,False,,"(('ENGL C1001 (3.00)',), ('Not Articulated',))",https://assist.org/transfer/results?year=76&institution=105&agreement=117&agreementType=to&viewAgreementsOptions=true&view=agreement&viewBy=major&viewSendingAgreements=false&viewByKey=76%2F105%2Fto%2F117%2FMajor%2F3fc7b07d-4058-4a0a-1f72-08ddcb96df9e
Coastline Community College,University of California Los Angeles,fail,Requirement,missing_row,missing raw CSV row,False,"(('ENGL C1001 (3.00)',),)",,https://assist.org/transfer/results?year=76&institution=105&agreement=117&agreementType=to&viewAgreementsOptions=true&view=agreement&viewBy=major&viewSendingAgreements=false&viewByKey=76%2F105%2Fto%2F117%2FMajor%2F3fc7b07d-4058-4a0a-1f72-08ddcb96df9e
College of Alameda,University of California Berkeley,fail,,unexpected_row,unexpected raw CSV row,False,,"(('ENGL C1000 (4.00)', 'ENGL C1000E (5.00)'), ('ENGL 1B (4.00)',))",https://assist.org/transfer/results?year=76&institution=111&agreement=79&agreementType=to&viewAgreementsOptions=true&view=agreement&viewBy=major&viewSendingAgreements=false&viewByKey=76%2F111%2Fto%2F79%2FMajor%2F7d01fb7b-2afa-460e-ace0-08ddbf3f4ee7
College of Alameda,University of California Berkeley,fail,Requirement,missing_row,missing raw CSV row,False,"(('ENGL C1000 (4.00)',), ('ENGL C1000E (5.00)',), ('ENGL 1B (4.00)',))",,https://assist.org/transfer/results?year=76&institution=111&agreement=79&agreementType=to&viewAgreementsOptions=true&view=agreement&viewBy=major&viewSendingAgreements=false&viewByKey=76%2F111%2Fto%2F79%2FMajor%2F7d01fb7b-2afa-460e-ace0-08ddbf3f4ee7
College of Alameda,University of California Los Angeles,fail,,unexpected_row,unexpected raw CSV row,False,,"(('COMM 5 (3.00)',), ('ENGL 1B (4.00)',), ('ENGL C1001 (3.00)',), ('Not Articulated',))",https://assist.org/transfer/results?year=76&institution=111&agreement=117&agreementType=to&viewAgreementsOptions=true&view=agreement&viewBy=major&viewSendingAgreements=false&viewByKey=76%2F111%2Fto%2F117%2FMajor%2F3fc7b07d-4058-4a0a-1f72-08ddcb96df9e
College of Alameda,University of California Los Angeles,fail,Requirement,missing_row,missing raw CSV row,False,"(('COMM 5 (3.00)',), ('ENGL 1B (4.00)',), ('ENGL C1001 (3.00)',))",,https://assist.org/transfer/results?year=76&institution=111&agreement=117&agreementType=to&viewAgreementsOptions=true&view=agreement&viewBy=major&viewSendingAgreements=false&viewByKey=76%2F111%2Fto%2F117%2FMajor%2F3fc7b07d-4058-4a0a-1f72-08ddcb96df9e
College of Alameda,University of California Merced,fail,EE 060,missing_row,missing raw CSV row,False,"(('Not Articulated',),)",,https://assist.org/transfer/results?year=76&institution=111&agreement=144&agreementType=to&viewAgreementsOptions=true&view=agreement&viewBy=major&viewSendingAgreements=false&viewByKey=76%2F111%2Fto%2F144%2FMajor%2Fbe462cb5-458a-4c3d-5be5-08dd9e07c477
College of Marin,University of California Berkeley,fail,,unexpected_row,unexpected raw CSV row,False,,"(('ENGL C1000 (4.00)',), ('ENGL 151 (4.00)', 'ENGL C1001 (4.00)'))",https://assist.org/transfer/results?year=76&institution=4&agreement=79&agreementType=to&viewAgreementsOptions=true&view=agreement&viewBy=major&viewSendingAgreements=false&viewByKey=76%2F4%2Fto%2F79%2FMajor%2F7d01fb7b-2afa-460e-ace0-08ddbf3f4ee7
College of Marin,University of California Berkeley,fail,Requirement,missing_row,missing raw CSV row,False,"(('ENGL C1000 (4.00)',), ('ENGL 151 (4.00)',), ('ENGL C1001 (4.00)',))",,https://assist.org/transfer/results?year=76&institution=4&agreement=79&agreementType=to&viewAgreementsOptions=true&view=agreement&viewBy=major&viewSendingAgreements=false&viewByKey=76%2F4%2Fto%2F79%2FMajor%2F7d01fb7b-2afa-460e-ace0-08ddbf3f4ee7
College of Marin,University of California Irvine,fail,MATH 3A,flattened_or,sending options differ,False,"(('MATH 116 (4.00)',), ('MATH 216 (5.00)',))","(('MATH 116 (4.00)', 'MATH 216 (5.00)'),)",https://assist.org/transfer/results?year=76&institution=4&agreement=120&agreementType=to&viewAgreementsOptions=true&view=agreement&viewBy=major&viewSendingAgreements=false&viewByKey=76%2F4%2Fto%2F120%2FMajor%2F7752acca-2b16-46d0-fb90-08dda2ee8889
College of Marin,University of California Los Angeles,fail,,unexpected_row,unexpected raw CSV row,False,,"(('ENGL 151 (4.00)',), ('ENGL C1001 (4.00)',), ('Not Articulated',))",https://assist.org/transfer/results?year=76&institution=4&agreement=117&agreementType=to&viewAgreementsOptions=true&view=agreement&viewBy=major&viewSendingAgreements=false&viewByKey=76%2F4%2Fto%2F117%2FMajor%2F3fc7b07d-4058-4a0a-1f72-08ddcb96df9e
College of Marin,University of California Los Angeles,fail,ENGCOMP 3,sending_options_mismatch,sending options differ,False,"(('ENGL C1000 (4.00)',), ('ENGL 150SL (5.00)',))","(('ENGL C1000 (4.00)',),)",https://assist.org/transfer/results?year=76&institution=4&agreement=117&agreementType=to&viewAgreementsOptions=true&view=agreement&viewBy=major&viewSendingAgreements=false&viewByKey=76%2F4%2Fto%2F117%2FMajor%2F3fc7b07d-4058-4a0a-1f72-08ddcb96df9e
College of Marin,University of California Los Angeles,fail,Requirement,missing_row,missing raw CSV row,False,"(('ENGL 151 (4.00)',), ('ENGL C1001 (4.00)',))",,https://assist.org/transfer/results?year=76&institution=4&agreement=117&agreementType=to&viewAgreementsOptions=true&view=agreement&viewBy=major&viewSendingAgreements=false&viewByKey=76%2F4%2Fto%2F117%2FMajor%2F3fc7b07d-4058-4a0a-1f72-08ddcb96df9e
College of Marin,University of California Merced,fail,EE 060,missing_row,missing raw CSV row,False,"(('Not Articulated',),)",,https://assist.org/transfer/results?year=76&institution=4&agreement=144&agreementType=to&viewAgreementsOptions=true&view=agreement&viewBy=major&viewSendingAgreements=false&viewByKey=76%2F4%2Fto%2F144%2FMajor%2Fbe462cb5-458a-4c3d-5be5-08dd9e07c477
College of San Mateo,University of California Berkeley,fail,,unexpected_row,unexpected raw CSV row,False,,"(('ENGL C1000 (3.00)', 'ENGL C1000E (5.00)'), ('ENGL 110 (3.00)', 'ENGL C1001 (3.00)'))",https://assist.org/transfer/results?year=76&institution=5&agreement=79&agreementType=to&viewAgreementsOptions=true&view=agreement&viewBy=major&viewSendingAgreements=false&viewByKey=76%2F5%2Fto%2F79%2FMajor%2F7d01fb7b-2afa-460e-ace0-08ddbf3f4ee7
College of San Mateo,University of California Berkeley,fail,Requirement,missing_row,missing raw CSV row,False,"(('ENGL C1000 (3.00)',), ('ENGL C1000E (5.00)',), ('ENGL 110 (3.00)',), ('ENGL C1001 (3.00)',))",,https://assist.org/transfer/results?year=76&institution=5&agreement=79&agreementType=to&viewAgreementsOptions=true&view=agreement&viewBy=major&viewSendingAgreements=false&viewByKey=76%2F5%2Fto%2F79%2FMajor%2F7d01fb7b-2afa-460e-ace0-08ddbf3f4ee7
College of San Mateo,University of California Los Angeles,fail,,unexpected_row,unexpected raw CSV row,False,,"(('ENGL 110 (3.00)',), ('ENGL C1001 (3.00)',), ('Not Articulated',))",https://assist.org/transfer/results?year=76&institution=5&agreement=117&agreementType=to&viewAgreementsOptions=true&view=agreement&viewBy=major&viewSendingAgreements=false&viewByKey=76%2F5%2Fto%2F117%2FMajor%2F3fc7b07d-4058-4a0a-1f72-08ddcb96df9e
College of San Mateo,University of California Los Angeles,fail,Requirement,missing_row,missing raw CSV row,False,"(('ENGL 110 (3.00)',), ('ENGL C1001 (3.00)',))",,https://assist.org/transfer/results?year=76&institution=5&agreement=117&agreementType=to&viewAgreementsOptions=true&view=agreement&viewBy=major&viewSendingAgreements=false&viewByKey=76%2F5%2Fto%2F117%2FMajor%2F3fc7b07d-4058-4a0a-1f72-08ddcb96df9e
College of San Mateo,University of California Merced,fail,CSE 015,sending_options_mismatch,sending options differ,False,"(('CIS 262 (3.00)',), ('MATH 268 (4.00)',))","(('CIS 262 (3.00)',),)",https://assist.org/transfer/results?year=76&institution=5&agreement=144&agreementType=to&viewAgreementsOptions=true&view=agreement&viewBy=major&viewSendingAgreements=false&viewByKey=76%2F5%2Fto%2F144%2FMajor%2Fbe462cb5-458a-4c3d-5be5-08dd9e07c477
College of San Mateo,University of California Merced,fail,EE 060,missing_row,missing raw CSV row,False,"(('Not Articulated',),)",,https://assist.org/transfer/results?year=76&institution=5&agreement=144&agreementType=to&viewAgreementsOptions=true&view=agreement&viewBy=major&viewSendingAgreements=false&viewByKey=76%2F5%2Fto%2F144%2FMajor%2Fbe462cb5-458a-4c3d-5be5-08dd9e07c477
College of the Canyons,University of California Berkeley,fail,Requirement,sending_options_mismatch,sending options differ,False,"(('ENGL C1000 (4.00)',), ('ENGL C1000H (4.00)',), ('ENGL C1001 (3.00)',), ('ENGL C1001H (3.00)',))","(('ENGL C1001 (3.00)',), ('ENGL C1001H (3.00)',))",https://assist.org/transfer/results?year=76&institution=140&agreement=79&agreementType=to&viewAgreementsOptions=true&view=agreement&viewBy=major&viewSendingAgreements=false&viewByKey=76%2F140%2Fto%2F79%2FMajor%2F7d01fb7b-2afa-460e-ace0-08ddbf3f4ee7
College of the Canyons,University of California Los Angeles,fail,Requirement,sending_options_mismatch,sending options differ,False,"(('ENGL C1001 (3.00)',), ('ENGL C1001H (3.00)',), ('CMPSCI 236 (3.00)',))","(('CMPSCI 236 (3.00)',),)",https://assist.org/transfer/results?year=76&institution=140&agreement=117&agreementType=to&viewAgreementsOptions=true&view=agreement&viewBy=major&viewSendingAgreements=false&viewByKey=76%2F140%2Fto%2F117%2FMajor%2F3fc7b07d-4058-4a0a-1f72-08ddcb96df9e
College of the Desert,University of California Berkeley,fail,,unexpected_row,unexpected raw CSV row,False,,"(('ENGL C1000 (4.00)',), ('ENG 2 (4.00)',))",https://assist.org/transfer/results?year=76&institution=30&agreement=79&agreementType=to&viewAgreementsOptions=true&view=agreement&viewBy=major&viewSendingAgreements=false&viewByKey=76%2F30%2Fto%2F79%2FMajor%2F7d01fb7b-2afa-460e-ace0-08ddbf3f4ee7
College of the Desert,University of California Berkeley,fail,Requirement,missing_row,missing raw CSV row,False,"(('ENGL C1000 (4.00)',), ('ENG 2 (4.00)',))",,https://assist.org/transfer/results?year=76&institution=30&agreement=79&agreementType=to&viewAgreementsOptions=true&view=agreement&viewBy=major&viewSendingAgreements=false&viewByKey=76%2F30%2Fto%2F79%2FMajor%2F7d01fb7b-2afa-460e-ace0-08ddbf3f4ee7
College of the Desert,University of California Los Angeles,fail,,unexpected_row,unexpected raw CSV row,False,,"(('SOC 4 (3.00)',), ('CS 7A (4.00)', 'CS 7B (3.00)'))",https://assist.org/transfer/results?year=76&institution=30&agreement=117&agreementType=to&viewAgreementsOptions=true&view=agreement&viewBy=major&viewSendingAgreements=false&viewByKey=76%2F30%2Fto%2F117%2FMajor%2F3fc7b07d-4058-4a0a-1f72-08ddcb96df9e
College of the Desert,University of California Los Angeles,fail,Requirement,missing_row,missing raw CSV row,False,"(('SOC 4 (3.00)',), ('CS 7A (4.00)', 'CS 7B (3.00)'))",,https://assist.org/transfer/results?year=76&institution=30&agreement=117&agreementType=to&viewAgreementsOptions=true&view=agreement&viewBy=major&viewSendingAgreements=false&viewByKey=76%2F30%2Fto%2F117%2FMajor%2F3fc7b07d-4058-4a0a-1f72-08ddcb96df9e
College of the Desert,University of California Merced,fail,EE 060,missing_row,missing raw CSV row,False,"(('Not Articulated',),)",,https://assist.org/transfer/results?year=76&institution=30&agreement=144&agreementType=to&viewAgreementsOptions=true&view=agreement&viewBy=major&viewSendingAgreements=false&viewByKey=76%2F30%2Fto%2F144%2FMajor%2Fbe462cb5-458a-4c3d-5be5-08dd9e07c477
College of the Redwoods,University of California Berkeley,fail,,unexpected_row,unexpected raw CSV row,False,,"(('ENGL C1000 (4.00)',), ('ENGL 1B (3.00)', 'ENGL 2B (4.00)', 'ENGL C1001 (3.00)'))",https://assist.org/transfer/results?year=76&institution=83&agreement=79&agreementType=to&viewAgreementsOptions=true&view=agreement&viewBy=major&viewSendingAgreements=false&viewByKey=76%2F83%2Fto%2F79%2FMajor%2F7d01fb7b-2afa-460e-ace0-08ddbf3f4ee7
College of the Redwoods,University of California Berkeley,fail,Requirement,missing_row,missing raw CSV row,False,"(('ENGL C1000 (4.00)',), ('ENGL 1B (3.00)',), ('ENGL 2B (4.00)',), ('ENGL C1001 (3.00)',))",,https://assist.org/transfer/results?year=76&institution=83&agreement=79&agreementType=to&viewAgreementsOptions=true&view=agreement&viewBy=major&viewSendingAgreements=false&viewByKey=76%2F83%2Fto%2F79%2FMajor%2F7d01fb7b-2afa-460e-ace0-08ddbf3f4ee7
College of the Redwoods,University of California Los Angeles,fail,,unexpected_row,unexpected raw CSV row,False,,"(('ENGL 1B (3.00)',), ('Not Articulated',))",https://assist.org/transfer/results?year=76&institution=83&agreement=117&agreementType=to&viewAgreementsOptions=true&view=agreement&viewBy=major&viewSendingAgreements=false&viewByKey=76%2F83%2Fto%2F117%2FMajor%2F3fc7b07d-4058-4a0a-1f72-08ddcb96df9e
College of the Redwoods,University of California Los Angeles,fail,Requirement,missing_row,missing raw CSV row,False,"(('ENGL C1001 (3.00)',),)",,https://assist.org/transfer/results?year=76&institution=83&agreement=117&agreementType=to&viewAgreementsOptions=true&view=agreement&viewBy=major&viewSendingAgreements=false&viewByKey=76%2F83%2Fto%2F117%2FMajor%2F3fc7b07d-4058-4a0a-1f72-08ddcb96df9e
College of the Redwoods,University of California Merced,fail,EE 060,missing_row,missing raw CSV row,False,"(('Not Articulated',),)",,https://assist.org/transfer/results?year=76&institution=83&agreement=144&agreementType=to&viewAgreementsOptions=true&view=agreement&viewBy=major&viewSendingAgreements=false&viewByKey=76%2F83%2Fto%2F144%2FMajor%2Fbe462cb5-458a-4c3d-5be5-08dd9e07c477
College of the Sequoias,University of California Berkeley,fail,,unexpected_row,unexpected raw CSV row,False,,"(('ENGL C1000 (4.00)',), ('ENGL C1001 (3.00)',))",https://assist.org/transfer/results?year=76&institution=6&agreement=79&agreementType=to&viewAgreementsOptions=true&view=agreement&viewBy=major&viewSendingAgreements=false&viewByKey=76%2F6%2Fto%2F79%2FMajor%2F7d01fb7b-2afa-460e-ace0-08ddbf3f4ee7
College of the Sequoias,University of California Berkeley,fail,Requirement,missing_row,missing raw CSV row,False,"(('ENGL C1000 (4.00)',), ('ENGL C1001 (3.00)',))",,https://assist.org/transfer/results?year=76&institution=6&agreement=79&agreementType=to&viewAgreementsOptions=true&view=agreement&viewBy=major&viewSendingAgreements=false&viewByKey=76%2F6%2Fto%2F79%2FMajor%2F7d01fb7b-2afa-460e-ace0-08ddbf3f4ee7
College of the Sequoias,University of California Los Angeles,fail,,unexpected_row,unexpected raw CSV row,False,,"(('ENGL C1001 (3.00)',), ('ENGL 004 (3.00)',), ('PHIL 025 (3.00)',), ('CSCI 001 (4.00)', 'CSCI 002 (4.00)'))",https://assist.org/transfer/results?year=76&institution=6&agreement=117&agreementType=to&viewAgreementsOptions=true&view=agreement&viewBy=major&viewSendingAgreements=false&viewByKey=76%2F6%2Fto%2F117%2FMajor%2F3fc7b07d-4058-4a0a-1f72-08ddcb96df9e
College of the Sequoias,University of California Los Angeles,fail,Requirement,missing_row,missing raw CSV row,False,"(('ENGL C1001 (3.00)',), ('ENGL 004 (3.00)',), ('PHIL 025 (3.00)',), ('CSCI 001 (4.00)', 'CSCI 002 (4.00)'))",,https://assist.org/transfer/results?year=76&institution=6&agreement=117&agreementType=to&viewAgreementsOptions=true&view=agreement&viewBy=major&viewSendingAgreements=false&viewByKey=76%2F6%2Fto%2F117%2FMajor%2F3fc7b07d-4058-4a0a-1f72-08ddcb96df9e
College of the Sequoias,University of California Merced,fail,EE 060,missing_row,missing raw CSV row,False,"(('Not Articulated',),)",,https://assist.org/transfer/results?year=76&institution=6&agreement=144&agreementType=to&viewAgreementsOptions=true&view=agreement&viewBy=major&viewSendingAgreements=false&viewByKey=76%2F6%2Fto%2F144%2FMajor%2Fbe462cb5-458a-4c3d-5be5-08dd9e07c477
College of the Siskiyous,University of California Berkeley,fail,,unexpected_row,unexpected raw CSV row,False,,"(('ENGL C1000 (4.00)',), ('ENGL C1001 (3.00)', 'ENGL 1501 (3.00)'))",https://assist.org/transfer/results?year=76&institution=102&agreement=79&agreementType=to&viewAgreementsOptions=true&view=agreement&viewBy=major&viewSendingAgreements=false&viewByKey=76%2F102%2Fto%2F79%2FMajor%2F7d01fb7b-2afa-460e-ace0-08ddbf3f4ee7
College of the Siskiyous,University of California Berkeley,fail,Requirement,missing_row,missing raw CSV row,False,"(('ENGL C1000 (4.00)',), ('ENGL C1001 (3.00)',), ('ENGL 1501 (3.00)',))",,https://assist.org/transfer/results?year=76&institution=102&agreement=79&agreementType=to&viewAgreementsOptions=true&view=agreement&viewBy=major&viewSendingAgreements=false&viewByKey=76%2F102%2Fto%2F79%2FMajor%2F7d01fb7b-2afa-460e-ace0-08ddbf3f4ee7
College of the Siskiyous,University of California Los Angeles,fail,,unexpected_row,unexpected raw CSV row,False,,"(('ENGL 1501 (3.00)',), ('ENGL C1001 (3.00)',), ('Not Articulated',))",https://assist.org/transfer/results?year=76&institution=102&agreement=117&agreementType=to&viewAgreementsOptions=true&view=agreement&viewBy=major&viewSendingAgreements=false&viewByKey=76%2F102%2Fto%2F117%2FMajor%2F3fc7b07d-4058-4a0a-1f72-08ddcb96df9e
College of the Siskiyous,University of California Los Angeles,fail,Requirement,missing_row,missing raw CSV row,False,"(('ENGL 1501 (3.00)',), ('ENGL C1001 (3.00)',))",,https://assist.org/transfer/results?year=76&institution=102&agreement=117&agreementType=to&viewAgreementsOptions=true&view=agreement&viewBy=major&viewSendingAgreements=false&viewByKey=76%2F102%2Fto%2F117%2FMajor%2F3fc7b07d-4058-4a0a-1f72-08ddcb96df9e
College of the Siskiyous,University of California Merced,fail,EE 060,missing_row,missing raw CSV row,False,"(('Not Articulated',),)",,https://assist.org/transfer/results?year=76&institution=102&agreement=144&agreementType=to&viewAgreementsOptions=true&view=agreement&viewBy=major&viewSendingAgreements=false&viewByKey=76%2F102%2Fto%2F144%2FMajor%2Fbe462cb5-458a-4c3d-5be5-08dd9e07c477
Columbia College,University of California Berkeley,fail,,unexpected_row,unexpected raw CSV row,False,,"(('ENGL C1000 (3.00)',), ('ENGL 1B (3.00)',))",https://assist.org/transfer/results?year=76&institution=10&agreement=79&agreementType=to&viewAgreementsOptions=true&view=agreement&viewBy=major&viewSendingAgreements=false&viewByKey=76%2F10%2Fto%2F79%2FMajor%2F7d01fb7b-2afa-460e-ace0-08ddbf3f4ee7
Columbia College,University of California Berkeley,fail,Requirement,missing_row,missing raw CSV row,False,"(('ENGL C1000 (3.00)',), ('ENGL 1B (3.00)',))",,https://assist.org/transfer/results?year=76&institution=10&agreement=79&agreementType=to&viewAgreementsOptions=true&view=agreement&viewBy=major&viewSendingAgreements=false&viewByKey=76%2F10%2Fto%2F79%2FMajor%2F7d01fb7b-2afa-460e-ace0-08ddbf3f4ee7
Columbia College,University of California Los Angeles,fail,,unexpected_row,unexpected raw CSV row,False,,"(('ENGL 1B (3.00)',), ('ENGL C1001 (3.00)',), ('COMP 11P (4.00)', 'COMP 12P (4.00)'))",https://assist.org/transfer/results?year=76&institution=10&agreement=117&agreementType=to&viewAgreementsOptions=true&view=agreement&viewBy=major&viewSendingAgreements=false&viewByKey=76%2F10%2Fto%2F117%2FMajor%2F3fc7b07d-4058-4a0a-1f72-08ddcb96df9e
Columbia College,University of California Los Angeles,fail,Requirement,missing_row,missing raw CSV row,False,"(('ENGL 1B (3.00)',), ('ENGL C1001 (3.00)',), ('COMP 11P (4.00)', 'COMP 12P (4.00)'))",,https://assist.org/transfer/results?year=76&institution=10&agreement=117&agreementType=to&viewAgreementsOptions=true&view=agreement&viewBy=major&viewSendingAgreements=false&viewByKey=76%2F10%2Fto%2F117%2FMajor%2F3fc7b07d-4058-4a0a-1f72-08ddcb96df9e
Columbia College,University of California Merced,fail,EE 060,missing_row,missing raw CSV row,False,"(('Not Articulated',),)",,https://assist.org/transfer/results?year=76&institution=10&agreement=144&agreementType=to&viewAgreementsOptions=true&view=agreement&viewBy=major&viewSendingAgreements=false&viewByKey=76%2F10%2Fto%2F144%2FMajor%2Fbe462cb5-458a-4c3d-5be5-08dd9e07c477
Compton College,University of California Berkeley,fail,,unexpected_row,unexpected raw CSV row,False,,"(('ENGL C1000 (4.00)', 'ENGL C1000H (4.00)'), ('ENGL 102 (3.00)', 'ENGL 102H (3.00)'))",https://assist.org/transfer/results?year=76&institution=153&agreement=79&agreementType=to&viewAgreementsOptions=true&view=agreement&viewBy=major&viewSendingAgreements=false&viewByKey=76%2F153%2Fto%2F79%2FMajor%2F7d01fb7b-2afa-460e-ace0-08ddbf3f4ee7
Compton College,University of California Berkeley,fail,Requirement,missing_row,missing raw CSV row,False,"(('ENGL C1000 (4.00)',), ('ENGL C1000H (4.00)',), ('ENGL 102 (3.00)',), ('ENGL 102H (3.00)',))",,https://assist.org/transfer/results?year=76&institution=153&agreement=79&agreementType=to&viewAgreementsOptions=true&view=agreement&viewBy=major&viewSendingAgreements=false&viewByKey=76%2F153%2Fto%2F79%2FMajor%2F7d01fb7b-2afa-460e-ace0-08ddbf3f4ee7
Compton College,University of California Los Angeles,fail,,unexpected_row,unexpected raw CSV row,False,,"(('ENGL 102 (3.00)',), ('ENGL 102H (3.00)',), ('ENGL C1001 (3.00)',), ('ENGL C1001H (3.00)',), ('PHIL 105 (3.00)',), ('Not Articulated',))",https://assist.org/transfer/results?year=76&institution=153&agreement=117&agreementType=to&viewAgreementsOptions=true&view=agreement&viewBy=major&viewSendingAgreements=false&viewByKey=76%2F153%2Fto%2F117%2FMajor%2F3fc7b07d-4058-4a0a-1f72-08ddcb96df9e
Compton College,University of California Los Angeles,fail,Requirement,missing_row,missing raw CSV row,False,"(('ENGL 102 (3.00)',), ('ENGL 102H (3.00)',), ('ENGL C1001 (3.00)',), ('ENGL C1001H (3.00)',), ('PHIL 105 (3.00)',))",,https://assist.org/transfer/results?year=76&institution=153&agreement=117&agreementType=to&viewAgreementsOptions=true&view=agreement&viewBy=major&viewSendingAgreements=false&viewByKey=76%2F153%2Fto%2F117%2FMajor%2F3fc7b07d-4058-4a0a-1f72-08ddcb96df9e
Compton College,University of California Merced,fail,EE 060,missing_row,missing raw CSV row,False,"(('Not Articulated',),)",,https://assist.org/transfer/results?year=76&institution=153&agreement=144&agreementType=to&viewAgreementsOptions=true&view=agreement&viewBy=major&viewSendingAgreements=false&viewByKey=76%2F153%2Fto%2F144%2FMajor%2Fbe462cb5-458a-4c3d-5be5-08dd9e07c477
Compton College,University of California Merced,fail,PHYS 008; PHYS 008L,sending_options_mismatch,sending options differ,False,"(('PHYS 101 (5.00)',), ('PHYS 150 (4.00)', 'PHYS 152 (4.00)'))","(('PHYS 150 (4.00)', 'PHYS 152 (4.00)'), ('PHYS 101 (5.00)',))",https://assist.org/transfer/results?year=76&institution=153&agreement=144&agreementType=to&viewAgreementsOptions=true&view=agreement&viewBy=major&viewSendingAgreements=false&viewByKey=76%2F153%2Fto%2F144%2FMajor%2Fbe462cb5-458a-4c3d-5be5-08dd9e07c477
Compton College,University of California Merced,fail,PHYS 009; PHYS 009L,sending_options_mismatch,sending options differ,False,"(('PHYS 102 (5.00)',), ('PHYS 152 (4.00)', 'PHYS 250 (4.00)'))","(('PHYS 152 (4.00)', 'PHYS 250 (4.00)'), ('PHYS 102 (5.00)',))",https://assist.org/transfer/results?year=76&institution=153&agreement=144&agreementType=to&viewAgreementsOptions=true&view=agreement&viewBy=major&viewSendingAgreements=false&viewByKey=76%2F153%2Fto%2F144%2FMajor%2Fbe462cb5-458a-4c3d-5be5-08dd9e07c477
Compton College,University of California Santa Barbara,fail,MCDB 1A; MCDB 1LL,sending_options_mismatch,sending options differ,False,"(('BIOL 101 (5.00)', 'BIOL 102 (5.00)'), ('BIOL 101 (5.00)', 'BIOL 102H (5.00)'), ('BIOL 101H (5.00)', 'BIOL 102 (5.00)'), ('BIOL 101H (5.00)', 'BIOL 102H (5.00)'), ('BIOL 102 (5.00)', 'BIOL 103 (3.00)'), ('BIOL 102H (5.00)', 'BIOL 103 (3.00)'))","(('BIOL 101 (5.00)', 'BIOL 101H (5.00)'), ('BIOL 102 (5.00)', 'BIOL 102H (5.00)'), ('BIOL 103 (3.00)',))",https://assist.org/transfer/results?year=76&institution=153&agreement=128&agreementType=to&viewAgreementsOptions=true&view=agreement&viewBy=major&viewSendingAgreements=false&viewByKey=76%2F153%2Fto%2F128%2FMajor%2F9b98e159-1754-4eb0-33c4-08ddf001012b
Compton College,University of California Santa Barbara,fail,MCDB 1B,sending_options_mismatch,sending options differ,False,"(('BIOL 101 (5.00)', 'BIOL 102 (5.00)'), ('BIOL 101 (5.00)', 'BIOL 102H (5.00)'), ('BIOL 101H (5.00)', 'BIOL 102 (5.00)'), ('BIOL 101H (5.00)', 'BIOL 102H (5.00)'), ('BIOL 102 (5.00)', 'BIOL 103 (3.00)'), ('BIOL 102H (5.00)', 'BIOL 103 (3.00)'))","(('BIOL 101 (5.00)', 'BIOL 101H (5.00)'), ('BIOL 102 (5.00)', 'BIOL 102H (5.00)'), ('BIOL 103 (3.00)',))",https://assist.org/transfer/results?year=76&institution=153&agreement=128&agreementType=to&viewAgreementsOptions=true&view=agreement&viewBy=major&viewSendingAgreements=false&viewByKey=76%2F153%2Fto%2F128%2FMajor%2F9b98e159-1754-4eb0-33c4-08ddf001012b
Contra Costa College,University of California Berkeley,fail,,unexpected_row,unexpected raw CSV row,False,,"(('ENGL C1000 (4.00)', 'ENGL C1000E (5.00)'), ('ENGL 002B (4.00)', 'ENGL C1001 (3.00)', 'PHILO 130 (3.00)'))",https://assist.org/transfer/results?year=76&institution=28&agreement=79&agreementType=to&viewAgreementsOptions=true&view=agreement&viewBy=major&viewSendingAgreements=false&viewByKey=76%2F28%2Fto%2F79%2FMajor%2F7d01fb7b-2afa-460e-ace0-08ddbf3f4ee7
Contra Costa College,University of California Berkeley,fail,Requirement,missing_row,missing raw CSV row,False,"(('ENGL C1000 (4.00)',), ('ENGL C1000E (5.00)',), ('ENGL 002B (4.00)',), ('ENGL C1001 (3.00)',), ('PHILO 130 (3.00)',))",,https://assist.org/transfer/results?year=76&institution=28&agreement=79&agreementType=to&viewAgreementsOptions=true&view=agreement&viewBy=major&viewSendingAgreements=false&viewByKey=76%2F28%2Fto%2F79%2FMajor%2F7d01fb7b-2afa-460e-ace0-08ddbf3f4ee7
Contra Costa College,University of California Los Angeles,fail,,unexpected_row,unexpected raw CSV row,False,,"(('ENGL C1001 (3.00)',), ('ENGL 002B (4.00)',), ('PHILO 130 (3.00)',), ('SPCH 121I (3.00)',), ('COMP 200 (4.00)', 'COMP 210 (4.00)'), ('COMP 165 (4.00)',), ('COMP 200 (4.00)',))",https://assist.org/transfer/results?year=76&institution=28&agreement=117&agreementType=to&viewAgreementsOptions=true&view=agreement&viewBy=major&viewSendingAgreements=false&viewByKey=76%2F28%2Fto%2F117%2FMajor%2F3fc7b07d-4058-4a0a-1f72-08ddcb96df9e
Contra Costa College,University of California Los Angeles,fail,COM SCI 31,sending_options_mismatch,sending options differ,False,"(('COMP 165 (4.00)',), ('COMP 200 (4.00)',), ('COMP 200 (4.00)', 'COMP 210 (4.00)'))","(('COMP 200 (4.00)', 'COMP 210 (4.00)'), ('COMP 165 (4.00)',), ('COMP 200 (4.00)',))",https://assist.org/transfer/results?year=76&institution=28&agreement=117&agreementType=to&viewAgreementsOptions=true&view=agreement&viewBy=major&viewSendingAgreements=false&viewByKey=76%2F28%2Fto%2F117%2FMajor%2F3fc7b07d-4058-4a0a-1f72-08ddcb96df9e
Contra Costa College,University of California Los Angeles,fail,Requirement,missing_row,missing raw CSV row,False,"(('ENGL C1001 (3.00)',), ('ENGL 002B (4.00)',), ('PHILO 130 (3.00)',), ('SPCH 121I (3.00)',), ('COMP 165 (4.00)',), ('COMP 200 (4.00)',), ('COMP 200 (4.00)', 'COMP 210 (4.00)'))",,https://assist.org/transfer/results?year=76&institution=28&agreement=117&agreementType=to&viewAgreementsOptions=true&view=agreement&viewBy=major&viewSendingAgreements=false&viewByKey=76%2F28%2Fto%2F117%2FMajor%2F3fc7b07d-4058-4a0a-1f72-08ddcb96df9e
Contra Costa College,University of California Merced,fail,EE 060,missing_row,missing raw CSV row,False,"(('Not Articulated',),)",,https://assist.org/transfer/results?year=76&institution=28&agreement=144&agreementType=to&viewAgreementsOptions=true&view=agreement&viewBy=major&viewSendingAgreements=false&viewByKey=76%2F28%2Fto%2F144%2FMajor%2Fbe462cb5-458a-4c3d-5be5-08dd9e07c477
Copper Mountain College,University of California Berkeley,fail,,unexpected_row,unexpected raw CSV row,False,,"(('ENGL C1000 (3.00)',), ('ENG 001B (3.00)', 'ENGL C1001 (3.00)'))",https://assist.org/transfer/results?year=76&institution=112&agreement=79&agreementType=to&viewAgreementsOptions=true&view=agreement&viewBy=major&viewSendingAgreements=false&viewByKey=76%2F112%2Fto%2F79%2FMajor%2F7d01fb7b-2afa-460e-ace0-08ddbf3f4ee7
Copper Mountain College,University of California Berkeley,fail,Requirement,missing_row,missing raw CSV row,False,"(('ENGL C1000 (3.00)',), ('ENG 001B (3.00)',), ('ENGL C1001 (3.00)',))",,https://assist.org/transfer/results?year=76&institution=112&agreement=79&agreementType=to&viewAgreementsOptions=true&view=agreement&viewBy=major&viewSendingAgreements=false&viewByKey=76%2F112%2Fto%2F79%2FMajor%2F7d01fb7b-2afa-460e-ace0-08ddbf3f4ee7
Copper Mountain College,University of California Los Angeles,fail,,unexpected_row,unexpected raw CSV row,False,,"(('ENG 001B (3.00)',), ('SOC 004 (3.00)',), ('CS 089 (3.00)', 'CS 089A (3.00)'))",https://assist.org/transfer/results?year=76&institution=112&agreement=117&agreementType=to&viewAgreementsOptions=true&view=agreement&viewBy=major&viewSendingAgreements=false&viewByKey=76%2F112%2Fto%2F117%2FMajor%2F3fc7b07d-4058-4a0a-1f72-08ddcb96df9e
Copper Mountain College,University of California Los Angeles,fail,Requirement,missing_row,missing raw CSV row,False,"(('ENG 001B (3.00)',), ('SOC 004 (3.00)',), ('CS 089 (3.00)', 'CS 089A (3.00)'))",,https://assist.org/transfer/results?year=76&institution=112&agreement=117&agreementType=to&viewAgreementsOptions=true&view=agreement&viewBy=major&viewSendingAgreements=false&viewByKey=76%2F112%2Fto%2F117%2FMajor%2F3fc7b07d-4058-4a0a-1f72-08ddcb96df9e
Copper Mountain College,University of California Merced,fail,EE 060,missing_row,missing raw CSV row,False,"(('Not Articulated',),)",,https://assist.org/transfer/results?year=76&institution=112&agreement=144&agreementType=to&viewAgreementsOptions=true&view=agreement&viewBy=major&viewSendingAgreements=false&viewByKey=76%2F112%2Fto%2F144%2FMajor%2Fbe462cb5-458a-4c3d-5be5-08dd9e07c477
Cosumnes River College,University of California Berkeley,fail,,unexpected_row,unexpected raw CSV row,False,,"(('ENGL C1000 (3.00)', 'ENGL C1000H (3.00)'), ('ENGWR 301 (3.00)', 'ENGL C1001 (3.00)'))",https://assist.org/transfer/results?year=76&institution=142&agreement=79&agreementType=to&viewAgreementsOptions=true&view=agreement&viewBy=major&viewSendingAgreements=false&viewByKey=76%2F142%2Fto%2F79%2FMajor%2F7d01fb7b-2afa-460e-ace0-08ddbf3f4ee7
Cosumnes River College,University of California Berkeley,fail,Requirement,missing_row,missing raw CSV row,False,"(('ENGL C1000 (3.00)',), ('ENGL C1000H (3.00)',), ('ENGWR 301 (3.00)',), ('ENGL C1001 (3.00)',))",,https://assist.org/transfer/results?year=76&institution=142&agreement=79&agreementType=to&viewAgreementsOptions=true&view=agreement&viewBy=major&viewSendingAgreements=false&viewByKey=76%2F142%2Fto%2F79%2FMajor%2F7d01fb7b-2afa-460e-ace0-08ddbf3f4ee7
Cosumnes River College,University of California Los Angeles,fail,,unexpected_row,unexpected raw CSV row,False,,"(('ENGWR 301 (3.00)',), ('ENGL C1001 (3.00)',), ('CISP 360 (4.00)',))",https://assist.org/transfer/results?year=76&institution=142&agreement=117&agreementType=to&viewAgreementsOptions=true&view=agreement&viewBy=major&viewSendingAgreements=false&viewByKey=76%2F142%2Fto%2F117%2FMajor%2F3fc7b07d-4058-4a0a-1f72-08ddcb96df9e
Cosumnes River College,University of California Los Angeles,fail,Requirement,missing_row,missing raw CSV row,False,"(('ENGWR 301 (3.00)',), ('ENGL C1001 (3.00)',), ('CISP 360 (4.00)',))",,https://assist.org/transfer/results?year=76&institution=142&agreement=117&agreementType=to&viewAgreementsOptions=true&view=agreement&viewBy=major&viewSendingAgreements=false&viewByKey=76%2F142%2Fto%2F117%2FMajor%2F3fc7b07d-4058-4a0a-1f72-08ddcb96df9e
Cosumnes River College,University of California Merced,fail,EE 060,missing_row,missing raw CSV row,False,"(('Not Articulated',),)",,https://assist.org/transfer/results?year=76&institution=142&agreement=144&agreementType=to&viewAgreementsOptions=true&view=agreement&viewBy=major&viewSendingAgreements=false&viewByKey=76%2F142%2Fto%2F144%2FMajor%2Fbe462cb5-458a-4c3d-5be5-08dd9e07c477
Crafton Hills College,University of California Berkeley,fail,Requirement,sending_options_mismatch,sending options differ,False,"(('PHYSIC 251 (4.00)', 'PHYSIC 252 (4.00)'), ('ENGL C1000 (4.00)',), ('ENGL C1000H (4.00)',), ('ENGL C1001 (4.00)',), ('ENGL C1001H (4.00)',))","(('ENGL C1001 (4.00)',), ('ENGL C1001H (4.00)',))",https://assist.org/transfer/results?year=76&institution=70&agreement=79&agreementType=to&viewAgreementsOptions=true&view=agreement&viewBy=major&viewSendingAgreements=false&viewByKey=76%2F70%2Fto%2F79%2FMajor%2F7d01fb7b-2afa-460e-ace0-08ddbf3f4ee7
Crafton Hills College,University of California Los Angeles,fail,Requirement,sending_options_mismatch,sending options differ,False,"(('ENGL C1001 (4.00)',), ('ENGL C1001H (4.00)',), ('ENGL 152 (4.00)',), ('ENGL 152H (4.00)',), ('CSCI 110 (4.00)',), ('CSCI 120 (3.00)',))","(('CSCI 110 (4.00)',), ('CSCI 120 (3.00)',))",https://assist.org/transfer/results?year=76&institution=70&agreement=117&agreementType=to&viewAgreementsOptions=true&view=agreement&viewBy=major&viewSendingAgreements=false&viewByKey=76%2F70%2Fto%2F117%2FMajor%2F3fc7b07d-4058-4a0a-1f72-08ddcb96df9e
Cuesta College,University of California Berkeley,fail,,unexpected_row,unexpected raw CSV row,False,,"(('ENGL C1000 (4.00)',), ('ENGL 201B (4.00)', 'ENGL C1001 (4.00)'))",https://assist.org/transfer/results?year=76&institution=16&agreement=79&agreementType=to&viewAgreementsOptions=true&view=agreement&viewBy=major&viewSendingAgreements=false&viewByKey=76%2F16%2Fto%2F79%2FMajor%2F7d01fb7b-2afa-460e-ace0-08ddbf3f4ee7
Cuesta College,University of California Berkeley,fail,Requirement,missing_row,missing raw CSV row,False,"(('ENGL C1000 (4.00)',), ('ENGL 201B (4.00)',), ('ENGL C1001 (4.00)',))",,https://assist.org/transfer/results?year=76&institution=16&agreement=79&agreementType=to&viewAgreementsOptions=true&view=agreement&viewBy=major&viewSendingAgreements=false&viewByKey=76%2F16%2Fto%2F79%2FMajor%2F7d01fb7b-2afa-460e-ace0-08ddbf3f4ee7
Cuesta College,University of California Los Angeles,fail,,unexpected_row,unexpected raw CSV row,False,,"(('ENGL 201B (4.00)',), ('ENGL C1001 (4.00)',), ('Not Articulated',))",https://assist.org/transfer/results?year=76&institution=16&agreement=117&agreementType=to&viewAgreementsOptions=true&view=agreement&viewBy=major&viewSendingAgreements=false&viewByKey=76%2F16%2Fto%2F117%2FMajor%2F3fc7b07d-4058-4a0a-1f72-08ddcb96df9e
Cuesta College,University of California Los Angeles,fail,Requirement,missing_row,missing raw CSV row,False,"(('ENGL 201B (4.00)',), ('ENGL C1001 (4.00)',))",,https://assist.org/transfer/results?year=76&institution=16&agreement=117&agreementType=to&viewAgreementsOptions=true&view=agreement&viewBy=major&viewSendingAgreements=false&viewByKey=76%2F16%2Fto%2F117%2FMajor%2F3fc7b07d-4058-4a0a-1f72-08ddcb96df9e
Cuesta College,University of California Merced,fail,EE 060,missing_row,missing raw CSV row,False,"(('Not Articulated',),)",,https://assist.org/transfer/results?year=76&institution=16&agreement=144&agreementType=to&viewAgreementsOptions=true&view=agreement&viewBy=major&viewSendingAgreements=false&viewByKey=76%2F16%2Fto%2F144%2FMajor%2Fbe462cb5-458a-4c3d-5be5-08dd9e07c477
Cuyamaca College,University of California Berkeley,fail,Requirement,sending_options_mismatch,sending options differ,False,"(('PHYC 203 (5.00)',), ('ENGL C1000 (3.00)',), ('ENGL 122 (3.00)',), ('ENGL C1001 (3.00)',), ('PHYC 201 (5.00)',), ('PHYC 202 (5.00)',))","(('PHYC 202 (5.00)',),)",https://assist.org/transfer/results?year=76&institution=99&agreement=79&agreementType=to&viewAgreementsOptions=true&view=agreement&viewBy=major&viewSendingAgreements=false&viewByKey=76%2F99%2Fto%2F79%2FMajor%2F7d01fb7b-2afa-460e-ace0-08ddbf3f4ee7
Cypress College,University of California Berkeley,fail,Requirement,sending_options_mismatch,sending options differ,False,"(('ENGL C1000 (4.00)',), ('ENGL C1000H (4.00)',), ('ENGL C1000E (5.00)',), ('ENGL 102 C (3.00)',), ('ENGL 102HC (3.00)',), ('ENGL 104 C (4.00)',), ('ENGL 104HC (4.00)',), ('ENGL C1001 (4.00)',), ('ENGL C1001H (4.00)',))","(('ENGL 102 C (3.00)',), ('ENGL 102HC (3.00)',), ('ENGL 104 C (4.00)',), ('ENGL 104HC (4.00)',), ('ENGL C1001 (4.00)',), ('ENGL C1001H (4.00)',))",https://assist.org/transfer/results?year=76&institution=71&agreement=79&agreementType=to&viewAgreementsOptions=true&view=agreement&viewBy=major&viewSendingAgreements=false&viewByKey=76%2F71%2Fto%2F79%2FMajor%2F7d01fb7b-2afa-460e-ace0-08ddbf3f4ee7
Cypress College,University of California Los Angeles,fail,Requirement,sending_options_mismatch,sending options differ,False,"(('ENGL 102HC (3.00)',), ('ENGL 102 C (3.00)',), ('ENGL C1001 (4.00)',), ('ENGL C1001H (4.00)',), ('ENGL 104 C (4.00)',), ('ENGL 104HC (4.00)',), ('PHIL 172 C (3.00)',), ('CSCI 123 C (3.00)',))","(('CSCI 123 C (3.00)',),)",https://assist.org/transfer/results?year=76&institution=71&agreement=117&agreementType=to&viewAgreementsOptions=true&view=agreement&viewBy=major&viewSendingAgreements=false&viewByKey=76%2F71%2Fto%2F117%2FMajor%2F3fc7b07d-4058-4a0a-1f72-08ddcb96df9e
De Anza College,University of California Berkeley,fail,Requirement,sending_options_mismatch,sending options differ,False,"(('ENGL C1000 (5.00)',), ('ENGL C1000H (5.00)',), ('ESL 5 (5.00)',), ('ENGL C1001 (5.00)',), ('ENGL C1001H (5.00)',), ('EWRT 1B (5.00)',), ('EWRT 1BH (5.00)',))","(('ENGL C1001 (5.00)',), ('ENGL C1001H (5.00)',), ('EWRT 1B (5.00)',), ('EWRT 1BH (5.00)',))",https://assist.org/transfer/results?year=76&institution=113&agreement=79&agreementType=to&viewAgreementsOptions=true&view=agreement&viewBy=major&viewSendingAgreements=false&viewByKey=76%2F113%2Fto%2F79%2FMajor%2F7d01fb7b-2afa-460e-ace0-08ddbf3f4ee7
De Anza College,University of California Los Angeles,fail,Requirement,sending_options_mismatch,sending options differ,False,"(('COMM 9 (5.00)',), ('EWRT 1B (5.00)',), ('EWRT 1BH (5.00)',), ('EWRT 1C (5.00)',), ('ENGL C1001 (5.00)',), ('PHIL 3 (5.00)',), ('CIS 27 (4.50)',), ('CIS 29 (4.50)',), ('CIS 22A (4.50)',), ('CIS 22B (4.50)',), ('CIS 22BH (4.50)',))","(('CIS 27 (4.50)',), ('CIS 29 (4.50)',), ('CIS 22A (4.50)',), ('CIS 22B (4.50)',), ('CIS 22BH (4.50)',))",https://assist.org/transfer/results?year=76&institution=113&agreement=117&agreementType=to&viewAgreementsOptions=true&view=agreement&viewBy=major&viewSendingAgreements=false&viewByKey=76%2F113%2Fto%2F117%2FMajor%2F3fc7b07d-4058-4a0a-1f72-08ddcb96df9e
Diablo Valley College,University of California Berkeley,fail,Requirement,sending_options_mismatch,sending options differ,False,"(('ENGL C1000 (3.00)',), ('ENGL C1000E (5.00)',), ('ENGL 122AL (5.00)',), ('ARTHS 191 (3.00)',), ('COMM 121 (3.00)',), ('DANCE 201 (3.00)',), ('ENGL 123 (3.00)',), ('ENGL 123A (4.00)',), ('ENGL 126A (4.00)',), ('ENGL C1001 (3.00)',), ('HIST 122 (3.00)',), ('KINES 249 (3.00)',), ('PHILO 130 (3.00)',), ('PSYC 145 (3.00)',), ('SOCIO 122 (3.00)',))","(('ARTHS 191 (3.00)',), ('COMM 121 (3.00)',), ('DANCE 201 (3.00)',), ('ENGL 123 (3.00)',), ('ENGL 123A (4.00)',), ('ENGL 126A (4.00)',), ('ENGL C1001 (3.00)',), ('HIST 122 (3.00)',), ('KINES 249 (3.00)',), ('PHILO 130 (3.00)',), ('PSYC 145 (3.00)',), ('SOCIO 122 (3.00)',))",https://assist.org/transfer/results?year=76&institution=114&agreement=79&agreementType=to&viewAgreementsOptions=true&view=agreement&viewBy=major&viewSendingAgreements=false&viewByKey=76%2F114%2Fto%2F79%2FMajor%2F7d01fb7b-2afa-460e-ace0-08ddbf3f4ee7
Diablo Valley College,University of California Los Angeles,fail,Requirement,sending_options_mismatch,sending options differ,False,"(('ENGL 123 (3.00)',), ('ENGL 123A (4.00)',), ('ENGL C1001 (3.00)',), ('ENGL 126A (4.00)',), ('COMM 121 (3.00)',), ('HIST 122 (3.00)',), ('PHILO 130 (3.00)',), ('PSYC 145 (3.00)',), ('SOCIO 122 (3.00)',), ('COMSC 110 (4.00)',), ('COMSC 165 (4.00)',), ('COMSC 200 (4.00)',))","(('COMSC 110 (4.00)',), ('COMSC 165 (4.00)',), ('COMSC 200 (4.00)',))",https://assist.org/transfer/results?year=76&institution=114&agreement=117&agreementType=to&viewAgreementsOptions=true&view=agreement&viewBy=major&viewSendingAgreements=false&viewByKey=76%2F114%2Fto%2F117%2FMajor%2F3fc7b07d-4058-4a0a-1f72-08ddcb96df9e
East Los Angeles College,University of California Berkeley,fail,Requirement,sending_options_mismatch,sending options differ,False,"(('PHYSICS 101 (5.00)', 'PHYSICS 102 (5.00)', 'PHYSICS 103 (5.00)'), ('ENGL C1000 (3.00)',), ('ENGLISH 101Z (4.00)',), ('E.S.L. 110 (4.00)',), ('ENGLISH 102 (3.00)',))","(('PHYSICS 101 (5.00)', 'PHYSICS 102 (5.00)', 'PHYSICS 103 (5.00)'),)",https://assist.org/transfer/results?year=76&institution=118&agreement=79&agreementType=to&viewAgreementsOptions=true&view=agreement&viewBy=major&viewSendingAgreements=false&viewByKey=76%2F118%2Fto%2F79%2FMajor%2F7d01fb7b-2afa-460e-ace0-08ddbf3f4ee7
East Los Angeles College,University of California Los Angeles,fail,Requirement,sending_options_mismatch,sending options differ,False,"(('ENGLISH 102 (3.00)',), ('ENGL C1001 (3.00)',), ('MATH 173 (4.00)',))","(('MATH 173 (4.00)',),)",https://assist.org/transfer/results?year=76&institution=118&agreement=117&agreementType=to&viewAgreementsOptions=true&view=agreement&viewBy=major&viewSendingAgreements=false&viewByKey=76%2F118%2Fto%2F117%2FMajor%2F3fc7b07d-4058-4a0a-1f72-08ddcb96df9e
El Camino College,University of California Berkeley,fail,,unexpected_row,unexpected raw CSV row,False,,"(('ENGL C1000 (4.00)', 'ENGL C1000H (4.00)'), ('ENGL 1B (3.00)', 'ENGL 1BH (3.00)'))",https://assist.org/transfer/results?year=76&institution=103&agreement=79&agreementType=to&viewAgreementsOptions=true&view=agreement&viewBy=major&viewSendingAgreements=false&viewByKey=76%2F103%2Fto%2F79%2FMajor%2F7d01fb7b-2afa-460e-ace0-08ddbf3f4ee7
El Camino College,University of California Berkeley,fail,Requirement,missing_row,missing raw CSV row,False,"(('ENGL C1000 (4.00)',), ('ENGL C1000H (4.00)',), ('ENGL 1B (3.00)',), ('ENGL 1BH (3.00)',))",,https://assist.org/transfer/results?year=76&institution=103&agreement=79&agreementType=to&viewAgreementsOptions=true&view=agreement&viewBy=major&viewSendingAgreements=false&viewByKey=76%2F103%2Fto%2F79%2FMajor%2F7d01fb7b-2afa-460e-ace0-08ddbf3f4ee7
El Camino College,University of California Los Angeles,fail,,unexpected_row,unexpected raw CSV row,False,,"(('ENGL 1B (3.00)',), ('ENGL 1BH (3.00)',), ('ENGL C1001 (4.00)',), ('ENGL C1001H (4.00)',), ('PHIL 105 (3.00)',), ('PSYC 103 (3.00)',), ('CSCI 2 (5.00)', 'CSCI 3 (4.00)'), ('CSCI 1 (4.00)',), ('CSCI 30 (4.00)',))",https://assist.org/transfer/results?year=76&institution=103&agreement=117&agreementType=to&viewAgreementsOptions=true&view=agreement&viewBy=major&viewSendingAgreements=false&viewByKey=76%2F103%2Fto%2F117%2FMajor%2F3fc7b07d-4058-4a0a-1f72-08ddcb96df9e
El Camino College,University of California Los Angeles,fail,Requirement,missing_row,missing raw CSV row,False,"(('ENGL 1B (3.00)',), ('ENGL 1BH (3.00)',), ('ENGL C1001 (4.00)',), ('ENGL C1001H (4.00)',), ('PHIL 105 (3.00)',), ('PSYC 103 (3.00)',), ('CSCI 1 (4.00)',), ('CSCI 30 (4.00)',), ('CSCI 2 (5.00)', 'CSCI 3 (4.00)'))",,https://assist.org/transfer/results?year=76&institution=103&agreement=117&agreementType=to&viewAgreementsOptions=true&view=agreement&viewBy=major&viewSendingAgreements=false&viewByKey=76%2F103%2Fto%2F117%2FMajor%2F3fc7b07d-4058-4a0a-1f72-08ddcb96df9e
El Camino College,University of California Merced,fail,EE 060,missing_row,missing raw CSV row,False,"(('Not Articulated',),)",,https://assist.org/transfer/results?year=76&institution=103&agreement=144&agreementType=to&viewAgreementsOptions=true&view=agreement&viewBy=major&viewSendingAgreements=false&viewByKey=76%2F103%2Fto%2F144%2FMajor%2Fbe462cb5-458a-4c3d-5be5-08dd9e07c477
El Camino College,University of California Santa Barbara,fail,MCDB 1A; MCDB 1LL,sending_options_mismatch,sending options differ,False,"(('BIOL 110 (5.00)', 'BIOL 120 (5.00)'), ('BIOL 110 (5.00)', 'BIOL 120H (5.00)'), ('BIOL 110H (5.00)', 'BIOL 120 (5.00)'), ('BIOL 110H (5.00)', 'BIOL 120H (5.00)'), ('BIOL 120 (5.00)', 'BIOL 130 (3.00)'), ('BIOL 120H (5.00)', 'BIOL 130 (3.00)'))","(('BIOL 110 (5.00)', 'BIOL 110H (5.00)'), ('BIOL 120 (5.00)', 'BIOL 120H (5.00)'), ('BIOL 130 (3.00)',))",https://assist.org/transfer/results?year=76&institution=103&agreement=128&agreementType=to&viewAgreementsOptions=true&view=agreement&viewBy=major&viewSendingAgreements=false&viewByKey=76%2F103%2Fto%2F128%2FMajor%2F9b98e159-1754-4eb0-33c4-08ddf001012b
El Camino College,University of California Santa Barbara,fail,MCDB 1B,sending_options_mismatch,sending options differ,False,"(('BIOL 110 (5.00)', 'BIOL 120 (5.00)'), ('BIOL 110 (5.00)', 'BIOL 120H (5.00)'), ('BIOL 110H (5.00)', 'BIOL 120 (5.00)'), ('BIOL 110H (5.00)', 'BIOL 120H (5.00)'), ('BIOL 120 (5.00)', 'BIOL 130 (3.00)'), ('BIOL 120H (5.00)', 'BIOL 130 (3.00)'))","(('BIOL 110 (5.00)', 'BIOL 110H (5.00)'), ('BIOL 120 (5.00)', 'BIOL 120H (5.00)'), ('BIOL 130 (3.00)',))",https://assist.org/transfer/results?year=76&institution=103&agreement=128&agreementType=to&viewAgreementsOptions=true&view=agreement&viewBy=major&viewSendingAgreements=false&viewByKey=76%2F103%2Fto%2F128%2FMajor%2F9b98e159-1754-4eb0-33c4-08ddf001012b
Evergreen Valley College,University of California Berkeley,fail,Requirement,sending_options_mismatch,sending options differ,False,"(('ENGL C1000 (3.00)',), ('ENGL 001B (3.00)',), ('ENGL C1001 (3.00)',))","(('ENGL 001B (3.00)',), ('ENGL C1001 (3.00)',))",https://assist.org/transfer/results?year=76&institution=2&agreement=79&agreementType=to&viewAgreementsOptions=true&view=agreement&viewBy=major&viewSendingAgreements=false&viewByKey=76%2F2%2Fto%2F79%2FMajor%2F7d01fb7b-2afa-460e-ace0-08ddbf3f4ee7
Evergreen Valley College,University of California Los Angeles,fail,Requirement,sending_options_mismatch,sending options differ,False,"(('ENGL 001B (3.00)',), ('ENGL C1001 (3.00)',), ('ENGR 050 (4.00)',))","(('ENGR 050 (4.00)',),)",https://assist.org/transfer/results?year=76&institution=2&agreement=117&agreementType=to&viewAgreementsOptions=true&view=agreement&viewBy=major&viewSendingAgreements=false&viewByKey=76%2F2%2Fto%2F117%2FMajor%2F3fc7b07d-4058-4a0a-1f72-08ddcb96df9e
Feather River College,University of California Berkeley,fail,,unexpected_row,unexpected raw CSV row,False,,"(('ENGL C1000 (3.00)',), ('ENGL 102 (3.00)', 'ENGL C1001 (3.00)'), ('PHYS 204 (4.00)', 'PHYS 206 (4.00)'))",https://assist.org/transfer/results?year=76&institution=122&agreement=79&agreementType=to&viewAgreementsOptions=true&view=agreement&viewBy=major&viewSendingAgreements=false&viewByKey=76%2F122%2Fto%2F79%2FMajor%2F7d01fb7b-2afa-460e-ace0-08ddbf3f4ee7
Feather River College,University of California Berkeley,fail,Requirement,missing_row,missing raw CSV row,False,"(('PHYS 204 (4.00)', 'PHYS 206 (4.00)'), ('ENGL C1000 (3.00)',), ('ENGL 102 (3.00)',), ('ENGL C1001 (3.00)',))",,https://assist.org/transfer/results?year=76&institution=122&agreement=79&agreementType=to&viewAgreementsOptions=true&view=agreement&viewBy=major&viewSendingAgreements=false&viewByKey=76%2F122%2Fto%2F79%2FMajor%2F7d01fb7b-2afa-460e-ace0-08ddbf3f4ee7
Feather River College,University of California Los Angeles,fail,,unexpected_row,unexpected raw CSV row,False,,"(('ENGL 102 (3.00)',), ('ENGL C1001 (3.00)',), ('Not Articulated',))",https://assist.org/transfer/results?year=76&institution=122&agreement=117&agreementType=to&viewAgreementsOptions=true&view=agreement&viewBy=major&viewSendingAgreements=false&viewByKey=76%2F122%2Fto%2F117%2FMajor%2F3fc7b07d-4058-4a0a-1f72-08ddcb96df9e
Feather River College,University of California Los Angeles,fail,Requirement,missing_row,missing raw CSV row,False,"(('ENGL 102 (3.00)',), ('ENGL C1001 (3.00)',))",,https://assist.org/transfer/results?year=76&institution=122&agreement=117&agreementType=to&viewAgreementsOptions=true&view=agreement&viewBy=major&viewSendingAgreements=false&viewByKey=76%2F122%2Fto%2F117%2FMajor%2F3fc7b07d-4058-4a0a-1f72-08ddcb96df9e
Feather River College,University of California Merced,fail,EE 060,missing_row,missing raw CSV row,False,"(('Not Articulated',),)",,https://assist.org/transfer/results?year=76&institution=122&agreement=144&agreementType=to&viewAgreementsOptions=true&view=agreement&viewBy=major&viewSendingAgreements=false&viewByKey=76%2F122%2Fto%2F144%2FMajor%2Fbe462cb5-458a-4c3d-5be5-08dd9e07c477
Folsom Lake College,University of California Berkeley,fail,Requirement,sending_options_mismatch,sending options differ,False,"(('ENGL C1000 (3.00)',), ('ENGL C1000H (3.00)',), ('ENGWR 301 (3.00)',), ('ENGWR 481 (3.00)',), ('ENGL C1001 (3.00)',), ('ENGL C1001H (3.00)',))","(('ENGWR 301 (3.00)',), ('ENGWR 481 (3.00)',), ('ENGL C1001 (3.00)',), ('ENGL C1001H (3.00)',))",https://assist.org/transfer/results?year=76&institution=145&agreement=79&agreementType=to&viewAgreementsOptions=true&view=agreement&viewBy=major&viewSendingAgreements=false&viewByKey=76%2F145%2Fto%2F79%2FMajor%2F7d01fb7b-2afa-460e-ace0-08ddbf3f4ee7
Foothill College,University of California Berkeley,fail,,unexpected_row,unexpected raw CSV row,False,,"(('ENGL C1000 (5.00)', 'ENGL 1B (5.00)'), ('ENGL C1000H (5.00)', 'ENGL 1BH (5.00)'), ('ESLL 26 (5.00)', 'ENGL 1B (5.00)'), ('ESLL 26 (5.00)', 'ENGL 1BH (5.00)'), ('ENGL 1B (5.00)', 'ENGL C1001 (5.00)'), ('ENGL 1BH (5.00)', 'ENGL C1001H (5.00)'))",https://assist.org/transfer/results?year=76&institution=51&agreement=79&agreementType=to&viewAgreementsOptions=true&view=agreement&viewBy=major&viewSendingAgreements=false&viewByKey=76%2F51%2Fto%2F79%2FMajor%2F7d01fb7b-2afa-460e-ace0-08ddbf3f4ee7
Foothill College,University of California Berkeley,fail,Requirement,missing_row,missing raw CSV row,False,"(('ENGL C1000 (5.00)', 'ENGL 1B (5.00)'), ('ENGL C1000H (5.00)', 'ENGL 1BH (5.00)'), ('ESLL 26 (5.00)', 'ENGL 1B (5.00)'), ('ESLL 26 (5.00)', 'ENGL 1BH (5.00)'), ('ENGL 1B (5.00)', 'ENGL C1001 (5.00)'), ('ENGL 1BH (5.00)', 'ENGL C1001H (5.00)'))",,https://assist.org/transfer/results?year=76&institution=51&agreement=79&agreementType=to&viewAgreementsOptions=true&view=agreement&viewBy=major&viewSendingAgreements=false&viewByKey=76%2F51%2Fto%2F79%2FMajor%2F7d01fb7b-2afa-460e-ace0-08ddbf3f4ee7
Foothill College,University of California Davis,fail,MAT 021A,sending_options_mismatch,sending options differ,False,"(('MATH 1A (5.00)',), ('MATH 1AH (5.00)', 'MATH 1AHP (1.00)'))","(('MATH 1AH (5.00)', 'MATH 1AHP (1.00)'), ('MATH 1A (5.00)',))",https://assist.org/transfer/results?year=76&institution=51&agreement=89&agreementType=to&viewAgreementsOptions=true&view=agreement&viewBy=major&viewSendingAgreements=false&viewByKey=76%2F51%2Fto%2F89%2FMajor%2F37adebfb-6deb-4e42-34ac-08ddb349963e
Foothill College,University of California Los Angeles,fail,,unexpected_row,unexpected raw CSV row,False,,"(('ENGL 1B (5.00)',), ('ENGL 1BH (5.00)',), ('C S 2A (4.50)',), ('C S 2B (4.50)',))",https://assist.org/transfer/results?year=76&institution=51&agreement=117&agreementType=to&viewAgreementsOptions=true&view=agreement&viewBy=major&viewSendingAgreements=false&viewByKey=76%2F51%2Fto%2F117%2FMajor%2F3fc7b07d-4058-4a0a-1f72-08ddcb96df9e
Foothill College,University of California Los Angeles,fail,Requirement,missing_row,missing raw CSV row,False,"(('ENGL 1B (5.00)',), ('ENGL 1BH (5.00)',), ('C S 2A (4.50)',), ('C S 2B (4.50)',))",,https://assist.org/transfer/results?year=76&institution=51&agreement=117&agreementType=to&viewAgreementsOptions=true&view=agreement&viewBy=major&viewSendingAgreements=false&viewByKey=76%2F51%2Fto%2F117%2FMajor%2F3fc7b07d-4058-4a0a-1f72-08ddcb96df9e
Foothill College,University of California Merced,fail,EE 060,missing_row,missing raw CSV row,False,"(('Not Articulated',),)",,https://assist.org/transfer/results?year=76&institution=51&agreement=144&agreementType=to&viewAgreementsOptions=true&view=agreement&viewBy=major&viewSendingAgreements=false&viewByKey=76%2F51%2Fto%2F144%2FMajor%2Fbe462cb5-458a-4c3d-5be5-08dd9e07c477
Fresno City College,University of California Berkeley,fail,Requirement,sending_options_mismatch,sending options differ,False,"(('ENGL C1000 (4.00)',), ('ENGL C1000H (4.00)',), ('ENGL 1B (3.00)',), ('ENGL C1001 (3.00)',), ('ENGL C1001H (3.00)',))","(('ENGL 1B (3.00)',), ('ENGL C1001 (3.00)',), ('ENGL C1001H (3.00)',))",https://assist.org/transfer/results?year=76&institution=35&agreement=79&agreementType=to&viewAgreementsOptions=true&view=agreement&viewBy=major&viewSendingAgreements=false&viewByKey=76%2F35%2Fto%2F79%2FMajor%2F7d01fb7b-2afa-460e-ace0-08ddbf3f4ee7
Fresno City College,University of California Los Angeles,fail,Requirement,sending_options_mismatch,sending options differ,False,"(('ENGL 1B (3.00)',), ('ENGL C1001 (3.00)',), ('ENGL C1001H (3.00)',), ('CIT 66 (4.00)',), ('CSCI 40 (4.00)',))","(('CIT 66 (4.00)',), ('CSCI 40 (4.00)',))",https://assist.org/transfer/results?year=76&institution=35&agreement=117&agreementType=to&viewAgreementsOptions=true&view=agreement&viewBy=major&viewSendingAgreements=false&viewByKey=76%2F35%2Fto%2F117%2FMajor%2F3fc7b07d-4058-4a0a-1f72-08ddcb96df9e
Fullerton College,University of California Berkeley,fail,Requirement,sending_options_mismatch,sending options differ,False,"(('ENGL C1000 (4.00)',), ('ENGL C1000H (4.00)',), ('ENGL C1000E (5.00)',), ('ENGL C1001 (4.00)',), ('ENGL C1001H (4.00)',))","(('ENGL C1001 (4.00)',), ('ENGL C1001H (4.00)',))",https://assist.org/transfer/results?year=76&institution=134&agreement=79&agreementType=to&viewAgreementsOptions=true&view=agreement&viewBy=major&viewSendingAgreements=false&viewByKey=76%2F134%2Fto%2F79%2FMajor%2F7d01fb7b-2afa-460e-ace0-08ddbf3f4ee7
Fullerton College,University of California Los Angeles,fail,Requirement,sending_options_mismatch,sending options differ,False,"(('ENGL C1001 (4.00)',), ('ENGL C1001H (4.00)',), ('ENGL 104 F (4.00)',), ('PHIL 172 F (3.00)',), ('CSCI 123 F (4.00)',))","(('CSCI 123 F (4.00)',),)",https://assist.org/transfer/results?year=76&institution=134&agreement=117&agreementType=to&viewAgreementsOptions=true&view=agreement&viewBy=major&viewSendingAgreements=false&viewByKey=76%2F134%2Fto%2F117%2FMajor%2F3fc7b07d-4058-4a0a-1f72-08ddcb96df9e
Gavilan College,University of California Berkeley,fail,Requirement,sending_options_mismatch,sending options differ,False,"(('ENGL C1000 (4.00)',), ('ENGL 1B (3.00)',))","(('ENGL 1B (3.00)',),)",https://assist.org/transfer/results?year=76&institution=72&agreement=79&agreementType=to&viewAgreementsOptions=true&view=agreement&viewBy=major&viewSendingAgreements=false&viewByKey=76%2F72%2Fto%2F79%2FMajor%2F7d01fb7b-2afa-460e-ace0-08ddbf3f4ee7
Gavilan College,University of California Los Angeles,fail,Requirement,sending_options_mismatch,sending options differ,False,"(('ENGL 1B (3.00)',), ('ENGL c1001 (3.00)',), ('PHIL 4 (3.00)',), ('CSIS 45 (3.00)',), ('CSIS 46 (3.00)',))","(('CSIS 45 (3.00)',), ('CSIS 46 (3.00)',))",https://assist.org/transfer/results?year=76&institution=72&agreement=117&agreementType=to&viewAgreementsOptions=true&view=agreement&viewBy=major&viewSendingAgreements=false&viewByKey=76%2F72%2Fto%2F117%2FMajor%2F3fc7b07d-4058-4a0a-1f72-08ddcb96df9e
Glendale Community College,University of California Berkeley,fail,Requirement,sending_options_mismatch,sending options differ,False,"(('ENGL C1000 (4.00)',), ('ENGL C1000E (4.50)',), ('ENGL C1000H (4.00)',), ('ENGL 102 (3.00)',), ('ENGL 102H (3.00)',), ('ENGL C1001 (3.00)',))","(('ENGL 102 (3.00)',), ('ENGL 102H (3.00)',), ('ENGL C1001 (3.00)',))",https://assist.org/transfer/results?year=76&institution=43&agreement=79&agreementType=to&viewAgreementsOptions=true&view=agreement&viewBy=major&viewSendingAgreements=false&viewByKey=76%2F43%2Fto%2F79%2FMajor%2F7d01fb7b-2afa-460e-ace0-08ddbf3f4ee7
Glendale Community College,University of California Los Angeles,fail,Requirement,sending_options_mismatch,sending options differ,False,"(('ENGL 102 (3.00)',), ('ENGL 102H (3.00)',), ('ENGL C1001 (3.00)',), ('CS/IS 135 (3.00)',), ('CS/IS 137 (4.00)',))","(('CS/IS 135 (3.00)',), ('CS/IS 137 (4.00)',))",https://assist.org/transfer/results?year=76&institution=43&agreement=117&agreementType=to&viewAgreementsOptions=true&view=agreement&viewBy=major&viewSendingAgreements=false&viewByKey=76%2F43%2Fto%2F117%2FMajor%2F3fc7b07d-4058-4a0a-1f72-08ddcb96df9e
Golden West College,University of California Berkeley,fail,,unexpected_row,unexpected raw CSV row,False,,"(('ENGL C1000 (4.00)', 'ENGL C1000E (6.00)'), ('ENGL G110 (4.00)', 'PSYC G130 (3.00)'))",https://assist.org/transfer/results?year=76&institution=55&agreement=79&agreementType=to&viewAgreementsOptions=true&view=agreement&viewBy=major&viewSendingAgreements=false&viewByKey=76%2F55%2Fto%2F79%2FMajor%2F7d01fb7b-2afa-460e-ace0-08ddbf3f4ee7
Golden West College,University of California Berkeley,fail,Requirement,missing_row,missing raw CSV row,False,"(('ENGL C1000 (4.00)',), ('ENGL C1000E (6.00)',), ('ENGL G110 (4.00)',), ('PSYC G130 (3.00)',))",,https://assist.org/transfer/results?year=76&institution=55&agreement=79&agreementType=to&viewAgreementsOptions=true&view=agreement&viewBy=major&viewSendingAgreements=false&viewByKey=76%2F55%2Fto%2F79%2FMajor%2F7d01fb7b-2afa-460e-ace0-08ddbf3f4ee7
Golden West College,University of California Los Angeles,fail,,unexpected_row,unexpected raw CSV row,False,,"(('ENGL G110 (4.00)',), ('CS G175 (3.00)',))",https://assist.org/transfer/results?year=76&institution=55&agreement=117&agreementType=to&viewAgreementsOptions=true&view=agreement&viewBy=major&viewSendingAgreements=false&viewByKey=76%2F55%2Fto%2F117%2FMajor%2F3fc7b07d-4058-4a0a-1f72-08ddcb96df9e
Golden West College,University of California Los Angeles,fail,Requirement,missing_row,missing raw CSV row,False,"(('ENGL G110 (4.00)',), ('CS G175 (3.00)',))",,https://assist.org/transfer/results?year=76&institution=55&agreement=117&agreementType=to&viewAgreementsOptions=true&view=agreement&viewBy=major&viewSendingAgreements=false&viewByKey=76%2F55%2Fto%2F117%2FMajor%2F3fc7b07d-4058-4a0a-1f72-08ddcb96df9e
Golden West College,University of California Merced,fail,EE 060,missing_row,missing raw CSV row,False,"(('Not Articulated',),)",,https://assist.org/transfer/results?year=76&institution=55&agreement=144&agreementType=to&viewAgreementsOptions=true&view=agreement&viewBy=major&viewSendingAgreements=false&viewByKey=76%2F55%2Fto%2F144%2FMajor%2Fbe462cb5-458a-4c3d-5be5-08dd9e07c477
Grossmont College,University of California Berkeley,fail,Requirement,sending_options_mismatch,sending options differ,False,"(('PHYC 203 (5.00)',), ('ENGL C1000 (3.00)',), ('ESL 122 (6.00)',), ('ENGL 122 (3.00)',), ('ENGL C1001 (3.00)',), ('PHYC 201 (5.00)',), ('PHYC 202 (5.00)',))","(('PHYC 202 (5.00)',),)",https://assist.org/transfer/results?year=76&institution=106&agreement=79&agreementType=to&viewAgreementsOptions=true&view=agreement&viewBy=major&viewSendingAgreements=false&viewByKey=76%2F106%2Fto%2F79%2FMajor%2F7d01fb7b-2afa-460e-ace0-08ddbf3f4ee7
Grossmont College,University of California Los Angeles,fail,Requirement,sending_options_mismatch,sending options differ,False,"(('ENGL 122 (3.00)',), ('ENGL C1001 (3.00)',), ('CSIS 296 (4.00)',), ('CSIS 297 (4.00)',))","(('CSIS 296 (4.00)',), ('CSIS 297 (4.00)',))",https://assist.org/transfer/results?year=76&institution=106&agreement=117&agreementType=to&viewAgreementsOptions=true&view=agreement&viewBy=major&viewSendingAgreements=false&viewByKey=76%2F106%2Fto%2F117%2FMajor%2F3fc7b07d-4058-4a0a-1f72-08ddcb96df9e
Hartnell College,University of California Berkeley,fail,,unexpected_row,unexpected raw CSV row,False,,"(('ENGL C1000 (3.00)', 'ENGL C1000E (4.00)'), ('ENG 1B (3.00)', 'ENGL C1001 (3.00)'))",https://assist.org/transfer/results?year=76&institution=123&agreement=79&agreementType=to&viewAgreementsOptions=true&view=agreement&viewBy=major&viewSendingAgreements=false&viewByKey=76%2F123%2Fto%2F79%2FMajor%2F7d01fb7b-2afa-460e-ace0-08ddbf3f4ee7
Hartnell College,University of California Berkeley,fail,Requirement,missing_row,missing raw CSV row,False,"(('ENGL C1000 (3.00)',), ('ENGL C1000E (4.00)',), ('ENG 1B (3.00)',), ('ENGL C1001 (3.00)',))",,https://assist.org/transfer/results?year=76&institution=123&agreement=79&agreementType=to&viewAgreementsOptions=true&view=agreement&viewBy=major&viewSendingAgreements=false&viewByKey=76%2F123%2Fto%2F79%2FMajor%2F7d01fb7b-2afa-460e-ace0-08ddbf3f4ee7
Hartnell College,University of California Los Angeles,fail,,unexpected_row,unexpected raw CSV row,False,,"(('ENG 1B (3.00)',), ('ENGL C1001 (3.00)',), ('CSS 2A (4.00)',))",https://assist.org/transfer/results?year=76&institution=123&agreement=117&agreementType=to&viewAgreementsOptions=true&view=agreement&viewBy=major&viewSendingAgreements=false&viewByKey=76%2F123%2Fto%2F117%2FMajor%2F3fc7b07d-4058-4a0a-1f72-08ddcb96df9e
Hartnell College,University of California Los Angeles,fail,Requirement,missing_row,missing raw CSV row,False,"(('ENG 1B (3.00)',), ('ENGL C1001 (3.00)',), ('CSS 2A (4.00)',))",,https://assist.org/transfer/results?year=76&institution=123&agreement=117&agreementType=to&viewAgreementsOptions=true&view=agreement&viewBy=major&viewSendingAgreements=false&viewByKey=76%2F123%2Fto%2F117%2FMajor%2F3fc7b07d-4058-4a0a-1f72-08ddcb96df9e
Hartnell College,University of California Merced,fail,EE 060,missing_row,missing raw CSV row,False,"(('Not Articulated',),)",,https://assist.org/transfer/results?year=76&institution=123&agreement=144&agreementType=to&viewAgreementsOptions=true&view=agreement&viewBy=major&viewSendingAgreements=false&viewByKey=76%2F123%2Fto%2F144%2FMajor%2Fbe462cb5-458a-4c3d-5be5-08dd9e07c477
Imperial Valley College,University of California Berkeley,fail,,unexpected_row,unexpected raw CSV row,False,,"(('ENGL 105 (5.00)', 'ENGL C1000 (4.00)'), ('ENGL C1001 (3.00)',))",https://assist.org/transfer/results?year=76&institution=107&agreement=79&agreementType=to&viewAgreementsOptions=true&view=agreement&viewBy=major&viewSendingAgreements=false&viewByKey=76%2F107%2Fto%2F79%2FMajor%2F7d01fb7b-2afa-460e-ace0-08ddbf3f4ee7
Imperial Valley College,University of California Berkeley,fail,Requirement,missing_row,missing raw CSV row,False,"(('ENGL 105 (5.00)',), ('ENGL C1000 (4.00)',), ('ENGL C1001 (3.00)',))",,https://assist.org/transfer/results?year=76&institution=107&agreement=79&agreementType=to&viewAgreementsOptions=true&view=agreement&viewBy=major&viewSendingAgreements=false&viewByKey=76%2F107%2Fto%2F79%2FMajor%2F7d01fb7b-2afa-460e-ace0-08ddbf3f4ee7
Imperial Valley College,University of California Los Angeles,fail,,unexpected_row,unexpected raw CSV row,False,,"(('ENGL 102 (3.00)',), ('ENGL C1001 (3.00)',), ('Not Articulated',))",https://assist.org/transfer/results?year=76&institution=107&agreement=117&agreementType=to&viewAgreementsOptions=true&view=agreement&viewBy=major&viewSendingAgreements=false&viewByKey=76%2F107%2Fto%2F117%2FMajor%2F3fc7b07d-4058-4a0a-1f72-08ddcb96df9e
Imperial Valley College,University of California Los Angeles,fail,Requirement,missing_row,missing raw CSV row,False,"(('ENGL 102 (3.00)',), ('ENGL C1001 (3.00)',))",,https://assist.org/transfer/results?year=76&institution=107&agreement=117&agreementType=to&viewAgreementsOptions=true&view=agreement&viewBy=major&viewSendingAgreements=false&viewByKey=76%2F107%2Fto%2F117%2FMajor%2F3fc7b07d-4058-4a0a-1f72-08ddcb96df9e
Imperial Valley College,University of California Merced,fail,EE 060,missing_row,missing raw CSV row,False,"(('Not Articulated',),)",,https://assist.org/transfer/results?year=76&institution=107&agreement=144&agreementType=to&viewAgreementsOptions=true&view=agreement&viewBy=major&viewSendingAgreements=false&viewByKey=76%2F107%2Fto%2F144%2FMajor%2Fbe462cb5-458a-4c3d-5be5-08dd9e07c477
Irvine Valley College,University of California Berkeley,fail,,unexpected_row,unexpected raw CSV row,False,,"(('ENGL C1000 (4.00)', 'ENGL C1000H (4.00)', 'ESL 1 (4.00)'), ('ENGL C1001 (4.00)', 'ENGL C1001H (4.00)', 'LIB 20 (3.00)', 'LIB 20H (3.00)'))",https://assist.org/transfer/results?year=76&institution=124&agreement=79&agreementType=to&viewAgreementsOptions=true&view=agreement&viewBy=major&viewSendingAgreements=false&viewByKey=76%2F124%2Fto%2F79%2FMajor%2F7d01fb7b-2afa-460e-ace0-08ddbf3f4ee7
Irvine Valley College,University of California Berkeley,fail,Requirement,missing_row,missing raw CSV row,False,"(('ENGL C1000 (4.00)',), ('ENGL C1000H (4.00)',), ('ESL 1 (4.00)',), ('ENGL C1001 (4.00)',), ('ENGL C1001H (4.00)',), ('LIB 20 (3.00)',), ('LIB 20H (3.00)',))",,https://assist.org/transfer/results?year=76&institution=124&agreement=79&agreementType=to&viewAgreementsOptions=true&view=agreement&viewBy=major&viewSendingAgreements=false&viewByKey=76%2F124%2Fto%2F79%2FMajor%2F7d01fb7b-2afa-460e-ace0-08ddbf3f4ee7
Irvine Valley College,University of California Irvine,fail,MATH 3A,flattened_or,sending options differ,False,"(('MATH 26 (4.00)',), ('MATH 26H (4.00)',))","(('MATH 26 (4.00)', 'MATH 26H (4.00)'),)",https://assist.org/transfer/results?year=76&institution=124&agreement=120&agreementType=to&viewAgreementsOptions=true&view=agreement&viewBy=major&viewSendingAgreements=false&viewByKey=76%2F124%2Fto%2F120%2FMajor%2F7752acca-2b16-46d0-fb90-08dda2ee8889
Irvine Valley College,University of California Los Angeles,fail,,unexpected_row,unexpected raw CSV row,False,,"(('LIT 1 (3.00)',), ('ENGL C1001 (4.00)',), ('ENGL C1001H (4.00)',), ('CS 37 (3.00)',))",https://assist.org/transfer/results?year=76&institution=124&agreement=117&agreementType=to&viewAgreementsOptions=true&view=agreement&viewBy=major&viewSendingAgreements=false&viewByKey=76%2F124%2Fto%2F117%2FMajor%2F3fc7b07d-4058-4a0a-1f72-08ddcb96df9e
Irvine Valley College,University of California Los Angeles,fail,Requirement,missing_row,missing raw CSV row,False,"(('LIT 1 (3.00)',), ('ENGL C1001 (4.00)',), ('ENGL C1001H (4.00)',), ('CS 37 (3.00)',))",,https://assist.org/transfer/results?year=76&institution=124&agreement=117&agreementType=to&viewAgreementsOptions=true&view=agreement&viewBy=major&viewSendingAgreements=false&viewByKey=76%2F124%2Fto%2F117%2FMajor%2F3fc7b07d-4058-4a0a-1f72-08ddcb96df9e
Irvine Valley College,University of California Santa Barbara,fail,CHEM 1A; CHEM 1B; CHEM 1C; CHEM 2AL; CHEM 2BL,sending_options_mismatch,sending options differ,False,"(('CHEM 1A (5.00)', 'CHEM 1B (5.00)'), ('CHEM 1A (5.00)', 'CHEM 1BH (5.00)'), ('CHEM 1AH (5.00)', 'CHEM 1B (5.00)'), ('CHEM 1AH (5.00)', 'CHEM 1BH (5.00)'))","(('CHEM 1A (5.00)', 'CHEM 1AH (5.00)'), ('CHEM 1B (5.00)', 'CHEM 1BH (5.00)'))",https://assist.org/transfer/results?year=76&institution=124&agreement=128&agreementType=to&viewAgreementsOptions=true&view=agreement&viewBy=major&viewSendingAgreements=false&viewByKey=76%2F124%2Fto%2F128%2FMajor%2F9b98e159-1754-4eb0-33c4-08ddf001012b
Lake Tahoe Community College,University of California Berkeley,fail,Requirement,sending_options_mismatch,sending options differ,False,"(('ENGL C1000 (5.00)',), ('ENG 102 (4.00)',), ('ENGL C1001 (5.00)',))","(('ENG 102 (4.00)',), ('ENGL C1001 (5.00)',))",https://assist.org/transfer/results?year=76&institution=40&agreement=79&agreementType=to&viewAgreementsOptions=true&view=agreement&viewBy=major&viewSendingAgreements=false&viewByKey=76%2F40%2Fto%2F79%2FMajor%2F7d01fb7b-2afa-460e-ace0-08ddbf3f4ee7
Lake Tahoe Community College,University of California Los Angeles,fail,Requirement,sending_options_mismatch,sending options differ,False,"(('ENG 102 (4.00)',), ('ENGL C1001 (5.00)',), ('CIS 120A (4.00)',))","(('CIS 120A (4.00)',),)",https://assist.org/transfer/results?year=76&institution=40&agreement=117&agreementType=to&viewAgreementsOptions=true&view=agreement&viewBy=major&viewSendingAgreements=false&viewByKey=76%2F40%2Fto%2F117%2FMajor%2F3fc7b07d-4058-4a0a-1f72-08ddcb96df9e
Laney College,University of California Berkeley,fail,Requirement,sending_options_mismatch,sending options differ,False,"(('ENGL C1000 (4.00)',), ('ENGL C1000E (5.00)',), ('ENGL 1B (4.00)',))","(('ENGL 1B (4.00)',),)",https://assist.org/transfer/results?year=76&institution=77&agreement=79&agreementType=to&viewAgreementsOptions=true&view=agreement&viewBy=major&viewSendingAgreements=false&viewByKey=76%2F77%2Fto%2F79%2FMajor%2F7d01fb7b-2afa-460e-ace0-08ddbf3f4ee7
Laney College,University of California Los Angeles,fail,Requirement,sending_options_mismatch,sending options differ,False,"(('ENGL 1B (4.00)',), ('ENGL C1001 (3.00)',), ('CIS 25 (4.00)',))","(('CIS 25 (4.00)',),)",https://assist.org/transfer/results?year=76&institution=77&agreement=117&agreementType=to&viewAgreementsOptions=true&view=agreement&viewBy=major&viewSendingAgreements=false&viewByKey=76%2F77%2Fto%2F117%2FMajor%2F3fc7b07d-4058-4a0a-1f72-08ddcb96df9e
Las Positas College,University of California Berkeley,fail,,unexpected_row,unexpected raw CSV row,False,,"(('ENGL C1000 (3.00)',), ('ENG 4 (3.00)', 'ENGL C1001 (3.00)'))",https://assist.org/transfer/results?year=76&institution=18&agreement=79&agreementType=to&viewAgreementsOptions=true&view=agreement&viewBy=major&viewSendingAgreements=false&viewByKey=76%2F18%2Fto%2F79%2FMajor%2F7d01fb7b-2afa-460e-ace0-08ddbf3f4ee7
Las Positas College,University of California Berkeley,fail,Requirement,missing_row,missing raw CSV row,False,"(('ENGL C1000 (3.00)',), ('ENG 4 (3.00)',), ('ENGL C1001 (3.00)',))",,https://assist.org/transfer/results?year=76&institution=18&agreement=79&agreementType=to&viewAgreementsOptions=true&view=agreement&viewBy=major&viewSendingAgreements=false&viewByKey=76%2F18%2Fto%2F79%2FMajor%2F7d01fb7b-2afa-460e-ace0-08ddbf3f4ee7
Las Positas College,University of California Los Angeles,fail,,unexpected_row,unexpected raw CSV row,False,,"(('ENG 4 (3.00)',), ('ENGL C1001 (3.00)',), ('CS 1 (4.00)',), ('CS 2 (4.00)',))",https://assist.org/transfer/results?year=76&institution=18&agreement=117&agreementType=to&viewAgreementsOptions=true&view=agreement&viewBy=major&viewSendingAgreements=false&viewByKey=76%2F18%2Fto%2F117%2FMajor%2F3fc7b07d-4058-4a0a-1f72-08ddcb96df9e
Las Positas College,University of California Los Angeles,fail,Requirement,missing_row,missing raw CSV row,False,"(('ENG 4 (3.00)',), ('ENGL C1001 (3.00)',), ('CS 1 (4.00)',), ('CS 2 (4.00)',))",,https://assist.org/transfer/results?year=76&institution=18&agreement=117&agreementType=to&viewAgreementsOptions=true&view=agreement&viewBy=major&viewSendingAgreements=false&viewByKey=76%2F18%2Fto%2F117%2FMajor%2F3fc7b07d-4058-4a0a-1f72-08ddcb96df9e
Las Positas College,University of California Merced,fail,EE 060,missing_row,missing raw CSV row,False,"(('Not Articulated',),)",,https://assist.org/transfer/results?year=76&institution=18&agreement=144&agreementType=to&viewAgreementsOptions=true&view=agreement&viewBy=major&viewSendingAgreements=false&viewByKey=76%2F18%2Fto%2F144%2FMajor%2Fbe462cb5-458a-4c3d-5be5-08dd9e07c477
Lassen Community College,University of California Berkeley,fail,,unexpected_row,unexpected raw CSV row,False,,"(('ENGL C1000 (3.00)',), ('ENGL C1001 (3.00)',))",https://assist.org/transfer/results?year=76&institution=82&agreement=79&agreementType=to&viewAgreementsOptions=true&view=agreement&viewBy=major&viewSendingAgreements=false&viewByKey=76%2F82%2Fto%2F79%2FMajor%2F7d01fb7b-2afa-460e-ace0-08ddbf3f4ee7
Lassen Community College,University of California Berkeley,fail,Requirement,missing_row,missing raw CSV row,False,"(('ENGL C1000 (3.00)',), ('ENGL C1001 (3.00)',))",,https://assist.org/transfer/results?year=76&institution=82&agreement=79&agreementType=to&viewAgreementsOptions=true&view=agreement&viewBy=major&viewSendingAgreements=false&viewByKey=76%2F82%2Fto%2F79%2FMajor%2F7d01fb7b-2afa-460e-ace0-08ddbf3f4ee7
Lassen Community College,University of California Los Angeles,fail,,unexpected_row,unexpected raw CSV row,False,,"(('ENGL C1001 (3.00)',), ('Not Articulated',))",https://assist.org/transfer/results?year=76&institution=82&agreement=117&agreementType=to&viewAgreementsOptions=true&view=agreement&viewBy=major&viewSendingAgreements=false&viewByKey=76%2F82%2Fto%2F117%2FMajor%2F3fc7b07d-4058-4a0a-1f72-08ddcb96df9e
Lassen Community College,University of California Los Angeles,fail,Requirement,missing_row,missing raw CSV row,False,"(('ENGL C1001 (3.00)',),)",,https://assist.org/transfer/results?year=76&institution=82&agreement=117&agreementType=to&viewAgreementsOptions=true&view=agreement&viewBy=major&viewSendingAgreements=false&viewByKey=76%2F82%2Fto%2F117%2FMajor%2F3fc7b07d-4058-4a0a-1f72-08ddcb96df9e
Lassen Community College,University of California Merced,fail,EE 060,missing_row,missing raw CSV row,False,"(('Not Articulated',),)",,https://assist.org/transfer/results?year=76&institution=82&agreement=144&agreementType=to&viewAgreementsOptions=true&view=agreement&viewBy=major&viewSendingAgreements=false&viewByKey=76%2F82%2Fto%2F144%2FMajor%2Fbe462cb5-458a-4c3d-5be5-08dd9e07c477
Long Beach City College,University of California Berkeley,fail,Requirement,sending_options_mismatch,sending options differ,False,"(('ENGL C1000 (4.00)',), ('ENGL C1000E (5.00)',), ('ENGL C1000H (4.00)',), ('ESL 1S (5.00)',), ('ENGL C1001 (4.00)',), ('ENGL C1001H (4.00)',))","(('ENGL C1001 (4.00)',), ('ENGL C1001H (4.00)',))",https://assist.org/transfer/results?year=76&institution=135&agreement=79&agreementType=to&viewAgreementsOptions=true&view=agreement&viewBy=major&viewSendingAgreements=false&viewByKey=76%2F135%2Fto%2F79%2FMajor%2F7d01fb7b-2afa-460e-ace0-08ddbf3f4ee7
Long Beach City College,University of California Los Angeles,fail,Requirement,sending_options_mismatch,sending options differ,False,"(('ENGL 2 (4.00)',), ('ENGL C1001 (4.00)',), ('ENGL C1001H (4.00)',), ('CS 12 (4.00)',))","(('CS 12 (4.00)',),)",https://assist.org/transfer/results?year=76&institution=135&agreement=117&agreementType=to&viewAgreementsOptions=true&view=agreement&viewBy=major&viewSendingAgreements=false&viewByKey=76%2F135%2Fto%2F117%2FMajor%2F3fc7b07d-4058-4a0a-1f72-08ddcb96df9e
Los Angeles City College,University of California Berkeley,fail,Requirement,sending_options_mismatch,sending options differ,False,"(('ENGL C1000 (3.00)',), ('ENGL C1001 (3.00)',), ('ENGLISH 102 (3.00)',))","(('ENGL C1001 (3.00)',), ('ENGLISH 102 (3.00)',))",https://assist.org/transfer/results?year=76&institution=3&agreement=79&agreementType=to&viewAgreementsOptions=true&view=agreement&viewBy=major&viewSendingAgreements=false&viewByKey=76%2F3%2Fto%2F79%2FMajor%2F7d01fb7b-2afa-460e-ace0-08ddbf3f4ee7
Los Angeles City College,University of California Los Angeles,fail,Requirement,sending_options_mismatch,sending options differ,False,"(('ENGLISH 102 (3.00)',), ('ENGL C1001 (3.00)',), ('PHILOS 005 (3.00)',), ('CS 216 (3.00)',), ('CS 116 (3.00)',))","(('CS 216 (3.00)',), ('CS 116 (3.00)',))",https://assist.org/transfer/results?year=76&institution=3&agreement=117&agreementType=to&viewAgreementsOptions=true&view=agreement&viewBy=major&viewSendingAgreements=false&viewByKey=76%2F3%2Fto%2F117%2FMajor%2F3fc7b07d-4058-4a0a-1f72-08ddcb96df9e
Los Angeles Harbor College,University of California Berkeley,fail,Requirement,sending_options_mismatch,sending options differ,False,"(('ENGL C1000 (3.00)',), ('ENGLISH 101X (3.00)',), ('ENGLISH 101Y (3.50)',), ('E.S.L. 110 (4.00)',), ('ENGLISH 102 (3.00)',), ('ENGL C1001 (3.00)',))","(('ENGLISH 102 (3.00)',), ('ENGL C1001 (3.00)',))",https://assist.org/transfer/results?year=76&institution=31&agreement=79&agreementType=to&viewAgreementsOptions=true&view=agreement&viewBy=major&viewSendingAgreements=false&viewByKey=76%2F31%2Fto%2F79%2FMajor%2F7d01fb7b-2afa-460e-ace0-08ddbf3f4ee7
Los Angeles Mission College,University of California Berkeley,fail,Requirement,sending_options_mismatch,sending options differ,False,"(('ENGL C1000 (3.00)',), ('ENGLISH 101X (3.00)',), ('ENGLISH 101Y (3.50)',), ('ENGLISH 101Z (4.00)',), ('ENGL C1001 (3.00)',), ('ENGLISH 102 (3.00)',))","(('ENGL C1001 (3.00)',), ('ENGLISH 102 (3.00)',))",https://assist.org/transfer/results?year=76&institution=47&agreement=79&agreementType=to&viewAgreementsOptions=true&view=agreement&viewBy=major&viewSendingAgreements=false&viewByKey=76%2F47%2Fto%2F79%2FMajor%2F7d01fb7b-2afa-460e-ace0-08ddbf3f4ee7
Los Angeles Pierce College,University of California Berkeley,fail,,unexpected_row,unexpected raw CSV row,False,,"(('ENGL C1000 (3.00)',), ('ENGL C1001 (3.00)', 'ENGLISH 102 (3.00)', 'JOURNAL 109 (3.00)', 'PHILOS 005 (3.00)'))",https://assist.org/transfer/results?year=76&institution=86&agreement=79&agreementType=to&viewAgreementsOptions=true&view=agreement&viewBy=major&viewSendingAgreements=false&viewByKey=76%2F86%2Fto%2F79%2FMajor%2F7d01fb7b-2afa-460e-ace0-08ddbf3f4ee7
Los Angeles Pierce College,University of California Berkeley,fail,Requirement,missing_row,missing raw CSV row,False,"(('ENGL C1000 (3.00)',), ('ENGL C1001 (3.00)',), ('ENGLISH 102 (3.00)',), ('JOURNAL 109 (3.00)',), ('PHILOS 005 (3.00)',))",,https://assist.org/transfer/results?year=76&institution=86&agreement=79&agreementType=to&viewAgreementsOptions=true&view=agreement&viewBy=major&viewSendingAgreements=false&viewByKey=76%2F86%2Fto%2F79%2FMajor%2F7d01fb7b-2afa-460e-ace0-08ddbf3f4ee7
Los Angeles Pierce College,University of California Los Angeles,fail,,unexpected_row,unexpected raw CSV row,False,,"(('ENGLISH 102 (3.00)',), ('ENGL C1001 (3.00)',), ('PHILOS 005 (3.00)',), ('CS 216 (3.00)',))",https://assist.org/transfer/results?year=76&institution=86&agreement=117&agreementType=to&viewAgreementsOptions=true&view=agreement&viewBy=major&viewSendingAgreements=false&viewByKey=76%2F86%2Fto%2F117%2FMajor%2F3fc7b07d-4058-4a0a-1f72-08ddcb96df9e
Los Angeles Pierce College,University of California Los Angeles,fail,Requirement,missing_row,missing raw CSV row,False,"(('ENGLISH 102 (3.00)',), ('ENGL C1001 (3.00)',), ('PHILOS 005 (3.00)',), ('CS 216 (3.00)',))",,https://assist.org/transfer/results?year=76&institution=86&agreement=117&agreementType=to&viewAgreementsOptions=true&view=agreement&viewBy=major&viewSendingAgreements=false&viewByKey=76%2F86%2Fto%2F117%2FMajor%2F3fc7b07d-4058-4a0a-1f72-08ddcb96df9e
Los Angeles Pierce College,University of California Merced,fail,EE 060,missing_row,missing raw CSV row,False,"(('Not Articulated',),)",,https://assist.org/transfer/results?year=76&institution=86&agreement=144&agreementType=to&viewAgreementsOptions=true&view=agreement&viewBy=major&viewSendingAgreements=false&viewByKey=76%2F86%2Fto%2F144%2FMajor%2Fbe462cb5-458a-4c3d-5be5-08dd9e07c477
Los Angeles Southwest College,University of California Berkeley,fail,,unexpected_row,unexpected raw CSV row,False,,"(('ENGL C1000 (3.00)',), ('ENGLISH 102 (3.00)',))",https://assist.org/transfer/results?year=76&institution=130&agreement=79&agreementType=to&viewAgreementsOptions=true&view=agreement&viewBy=major&viewSendingAgreements=false&viewByKey=76%2F130%2Fto%2F79%2FMajor%2F7d01fb7b-2afa-460e-ace0-08ddbf3f4ee7
Los Angeles Southwest College,University of California Berkeley,fail,Requirement,missing_row,missing raw CSV row,False,"(('ENGL C1000 (3.00)',), ('ENGLISH 102 (3.00)',))",,https://assist.org/transfer/results?year=76&institution=130&agreement=79&agreementType=to&viewAgreementsOptions=true&view=agreement&viewBy=major&viewSendingAgreements=false&viewByKey=76%2F130%2Fto%2F79%2FMajor%2F7d01fb7b-2afa-460e-ace0-08ddbf3f4ee7
Los Angeles Southwest College,University of California Los Angeles,fail,,unexpected_row,unexpected raw CSV row,False,,"(('ENGLISH 102 (3.00)',), ('ENGL C1001 (3.00)',), ('Not Articulated',))",https://assist.org/transfer/results?year=76&institution=130&agreement=117&agreementType=to&viewAgreementsOptions=true&view=agreement&viewBy=major&viewSendingAgreements=false&viewByKey=76%2F130%2Fto%2F117%2FMajor%2F3fc7b07d-4058-4a0a-1f72-08ddcb96df9e
Los Angeles Southwest College,University of California Los Angeles,fail,Requirement,missing_row,missing raw CSV row,False,"(('ENGLISH 102 (3.00)',), ('ENGL C1001 (3.00)',))",,https://assist.org/transfer/results?year=76&institution=130&agreement=117&agreementType=to&viewAgreementsOptions=true&view=agreement&viewBy=major&viewSendingAgreements=false&viewByKey=76%2F130%2Fto%2F117%2FMajor%2F3fc7b07d-4058-4a0a-1f72-08ddcb96df9e
Los Angeles Southwest College,University of California Merced,fail,EE 060,missing_row,missing raw CSV row,False,"(('Not Articulated',),)",,https://assist.org/transfer/results?year=76&institution=130&agreement=144&agreementType=to&viewAgreementsOptions=true&view=agreement&viewBy=major&viewSendingAgreements=false&viewByKey=76%2F130%2Fto%2F144%2FMajor%2Fbe462cb5-458a-4c3d-5be5-08dd9e07c477
Los Angeles Trade Technical College,University of California Berkeley,fail,Requirement,sending_options_mismatch,sending options differ,False,"(('PHYSICS 101 (5.00)', 'PHYSICS 102 (5.00)', 'PHYSICS 103 (5.00)'), ('ENGL C1000 (3.00)',), ('ENGL C1001 (3.00)',), ('ENGLISH 102 (3.00)',))","(('ENGL C1001 (3.00)',), ('ENGLISH 102 (3.00)',))",https://assist.org/transfer/results?year=76&institution=25&agreement=79&agreementType=to&viewAgreementsOptions=true&view=agreement&viewBy=major&viewSendingAgreements=false&viewByKey=76%2F25%2Fto%2F79%2FMajor%2F7d01fb7b-2afa-460e-ace0-08ddbf3f4ee7
Los Angeles Trade Technical College,University of California Los Angeles,fail,Requirement,sending_options_mismatch,sending options differ,False,"(('ENGLISH 102 (3.00)',), ('ENGL C1001 (3.00)',), ('CS 116 (3.00)',), ('CS 115 (3.00)',), ('CS 216 (3.00)',))","(('CS 116 (3.00)',), ('CS 115 (3.00)',), ('CS 216 (3.00)',))",https://assist.org/transfer/results?year=76&institution=25&agreement=117&agreementType=to&viewAgreementsOptions=true&view=agreement&viewBy=major&viewSendingAgreements=false&viewByKey=76%2F25%2Fto%2F117%2FMajor%2F3fc7b07d-4058-4a0a-1f72-08ddcb96df9e
Los Angeles Valley College,University of California Berkeley,fail,,unexpected_row,unexpected raw CSV row,False,,"(('ENGL C1000 (3.00)',), ('ENGLISH 102 (3.00)',))",https://assist.org/transfer/results?year=76&institution=44&agreement=79&agreementType=to&viewAgreementsOptions=true&view=agreement&viewBy=major&viewSendingAgreements=false&viewByKey=76%2F44%2Fto%2F79%2FMajor%2F7d01fb7b-2afa-460e-ace0-08ddbf3f4ee7
Los Angeles Valley College,University of California Berkeley,fail,Requirement,missing_row,missing raw CSV row,False,"(('ENGL C1000 (3.00)',), ('ENGLISH 102 (3.00)',))",,https://assist.org/transfer/results?year=76&institution=44&agreement=79&agreementType=to&viewAgreementsOptions=true&view=agreement&viewBy=major&viewSendingAgreements=false&viewByKey=76%2F44%2Fto%2F79%2FMajor%2F7d01fb7b-2afa-460e-ace0-08ddbf3f4ee7
Los Angeles Valley College,University of California Los Angeles,fail,,unexpected_row,unexpected raw CSV row,False,,"(('COMM 105 (3.00)',), ('ENGLISH 102 (3.00)',), ('ENGL C1001 (3.00)',), ('CS 216 (3.00)',))",https://assist.org/transfer/results?year=76&institution=44&agreement=117&agreementType=to&viewAgreementsOptions=true&view=agreement&viewBy=major&viewSendingAgreements=false&viewByKey=76%2F44%2Fto%2F117%2FMajor%2F3fc7b07d-4058-4a0a-1f72-08ddcb96df9e
Los Angeles Valley College,University of California Los Angeles,fail,Requirement,missing_row,missing raw CSV row,False,"(('COMM 105 (3.00)',), ('ENGLISH 102 (3.00)',), ('ENGL C1001 (3.00)',), ('CS 216 (3.00)',))",,https://assist.org/transfer/results?year=76&institution=44&agreement=117&agreementType=to&viewAgreementsOptions=true&view=agreement&viewBy=major&viewSendingAgreements=false&viewByKey=76%2F44%2Fto%2F117%2FMajor%2F3fc7b07d-4058-4a0a-1f72-08ddcb96df9e
Los Angeles Valley College,University of California Merced,fail,EE 060,missing_row,missing raw CSV row,False,"(('Not Articulated',),)",,https://assist.org/transfer/results?year=76&institution=44&agreement=144&agreementType=to&viewAgreementsOptions=true&view=agreement&viewBy=major&viewSendingAgreements=false&viewByKey=76%2F44%2Fto%2F144%2FMajor%2Fbe462cb5-458a-4c3d-5be5-08dd9e07c477
Los Medanos College,University of California Berkeley,fail,,unexpected_row,unexpected raw CSV row,False,,"(('ENGL C1000 (3.00)',), ('ENGL 230 (3.00)', 'ENGL C1001 (3.00)'))",https://assist.org/transfer/results?year=76&institution=61&agreement=79&agreementType=to&viewAgreementsOptions=true&view=agreement&viewBy=major&viewSendingAgreements=false&viewByKey=76%2F61%2Fto%2F79%2FMajor%2F7d01fb7b-2afa-460e-ace0-08ddbf3f4ee7
Los Medanos College,University of California Berkeley,fail,Requirement,missing_row,missing raw CSV row,False,"(('ENGL C1000 (3.00)',), ('ENGL 230 (3.00)',), ('ENGL C1001 (3.00)',))",,https://assist.org/transfer/results?year=76&institution=61&agreement=79&agreementType=to&viewAgreementsOptions=true&view=agreement&viewBy=major&viewSendingAgreements=false&viewByKey=76%2F61%2Fto%2F79%2FMajor%2F7d01fb7b-2afa-460e-ace0-08ddbf3f4ee7
Los Medanos College,University of California Los Angeles,fail,,unexpected_row,unexpected raw CSV row,False,,"(('ENGL C1001 (3.00)',), ('ENGL 230 (3.00)',), ('Not Articulated',))",https://assist.org/transfer/results?year=76&institution=61&agreement=117&agreementType=to&viewAgreementsOptions=true&view=agreement&viewBy=major&viewSendingAgreements=false&viewByKey=76%2F61%2Fto%2F117%2FMajor%2F3fc7b07d-4058-4a0a-1f72-08ddcb96df9e
Los Medanos College,University of California Los Angeles,fail,Requirement,missing_row,missing raw CSV row,False,"(('ENGL C1001 (3.00)',), ('ENGL 230 (3.00)',))",,https://assist.org/transfer/results?year=76&institution=61&agreement=117&agreementType=to&viewAgreementsOptions=true&view=agreement&viewBy=major&viewSendingAgreements=false&viewByKey=76%2F61%2Fto%2F117%2FMajor%2F3fc7b07d-4058-4a0a-1f72-08ddcb96df9e
Los Medanos College,University of California Merced,fail,EE 060,missing_row,missing raw CSV row,False,"(('Not Articulated',),)",,https://assist.org/transfer/results?year=76&institution=61&agreement=144&agreementType=to&viewAgreementsOptions=true&view=agreement&viewBy=major&viewSendingAgreements=false&viewByKey=76%2F61%2Fto%2F144%2FMajor%2Fbe462cb5-458a-4c3d-5be5-08dd9e07c477
Madera Community College,University of California Berkeley,fail,,unexpected_row,unexpected raw CSV row,False,,"(('ENGL C1000 (4.00)', 'ENGL C1000H (4.00)'), ('ENGL 1B (3.00)', 'ENGL 1BH (3.00)', 'ENGL 2 (3.00)', 'ENGL 2H (3.00)', 'ENGL C1001 (3.00)', 'ENGL C1001H (3.00)'))",https://assist.org/transfer/results?year=76&institution=200&agreement=79&agreementType=to&viewAgreementsOptions=true&view=agreement&viewBy=major&viewSendingAgreements=false&viewByKey=76%2F200%2Fto%2F79%2FMajor%2F7d01fb7b-2afa-460e-ace0-08ddbf3f4ee7
Madera Community College,University of California Berkeley,fail,Requirement,missing_row,missing raw CSV row,False,"(('ENGL C1000 (4.00)',), ('ENGL C1000H (4.00)',), ('ENGL 1B (3.00)',), ('ENGL 1BH (3.00)',), ('ENGL 2 (3.00)',), ('ENGL 2H (3.00)',), ('ENGL C1001 (3.00)',), ('ENGL C1001H (3.00)',))",,https://assist.org/transfer/results?year=76&institution=200&agreement=79&agreementType=to&viewAgreementsOptions=true&view=agreement&viewBy=major&viewSendingAgreements=false&viewByKey=76%2F200%2Fto%2F79%2FMajor%2F7d01fb7b-2afa-460e-ace0-08ddbf3f4ee7
Madera Community College,University of California Los Angeles,fail,,unexpected_row,unexpected raw CSV row,False,,"(('ENGL 1B (3.00)',), ('ENGL 1BH (3.00)',), ('ENGL 2 (3.00)',), ('ENGL 2H (3.00)',), ('ENGL C1001 (3.00)',), ('ENGL C1001H (3.00)',), ('PHIL 2 (3.00)',), ('ENGR 40 (4.00)',))",https://assist.org/transfer/results?year=76&institution=200&agreement=117&agreementType=to&viewAgreementsOptions=true&view=agreement&viewBy=major&viewSendingAgreements=false&viewByKey=76%2F200%2Fto%2F117%2FMajor%2F3fc7b07d-4058-4a0a-1f72-08ddcb96df9e
Madera Community College,University of California Los Angeles,fail,Requirement,missing_row,missing raw CSV row,False,"(('ENGL 1B (3.00)',), ('ENGL 1BH (3.00)',), ('ENGL 2 (3.00)',), ('ENGL 2H (3.00)',), ('ENGL C1001 (3.00)',), ('ENGL C1001H (3.00)',), ('PHIL 2 (3.00)',), ('ENGR 40 (4.00)',))",,https://assist.org/transfer/results?year=76&institution=200&agreement=117&agreementType=to&viewAgreementsOptions=true&view=agreement&viewBy=major&viewSendingAgreements=false&viewByKey=76%2F200%2Fto%2F117%2FMajor%2F3fc7b07d-4058-4a0a-1f72-08ddcb96df9e
Madera Community College,University of California Merced,fail,EE 060,missing_row,missing raw CSV row,False,"(('Not Articulated',),)",,https://assist.org/transfer/results?year=76&institution=200&agreement=144&agreementType=to&viewAgreementsOptions=true&view=agreement&viewBy=major&viewSendingAgreements=false&viewByKey=76%2F200%2Fto%2F144%2FMajor%2Fbe462cb5-458a-4c3d-5be5-08dd9e07c477
Madera Community College,University of California Santa Barbara,fail,MATH 3A,sending_options_mismatch,sending options differ,False,"(('MATH 5A (5.00)',), ('MATH 75A (2.00)', 'MATH 75B (3.00)'))","(('MATH 75A (2.00)', 'MATH 75B (3.00)'), ('MATH 5A (5.00)',))",https://assist.org/transfer/results?year=76&institution=200&agreement=128&agreementType=to&viewAgreementsOptions=true&view=agreement&viewBy=major&viewSendingAgreements=false&viewByKey=76%2F200%2Fto%2F128%2FMajor%2F9b98e159-1754-4eb0-33c4-08ddf001012b
Mendocino College,University of California Berkeley,fail,,unexpected_row,unexpected raw CSV row,False,,"(('ENGL C1000 (4.00)',), ('ENGL 201 (4.00)',), ('PHY 220 (4.00)',), ('PHY 221 (4.00)', 'PHY 222 (4.00)'))",https://assist.org/transfer/results?year=76&institution=100&agreement=79&agreementType=to&viewAgreementsOptions=true&view=agreement&viewBy=major&viewSendingAgreements=false&viewByKey=76%2F100%2Fto%2F79%2FMajor%2F7d01fb7b-2afa-460e-ace0-08ddbf3f4ee7
Mendocino College,University of California Berkeley,fail,Requirement,missing_row,missing raw CSV row,False,"(('PHY 220 (4.00)',), ('PHY 221 (4.00)', 'PHY 222 (4.00)'), ('ENGL C1000 (4.00)',), ('ENGL 201 (4.00)',))",,https://assist.org/transfer/results?year=76&institution=100&agreement=79&agreementType=to&viewAgreementsOptions=true&view=agreement&viewBy=major&viewSendingAgreements=false&viewByKey=76%2F100%2Fto%2F79%2FMajor%2F7d01fb7b-2afa-460e-ace0-08ddbf3f4ee7
Mendocino College,University of California Los Angeles,fail,,unexpected_row,unexpected raw CSV row,False,,"(('ENGL 201 (4.00)',), ('ENGL C1001 (3.00)',), ('Not Articulated',))",https://assist.org/transfer/results?year=76&institution=100&agreement=117&agreementType=to&viewAgreementsOptions=true&view=agreement&viewBy=major&viewSendingAgreements=false&viewByKey=76%2F100%2Fto%2F117%2FMajor%2F3fc7b07d-4058-4a0a-1f72-08ddcb96df9e
Mendocino College,University of California Los Angeles,fail,Requirement,missing_row,missing raw CSV row,False,"(('ENGL 201 (4.00)',), ('ENGL C1001 (3.00)',))",,https://assist.org/transfer/results?year=76&institution=100&agreement=117&agreementType=to&viewAgreementsOptions=true&view=agreement&viewBy=major&viewSendingAgreements=false&viewByKey=76%2F100%2Fto%2F117%2FMajor%2F3fc7b07d-4058-4a0a-1f72-08ddcb96df9e
Mendocino College,University of California Merced,fail,EE 060,missing_row,missing raw CSV row,False,"(('Not Articulated',),)",,https://assist.org/transfer/results?year=76&institution=100&agreement=144&agreementType=to&viewAgreementsOptions=true&view=agreement&viewBy=major&viewSendingAgreements=false&viewByKey=76%2F100%2Fto%2F144%2FMajor%2Fbe462cb5-458a-4c3d-5be5-08dd9e07c477
Merced College,University of California Berkeley,fail,,unexpected_row,unexpected raw CSV row,False,,"(('ENGL C1000 (4.00)',), ('ENGL -01B (3.00)',))",https://assist.org/transfer/results?year=76&institution=17&agreement=79&agreementType=to&viewAgreementsOptions=true&view=agreement&viewBy=major&viewSendingAgreements=false&viewByKey=76%2F17%2Fto%2F79%2FMajor%2F7d01fb7b-2afa-460e-ace0-08ddbf3f4ee7
Merced College,University of California Berkeley,fail,Requirement,missing_row,missing raw CSV row,False,"(('ENGL C1000 (4.00)',), ('ENGL -01B (3.00)',))",,https://assist.org/transfer/results?year=76&institution=17&agreement=79&agreementType=to&viewAgreementsOptions=true&view=agreement&viewBy=major&viewSendingAgreements=false&viewByKey=76%2F17%2Fto%2F79%2FMajor%2F7d01fb7b-2afa-460e-ace0-08ddbf3f4ee7
Merced College,University of California Los Angeles,fail,,unexpected_row,unexpected raw CSV row,False,,"(('ENGL -01B (3.00)',), ('ENGL C1001 (3.00)',), ('ENGL C1001H (3.00)',), ('Not Articulated',))",https://assist.org/transfer/results?year=76&institution=17&agreement=117&agreementType=to&viewAgreementsOptions=true&view=agreement&viewBy=major&viewSendingAgreements=false&viewByKey=76%2F17%2Fto%2F117%2FMajor%2F3fc7b07d-4058-4a0a-1f72-08ddcb96df9e
Merced College,University of California Los Angeles,fail,Requirement,missing_row,missing raw CSV row,False,"(('ENGL -01B (3.00)',), ('ENGL C1001 (3.00)',), ('ENGL C1001H (3.00)',))",,https://assist.org/transfer/results?year=76&institution=17&agreement=117&agreementType=to&viewAgreementsOptions=true&view=agreement&viewBy=major&viewSendingAgreements=false&viewByKey=76%2F17%2Fto%2F117%2FMajor%2F3fc7b07d-4058-4a0a-1f72-08ddcb96df9e
Merritt College,University of California Berkeley,fail,Requirement,sending_options_mismatch,sending options differ,False,"(('ENGL C1000 (4.00)',), ('ENGL 1B (4.00)',))","(('ENGL 1B (4.00)',),)",https://assist.org/transfer/results?year=76&institution=13&agreement=79&agreementType=to&viewAgreementsOptions=true&view=agreement&viewBy=major&viewSendingAgreements=false&viewByKey=76%2F13%2Fto%2F79%2FMajor%2F7d01fb7b-2afa-460e-ace0-08ddbf3f4ee7
MiraCosta College,University of California Berkeley,fail,Requirement,sending_options_mismatch,sending options differ,False,"(('ENGL C1000 (4.00)',), ('ENGL 201 (4.00)',), ('ENGL 201H (4.00)',), ('ENGL C1001 (4.00)',), ('ENGL C1001H (4.00)',))","(('ENGL 201 (4.00)',), ('ENGL 201H (4.00)',), ('ENGL C1001 (4.00)',), ('ENGL C1001H (4.00)',))",https://assist.org/transfer/results?year=76&institution=108&agreement=79&agreementType=to&viewAgreementsOptions=true&view=agreement&viewBy=major&viewSendingAgreements=false&viewByKey=76%2F108%2Fto%2F79%2FMajor%2F7d01fb7b-2afa-460e-ace0-08ddbf3f4ee7
Mission College,University of California Berkeley,fail,Requirement,sending_options_mismatch,sending options differ,False,"(('ENGL C1000 (3.00)',), ('ENGL C1000E (5.00)',), ('ENG 001B (3.00)',), ('ENGL C1001 (3.00)',))","(('ENG 001B (3.00)',), ('ENGL C1001 (3.00)',))",https://assist.org/transfer/results?year=76&institution=32&agreement=79&agreementType=to&viewAgreementsOptions=true&view=agreement&viewBy=major&viewSendingAgreements=false&viewByKey=76%2F32%2Fto%2F79%2FMajor%2F7d01fb7b-2afa-460e-ace0-08ddbf3f4ee7
Mission College,University of California Los Angeles,fail,Requirement,sending_options_mismatch,sending options differ,False,"(('ENG 001B (3.00)',), ('ENGL C1001 (3.00)',), ('PHI 003 (3.00)',), ('EGR 030 (4.00)',))","(('EGR 030 (4.00)',),)",https://assist.org/transfer/results?year=76&institution=32&agreement=117&agreementType=to&viewAgreementsOptions=true&view=agreement&viewBy=major&viewSendingAgreements=false&viewByKey=76%2F32%2Fto%2F117%2FMajor%2F3fc7b07d-4058-4a0a-1f72-08ddcb96df9e
Modesto Junior College,University of California Berkeley,fail,,unexpected_row,unexpected raw CSV row,False,,"(('ENGL C1000 (3.00)',), ('ENGL 102 (3.00)', 'ENGL C1001 (3.00)'))",https://assist.org/transfer/results?year=76&institution=52&agreement=79&agreementType=to&viewAgreementsOptions=true&view=agreement&viewBy=major&viewSendingAgreements=false&viewByKey=76%2F52%2Fto%2F79%2FMajor%2F7d01fb7b-2afa-460e-ace0-08ddbf3f4ee7
Modesto Junior College,University of California Berkeley,fail,Requirement,missing_row,missing raw CSV row,False,"(('ENGL C1000 (3.00)',), ('ENGL 102 (3.00)',), ('ENGL C1001 (3.00)',))",,https://assist.org/transfer/results?year=76&institution=52&agreement=79&agreementType=to&viewAgreementsOptions=true&view=agreement&viewBy=major&viewSendingAgreements=false&viewByKey=76%2F52%2Fto%2F79%2FMajor%2F7d01fb7b-2afa-460e-ace0-08ddbf3f4ee7
Modesto Junior College,University of California Los Angeles,fail,,unexpected_row,unexpected raw CSV row,False,,"(('ENGL 102 (3.00)',), ('ENGL C1001 (3.00)',), ('PHILO 105 (3.00)',), ('PHILO 107 (3.00)',), ('COMM 104 (3.00)',), ('Not Articulated',))",https://assist.org/transfer/results?year=76&institution=52&agreement=117&agreementType=to&viewAgreementsOptions=true&view=agreement&viewBy=major&viewSendingAgreements=false&viewByKey=76%2F52%2Fto%2F117%2FMajor%2F3fc7b07d-4058-4a0a-1f72-08ddcb96df9e
Modesto Junior College,University of California Los Angeles,fail,Requirement,missing_row,missing raw CSV row,False,"(('ENGL 102 (3.00)',), ('ENGL C1001 (3.00)',), ('PHILO 105 (3.00)',), ('PHILO 107 (3.00)',), ('COMM 104 (3.00)',))",,https://assist.org/transfer/results?year=76&institution=52&agreement=117&agreementType=to&viewAgreementsOptions=true&view=agreement&viewBy=major&viewSendingAgreements=false&viewByKey=76%2F52%2Fto%2F117%2FMajor%2F3fc7b07d-4058-4a0a-1f72-08ddcb96df9e
Modesto Junior College,University of California Merced,fail,EE 060,missing_row,missing raw CSV row,False,"(('Not Articulated',),)",,https://assist.org/transfer/results?year=76&institution=52&agreement=144&agreementType=to&viewAgreementsOptions=true&view=agreement&viewBy=major&viewSendingAgreements=false&viewByKey=76%2F52%2Fto%2F144%2FMajor%2Fbe462cb5-458a-4c3d-5be5-08dd9e07c477
Monterey Peninsula College,University of California Berkeley,fail,,unexpected_row,unexpected raw CSV row,False,,"(('ENGL C1000 (3.00)',), ('ENGL 1B (3.00)',))",https://assist.org/transfer/results?year=76&institution=133&agreement=79&agreementType=to&viewAgreementsOptions=true&view=agreement&viewBy=major&viewSendingAgreements=false&viewByKey=76%2F133%2Fto%2F79%2FMajor%2F7d01fb7b-2afa-460e-ace0-08ddbf3f4ee7
Monterey Peninsula College,University of California Berkeley,fail,Requirement,missing_row,missing raw CSV row,False,"(('ENGL C1000 (3.00)',), ('ENGL 1B (3.00)',))",,https://assist.org/transfer/results?year=76&institution=133&agreement=79&agreementType=to&viewAgreementsOptions=true&view=agreement&viewBy=major&viewSendingAgreements=false&viewByKey=76%2F133%2Fto%2F79%2FMajor%2F7d01fb7b-2afa-460e-ace0-08ddbf3f4ee7
Monterey Peninsula College,University of California Los Angeles,fail,,unexpected_row,unexpected raw CSV row,False,,"(('ENGL 1B (3.00)',), ('ENGL C1001 (3.00)',), ('CSCI 10C (4.00)',))",https://assist.org/transfer/results?year=76&institution=133&agreement=117&agreementType=to&viewAgreementsOptions=true&view=agreement&viewBy=major&viewSendingAgreements=false&viewByKey=76%2F133%2Fto%2F117%2FMajor%2F3fc7b07d-4058-4a0a-1f72-08ddcb96df9e
Monterey Peninsula College,University of California Los Angeles,fail,Requirement,missing_row,missing raw CSV row,False,"(('ENGL 1B (3.00)',), ('ENGL C1001 (3.00)',), ('CSCI 10C (4.00)',))",,https://assist.org/transfer/results?year=76&institution=133&agreement=117&agreementType=to&viewAgreementsOptions=true&view=agreement&viewBy=major&viewSendingAgreements=false&viewByKey=76%2F133%2Fto%2F117%2FMajor%2F3fc7b07d-4058-4a0a-1f72-08ddcb96df9e
Monterey Peninsula College,University of California Merced,fail,EE 060,missing_row,missing raw CSV row,False,"(('Not Articulated',),)",,https://assist.org/transfer/results?year=76&institution=133&agreement=144&agreementType=to&viewAgreementsOptions=true&view=agreement&viewBy=major&viewSendingAgreements=false&viewByKey=76%2F133%2Fto%2F144%2FMajor%2Fbe462cb5-458a-4c3d-5be5-08dd9e07c477
Moorpark College,University of California Berkeley,fail,Requirement,sending_options_mismatch,sending options differ,False,"(('ENGL C1000 (4.00)',), ('ENGL C1000H (4.00)',), ('ENGL M01B (4.00)',), ('ENGL M01BH (4.00)',), ('ENGL C1001 (3.00)',), ('ENGL C1001H (3.00)',))","(('ENGL M01B (4.00)',), ('ENGL M01BH (4.00)',), ('ENGL C1001 (3.00)',), ('ENGL C1001H (3.00)',))",https://assist.org/transfer/results?year=76&institution=139&agreement=79&agreementType=to&viewAgreementsOptions=true&view=agreement&viewBy=major&viewSendingAgreements=false&viewByKey=76%2F139%2Fto%2F79%2FMajor%2F7d01fb7b-2afa-460e-ace0-08ddbf3f4ee7
Moorpark College,University of California Los Angeles,fail,Requirement,sending_options_mismatch,sending options differ,False,"(('ENGL M01B (4.00)',), ('ENGL M01BH (4.00)',), ('ENGL C1001 (3.00)',), ('ENGL C1001H (3.00)',), ('COMM M25 (3.00)',), ('PHIL M05 (3.00)',), ('CS M125 (3.00)',))","(('CS M125 (3.00)',),)",https://assist.org/transfer/results?year=76&institution=139&agreement=117&agreementType=to&viewAgreementsOptions=true&view=agreement&viewBy=major&viewSendingAgreements=false&viewByKey=76%2F139%2Fto%2F117%2FMajor%2F3fc7b07d-4058-4a0a-1f72-08ddcb96df9e
Moreno Valley College,University of California Berkeley,fail,,unexpected_row,unexpected raw CSV row,False,,"(('ENGL C1000 (4.00)', 'ENGL C1000H (4.00)'), ('ENGL 1B (4.00)', 'ENGL 1BH (4.00)'))",https://assist.org/transfer/results?year=76&institution=149&agreement=79&agreementType=to&viewAgreementsOptions=true&view=agreement&viewBy=major&viewSendingAgreements=false&viewByKey=76%2F149%2Fto%2F79%2FMajor%2F7d01fb7b-2afa-460e-ace0-08ddbf3f4ee7
Moreno Valley College,University of California Berkeley,fail,Requirement,missing_row,missing raw CSV row,False,"(('ENGL C1000 (4.00)',), ('ENGL C1000H (4.00)',), ('ENGL 1B (4.00)',), ('ENGL 1BH (4.00)',))",,https://assist.org/transfer/results?year=76&institution=149&agreement=79&agreementType=to&viewAgreementsOptions=true&view=agreement&viewBy=major&viewSendingAgreements=false&viewByKey=76%2F149%2Fto%2F79%2FMajor%2F7d01fb7b-2afa-460e-ace0-08ddbf3f4ee7
Moreno Valley College,University of California Los Angeles,fail,,unexpected_row,unexpected raw CSV row,False,,"(('ENGL 1B (4.00)',), ('ENGL 1BH (4.00)',), ('CIS 5 (4.00)',))",https://assist.org/transfer/results?year=76&institution=149&agreement=117&agreementType=to&viewAgreementsOptions=true&view=agreement&viewBy=major&viewSendingAgreements=false&viewByKey=76%2F149%2Fto%2F117%2FMajor%2F3fc7b07d-4058-4a0a-1f72-08ddcb96df9e
Moreno Valley College,University of California Los Angeles,fail,Requirement,missing_row,missing raw CSV row,False,"(('ENGL 1B (4.00)',), ('ENGL 1BH (4.00)',), ('CIS 5 (4.00)',))",,https://assist.org/transfer/results?year=76&institution=149&agreement=117&agreementType=to&viewAgreementsOptions=true&view=agreement&viewBy=major&viewSendingAgreements=false&viewByKey=76%2F149%2Fto%2F117%2FMajor%2F3fc7b07d-4058-4a0a-1f72-08ddcb96df9e
Moreno Valley College,University of California Merced,fail,EE 060,missing_row,missing raw CSV row,False,"(('Not Articulated',),)",,https://assist.org/transfer/results?year=76&institution=149&agreement=144&agreementType=to&viewAgreementsOptions=true&view=agreement&viewBy=major&viewSendingAgreements=false&viewByKey=76%2F149%2Fto%2F144%2FMajor%2Fbe462cb5-458a-4c3d-5be5-08dd9e07c477
Moreno Valley College,University of California Santa Barbara,fail,CHEM 1A; CHEM 1B; CHEM 1C; CHEM 2AL; CHEM 2BL,sending_options_mismatch,sending options differ,False,"(('CHE 1A (5.00)', 'CHE 1B (5.00)'), ('CHE 1A (5.00)', 'CHE 1BH (5.00)'), ('CHE 1AH (5.00)', 'CHE 1B (5.00)'), ('CHE 1AH (5.00)', 'CHE 1BH (5.00)'))","(('CHE 1A (5.00)', 'CHE 1AH (5.00)'), ('CHE 1B (5.00)', 'CHE 1BH (5.00)'))",https://assist.org/transfer/results?year=76&institution=149&agreement=128&agreementType=to&viewAgreementsOptions=true&view=agreement&viewBy=major&viewSendingAgreements=false&viewByKey=76%2F149%2Fto%2F128%2FMajor%2F9b98e159-1754-4eb0-33c4-08ddf001012b
Mount San Antonio College,University of California Berkeley,fail,,unexpected_row,unexpected raw CSV row,False,,"(('AMLA 1A (4.00)', 'ENGL C1000 (4.00)', 'ENGL C1000H (4.00)'), ('ENGL C1001 (4.00)', 'ENGL C1001H (4.00)'))",https://assist.org/transfer/results?year=76&institution=62&agreement=79&agreementType=to&viewAgreementsOptions=true&view=agreement&viewBy=major&viewSendingAgreements=false&viewByKey=76%2F62%2Fto%2F79%2FMajor%2F7d01fb7b-2afa-460e-ace0-08ddbf3f4ee7
Mount San Antonio College,University of California Berkeley,fail,MATH 54,sending_options_mismatch,sending options differ,False,"(('ENGR 285 (4.00)',), ('MATH 285 (5.00)',), ('MATH 260 (3.00)', 'MATH 290 (4.00)'))","(('MATH 260 (3.00)', 'MATH 290 (4.00)'), ('ENGR 285 (4.00)',), ('MATH 285 (5.00)',))",https://assist.org/transfer/results?year=76&institution=62&agreement=79&agreementType=to&viewAgreementsOptions=true&view=agreement&viewBy=major&viewSendingAgreements=false&viewByKey=76%2F62%2Fto%2F79%2FMajor%2F7d01fb7b-2afa-460e-ace0-08ddbf3f4ee7
Mount San Antonio College,University of California Berkeley,fail,Requirement,missing_row,missing raw CSV row,False,"(('AMLA 1A (4.00)',), ('ENGL C1000 (4.00)',), ('ENGL C1000H (4.00)',), ('ENGL C1001 (4.00)',), ('ENGL C1001H (4.00)',))",,https://assist.org/transfer/results?year=76&institution=62&agreement=79&agreementType=to&viewAgreementsOptions=true&view=agreement&viewBy=major&viewSendingAgreements=false&viewByKey=76%2F62%2Fto%2F79%2FMajor%2F7d01fb7b-2afa-460e-ace0-08ddbf3f4ee7
Mount San Antonio College,University of California Los Angeles,fail,,unexpected_row,unexpected raw CSV row,False,,"(('ENGL 1B (3.00)',), ('ENGL 1BH (3.00)',), ('ENGL C1001 (4.00)',), ('ENGL C1001H (4.00)',), ('PHIL 9 (3.00)',), ('PHIL 9H (3.00)',), ('CISP 31 (3.00)', 'CISP 31L (0.50)'), ('CISP 34 (3.00)',), ('CSCI 140 (4.00)',))",https://assist.org/transfer/results?year=76&institution=62&agreement=117&agreementType=to&viewAgreementsOptions=true&view=agreement&viewBy=major&viewSendingAgreements=false&viewByKey=76%2F62%2Fto%2F117%2FMajor%2F3fc7b07d-4058-4a0a-1f72-08ddcb96df9e
Mount San Antonio College,University of California Los Angeles,fail,Requirement,missing_row,missing raw CSV row,False,"(('ENGL 1B (3.00)',), ('ENGL 1BH (3.00)',), ('ENGL C1001 (4.00)',), ('ENGL C1001H (4.00)',), ('PHIL 9 (3.00)',), ('PHIL 9H (3.00)',), ('CISP 31 (3.00)', 'CISP 31L (0.50)'), ('CISP 34 (3.00)',), ('CSCI 140 (4.00)',))",,https://assist.org/transfer/results?year=76&institution=62&agreement=117&agreementType=to&viewAgreementsOptions=true&view=agreement&viewBy=major&viewSendingAgreements=false&viewByKey=76%2F62%2Fto%2F117%2FMajor%2F3fc7b07d-4058-4a0a-1f72-08ddcb96df9e
Mount San Antonio College,University of California Merced,fail,EE 060,missing_row,missing raw CSV row,False,"(('Not Articulated',),)",,https://assist.org/transfer/results?year=76&institution=62&agreement=144&agreementType=to&viewAgreementsOptions=true&view=agreement&viewBy=major&viewSendingAgreements=false&viewByKey=76%2F62%2Fto%2F144%2FMajor%2Fbe462cb5-458a-4c3d-5be5-08dd9e07c477
Mount San Antonio College,University of California Merced,fail,MATH 024,sending_options_mismatch,sending options differ,False,"(('MATH 285 (5.00)',), ('MATH 260 (3.00)', 'MATH 290 (4.00)'))","(('MATH 260 (3.00)', 'MATH 290 (4.00)'), ('MATH 285 (5.00)',))",https://assist.org/transfer/results?year=76&institution=62&agreement=144&agreementType=to&viewAgreementsOptions=true&view=agreement&viewBy=major&viewSendingAgreements=false&viewByKey=76%2F62%2Fto%2F144%2FMajor%2Fbe462cb5-458a-4c3d-5be5-08dd9e07c477
Mount San Antonio College,University of California Riverside,fail,CS 10A,sending_options_mismatch,sending options differ,False,"(('CSCI 110 (3.50)',), ('CSCI 140 (4.00)',), ('CSCI 145 (4.00)',), ('CISP 31 (3.00)', 'CISP 31L (0.50)'), ('CISP 34 (3.00)', 'CISP 34L (0.50)'))","(('CISP 31 (3.00)', 'CISP 31L (0.50)'), ('CISP 34 (3.00)', 'CISP 34L (0.50)'), ('CSCI 110 (3.50)',), ('CSCI 140 (4.00)',), ('CSCI 145 (4.00)',))",https://assist.org/transfer/results?year=76&institution=62&agreement=46&agreementType=to&viewAgreementsOptions=true&view=agreement&viewBy=major&viewSendingAgreements=false&viewByKey=76%2F62%2Fto%2F46%2FMajor%2Fb3f7557b-47c0-4486-4ece-08de050a3a5e
Mount San Antonio College,University of California San Diego,fail,CSE 12,sending_options_mismatch,sending options differ,False,"(('CSCI 140 (4.00)',), ('CSCI 220 (3.50)', 'CSCI 230 (3.50)'))","(('CSCI 220 (3.50)', 'CSCI 230 (3.50)'), ('CSCI 140 (4.00)',))",https://assist.org/transfer/results?year=76&institution=62&agreement=7&agreementType=to&viewAgreementsOptions=true&view=agreement&viewBy=major&viewSendingAgreements=false&viewByKey=76%2F62%2Fto%2F7%2FMajor%2F76ab1c59-2dcf-4c6f-f364-08ddd3b241a4
Mount San Antonio College,University of California Santa Barbara,fail,CHEM 1A; CHEM 1B; CHEM 1C; CHEM 2AL; CHEM 2BL,sending_options_mismatch,sending options differ,False,"(('CHEM 50 (5.00)', 'CHEM 51 (5.00)'), ('CHEM 50 (5.00)', 'CHEM 51H (5.00)'), ('CHEM 50H (5.00)', 'CHEM 51 (5.00)'), ('CHEM 50H (5.00)', 'CHEM 51H (5.00)'))","(('CHEM 50 (5.00)', 'CHEM 50H (5.00)'), ('CHEM 51 (5.00)', 'CHEM 51H (5.00)'))",https://assist.org/transfer/results?year=76&institution=62&agreement=128&agreementType=to&viewAgreementsOptions=true&view=agreement&viewBy=major&viewSendingAgreements=false&viewByKey=76%2F62%2Fto%2F128%2FMajor%2F9b98e159-1754-4eb0-33c4-08ddf001012b
Mt. San Jacinto College,University of California Berkeley,fail,Requirement,sending_options_mismatch,sending options differ,False,"(('ENGL C1000 (3.00)',), ('ENGL C1000H (3.00)',), ('ENGL C1001 (3.00)',), ('ENGL C1001H (3.00)',))","(('ENGL C1001 (3.00)',), ('ENGL C1001H (3.00)',))",https://assist.org/transfer/results?year=76&institution=53&agreement=79&agreementType=to&viewAgreementsOptions=true&view=agreement&viewBy=major&viewSendingAgreements=false&viewByKey=76%2F53%2Fto%2F79%2FMajor%2F7d01fb7b-2afa-460e-ace0-08ddbf3f4ee7
Mt. San Jacinto College,University of California Los Angeles,fail,Requirement,sending_options_mismatch,sending options differ,False,"(('ENGL C1001 (3.00)',), ('ENGL C1001H (3.00)',), ('LIT- 106 (3.00)',), ('LIT- 106H (3.00)',), ('PHIL- 112 (3.00)',), ('CSIS- 113A (3.00)',), ('CSIS- 123A (3.00)',))","(('CSIS- 113A (3.00)',), ('CSIS- 123A (3.00)',))",https://assist.org/transfer/results?year=76&institution=53&agreement=117&agreementType=to&viewAgreementsOptions=true&view=agreement&viewBy=major&viewSendingAgreements=false&viewByKey=76%2F53%2Fto%2F117%2FMajor%2F3fc7b07d-4058-4a0a-1f72-08ddcb96df9e
Napa Valley College,University of California Berkeley,fail,,unexpected_row,unexpected raw CSV row,False,,"(('ENGL C1000 (4.00)',), ('ENGL 121 (3.00)', 'ENGL C1001 (3.00)'))",https://assist.org/transfer/results?year=76&institution=73&agreement=79&agreementType=to&viewAgreementsOptions=true&view=agreement&viewBy=major&viewSendingAgreements=false&viewByKey=76%2F73%2Fto%2F79%2FMajor%2F7d01fb7b-2afa-460e-ace0-08ddbf3f4ee7
Napa Valley College,University of California Berkeley,fail,Requirement,missing_row,missing raw CSV row,False,"(('ENGL C1000 (4.00)',), ('ENGL 121 (3.00)',), ('ENGL C1001 (3.00)',))",,https://assist.org/transfer/results?year=76&institution=73&agreement=79&agreementType=to&viewAgreementsOptions=true&view=agreement&viewBy=major&viewSendingAgreements=false&viewByKey=76%2F73%2Fto%2F79%2FMajor%2F7d01fb7b-2afa-460e-ace0-08ddbf3f4ee7
Napa Valley College,University of California Los Angeles,fail,,unexpected_row,unexpected raw CSV row,False,,"(('ENGL 121 (3.00)',), ('ENGL 123 (4.00)',), ('ENGL C1001 (3.00)',), ('Not Articulated',))",https://assist.org/transfer/results?year=76&institution=73&agreement=117&agreementType=to&viewAgreementsOptions=true&view=agreement&viewBy=major&viewSendingAgreements=false&viewByKey=76%2F73%2Fto%2F117%2FMajor%2F3fc7b07d-4058-4a0a-1f72-08ddcb96df9e
Napa Valley College,University of California Los Angeles,fail,Requirement,missing_row,missing raw CSV row,False,"(('ENGL 121 (3.00)',), ('ENGL 123 (4.00)',), ('ENGL C1001 (3.00)',))",,https://assist.org/transfer/results?year=76&institution=73&agreement=117&agreementType=to&viewAgreementsOptions=true&view=agreement&viewBy=major&viewSendingAgreements=false&viewByKey=76%2F73%2Fto%2F117%2FMajor%2F3fc7b07d-4058-4a0a-1f72-08ddcb96df9e
Napa Valley College,University of California Merced,fail,EE 060,missing_row,missing raw CSV row,False,"(('Not Articulated',),)",,https://assist.org/transfer/results?year=76&institution=73&agreement=144&agreementType=to&viewAgreementsOptions=true&view=agreement&viewBy=major&viewSendingAgreements=false&viewByKey=76%2F73%2Fto%2F144%2FMajor%2Fbe462cb5-458a-4c3d-5be5-08dd9e07c477
Norco College,University of California Berkeley,fail,Requirement,sending_options_mismatch,sending options differ,False,"(('ENGL C1000 (4.00)',), ('ENGL C1000H (4.00)',), ('ENGL 1B (4.00)',), ('ENGL 1BH (4.00)',))","(('ENGL 1B (4.00)',), ('ENGL 1BH (4.00)',))",https://assist.org/transfer/results?year=76&institution=148&agreement=79&agreementType=to&viewAgreementsOptions=true&view=agreement&viewBy=major&viewSendingAgreements=false&viewByKey=76%2F148%2Fto%2F79%2FMajor%2F7d01fb7b-2afa-460e-ace0-08ddbf3f4ee7
Norco College,University of California Los Angeles,fail,Requirement,sending_options_mismatch,sending options differ,False,"(('ENGL 1B (4.00)',), ('ENGL 1BH (4.00)',), ('CIS 5 (4.00)',), ('CIS 17A (3.00)',), ('CIS 17C (3.00)',))","(('CIS 5 (4.00)',), ('CIS 17A (3.00)',), ('CIS 17C (3.00)',))",https://assist.org/transfer/results?year=76&institution=148&agreement=117&agreementType=to&viewAgreementsOptions=true&view=agreement&viewBy=major&viewSendingAgreements=false&viewByKey=76%2F148%2Fto%2F117%2FMajor%2F3fc7b07d-4058-4a0a-1f72-08ddcb96df9e
Ohlone College,University of California Berkeley,fail,,unexpected_row,unexpected raw CSV row,False,,"(('ENGL C1000 (4.00)',), ('ENGL 101B (4.00)',))",https://assist.org/transfer/results?year=76&institution=48&agreement=79&agreementType=to&viewAgreementsOptions=true&view=agreement&viewBy=major&viewSendingAgreements=false&viewByKey=76%2F48%2Fto%2F79%2FMajor%2F7d01fb7b-2afa-460e-ace0-08ddbf3f4ee7
Ohlone College,University of California Berkeley,fail,Requirement,missing_row,missing raw CSV row,False,"(('ENGL C1000 (4.00)',), ('ENGL 101B (4.00)',))",,https://assist.org/transfer/results?year=76&institution=48&agreement=79&agreementType=to&viewAgreementsOptions=true&view=agreement&viewBy=major&viewSendingAgreements=false&viewByKey=76%2F48%2Fto%2F79%2FMajor%2F7d01fb7b-2afa-460e-ace0-08ddbf3f4ee7
Ohlone College,University of California Los Angeles,fail,,unexpected_row,unexpected raw CSV row,False,,"(('ENGL 101B (4.00)',), ('ENGL C1001 (3.00)',), ('CS 116 (4.00)',))",https://assist.org/transfer/results?year=76&institution=48&agreement=117&agreementType=to&viewAgreementsOptions=true&view=agreement&viewBy=major&viewSendingAgreements=false&viewByKey=76%2F48%2Fto%2F117%2FMajor%2F3fc7b07d-4058-4a0a-1f72-08ddcb96df9e
Ohlone College,University of California Los Angeles,fail,Requirement,missing_row,missing raw CSV row,False,"(('ENGL 101B (4.00)',), ('ENGL C1001 (3.00)',), ('CS 116 (4.00)',))",,https://assist.org/transfer/results?year=76&institution=48&agreement=117&agreementType=to&viewAgreementsOptions=true&view=agreement&viewBy=major&viewSendingAgreements=false&viewByKey=76%2F48%2Fto%2F117%2FMajor%2F3fc7b07d-4058-4a0a-1f72-08ddcb96df9e
Ohlone College,University of California Merced,fail,EE 060,missing_row,missing raw CSV row,False,"(('Not Articulated',),)",,https://assist.org/transfer/results?year=76&institution=48&agreement=144&agreementType=to&viewAgreementsOptions=true&view=agreement&viewBy=major&viewSendingAgreements=false&viewByKey=76%2F48%2Fto%2F144%2FMajor%2Fbe462cb5-458a-4c3d-5be5-08dd9e07c477
Orange Coast College,University of California Berkeley,fail,,unexpected_row,unexpected raw CSV row,False,,"(('ENGL C1000 (4.00)', 'ESL A100 (3.00)'), ('ENGL A101 (4.00)', 'ENGL A101H (4.00)', 'ENGL A109 (4.00)', 'ENGL C1001 (4.00)', 'ENGL C1001H (4.00)'))",https://assist.org/transfer/results?year=76&institution=74&agreement=79&agreementType=to&viewAgreementsOptions=true&view=agreement&viewBy=major&viewSendingAgreements=false&viewByKey=76%2F74%2Fto%2F79%2FMajor%2F7d01fb7b-2afa-460e-ace0-08ddbf3f4ee7
Orange Coast College,University of California Berkeley,fail,Requirement,missing_row,missing raw CSV row,False,"(('ENGL C1000 (4.00)',), ('ESL A100 (3.00)',), ('ENGL A101 (4.00)',), ('ENGL A101H (4.00)',), ('ENGL A109 (4.00)',), ('ENGL C1001 (4.00)',), ('ENGL C1001H (4.00)',))",,https://assist.org/transfer/results?year=76&institution=74&agreement=79&agreementType=to&viewAgreementsOptions=true&view=agreement&viewBy=major&viewSendingAgreements=false&viewByKey=76%2F74%2Fto%2F79%2FMajor%2F7d01fb7b-2afa-460e-ace0-08ddbf3f4ee7
Orange Coast College,University of California Los Angeles,fail,,unexpected_row,unexpected raw CSV row,False,,"(('ENGL A101 (4.00)',), ('ENGL A101H (4.00)',), ('ENGL C1001 (4.00)',), ('ENGL C1001H (4.00)',), ('PHIL A150 (3.00)',), ('CS A250 (4.00)',))",https://assist.org/transfer/results?year=76&institution=74&agreement=117&agreementType=to&viewAgreementsOptions=true&view=agreement&viewBy=major&viewSendingAgreements=false&viewByKey=76%2F74%2Fto%2F117%2FMajor%2F3fc7b07d-4058-4a0a-1f72-08ddcb96df9e
Orange Coast College,University of California Los Angeles,fail,Requirement,missing_row,missing raw CSV row,False,"(('ENGL A101 (4.00)',), ('ENGL A101H (4.00)',), ('ENGL C1001 (4.00)',), ('ENGL C1001H (4.00)',), ('PHIL A150 (3.00)',), ('CS A250 (4.00)',))",,https://assist.org/transfer/results?year=76&institution=74&agreement=117&agreementType=to&viewAgreementsOptions=true&view=agreement&viewBy=major&viewSendingAgreements=false&viewByKey=76%2F74%2Fto%2F117%2FMajor%2F3fc7b07d-4058-4a0a-1f72-08ddcb96df9e
Orange Coast College,University of California Santa Cruz,fail,CSE 16,sending_options_mismatch,sending options differ,False,"(('MATH A230 (5.00)',), ('CS A257 (3.00)', 'CS A262 (3.00)'))","(('CS A257 (3.00)', 'CS A262 (3.00)'), ('MATH A230 (5.00)',))",https://assist.org/transfer/results?year=76&institution=74&agreement=132&agreementType=to&viewAgreementsOptions=true&view=agreement&viewBy=major&viewSendingAgreements=false&viewByKey=76%2F74%2Fto%2F132%2FMajor%2Fe9fc6b47-5b0e-45b7-2015-08ddcb96df9e
Oxnard College,University of California Berkeley,fail,Requirement,sending_options_mismatch,sending options differ,False,"(('ENGL C1000 (4.00)',), ('ENGL C1000H (4.00)',), ('ENGL R102 (4.00)',), ('ENGL R102H (4.00)',))","(('ENGL R102 (4.00)',), ('ENGL R102H (4.00)',))",https://assist.org/transfer/results?year=76&institution=87&agreement=79&agreementType=to&viewAgreementsOptions=true&view=agreement&viewBy=major&viewSendingAgreements=false&viewByKey=76%2F87%2Fto%2F79%2FMajor%2F7d01fb7b-2afa-460e-ace0-08ddbf3f4ee7
Palo Verde College,University of California Berkeley,fail,,unexpected_row,unexpected raw CSV row,False,,"(('ENG 102 (3.00)', 'ENGL C1000 (4.00)'), ('ENG 102 (3.00)', 'ENGL C1001 (3.00)'))",https://assist.org/transfer/results?year=76&institution=63&agreement=79&agreementType=to&viewAgreementsOptions=true&view=agreement&viewBy=major&viewSendingAgreements=false&viewByKey=76%2F63%2Fto%2F79%2FMajor%2F7d01fb7b-2afa-460e-ace0-08ddbf3f4ee7
Palo Verde College,University of California Berkeley,fail,Requirement,missing_row,missing raw CSV row,False,"(('ENG 102 (3.00)', 'ENGL C1000 (4.00)'), ('ENG 102 (3.00)', 'ENGL C1001 (3.00)'))",,https://assist.org/transfer/results?year=76&institution=63&agreement=79&agreementType=to&viewAgreementsOptions=true&view=agreement&viewBy=major&viewSendingAgreements=false&viewByKey=76%2F63%2Fto%2F79%2FMajor%2F7d01fb7b-2afa-460e-ace0-08ddbf3f4ee7
Palo Verde College,University of California Los Angeles,fail,,unexpected_row,unexpected raw CSV row,False,,"(('ENG 102 (3.00)',), ('ENGL C1001 (3.00)',), ('Not Articulated',))",https://assist.org/transfer/results?year=76&institution=63&agreement=117&agreementType=to&viewAgreementsOptions=true&view=agreement&viewBy=major&viewSendingAgreements=false&viewByKey=76%2F63%2Fto%2F117%2FMajor%2F3fc7b07d-4058-4a0a-1f72-08ddcb96df9e
Palo Verde College,University of California Los Angeles,fail,Requirement,missing_row,missing raw CSV row,False,"(('ENG 102 (3.00)',), ('ENGL C1001 (3.00)',))",,https://assist.org/transfer/results?year=76&institution=63&agreement=117&agreementType=to&viewAgreementsOptions=true&view=agreement&viewBy=major&viewSendingAgreements=false&viewByKey=76%2F63%2Fto%2F117%2FMajor%2F3fc7b07d-4058-4a0a-1f72-08ddcb96df9e
Palo Verde College,University of California Merced,fail,EE 060,missing_row,missing raw CSV row,False,"(('Not Articulated',),)",,https://assist.org/transfer/results?year=76&institution=63&agreement=144&agreementType=to&viewAgreementsOptions=true&view=agreement&viewBy=major&viewSendingAgreements=false&viewByKey=76%2F63%2Fto%2F144%2FMajor%2Fbe462cb5-458a-4c3d-5be5-08dd9e07c477
Palomar College,University of California Berkeley,fail,Requirement,sending_options_mismatch,sending options differ,False,"(('ENGL C1000 (4.00)',), ('ENG 203 (4.00)',), ('ENGL C1001 (4.00)',))","(('ENG 203 (4.00)',), ('ENGL C1001 (4.00)',))",https://assist.org/transfer/results?year=76&institution=56&agreement=79&agreementType=to&viewAgreementsOptions=true&view=agreement&viewBy=major&viewSendingAgreements=false&viewByKey=76%2F56%2Fto%2F79%2FMajor%2F7d01fb7b-2afa-460e-ace0-08ddbf3f4ee7
Palomar College,University of California Los Angeles,fail,Requirement,sending_options_mismatch,sending options differ,False,"(('ENGL C1001 (4.00)',), ('ENG 203 (4.00)',), ('PHIL 200 (3.00)',), ('CSCI 222 (4.00)',))","(('CSCI 222 (4.00)',),)",https://assist.org/transfer/results?year=76&institution=56&agreement=117&agreementType=to&viewAgreementsOptions=true&view=agreement&viewBy=major&viewSendingAgreements=false&viewByKey=76%2F56%2Fto%2F117%2FMajor%2F3fc7b07d-4058-4a0a-1f72-08ddcb96df9e
Pasadena City College,University of California Berkeley,fail,Requirement,sending_options_mismatch,sending options differ,False,"(('ENGL C1000 (4.00)',), ('ENGL C1000H (4.00)',), ('ENGL 001B (4.00)',), ('ENGL 001BH (4.00)',))","(('ENGL 001B (4.00)',), ('ENGL 001BH (4.00)',))",https://assist.org/transfer/results?year=76&institution=49&agreement=79&agreementType=to&viewAgreementsOptions=true&view=agreement&viewBy=major&viewSendingAgreements=false&viewByKey=76%2F49%2Fto%2F79%2FMajor%2F7d01fb7b-2afa-460e-ace0-08ddbf3f4ee7
Pasadena City College,University of California Los Angeles,fail,Requirement,sending_options_mismatch,sending options differ,False,"(('ENGL 001B (4.00)',), ('ENGL 001BH (4.00)',), ('ENGL C1001 (4.00)',), ('ENGL C1001H (4.00)',), ('PHIL 025 (3.00)',), ('PHIL 025H (3.00)',), ('PHSC 002 (3.00)',), ('CS 002 (4.00)',), ('CS 003A (3.00)',))","(('CS 002 (4.00)',), ('CS 003A (3.00)',))",https://assist.org/transfer/results?year=76&institution=49&agreement=117&agreementType=to&viewAgreementsOptions=true&view=agreement&viewBy=major&viewSendingAgreements=false&viewByKey=76%2F49%2Fto%2F117%2FMajor%2F3fc7b07d-4058-4a0a-1f72-08ddcb96df9e
Porterville College,University of California Berkeley,fail,Requirement,sending_options_mismatch,sending options differ,False,"(('PHYS P102A (4.00)', 'PHYS P102B (4.00)'), ('ENGL C1000 (4.00)',), ('ENGL P101B (4.00)',), ('PHYS P104A (4.00)',), ('PHYS P104B (4.00)',))","(('PHYS P102A (4.00)', 'PHYS P102B (4.00)'), ('PHYS P104B (4.00)',))",https://assist.org/transfer/results?year=76&institution=125&agreement=79&agreementType=to&viewAgreementsOptions=true&view=agreement&viewBy=major&viewSendingAgreements=false&viewByKey=76%2F125%2Fto%2F79%2FMajor%2F7d01fb7b-2afa-460e-ace0-08ddbf3f4ee7
Reedley College,University of California Berkeley,fail,,unexpected_row,unexpected raw CSV row,False,,"(('ENGL C1000 (4.00)', 'ENGL C1000H (4.00)'), ('ENGL 1B (3.00)', 'ENGL 1BH (3.00)', 'ENGL 2 (3.00)', 'ENGL 2H (3.00)', 'ENGL C1001 (3.00)', 'ENGL C1001H (3.00)'))",https://assist.org/transfer/results?year=76&institution=36&agreement=79&agreementType=to&viewAgreementsOptions=true&view=agreement&viewBy=major&viewSendingAgreements=false&viewByKey=76%2F36%2Fto%2F79%2FMajor%2F7d01fb7b-2afa-460e-ace0-08ddbf3f4ee7
Reedley College,University of California Berkeley,fail,Requirement,missing_row,missing raw CSV row,False,"(('ENGL C1000 (4.00)',), ('ENGL C1000H (4.00)',), ('ENGL 1B (3.00)',), ('ENGL 1BH (3.00)',), ('ENGL 2 (3.00)',), ('ENGL 2H (3.00)',), ('ENGL C1001 (3.00)',), ('ENGL C1001H (3.00)',))",,https://assist.org/transfer/results?year=76&institution=36&agreement=79&agreementType=to&viewAgreementsOptions=true&view=agreement&viewBy=major&viewSendingAgreements=false&viewByKey=76%2F36%2Fto%2F79%2FMajor%2F7d01fb7b-2afa-460e-ace0-08ddbf3f4ee7
Reedley College,University of California Los Angeles,fail,,unexpected_row,unexpected raw CSV row,False,,"(('ENGL 1B (3.00)',), ('ENGL 1BH (3.00)',), ('ENGL 2 (3.00)',), ('ENGL 2H (3.00)',), ('ENGL C1001 (3.00)',), ('ENGL C1001H (3.00)',), ('PHIL 2 (3.00)',), ('Not Articulated',))",https://assist.org/transfer/results?year=76&institution=36&agreement=117&agreementType=to&viewAgreementsOptions=true&view=agreement&viewBy=major&viewSendingAgreements=false&viewByKey=76%2F36%2Fto%2F117%2FMajor%2F3fc7b07d-4058-4a0a-1f72-08ddcb96df9e
Reedley College,University of California Los Angeles,fail,Requirement,missing_row,missing raw CSV row,False,"(('ENGL 1B (3.00)',), ('ENGL 1BH (3.00)',), ('ENGL 2 (3.00)',), ('ENGL 2H (3.00)',), ('ENGL C1001 (3.00)',), ('ENGL C1001H (3.00)',), ('PHIL 2 (3.00)',), ('Not Articulated',))",,https://assist.org/transfer/results?year=76&institution=36&agreement=117&agreementType=to&viewAgreementsOptions=true&view=agreement&viewBy=major&viewSendingAgreements=false&viewByKey=76%2F36%2Fto%2F117%2FMajor%2F3fc7b07d-4058-4a0a-1f72-08ddcb96df9e
Reedley College,University of California Merced,fail,EE 060,missing_row,missing raw CSV row,False,"(('Not Articulated',),)",,https://assist.org/transfer/results?year=76&institution=36&agreement=144&agreementType=to&viewAgreementsOptions=true&view=agreement&viewBy=major&viewSendingAgreements=false&viewByKey=76%2F36%2Fto%2F144%2FMajor%2Fbe462cb5-458a-4c3d-5be5-08dd9e07c477
Rio Hondo College,University of California Berkeley,fail,,unexpected_row,unexpected raw CSV row,False,,"(('ENGL C1000 (3.50)',), ('ENGL C1001 (3.50)', 'ENGL C1001H (3.50)'))",https://assist.org/transfer/results?year=76&institution=64&agreement=79&agreementType=to&viewAgreementsOptions=true&view=agreement&viewBy=major&viewSendingAgreements=false&viewByKey=76%2F64%2Fto%2F79%2FMajor%2F7d01fb7b-2afa-460e-ace0-08ddbf3f4ee7
Rio Hondo College,University of California Berkeley,fail,Requirement,missing_row,missing raw CSV row,False,"(('ENGL C1000 (3.50)',), ('ENGL C1001 (3.50)',), ('ENGL C1001H (3.50)',))",,https://assist.org/transfer/results?year=76&institution=64&agreement=79&agreementType=to&viewAgreementsOptions=true&view=agreement&viewBy=major&viewSendingAgreements=false&viewByKey=76%2F64%2Fto%2F79%2FMajor%2F7d01fb7b-2afa-460e-ace0-08ddbf3f4ee7
Rio Hondo College,University of California Los Angeles,fail,,unexpected_row,unexpected raw CSV row,False,,"(('ENGL C1001 (3.50)',), ('ENGL C1001H (3.50)',), ('LIT 102 (3.00)',), ('LIT 102H (3.00)',), ('CIT 126 (4.00)',))",https://assist.org/transfer/results?year=76&institution=64&agreement=117&agreementType=to&viewAgreementsOptions=true&view=agreement&viewBy=major&viewSendingAgreements=false&viewByKey=76%2F64%2Fto%2F117%2FMajor%2F3fc7b07d-4058-4a0a-1f72-08ddcb96df9e
Rio Hondo College,University of California Los Angeles,fail,Requirement,missing_row,missing raw CSV row,False,"(('ENGL C1001 (3.50)',), ('ENGL C1001H (3.50)',), ('LIT 102 (3.00)',), ('LIT 102H (3.00)',), ('CIT 126 (4.00)',))",,https://assist.org/transfer/results?year=76&institution=64&agreement=117&agreementType=to&viewAgreementsOptions=true&view=agreement&viewBy=major&viewSendingAgreements=false&viewByKey=76%2F64%2Fto%2F117%2FMajor%2F3fc7b07d-4058-4a0a-1f72-08ddcb96df9e
Rio Hondo College,University of California Merced,fail,MATH 024,sending_options_mismatch,sending options differ,False,"(('MATH 251 (5.00)',), ('MATH 260 (4.00)', 'MATH 270 (4.00)'))","(('MATH 260 (4.00)', 'MATH 270 (4.00)'), ('MATH 251 (5.00)',))",https://assist.org/transfer/results?year=76&institution=64&agreement=144&agreementType=to&viewAgreementsOptions=true&view=agreement&viewBy=major&viewSendingAgreements=false&viewByKey=76%2F64%2Fto%2F144%2FMajor%2Fbe462cb5-458a-4c3d-5be5-08dd9e07c477
Riverside City College,University of California Berkeley,fail,,unexpected_row,unexpected raw CSV row,False,,"(('ENGL C1000 (4.00)', 'ENGL C1000H (4.00)'), ('ENGL 1B (4.00)', 'ENGL 1BH (4.00)'))",https://assist.org/transfer/results?year=76&institution=78&agreement=79&agreementType=to&viewAgreementsOptions=true&view=agreement&viewBy=major&viewSendingAgreements=false&viewByKey=76%2F78%2Fto%2F79%2FMajor%2F7d01fb7b-2afa-460e-ace0-08ddbf3f4ee7
Riverside City College,University of California Berkeley,fail,Requirement,missing_row,missing raw CSV row,False,"(('ENGL C1000 (4.00)',), ('ENGL C1000H (4.00)',), ('ENGL 1B (4.00)',), ('ENGL 1BH (4.00)',))",,https://assist.org/transfer/results?year=76&institution=78&agreement=79&agreementType=to&viewAgreementsOptions=true&view=agreement&viewBy=major&viewSendingAgreements=false&viewByKey=76%2F78%2Fto%2F79%2FMajor%2F7d01fb7b-2afa-460e-ace0-08ddbf3f4ee7
Riverside City College,University of California Los Angeles,fail,,unexpected_row,unexpected raw CSV row,False,,"(('ENGL 1B (4.00)',), ('ENGL 1BH (4.00)',), ('CSC 17A (3.00)', 'CIS 17B (3.00)'), ('CSC 17A (3.00)', 'CIS 17C (3.00)'), ('CIS 5 (4.00)',))",https://assist.org/transfer/results?year=76&institution=78&agreement=117&agreementType=to&viewAgreementsOptions=true&view=agreement&viewBy=major&viewSendingAgreements=false&viewByKey=76%2F78%2Fto%2F117%2FMajor%2F3fc7b07d-4058-4a0a-1f72-08ddcb96df9e
Riverside City College,University of California Los Angeles,fail,Requirement,missing_row,missing raw CSV row,False,"(('ENGL 1B (4.00)',), ('ENGL 1BH (4.00)',), ('CIS 5 (4.00)',), ('CSC 17A (3.00)', 'CIS 17B (3.00)'), ('CSC 17A (3.00)', 'CIS 17C (3.00)'))",,https://assist.org/transfer/results?year=76&institution=78&agreement=117&agreementType=to&viewAgreementsOptions=true&view=agreement&viewBy=major&viewSendingAgreements=false&viewByKey=76%2F78%2Fto%2F117%2FMajor%2F3fc7b07d-4058-4a0a-1f72-08ddcb96df9e
Riverside City College,University of California Merced,fail,EE 060,missing_row,missing raw CSV row,False,"(('Not Articulated',),)",,https://assist.org/transfer/results?year=76&institution=78&agreement=144&agreementType=to&viewAgreementsOptions=true&view=agreement&viewBy=major&viewSendingAgreements=false&viewByKey=76%2F78%2Fto%2F144%2FMajor%2Fbe462cb5-458a-4c3d-5be5-08dd9e07c477
Riverside City College,University of California Santa Barbara,fail,CHEM 1A; CHEM 1B; CHEM 1C; CHEM 2AL; CHEM 2BL,sending_options_mismatch,sending options differ,False,"(('CHE 1A (5.00)', 'CHE 1B (5.00)'), ('CHE 1A (5.00)', 'CHE 1BH (5.00)'), ('CHE 1AH (5.00)', 'CHE 1B (5.00)'), ('CHE 1AH (5.00)', 'CHE 1BH (5.00)'))","(('CHE 1A (5.00)', 'CHE 1AH (5.00)'), ('CHE 1B (5.00)', 'CHE 1BH (5.00)'))",https://assist.org/transfer/results?year=76&institution=78&agreement=128&agreementType=to&viewAgreementsOptions=true&view=agreement&viewBy=major&viewSendingAgreements=false&viewByKey=76%2F78%2Fto%2F128%2FMajor%2F9b98e159-1754-4eb0-33c4-08ddf001012b
Sacramento City College,University of California Berkeley,fail,,unexpected_row,unexpected raw CSV row,False,,"(('ENGL C1000 (3.00)', 'ENGWR 488 (4.00)'), ('ENGWR 301 (3.00)', 'ENGWR 303 (4.00)', 'ENGL C1001 (3.00)', 'ENGL C1001H (3.00)'))",https://assist.org/transfer/results?year=76&institution=126&agreement=79&agreementType=to&viewAgreementsOptions=true&view=agreement&viewBy=major&viewSendingAgreements=false&viewByKey=76%2F126%2Fto%2F79%2FMajor%2F7d01fb7b-2afa-460e-ace0-08ddbf3f4ee7
Sacramento City College,University of California Berkeley,fail,Requirement,missing_row,missing raw CSV row,False,"(('ENGL C1000 (3.00)',), ('ENGWR 488 (4.00)',), ('ENGWR 301 (3.00)',), ('ENGWR 303 (4.00)',), ('ENGL C1001 (3.00)',), ('ENGL C1001H (3.00)',))",,https://assist.org/transfer/results?year=76&institution=126&agreement=79&agreementType=to&viewAgreementsOptions=true&view=agreement&viewBy=major&viewSendingAgreements=false&viewByKey=76%2F126%2Fto%2F79%2FMajor%2F7d01fb7b-2afa-460e-ace0-08ddbf3f4ee7
Sacramento City College,University of California Los Angeles,fail,,unexpected_row,unexpected raw CSV row,False,,"(('ENGWR 301 (3.00)',), ('ENGL C1001 (3.00)',), ('ENGWR 303 (4.00)',), ('COMM 316 (3.00)',), ('SOC 305 (3.00)',), ('CISP 360 (4.00)',), ('CISP 400 (4.00)',))",https://assist.org/transfer/results?year=76&institution=126&agreement=117&agreementType=to&viewAgreementsOptions=true&view=agreement&viewBy=major&viewSendingAgreements=false&viewByKey=76%2F126%2Fto%2F117%2FMajor%2F3fc7b07d-4058-4a0a-1f72-08ddcb96df9e
Sacramento City College,University of California Los Angeles,fail,Requirement,missing_row,missing raw CSV row,False,"(('ENGWR 301 (3.00)',), ('ENGL C1001 (3.00)',), ('ENGWR 303 (4.00)',), ('COMM 316 (3.00)',), ('SOC 305 (3.00)',), ('CISP 360 (4.00)',), ('CISP 400 (4.00)',))",,https://assist.org/transfer/results?year=76&institution=126&agreement=117&agreementType=to&viewAgreementsOptions=true&view=agreement&viewBy=major&viewSendingAgreements=false&viewByKey=76%2F126%2Fto%2F117%2FMajor%2F3fc7b07d-4058-4a0a-1f72-08ddcb96df9e
Sacramento City College,University of California Merced,fail,EE 060,missing_row,missing raw CSV row,False,"(('Not Articulated',),)",,https://assist.org/transfer/results?year=76&institution=126&agreement=144&agreementType=to&viewAgreementsOptions=true&view=agreement&viewBy=major&viewSendingAgreements=false&viewByKey=76%2F126%2Fto%2F144%2FMajor%2Fbe462cb5-458a-4c3d-5be5-08dd9e07c477
Saddleback College,University of California Berkeley,fail,Requirement,sending_options_mismatch,sending options differ,False,"(('ENGL C1000 (4.00)',), ('ENGL C1000H (4.00)',), ('ENGL C1001 (3.00)',), ('ENGL C1001H (3.00)',))","(('ENGL C1001 (3.00)',), ('ENGL C1001H (3.00)',))",https://assist.org/transfer/results?year=76&institution=65&agreement=79&agreementType=to&viewAgreementsOptions=true&view=agreement&viewBy=major&viewSendingAgreements=false&viewByKey=76%2F65%2Fto%2F79%2FMajor%2F7d01fb7b-2afa-460e-ace0-08ddbf3f4ee7
Saddleback College,University of California Los Angeles,fail,Requirement,sending_options_mismatch,sending options differ,False,"(('ENGL C1001 (3.00)',), ('ENGL C1001H (3.00)',), ('ENG 25 (3.00)',), ('CS 1B (3.50)',))","(('CS 1B (3.50)',),)",https://assist.org/transfer/results?year=76&institution=65&agreement=117&agreementType=to&viewAgreementsOptions=true&view=agreement&viewBy=major&viewSendingAgreements=false&viewByKey=76%2F65%2Fto%2F117%2FMajor%2F3fc7b07d-4058-4a0a-1f72-08ddcb96df9e
San Bernardino Valley College,University of California Berkeley,fail,,unexpected_row,unexpected raw CSV row,False,,"(('ENGL C1000 (4.00)', 'ENGL C1000H (4.00)'), ('ENGL C1001 (4.00)', 'ENGL C1001H (4.00)'))",https://assist.org/transfer/results?year=76&institution=131&agreement=79&agreementType=to&viewAgreementsOptions=true&view=agreement&viewBy=major&viewSendingAgreements=false&viewByKey=76%2F131%2Fto%2F79%2FMajor%2F7d01fb7b-2afa-460e-ace0-08ddbf3f4ee7
San Bernardino Valley College,University of California Berkeley,fail,Requirement,missing_row,missing raw CSV row,False,"(('ENGL C1000 (4.00)',), ('ENGL C1000H (4.00)',), ('ENGL C1001 (4.00)',), ('ENGL C1001H (4.00)',))",,https://assist.org/transfer/results?year=76&institution=131&agreement=79&agreementType=to&viewAgreementsOptions=true&view=agreement&viewBy=major&viewSendingAgreements=false&viewByKey=76%2F131%2Fto%2F79%2FMajor%2F7d01fb7b-2afa-460e-ace0-08ddbf3f4ee7
San Bernardino Valley College,University of California Los Angeles,fail,,unexpected_row,unexpected raw CSV row,False,,"(('ENGL C1001 (4.00)',), ('ENGL C1001H (4.00)',), ('ENGL 151 (3.00)',), ('CS 190 (4.00)',))",https://assist.org/transfer/results?year=76&institution=131&agreement=117&agreementType=to&viewAgreementsOptions=true&view=agreement&viewBy=major&viewSendingAgreements=false&viewByKey=76%2F131%2Fto%2F117%2FMajor%2F3fc7b07d-4058-4a0a-1f72-08ddcb96df9e
San Bernardino Valley College,University of California Los Angeles,fail,Requirement,missing_row,missing raw CSV row,False,"(('ENGL C1001 (4.00)',), ('ENGL C1001H (4.00)',), ('ENGL 151 (3.00)',), ('CS 190 (4.00)',))",,https://assist.org/transfer/results?year=76&institution=131&agreement=117&agreementType=to&viewAgreementsOptions=true&view=agreement&viewBy=major&viewSendingAgreements=false&viewByKey=76%2F131%2Fto%2F117%2FMajor%2F3fc7b07d-4058-4a0a-1f72-08ddcb96df9e
San Bernardino Valley College,University of California Merced,fail,EE 060,missing_row,missing raw CSV row,False,"(('Not Articulated',),)",,https://assist.org/transfer/results?year=76&institution=131&agreement=144&agreementType=to&viewAgreementsOptions=true&view=agreement&viewBy=major&viewSendingAgreements=false&viewByKey=76%2F131%2Fto%2F144%2FMajor%2Fbe462cb5-458a-4c3d-5be5-08dd9e07c477
San Diego City College,University of California Berkeley,fail,Requirement,sending_options_mismatch,sending options differ,False,"(('ENGL C1000 (3.00)',), ('ENGL C1001 (3.00)',))","(('ENGL C1001 (3.00)',),)",https://assist.org/transfer/results?year=76&institution=54&agreement=79&agreementType=to&viewAgreementsOptions=true&view=agreement&viewBy=major&viewSendingAgreements=false&viewByKey=76%2F54%2Fto%2F79%2FMajor%2F7d01fb7b-2afa-460e-ace0-08ddbf3f4ee7
San Diego City College,University of California Los Angeles,fail,Requirement,sending_options_mismatch,sending options differ,False,"(('ENGL 105 (3.00)',), ('ENGL C1001 (3.00)',), ('CISC 192 (4.00)',), ('CISC 205 (4.00)',))","(('CISC 192 (4.00)',), ('CISC 205 (4.00)',))",https://assist.org/transfer/results?year=76&institution=54&agreement=117&agreementType=to&viewAgreementsOptions=true&view=agreement&viewBy=major&viewSendingAgreements=false&viewByKey=76%2F54%2Fto%2F117%2FMajor%2F3fc7b07d-4058-4a0a-1f72-08ddcb96df9e
San Diego Mesa College,University of California Berkeley,fail,,unexpected_row,unexpected raw CSV row,False,,"(('ENGL C1000 (3.00)',), ('ENGL C1001 (3.00)',))",https://assist.org/transfer/results?year=76&institution=101&agreement=79&agreementType=to&viewAgreementsOptions=true&view=agreement&viewBy=major&viewSendingAgreements=false&viewByKey=76%2F101%2Fto%2F79%2FMajor%2F7d01fb7b-2afa-460e-ace0-08ddbf3f4ee7
San Diego Mesa College,University of California Berkeley,fail,Requirement,missing_row,missing raw CSV row,False,"(('ENGL C1000 (3.00)',), ('ENGL C1001 (3.00)',))",,https://assist.org/transfer/results?year=76&institution=101&agreement=79&agreementType=to&viewAgreementsOptions=true&view=agreement&viewBy=major&viewSendingAgreements=false&viewByKey=76%2F101%2Fto%2F79%2FMajor%2F7d01fb7b-2afa-460e-ace0-08ddbf3f4ee7
San Diego Mesa College,University of California Los Angeles,fail,,unexpected_row,unexpected raw CSV row,False,,"(('ENGL 105 (3.00)',), ('ENGL C1001 (3.00)',), ('PHIL 205 (3.00)',), ('CISC 192 (4.00)',))",https://assist.org/transfer/results?year=76&institution=101&agreement=117&agreementType=to&viewAgreementsOptions=true&view=agreement&viewBy=major&viewSendingAgreements=false&viewByKey=76%2F101%2Fto%2F117%2FMajor%2F3fc7b07d-4058-4a0a-1f72-08ddcb96df9e
San Diego Mesa College,University of California Los Angeles,fail,Requirement,missing_row,missing raw CSV row,False,"(('ENGL 105 (3.00)',), ('ENGL C1001 (3.00)',), ('PHIL 205 (3.00)',), ('CISC 192 (4.00)',))",,https://assist.org/transfer/results?year=76&institution=101&agreement=117&agreementType=to&viewAgreementsOptions=true&view=agreement&viewBy=major&viewSendingAgreements=false&viewByKey=76%2F101%2Fto%2F117%2FMajor%2F3fc7b07d-4058-4a0a-1f72-08ddcb96df9e
San Diego Mesa College,University of California Merced,fail,EE 060,missing_row,missing raw CSV row,False,"(('Not Articulated',),)",,https://assist.org/transfer/results?year=76&institution=101&agreement=144&agreementType=to&viewAgreementsOptions=true&view=agreement&viewBy=major&viewSendingAgreements=false&viewByKey=76%2F101%2Fto%2F144%2FMajor%2Fbe462cb5-458a-4c3d-5be5-08dd9e07c477
San Diego Miramar College,University of California Berkeley,fail,,unexpected_row,unexpected raw CSV row,False,,"(('ENGL C1000 (3.00)',), ('ENGL C1001 (3.00)',))",https://assist.org/transfer/results?year=76&institution=45&agreement=79&agreementType=to&viewAgreementsOptions=true&view=agreement&viewBy=major&viewSendingAgreements=false&viewByKey=76%2F45%2Fto%2F79%2FMajor%2F7d01fb7b-2afa-460e-ace0-08ddbf3f4ee7
San Diego Miramar College,University of California Berkeley,fail,Requirement,missing_row,missing raw CSV row,False,"(('ENGL C1000 (3.00)',), ('ENGL C1001 (3.00)',))",,https://assist.org/transfer/results?year=76&institution=45&agreement=79&agreementType=to&viewAgreementsOptions=true&view=agreement&viewBy=major&viewSendingAgreements=false&viewByKey=76%2F45%2Fto%2F79%2FMajor%2F7d01fb7b-2afa-460e-ace0-08ddbf3f4ee7
San Diego Miramar College,University of California Los Angeles,fail,,unexpected_row,unexpected raw CSV row,False,,"(('ENGL 105 (3.00)',), ('ENGL C1001 (3.00)',), ('PHIL 205 (3.00)',), ('CISC 192 (4.00)',))",https://assist.org/transfer/results?year=76&institution=45&agreement=117&agreementType=to&viewAgreementsOptions=true&view=agreement&viewBy=major&viewSendingAgreements=false&viewByKey=76%2F45%2Fto%2F117%2FMajor%2F3fc7b07d-4058-4a0a-1f72-08ddcb96df9e
San Diego Miramar College,University of California Los Angeles,fail,Requirement,missing_row,missing raw CSV row,False,"(('ENGL 105 (3.00)',), ('ENGL C1001 (3.00)',), ('PHIL 205 (3.00)',), ('CISC 192 (4.00)',))",,https://assist.org/transfer/results?year=76&institution=45&agreement=117&agreementType=to&viewAgreementsOptions=true&view=agreement&viewBy=major&viewSendingAgreements=false&viewByKey=76%2F45%2Fto%2F117%2FMajor%2F3fc7b07d-4058-4a0a-1f72-08ddcb96df9e
San Diego Miramar College,University of California Merced,fail,EE 060,missing_row,missing raw CSV row,False,"(('Not Articulated',),)",,https://assist.org/transfer/results?year=76&institution=45&agreement=144&agreementType=to&viewAgreementsOptions=true&view=agreement&viewBy=major&viewSendingAgreements=false&viewByKey=76%2F45%2Fto%2F144%2FMajor%2Fbe462cb5-458a-4c3d-5be5-08dd9e07c477
San Diego Miramar College,University of California Riverside,fail,CS 11,sending_options_mismatch,sending options differ,False,"(('MATH 245 (3.00)',), ('CISC 246 (3.00)',))","(('MATH 245 (3.00)',), ('CISC 246 (3.00)',), ('CISC 246 (3.00)',))",https://assist.org/transfer/results?year=76&institution=45&agreement=46&agreementType=to&viewAgreementsOptions=true&view=agreement&viewBy=major&viewSendingAgreements=false&viewByKey=76%2F45%2Fto%2F46%2FMajor%2Fb3f7557b-47c0-4486-4ece-08de050a3a5e
San Joaquin Delta College,University of California Berkeley,fail,,unexpected_row,unexpected raw CSV row,False,,"(('ENGL C1000 (3.00)',), ('ENGL 1B (3.00)', 'ENGL C1001 (3.00)'))",https://assist.org/transfer/results?year=76&institution=109&agreement=79&agreementType=to&viewAgreementsOptions=true&view=agreement&viewBy=major&viewSendingAgreements=false&viewByKey=76%2F109%2Fto%2F79%2FMajor%2F7d01fb7b-2afa-460e-ace0-08ddbf3f4ee7
San Joaquin Delta College,University of California Berkeley,fail,Requirement,missing_row,missing raw CSV row,False,"(('ENGL C1000 (3.00)',), ('ENGL 1B (3.00)',), ('ENGL C1001 (3.00)',))",,https://assist.org/transfer/results?year=76&institution=109&agreement=79&agreementType=to&viewAgreementsOptions=true&view=agreement&viewBy=major&viewSendingAgreements=false&viewByKey=76%2F109%2Fto%2F79%2FMajor%2F7d01fb7b-2afa-460e-ace0-08ddbf3f4ee7
San Joaquin Delta College,University of California Los Angeles,fail,,unexpected_row,unexpected raw CSV row,False,,"(('ENGL 1B (3.00)',), ('ENGL C1001 (3.00)',), ('Not Articulated',))",https://assist.org/transfer/results?year=76&institution=109&agreement=117&agreementType=to&viewAgreementsOptions=true&view=agreement&viewBy=major&viewSendingAgreements=false&viewByKey=76%2F109%2Fto%2F117%2FMajor%2F3fc7b07d-4058-4a0a-1f72-08ddcb96df9e
San Joaquin Delta College,University of California Los Angeles,fail,Requirement,missing_row,missing raw CSV row,False,"(('ENGL 1B (3.00)',), ('ENGL C1001 (3.00)',))",,https://assist.org/transfer/results?year=76&institution=109&agreement=117&agreementType=to&viewAgreementsOptions=true&view=agreement&viewBy=major&viewSendingAgreements=false&viewByKey=76%2F109%2Fto%2F117%2FMajor%2F3fc7b07d-4058-4a0a-1f72-08ddcb96df9e
San Joaquin Delta College,University of California Merced,fail,EE 060,missing_row,missing raw CSV row,False,"(('Not Articulated',),)",,https://assist.org/transfer/results?year=76&institution=109&agreement=144&agreementType=to&viewAgreementsOptions=true&view=agreement&viewBy=major&viewSendingAgreements=false&viewByKey=76%2F109%2Fto%2F144%2FMajor%2Fbe462cb5-458a-4c3d-5be5-08dd9e07c477
San Jose City College,University of California Berkeley,fail,Requirement,sending_options_mismatch,sending options differ,False,"(('ENGL C1000 (3.00)',), ('ENGL 001B (3.00)',), ('ENGL C1001 (3.00)',))","(('ENGL 001B (3.00)',), ('ENGL C1001 (3.00)',))",https://assist.org/transfer/results?year=76&institution=136&agreement=79&agreementType=to&viewAgreementsOptions=true&view=agreement&viewBy=major&viewSendingAgreements=false&viewByKey=76%2F136%2Fto%2F79%2FMajor%2F7d01fb7b-2afa-460e-ace0-08ddbf3f4ee7
San Jose City College,University of California Los Angeles,fail,Requirement,sending_options_mismatch,sending options differ,False,"(('ENGL 001B (3.00)',), ('ENGL C1001 (3.00)',), ('CIS 054 (3.00)',), ('CIS 059 (3.00)',))","(('CIS 054 (3.00)',), ('CIS 059 (3.00)',))",https://assist.org/transfer/results?year=76&institution=136&agreement=117&agreementType=to&viewAgreementsOptions=true&view=agreement&viewBy=major&viewSendingAgreements=false&viewByKey=76%2F136%2Fto%2F117%2FMajor%2F3fc7b07d-4058-4a0a-1f72-08ddcb96df9e
Santa Ana College,University of California Berkeley,fail,,unexpected_row,unexpected raw CSV row,False,,"(('ENGL C1000 (4.00)', 'ENGL C1000H (4.00)'), ('ENGL 102 (4.00)', 'ENGL 102H (4.00)', 'ENGL C1001 (4.00)', 'ENGL C1001H (4.00)'))",https://assist.org/transfer/results?year=76&institution=14&agreement=79&agreementType=to&viewAgreementsOptions=true&view=agreement&viewBy=major&viewSendingAgreements=false&viewByKey=76%2F14%2Fto%2F79%2FMajor%2F7d01fb7b-2afa-460e-ace0-08ddbf3f4ee7
Santa Ana College,University of California Berkeley,fail,Requirement,missing_row,missing raw CSV row,False,"(('ENGL C1000 (4.00)',), ('ENGL C1000H (4.00)',), ('ENGL 102 (4.00)',), ('ENGL 102H (4.00)',), ('ENGL C1001 (4.00)',), ('ENGL C1001H (4.00)',))",,https://assist.org/transfer/results?year=76&institution=14&agreement=79&agreementType=to&viewAgreementsOptions=true&view=agreement&viewBy=major&viewSendingAgreements=false&viewByKey=76%2F14%2Fto%2F79%2FMajor%2F7d01fb7b-2afa-460e-ace0-08ddbf3f4ee7
Santa Ana College,University of California Los Angeles,fail,,unexpected_row,unexpected raw CSV row,False,,"(('ENGL 102 (4.00)',), ('ENGL 102H (4.00)',), ('ENGL C1001 (4.00)',), ('ENGL C1001H (4.00)',), ('CMPR 121 (3.00)',))",https://assist.org/transfer/results?year=76&institution=14&agreement=117&agreementType=to&viewAgreementsOptions=true&view=agreement&viewBy=major&viewSendingAgreements=false&viewByKey=76%2F14%2Fto%2F117%2FMajor%2F3fc7b07d-4058-4a0a-1f72-08ddcb96df9e
Santa Ana College,University of California Los Angeles,fail,Requirement,missing_row,missing raw CSV row,False,"(('ENGL 102 (4.00)',), ('ENGL 102H (4.00)',), ('ENGL C1001 (4.00)',), ('ENGL C1001H (4.00)',), ('CMPR 121 (3.00)',))",,https://assist.org/transfer/results?year=76&institution=14&agreement=117&agreementType=to&viewAgreementsOptions=true&view=agreement&viewBy=major&viewSendingAgreements=false&viewByKey=76%2F14%2Fto%2F117%2FMajor%2F3fc7b07d-4058-4a0a-1f72-08ddcb96df9e
Santa Ana College,University of California Merced,fail,EE 060,missing_row,missing raw CSV row,False,"(('Not Articulated',),)",,https://assist.org/transfer/results?year=76&institution=14&agreement=144&agreementType=to&viewAgreementsOptions=true&view=agreement&viewBy=major&viewSendingAgreements=false&viewByKey=76%2F14%2Fto%2F144%2FMajor%2Fbe462cb5-458a-4c3d-5be5-08dd9e07c477
Santa Barbara City College,University of California Berkeley,fail,,unexpected_row,unexpected raw CSV row,False,,"(('ENG 200 (3.00)', 'ENGL C1000 (4.00)', 'ENGL C1000H (4.00)'), ('COMM 235 (3.00)', 'ENG 111 (3.00)', 'ENG 111H (3.00)', 'ENGL C1001 (3.00)', 'PHIL 111 (3.00)'))",https://assist.org/transfer/results?year=76&institution=92&agreement=79&agreementType=to&viewAgreementsOptions=true&view=agreement&viewBy=major&viewSendingAgreements=false&viewByKey=76%2F92%2Fto%2F79%2FMajor%2F7d01fb7b-2afa-460e-ace0-08ddbf3f4ee7
Santa Barbara City College,University of California Berkeley,fail,Requirement,missing_row,missing raw CSV row,False,"(('ENG 200 (3.00)',), ('ENGL C1000 (4.00)',), ('ENGL C1000H (4.00)',), ('COMM 235 (3.00)',), ('ENG 111 (3.00)',), ('ENG 111H (3.00)',), ('ENGL C1001 (3.00)',), ('PHIL 111 (3.00)',))",,https://assist.org/transfer/results?year=76&institution=92&agreement=79&agreementType=to&viewAgreementsOptions=true&view=agreement&viewBy=major&viewSendingAgreements=false&viewByKey=76%2F92%2Fto%2F79%2FMajor%2F7d01fb7b-2afa-460e-ace0-08ddbf3f4ee7
Santa Barbara City College,University of California Los Angeles,fail,,unexpected_row,unexpected raw CSV row,False,,"(('COMM 235 (3.00)',), ('ENG 111 (3.00)',), ('ENG 111H (3.00)',), ('PHIL 111 (3.00)',), ('CS 106 (3.00)',), ('CS 133 (3.00)',), ('CS 137 (3.00)',), ('CS 140 (4.00)',))",https://assist.org/transfer/results?year=76&institution=92&agreement=117&agreementType=to&viewAgreementsOptions=true&view=agreement&viewBy=major&viewSendingAgreements=false&viewByKey=76%2F92%2Fto%2F117%2FMajor%2F3fc7b07d-4058-4a0a-1f72-08ddcb96df9e
Santa Barbara City College,University of California Los Angeles,fail,ENGCOMP 3,flattened_or,sending options differ,False,"(('ENGL C1000 (4.00)',), ('ENGL C1000H (4.00)',), ('ENGL C1000E (4.00)',))","(('ENGL C1000 (4.00)', 'ENGL C1000H (4.00)', 'ENGL C1000E (4.00)'),)",https://assist.org/transfer/results?year=76&institution=92&agreement=117&agreementType=to&viewAgreementsOptions=true&view=agreement&viewBy=major&viewSendingAgreements=false&viewByKey=76%2F92%2Fto%2F117%2FMajor%2F3fc7b07d-4058-4a0a-1f72-08ddcb96df9e
Santa Barbara City College,University of California Los Angeles,fail,Requirement,missing_row,missing raw CSV row,False,"(('COMM 235 (3.00)',), ('ENG 111 (3.00)',), ('ENG 111H (3.00)',), ('PHIL 111 (3.00)',), ('CS 106 (3.00)',), ('CS 133 (3.00)',), ('CS 137 (3.00)',), ('CS 140 (4.00)',))",,https://assist.org/transfer/results?year=76&institution=92&agreement=117&agreementType=to&viewAgreementsOptions=true&view=agreement&viewBy=major&viewSendingAgreements=false&viewByKey=76%2F92%2Fto%2F117%2FMajor%2F3fc7b07d-4058-4a0a-1f72-08ddcb96df9e
Santa Barbara City College,University of California Merced,fail,EE 060,missing_row,missing raw CSV row,False,"(('Not Articulated',),)",,https://assist.org/transfer/results?year=76&institution=92&agreement=144&agreementType=to&viewAgreementsOptions=true&view=agreement&viewBy=major&viewSendingAgreements=false&viewByKey=76%2F92%2Fto%2F144%2FMajor%2Fbe462cb5-458a-4c3d-5be5-08dd9e07c477
Santa Monica College,University of California Berkeley,fail,,unexpected_row,unexpected raw CSV row,False,,"(('ENGL C1000 (3.00)',), ('ENGL 31 (3.00)', 'ENGL C1001 (3.00)'))",https://assist.org/transfer/results?year=76&institution=137&agreement=79&agreementType=to&viewAgreementsOptions=true&view=agreement&viewBy=major&viewSendingAgreements=false&viewByKey=76%2F137%2Fto%2F79%2FMajor%2F7d01fb7b-2afa-460e-ace0-08ddbf3f4ee7
Santa Monica College,University of California Berkeley,fail,Requirement,missing_row,missing raw CSV row,False,"(('ENGL C1000 (3.00)',), ('ENGL 31 (3.00)',), ('ENGL C1001 (3.00)',))",,https://assist.org/transfer/results?year=76&institution=137&agreement=79&agreementType=to&viewAgreementsOptions=true&view=agreement&viewBy=major&viewSendingAgreements=false&viewByKey=76%2F137%2Fto%2F79%2FMajor%2F7d01fb7b-2afa-460e-ace0-08ddbf3f4ee7
Santa Monica College,University of California Los Angeles,fail,,unexpected_row,unexpected raw CSV row,False,,"(('ENGL C1001 (3.00)',), ('ENGL 31 (3.00)',), ('CS 52 (3.00)',))",https://assist.org/transfer/results?year=76&institution=137&agreement=117&agreementType=to&viewAgreementsOptions=true&view=agreement&viewBy=major&viewSendingAgreements=false&viewByKey=76%2F137%2Fto%2F117%2FMajor%2F3fc7b07d-4058-4a0a-1f72-08ddcb96df9e
Santa Monica College,University of California Los Angeles,fail,Requirement,missing_row,missing raw CSV row,False,"(('ENGL C1001 (3.00)',), ('ENGL 31 (3.00)',), ('CS 52 (3.00)',))",,https://assist.org/transfer/results?year=76&institution=137&agreement=117&agreementType=to&viewAgreementsOptions=true&view=agreement&viewBy=major&viewSendingAgreements=false&viewByKey=76%2F137%2Fto%2F117%2FMajor%2F3fc7b07d-4058-4a0a-1f72-08ddcb96df9e
Santa Monica College,University of California Merced,fail,PHYS 008; PHYS 008L,sending_options_mismatch,sending options differ,False,"(('PHYSCS 8 (4.00)',), ('PHYSCS 21 (5.00)', 'PHYSCS 23 (5.00)'))","(('PHYSCS 21 (5.00)', 'PHYSCS 23 (5.00)'), ('PHYSCS 8 (4.00)',))",https://assist.org/transfer/results?year=76&institution=137&agreement=144&agreementType=to&viewAgreementsOptions=true&view=agreement&viewBy=major&viewSendingAgreements=false&viewByKey=76%2F137%2Fto%2F144%2FMajor%2Fbe462cb5-458a-4c3d-5be5-08dd9e07c477
Santa Monica College,University of California Merced,fail,PHYS 009; PHYS 009L,sending_options_mismatch,sending options differ,False,"(('PHYSCS 9 (4.00)',), ('PHYSCS 22 (5.00)', 'PHYSCS 23 (5.00)'))","(('PHYSCS 22 (5.00)', 'PHYSCS 23 (5.00)'), ('PHYSCS 9 (4.00)',))",https://assist.org/transfer/results?year=76&institution=137&agreement=144&agreementType=to&viewAgreementsOptions=true&view=agreement&viewBy=major&viewSendingAgreements=false&viewByKey=76%2F137%2Fto%2F144%2FMajor%2Fbe462cb5-458a-4c3d-5be5-08dd9e07c477
Santa Monica College,University of California Riverside,fail,CS 61,sending_options_mismatch,sending options differ,False,"(('CS 18 (3.00)',), ('CS 17 (3.00)', 'CS 42 (3.00)'))","(('CS 17 (3.00)', 'CS 42 (3.00)'), ('CS 18 (3.00)',))",https://assist.org/transfer/results?year=76&institution=137&agreement=46&agreementType=to&viewAgreementsOptions=true&view=agreement&viewBy=major&viewSendingAgreements=false&viewByKey=76%2F137%2Fto%2F46%2FMajor%2Fb3f7557b-47c0-4486-4ece-08de050a3a5e
Santa Monica College,University of California Santa Cruz,fail,CSE 12,sending_options_mismatch,sending options differ,False,"(('CS 18 (3.00)',), ('CS 17 (3.00)', 'CS 42 (3.00)'))","(('CS 17 (3.00)', 'CS 42 (3.00)'), ('CS 18 (3.00)',))",https://assist.org/transfer/results?year=76&institution=137&agreement=132&agreementType=to&viewAgreementsOptions=true&view=agreement&viewBy=major&viewSendingAgreements=false&viewByKey=76%2F137%2Fto%2F132%2FMajor%2Fe9fc6b47-5b0e-45b7-2015-08ddcb96df9e
Santa Monica College,University of California Santa Cruz,fail,CSE 30,sending_options_mismatch,sending options differ,False,"(('CS 20A (3.00)',), ('CS 20B (3.00)', 'CS 50 (3.00)'))","(('CS 20B (3.00)', 'CS 50 (3.00)'), ('CS 20A (3.00)',))",https://assist.org/transfer/results?year=76&institution=137&agreement=132&agreementType=to&viewAgreementsOptions=true&view=agreement&viewBy=major&viewSendingAgreements=false&viewByKey=76%2F137%2Fto%2F132%2FMajor%2Fe9fc6b47-5b0e-45b7-2015-08ddcb96df9e
Santa Rosa Junior College,University of California Berkeley,fail,,unexpected_row,unexpected raw CSV row,False,,"(('EMLS 10 (4.50)', 'ENGL C1000 (4.00)'), ('ENGL C1001 (3.00)',))",https://assist.org/transfer/results?year=76&institution=57&agreement=79&agreementType=to&viewAgreementsOptions=true&view=agreement&viewBy=major&viewSendingAgreements=false&viewByKey=76%2F57%2Fto%2F79%2FMajor%2F7d01fb7b-2afa-460e-ace0-08ddbf3f4ee7
Santa Rosa Junior College,University of California Berkeley,fail,EECS 16B,not_articulated_mismatch,sending options differ,False,"(('ENGR 16 (4.00)',),)","(('Not Articulated',),)",https://assist.org/transfer/results?year=76&institution=57&agreement=79&agreementType=to&viewAgreementsOptions=true&view=agreement&viewBy=major&viewSendingAgreements=false&viewByKey=76%2F57%2Fto%2F79%2FMajor%2F7d01fb7b-2afa-460e-ace0-08ddbf3f4ee7
Santa Rosa Junior College,University of California Berkeley,fail,Requirement,missing_row,missing raw CSV row,False,"(('EMLS 10 (4.50)',), ('ENGL C1000 (4.00)',), ('ENGL C1001 (3.00)',))",,https://assist.org/transfer/results?year=76&institution=57&agreement=79&agreementType=to&viewAgreementsOptions=true&view=agreement&viewBy=major&viewSendingAgreements=false&viewByKey=76%2F57%2Fto%2F79%2FMajor%2F7d01fb7b-2afa-460e-ace0-08ddbf3f4ee7
Santa Rosa Junior College,University of California Los Angeles,fail,,unexpected_row,unexpected raw CSV row,False,,"(('ENGL 1B (3.00)',), ('ENGL C1001 (3.00)',), ('CS 10A (4.00)',))",https://assist.org/transfer/results?year=76&institution=57&agreement=117&agreementType=to&viewAgreementsOptions=true&view=agreement&viewBy=major&viewSendingAgreements=false&viewByKey=76%2F57%2Fto%2F117%2FMajor%2F3fc7b07d-4058-4a0a-1f72-08ddcb96df9e
Santa Rosa Junior College,University of California Los Angeles,fail,Requirement,missing_row,missing raw CSV row,False,"(('ENGL 1B (3.00)',), ('ENGL C1001 (3.00)',), ('CS 10A (4.00)',))",,https://assist.org/transfer/results?year=76&institution=57&agreement=117&agreementType=to&viewAgreementsOptions=true&view=agreement&viewBy=major&viewSendingAgreements=false&viewByKey=76%2F57%2Fto%2F117%2FMajor%2F3fc7b07d-4058-4a0a-1f72-08ddcb96df9e
Santa Rosa Junior College,University of California Merced,fail,EE 060,missing_row,missing raw CSV row,False,"(('Not Articulated',),)",,https://assist.org/transfer/results?year=76&institution=57&agreement=144&agreementType=to&viewAgreementsOptions=true&view=agreement&viewBy=major&viewSendingAgreements=false&viewByKey=76%2F57%2Fto%2F144%2FMajor%2Fbe462cb5-458a-4c3d-5be5-08dd9e07c477
Santiago Canyon College,University of California Berkeley,fail,Requirement,sending_options_mismatch,sending options differ,False,"(('ENGL C1000 (4.00)',), ('ENGL C1000H (4.00)',), ('ENGL 102 (4.00)',), ('ENGL 102H (4.00)',), ('ENGL C1001 (4.00)',), ('ENGL C1001H (4.00)',))","(('ENGL 102 (4.00)',), ('ENGL 102H (4.00)',), ('ENGL C1001 (4.00)',), ('ENGL C1001H (4.00)',))",https://assist.org/transfer/results?year=76&institution=66&agreement=79&agreementType=to&viewAgreementsOptions=true&view=agreement&viewBy=major&viewSendingAgreements=false&viewByKey=76%2F66%2Fto%2F79%2FMajor%2F7d01fb7b-2afa-460e-ace0-08ddbf3f4ee7
Santiago Canyon College,University of California Los Angeles,fail,Requirement,sending_options_mismatch,sending options differ,False,"(('ENGL 102 (4.00)',), ('ENGL 102H (4.00)',), ('ENGL C1001 (4.00)',), ('ENGL C1001H (4.00)',), ('PHIL 110 (4.00)',), ('PHIL 110H (4.00)',), ('READ 151 (3.00)',), ('CMPR 121 (3.00)',))","(('CMPR 121 (3.00)',),)",https://assist.org/transfer/results?year=76&institution=66&agreement=117&agreementType=to&viewAgreementsOptions=true&view=agreement&viewBy=major&viewSendingAgreements=false&viewByKey=76%2F66%2Fto%2F117%2FMajor%2F3fc7b07d-4058-4a0a-1f72-08ddcb96df9e
Shasta College,University of California Berkeley,fail,Requirement,sending_options_mismatch,sending options differ,False,"(('ENGL C1000 (4.00)',), ('ENGL 1B (3.00)',), ('ENGL C1001 (3.00)',))","(('ENGL 1B (3.00)',), ('ENGL C1001 (3.00)',))",https://assist.org/transfer/results?year=76&institution=38&agreement=79&agreementType=to&viewAgreementsOptions=true&view=agreement&viewBy=major&viewSendingAgreements=false&viewByKey=76%2F38%2Fto%2F79%2FMajor%2F7d01fb7b-2afa-460e-ace0-08ddbf3f4ee7
Shasta College,University of California Los Angeles,fail,Requirement,sending_options_mismatch,sending options differ,False,"(('ENGL 1B (3.00)',), ('ENGL C1001 (3.00)',), ('CIS 61 (3.00)',))","(('CIS 61 (3.00)',),)",https://assist.org/transfer/results?year=76&institution=38&agreement=117&agreementType=to&viewAgreementsOptions=true&view=agreement&viewBy=major&viewSendingAgreements=false&viewByKey=76%2F38%2Fto%2F117%2FMajor%2F3fc7b07d-4058-4a0a-1f72-08ddcb96df9e
Sierra College,University of California Berkeley,fail,,unexpected_row,unexpected raw CSV row,False,,"(('ENGL C1000 (4.00)',), ('ENGL 1B (3.00)', 'ENGL C1001 (3.00)'))",https://assist.org/transfer/results?year=76&institution=93&agreement=79&agreementType=to&viewAgreementsOptions=true&view=agreement&viewBy=major&viewSendingAgreements=false&viewByKey=76%2F93%2Fto%2F79%2FMajor%2F7d01fb7b-2afa-460e-ace0-08ddbf3f4ee7
Sierra College,University of California Berkeley,fail,Requirement,missing_row,missing raw CSV row,False,"(('ENGL C1000 (4.00)',), ('ENGL 1B (3.00)',), ('ENGL C1001 (3.00)',))",,https://assist.org/transfer/results?year=76&institution=93&agreement=79&agreementType=to&viewAgreementsOptions=true&view=agreement&viewBy=major&viewSendingAgreements=false&viewByKey=76%2F93%2Fto%2F79%2FMajor%2F7d01fb7b-2afa-460e-ace0-08ddbf3f4ee7
Sierra College,University of California Los Angeles,fail,,unexpected_row,unexpected raw CSV row,False,,"(('ENGL 1B (3.00)',), ('ENGL C1001 (3.00)',), ('CSCI 66 (3.00)',))",https://assist.org/transfer/results?year=76&institution=93&agreement=117&agreementType=to&viewAgreementsOptions=true&view=agreement&viewBy=major&viewSendingAgreements=false&viewByKey=76%2F93%2Fto%2F117%2FMajor%2F3fc7b07d-4058-4a0a-1f72-08ddcb96df9e
Sierra College,University of California Los Angeles,fail,Requirement,missing_row,missing raw CSV row,False,"(('ENGL 1B (3.00)',), ('ENGL C1001 (3.00)',), ('CSCI 66 (3.00)',))",,https://assist.org/transfer/results?year=76&institution=93&agreement=117&agreementType=to&viewAgreementsOptions=true&view=agreement&viewBy=major&viewSendingAgreements=false&viewByKey=76%2F93%2Fto%2F117%2FMajor%2F3fc7b07d-4058-4a0a-1f72-08ddcb96df9e
Sierra College,University of California Merced,fail,EE 060,missing_row,missing raw CSV row,False,"(('Not Articulated',),)",,https://assist.org/transfer/results?year=76&institution=93&agreement=144&agreementType=to&viewAgreementsOptions=true&view=agreement&viewBy=major&viewSendingAgreements=false&viewByKey=76%2F93%2Fto%2F144%2FMajor%2Fbe462cb5-458a-4c3d-5be5-08dd9e07c477
Sierra College,University of California San Diego,fail,CHEM 6A,sending_options_mismatch,sending options differ,False,"(('CHEM 1A (5.00)',), ('CHEM 3A (3.00)', 'CHEM 3B (3.00)'))","(('CHEM 3A (3.00)', 'CHEM 3B (3.00)'), ('CHEM 1A (5.00)',))",https://assist.org/transfer/results?year=76&institution=93&agreement=7&agreementType=to&viewAgreementsOptions=true&view=agreement&viewBy=major&viewSendingAgreements=false&viewByKey=76%2F93%2Fto%2F7%2FMajor%2F76ab1c59-2dcf-4c6f-f364-08ddd3b241a4
Skyline College,University of California Berkeley,fail,,unexpected_row,unexpected raw CSV row,False,,"(('ENGL C1000 (3.00)', 'ENGL C1000E (5.00)'), ('ENGL 110 (3.00)', 'ENGL C1001 (3.00)'))",https://assist.org/transfer/results?year=76&institution=127&agreement=79&agreementType=to&viewAgreementsOptions=true&view=agreement&viewBy=major&viewSendingAgreements=false&viewByKey=76%2F127%2Fto%2F79%2FMajor%2F7d01fb7b-2afa-460e-ace0-08ddbf3f4ee7
Skyline College,University of California Berkeley,fail,Requirement,missing_row,missing raw CSV row,False,"(('ENGL C1000 (3.00)',), ('ENGL C1000E (5.00)',), ('ENGL 110 (3.00)',), ('ENGL C1001 (3.00)',))",,https://assist.org/transfer/results?year=76&institution=127&agreement=79&agreementType=to&viewAgreementsOptions=true&view=agreement&viewBy=major&viewSendingAgreements=false&viewByKey=76%2F127%2Fto%2F79%2FMajor%2F7d01fb7b-2afa-460e-ace0-08ddbf3f4ee7
Skyline College,University of California Los Angeles,fail,,unexpected_row,unexpected raw CSV row,False,,"(('ENGL 110 (3.00)',), ('ENGL C1001 (3.00)',), ('CIS 250 (3.00)',))",https://assist.org/transfer/results?year=76&institution=127&agreement=117&agreementType=to&viewAgreementsOptions=true&view=agreement&viewBy=major&viewSendingAgreements=false&viewByKey=76%2F127%2Fto%2F117%2FMajor%2F3fc7b07d-4058-4a0a-1f72-08ddcb96df9e
Skyline College,University of California Los Angeles,fail,Requirement,missing_row,missing raw CSV row,False,"(('ENGL 110 (3.00)',), ('ENGL C1001 (3.00)',), ('CIS 250 (3.00)',))",,https://assist.org/transfer/results?year=76&institution=127&agreement=117&agreementType=to&viewAgreementsOptions=true&view=agreement&viewBy=major&viewSendingAgreements=false&viewByKey=76%2F127%2Fto%2F117%2FMajor%2F3fc7b07d-4058-4a0a-1f72-08ddcb96df9e
Skyline College,University of California Merced,fail,EE 060,missing_row,missing raw CSV row,False,"(('Not Articulated',),)",,https://assist.org/transfer/results?year=76&institution=127&agreement=144&agreementType=to&viewAgreementsOptions=true&view=agreement&viewBy=major&viewSendingAgreements=false&viewByKey=76%2F127%2Fto%2F144%2FMajor%2Fbe462cb5-458a-4c3d-5be5-08dd9e07c477
Solano Community College,University of California Berkeley,fail,Requirement,sending_options_mismatch,sending options differ,False,"(('ENGL C1000 (4.00)',), ('ENGL 002 (4.00)',), ('ENGL C1001 (4.00)',))","(('ENGL 002 (4.00)',), ('ENGL C1001 (4.00)',))",https://assist.org/transfer/results?year=76&institution=94&agreement=79&agreementType=to&viewAgreementsOptions=true&view=agreement&viewBy=major&viewSendingAgreements=false&viewByKey=76%2F94%2Fto%2F79%2FMajor%2F7d01fb7b-2afa-460e-ace0-08ddbf3f4ee7
Southwestern College,University of California Berkeley,fail,,unexpected_row,unexpected raw CSV row,False,,"(('ENGL C1000 (4.00)',), ('ENGL C1001 (4.00)',))",https://assist.org/transfer/results?year=76&institution=138&agreement=79&agreementType=to&viewAgreementsOptions=true&view=agreement&viewBy=major&viewSendingAgreements=false&viewByKey=76%2F138%2Fto%2F79%2FMajor%2F7d01fb7b-2afa-460e-ace0-08ddbf3f4ee7
Southwestern College,University of California Berkeley,fail,Requirement,missing_row,missing raw CSV row,False,"(('ENGL C1000 (4.00)',), ('ENGL C1001 (4.00)',))",,https://assist.org/transfer/results?year=76&institution=138&agreement=79&agreementType=to&viewAgreementsOptions=true&view=agreement&viewBy=major&viewSendingAgreements=false&viewByKey=76%2F138%2Fto%2F79%2FMajor%2F7d01fb7b-2afa-460e-ace0-08ddbf3f4ee7
Southwestern College,University of California Irvine,fail,MATH 2A,sending_options_mismatch,sending options differ,False,"(('MATH 250 (5.00)',), ('MATH 121 (3.00)', 'MATH 122 (3.00)'))","(('MATH 121 (3.00)', 'MATH 122 (3.00)'), ('MATH 250 (5.00)',))",https://assist.org/transfer/results?year=76&institution=138&agreement=120&agreementType=to&viewAgreementsOptions=true&view=agreement&viewBy=major&viewSendingAgreements=false&viewByKey=76%2F138%2Fto%2F120%2FMajor%2F7752acca-2b16-46d0-fb90-08dda2ee8889
Southwestern College,University of California Los Angeles,fail,,unexpected_row,unexpected raw CSV row,False,,"(('ENGL C1001 (4.00)',), ('ENGL 220 (3.00)',), ('PHIL 103 (3.00)',), ('CIS 115 (4.00)',))",https://assist.org/transfer/results?year=76&institution=138&agreement=117&agreementType=to&viewAgreementsOptions=true&view=agreement&viewBy=major&viewSendingAgreements=false&viewByKey=76%2F138%2Fto%2F117%2FMajor%2F3fc7b07d-4058-4a0a-1f72-08ddcb96df9e
Southwestern College,University of California Los Angeles,fail,Requirement,missing_row,missing raw CSV row,False,"(('ENGL C1001 (4.00)',), ('ENGL 220 (3.00)',), ('PHIL 103 (3.00)',), ('CIS 115 (4.00)',))",,https://assist.org/transfer/results?year=76&institution=138&agreement=117&agreementType=to&viewAgreementsOptions=true&view=agreement&viewBy=major&viewSendingAgreements=false&viewByKey=76%2F138%2Fto%2F117%2FMajor%2F3fc7b07d-4058-4a0a-1f72-08ddcb96df9e
Southwestern College,University of California Merced,fail,EE 060,missing_row,missing raw CSV row,False,"(('Not Articulated',),)",,https://assist.org/transfer/results?year=76&institution=138&agreement=144&agreementType=to&viewAgreementsOptions=true&view=agreement&viewBy=major&viewSendingAgreements=false&viewByKey=76%2F138%2Fto%2F144%2FMajor%2Fbe462cb5-458a-4c3d-5be5-08dd9e07c477
Taft College,University of California Berkeley,fail,,unexpected_row,unexpected raw CSV row,False,,"(('ENGL C1000 (3.00)', 'ENGL C1000E (4.00)'), ('ENGL 1600 (4.00)',))",https://assist.org/transfer/results?year=76&institution=119&agreement=79&agreementType=to&viewAgreementsOptions=true&view=agreement&viewBy=major&viewSendingAgreements=false&viewByKey=76%2F119%2Fto%2F79%2FMajor%2F7d01fb7b-2afa-460e-ace0-08ddbf3f4ee7
Taft College,University of California Berkeley,fail,Requirement,missing_row,missing raw CSV row,False,"(('ENGL C1000 (3.00)',), ('ENGL C1000E (4.00)',), ('ENGL 1600 (4.00)',))",,https://assist.org/transfer/results?year=76&institution=119&agreement=79&agreementType=to&viewAgreementsOptions=true&view=agreement&viewBy=major&viewSendingAgreements=false&viewByKey=76%2F119%2Fto%2F79%2FMajor%2F7d01fb7b-2afa-460e-ace0-08ddbf3f4ee7
Taft College,University of California Los Angeles,fail,,unexpected_row,unexpected raw CSV row,False,,"(('ENGL 1600 (4.00)',), ('Not Articulated',))",https://assist.org/transfer/results?year=76&institution=119&agreement=117&agreementType=to&viewAgreementsOptions=true&view=agreement&viewBy=major&viewSendingAgreements=false&viewByKey=76%2F119%2Fto%2F117%2FMajor%2F3fc7b07d-4058-4a0a-1f72-08ddcb96df9e
Taft College,University of California Los Angeles,fail,Requirement,missing_row,missing raw CSV row,False,"(('ENGL 1600 (4.00)',),)",,https://assist.org/transfer/results?year=76&institution=119&agreement=117&agreementType=to&viewAgreementsOptions=true&view=agreement&viewBy=major&viewSendingAgreements=false&viewByKey=76%2F119%2Fto%2F117%2FMajor%2F3fc7b07d-4058-4a0a-1f72-08ddcb96df9e
Taft College,University of California Merced,fail,EE 060,missing_row,missing raw CSV row,False,"(('Not Articulated',),)",,https://assist.org/transfer/results?year=76&institution=119&agreement=144&agreementType=to&viewAgreementsOptions=true&view=agreement&viewBy=major&viewSendingAgreements=false&viewByKey=76%2F119%2Fto%2F144%2FMajor%2Fbe462cb5-458a-4c3d-5be5-08dd9e07c477
Ventura College,University of California Berkeley,fail,Requirement,sending_options_mismatch,sending options differ,False,"(('ENGL C1000 (4.00)',), ('ENGL V01B (4.00)',))","(('ENGL V01B (4.00)',),)",https://assist.org/transfer/results?year=76&institution=95&agreement=79&agreementType=to&viewAgreementsOptions=true&view=agreement&viewBy=major&viewSendingAgreements=false&viewByKey=76%2F95%2Fto%2F79%2FMajor%2F7d01fb7b-2afa-460e-ace0-08ddbf3f4ee7
Ventura College,University of California Los Angeles,fail,Requirement,sending_options_mismatch,sending options differ,False,"(('PHIL V05 (3.00)',), ('ENGL V01B (4.00)',), ('ENGL C1001 (3.00)',), ('CS V13 (3.00)',), ('CS V30 (3.00)',))","(('CS V13 (3.00)',), ('CS V30 (3.00)',))",https://assist.org/transfer/results?year=76&institution=95&agreement=117&agreementType=to&viewAgreementsOptions=true&view=agreement&viewBy=major&viewSendingAgreements=false&viewByKey=76%2F95%2Fto%2F117%2FMajor%2F3fc7b07d-4058-4a0a-1f72-08ddcb96df9e
Victor Valley College,University of California Berkeley,fail,Requirement,sending_options_mismatch,sending options differ,False,"(('ENGL C1000 (4.00)',), ('ENGL 102 (3.00)',), ('ENGL 102H (4.00)',), ('ENGL C1001 (4.00)',))","(('ENGL 102 (3.00)',), ('ENGL 102H (4.00)',), ('ENGL C1001 (4.00)',))",https://assist.org/transfer/results?year=76&institution=19&agreement=79&agreementType=to&viewAgreementsOptions=true&view=agreement&viewBy=major&viewSendingAgreements=false&viewByKey=76%2F19%2Fto%2F79%2FMajor%2F7d01fb7b-2afa-460e-ace0-08ddbf3f4ee7
Victor Valley College,University of California Los Angeles,fail,Requirement,sending_options_mismatch,sending options differ,False,"(('ENGL 102 (3.00)',), ('ENGL C1001 (4.00)',), ('ENGL 104H (3.00)',), ('PHIL 207 (3.00)',), ('CIS 201 (4.00)',), ('CIS 202 (4.00)',))","(('CIS 201 (4.00)',), ('CIS 202 (4.00)',))",https://assist.org/transfer/results?year=76&institution=19&agreement=117&agreementType=to&viewAgreementsOptions=true&view=agreement&viewBy=major&viewSendingAgreements=false&viewByKey=76%2F19%2Fto%2F117%2FMajor%2F3fc7b07d-4058-4a0a-1f72-08ddcb96df9e
West Hills College Coalinga,University of California Berkeley,fail,,unexpected_row,unexpected raw CSV row,False,,"(('ENGL C1000 (3.00)',), ('ENGL C1001 (3.00)',), ('PHYSICS 004B (4.00)', 'PHYSICS 004C (4.00)'))",https://assist.org/transfer/results?year=76&institution=67&agreement=79&agreementType=to&viewAgreementsOptions=true&view=agreement&viewBy=major&viewSendingAgreements=false&viewByKey=76%2F67%2Fto%2F79%2FMajor%2F7d01fb7b-2afa-460e-ace0-08ddbf3f4ee7
West Hills College Coalinga,University of California Berkeley,fail,Requirement,missing_row,missing raw CSV row,False,"(('PHYSICS 004B (4.00)', 'PHYSICS 004C (4.00)'), ('ENGL C1000 (3.00)',), ('ENGL C1001 (3.00)',))",,https://assist.org/transfer/results?year=76&institution=67&agreement=79&agreementType=to&viewAgreementsOptions=true&view=agreement&viewBy=major&viewSendingAgreements=false&viewByKey=76%2F67%2Fto%2F79%2FMajor%2F7d01fb7b-2afa-460e-ace0-08ddbf3f4ee7
West Hills College Coalinga,University of California Los Angeles,fail,,unexpected_row,unexpected raw CSV row,False,,"(('ENGL C1001 (3.00)',), ('Not Articulated',))",https://assist.org/transfer/results?year=76&institution=67&agreement=117&agreementType=to&viewAgreementsOptions=true&view=agreement&viewBy=major&viewSendingAgreements=false&viewByKey=76%2F67%2Fto%2F117%2FMajor%2F3fc7b07d-4058-4a0a-1f72-08ddcb96df9e
West Hills College Coalinga,University of California Los Angeles,fail,Requirement,missing_row,missing raw CSV row,False,"(('ENGL C1001 (3.00)',),)",,https://assist.org/transfer/results?year=76&institution=67&agreement=117&agreementType=to&viewAgreementsOptions=true&view=agreement&viewBy=major&viewSendingAgreements=false&viewByKey=76%2F67%2Fto%2F117%2FMajor%2F3fc7b07d-4058-4a0a-1f72-08ddcb96df9e
West Hills College Coalinga,University of California Merced,fail,EE 060,missing_row,missing raw CSV row,False,"(('Not Articulated',),)",,https://assist.org/transfer/results?year=76&institution=67&agreement=144&agreementType=to&viewAgreementsOptions=true&view=agreement&viewBy=major&viewSendingAgreements=false&viewByKey=76%2F67%2Fto%2F144%2FMajor%2Fbe462cb5-458a-4c3d-5be5-08dd9e07c477
West Hills College Lemoore,University of California Berkeley,fail,,unexpected_row,unexpected raw CSV row,False,,"(('ENGL C1000 (4.00)',), ('ENGL C1001 (3.00)',))",https://assist.org/transfer/results?year=76&institution=146&agreement=79&agreementType=to&viewAgreementsOptions=true&view=agreement&viewBy=major&viewSendingAgreements=false&viewByKey=76%2F146%2Fto%2F79%2FMajor%2F7d01fb7b-2afa-460e-ace0-08ddbf3f4ee7
West Hills College Lemoore,University of California Berkeley,fail,Requirement,missing_row,missing raw CSV row,False,"(('ENGL C1000 (4.00)',), ('ENGL C1001 (3.00)',))",,https://assist.org/transfer/results?year=76&institution=146&agreement=79&agreementType=to&viewAgreementsOptions=true&view=agreement&viewBy=major&viewSendingAgreements=false&viewByKey=76%2F146%2Fto%2F79%2FMajor%2F7d01fb7b-2afa-460e-ace0-08ddbf3f4ee7
West Hills College Lemoore,University of California Los Angeles,fail,,unexpected_row,unexpected raw CSV row,False,,"(('ENGL C1000 (4.00)',), ('Not Articulated',))",https://assist.org/transfer/results?year=76&institution=146&agreement=117&agreementType=to&viewAgreementsOptions=true&view=agreement&viewBy=major&viewSendingAgreements=false&viewByKey=76%2F146%2Fto%2F117%2FMajor%2F3fc7b07d-4058-4a0a-1f72-08ddcb96df9e
West Hills College Lemoore,University of California Los Angeles,fail,Requirement,missing_row,missing raw CSV row,False,"(('ENGL C1001 (3.00)',), ('Not Articulated',))",,https://assist.org/transfer/results?year=76&institution=146&agreement=117&agreementType=to&viewAgreementsOptions=true&view=agreement&viewBy=major&viewSendingAgreements=false&viewByKey=76%2F146%2Fto%2F117%2FMajor%2F3fc7b07d-4058-4a0a-1f72-08ddcb96df9e
West Hills College Lemoore,University of California Merced,fail,EE 060,missing_row,missing raw CSV row,False,"(('Not Articulated',),)",,https://assist.org/transfer/results?year=76&institution=146&agreement=144&agreementType=to&viewAgreementsOptions=true&view=agreement&viewBy=major&viewSendingAgreements=false&viewByKey=76%2F146%2Fto%2F144%2FMajor%2Fbe462cb5-458a-4c3d-5be5-08dd9e07c477
West Los Angeles College,University of California Berkeley,fail,,unexpected_row,unexpected raw CSV row,False,,"(('ENGL C1000 (3.00)',), ('ENGLISH 102 (3.00)',))",https://assist.org/transfer/results?year=76&institution=91&agreement=79&agreementType=to&viewAgreementsOptions=true&view=agreement&viewBy=major&viewSendingAgreements=false&viewByKey=76%2F91%2Fto%2F79%2FMajor%2F7d01fb7b-2afa-460e-ace0-08ddbf3f4ee7
West Los Angeles College,University of California Berkeley,fail,Requirement,missing_row,missing raw CSV row,False,"(('ENGL C1000 (3.00)',), ('ENGLISH 102 (3.00)',))",,https://assist.org/transfer/results?year=76&institution=91&agreement=79&agreementType=to&viewAgreementsOptions=true&view=agreement&viewBy=major&viewSendingAgreements=false&viewByKey=76%2F91%2Fto%2F79%2FMajor%2F7d01fb7b-2afa-460e-ace0-08ddbf3f4ee7
West Los Angeles College,University of California Los Angeles,fail,,unexpected_row,unexpected raw CSV row,False,,"(('ENGLISH 102 (3.00)',), ('ENGL C1001 (3.00)',), ('Not Articulated',))",https://assist.org/transfer/results?year=76&institution=91&agreement=117&agreementType=to&viewAgreementsOptions=true&view=agreement&viewBy=major&viewSendingAgreements=false&viewByKey=76%2F91%2Fto%2F117%2FMajor%2F3fc7b07d-4058-4a0a-1f72-08ddcb96df9e
West Los Angeles College,University of California Los Angeles,fail,Requirement,missing_row,missing raw CSV row,False,"(('ENGLISH 102 (3.00)',), ('ENGL C1001 (3.00)',))",,https://assist.org/transfer/results?year=76&institution=91&agreement=117&agreementType=to&viewAgreementsOptions=true&view=agreement&viewBy=major&viewSendingAgreements=false&viewByKey=76%2F91%2Fto%2F117%2FMajor%2F3fc7b07d-4058-4a0a-1f72-08ddcb96df9e
West Los Angeles College,University of California Merced,fail,EE 060,missing_row,missing raw CSV row,False,"(('Not Articulated',),)",,https://assist.org/transfer/results?year=76&institution=91&agreement=144&agreementType=to&viewAgreementsOptions=true&view=agreement&viewBy=major&viewSendingAgreements=false&viewByKey=76%2F91%2Fto%2F144%2FMajor%2Fbe462cb5-458a-4c3d-5be5-08dd9e07c477
West Los Angeles College,University of California San Diego,fail,CSE 11,sending_options_mismatch,sending options differ,False,"(('CS 216 (3.00)',), ('CS 119 (3.00)', 'CS 136 (3.00)'))","(('CS 119 (3.00)', 'CS 136 (3.00)'), ('CS 216 (3.00)',))",https://assist.org/transfer/results?year=76&institution=91&agreement=7&agreementType=to&viewAgreementsOptions=true&view=agreement&viewBy=major&viewSendingAgreements=false&viewByKey=76%2F91%2Fto%2F7%2FMajor%2F76ab1c59-2dcf-4c6f-f364-08ddd3b241a4
West Valley College,University of California Berkeley,fail,,unexpected_row,unexpected raw CSV row,False,,"(('ENGL C1000 (3.00)',), ('ENGL 001B (3.00)', 'ENGL C1001 (3.00)', 'ENGL C1001H (3.00)'))",https://assist.org/transfer/results?year=76&institution=80&agreement=79&agreementType=to&viewAgreementsOptions=true&view=agreement&viewBy=major&viewSendingAgreements=false&viewByKey=76%2F80%2Fto%2F79%2FMajor%2F7d01fb7b-2afa-460e-ace0-08ddbf3f4ee7
West Valley College,University of California Berkeley,fail,Requirement,missing_row,missing raw CSV row,False,"(('ENGL C1000 (3.00)',), ('ENGL 001B (3.00)',), ('ENGL C1001 (3.00)',), ('ENGL C1001H (3.00)',))",,https://assist.org/transfer/results?year=76&institution=80&agreement=79&agreementType=to&viewAgreementsOptions=true&view=agreement&viewBy=major&viewSendingAgreements=false&viewByKey=76%2F80%2Fto%2F79%2FMajor%2F7d01fb7b-2afa-460e-ace0-08ddbf3f4ee7
West Valley College,University of California Los Angeles,fail,,unexpected_row,unexpected raw CSV row,False,,"(('ENGL 001B (3.00)',), ('ENGL C1001 (3.00)',), ('ENGL C1001H (3.00)',), ('PHIL 003 (3.00)',), ('PHIL 017 (3.00)',), ('Not Articulated',))",https://assist.org/transfer/results?year=76&institution=80&agreement=117&agreementType=to&viewAgreementsOptions=true&view=agreement&viewBy=major&viewSendingAgreements=false&viewByKey=76%2F80%2Fto%2F117%2FMajor%2F3fc7b07d-4058-4a0a-1f72-08ddcb96df9e
West Valley College,University of California Los Angeles,fail,Requirement,missing_row,missing raw CSV row,False,"(('ENGL 001B (3.00)',), ('ENGL C1001 (3.00)',), ('ENGL C1001H (3.00)',), ('PHIL 003 (3.00)',), ('PHIL 017 (3.00)',))",,https://assist.org/transfer/results?year=76&institution=80&agreement=117&agreementType=to&viewAgreementsOptions=true&view=agreement&viewBy=major&viewSendingAgreements=false&viewByKey=76%2F80%2Fto%2F117%2FMajor%2F3fc7b07d-4058-4a0a-1f72-08ddcb96df9e
West Valley College,University of California Merced,fail,EE 060,missing_row,missing raw CSV row,False,"(('Not Articulated',),)",,https://assist.org/transfer/results?year=76&institution=80&agreement=144&agreementType=to&viewAgreementsOptions=true&view=agreement&viewBy=major&viewSendingAgreements=false&viewByKey=76%2F80%2Fto%2F144%2FMajor%2Fbe462cb5-458a-4c3d-5be5-08dd9e07c477
West Valley College,University of California Santa Barbara,fail,CHEM 1A; CHEM 1B; CHEM 1C; CHEM 2AL; CHEM 2BL,sending_options_mismatch,sending options differ,False,"(('CHEM 001A (5.00)', 'CHEM 001B (5.00)'), ('CHEM 001A (5.00)', 'CHEM 001BH (5.00)'), ('CHEM 001AH (5.00)', 'CHEM 001B (5.00)'), ('CHEM 001AH (5.00)', 'CHEM 001BH (5.00)'))","(('CHEM 001A (5.00)', 'CHEM 001AH (5.00)'), ('CHEM 001B (5.00)', 'CHEM 001BH (5.00)'))",https://assist.org/transfer/results?year=76&institution=80&agreement=128&agreementType=to&viewAgreementsOptions=true&view=agreement&viewBy=major&viewSendingAgreements=false&viewByKey=76%2F80%2Fto%2F128%2FMajor%2F9b98e159-1754-4eb0-33c4-08ddf001012b
Woodland Community College,University of California Berkeley,fail,,unexpected_row,unexpected raw CSV row,False,,"(('ENGL C1000 (4.00)',), ('ENGL 1B (4.00)',))",https://assist.org/transfer/results?year=76&institution=147&agreement=79&agreementType=to&viewAgreementsOptions=true&view=agreement&viewBy=major&viewSendingAgreements=false&viewByKey=76%2F147%2Fto%2F79%2FMajor%2F7d01fb7b-2afa-460e-ace0-08ddbf3f4ee7
Woodland Community College,University of California Berkeley,fail,Requirement,missing_row,missing raw CSV row,False,"(('ENGL C1000 (4.00)',), ('ENGL 1B (4.00)',))",,https://assist.org/transfer/results?year=76&institution=147&agreement=79&agreementType=to&viewAgreementsOptions=true&view=agreement&viewBy=major&viewSendingAgreements=false&viewByKey=76%2F147%2Fto%2F79%2FMajor%2F7d01fb7b-2afa-460e-ace0-08ddbf3f4ee7
Woodland Community College,University of California Los Angeles,fail,,unexpected_row,unexpected raw CSV row,False,,"(('ENGL 1B (4.00)',), ('ENGL C1001 (3.00)',), ('Not Articulated',))",https://assist.org/transfer/results?year=76&institution=147&agreement=117&agreementType=to&viewAgreementsOptions=true&view=agreement&viewBy=major&viewSendingAgreements=false&viewByKey=76%2F147%2Fto%2F117%2FMajor%2F3fc7b07d-4058-4a0a-1f72-08ddcb96df9e
Woodland Community College,University of California Los Angeles,fail,Requirement,missing_row,missing raw CSV row,False,"(('ENGL 1B (4.00)',), ('ENGL C1001 (3.00)',))",,https://assist.org/transfer/results?year=76&institution=147&agreement=117&agreementType=to&viewAgreementsOptions=true&view=agreement&viewBy=major&viewSendingAgreements=false&viewByKey=76%2F147%2Fto%2F117%2FMajor%2F3fc7b07d-4058-4a0a-1f72-08ddcb96df9e
Woodland Community College,University of California Merced,fail,EE 060,missing_row,missing raw CSV row,False,"(('Not Articulated',),)",,https://assist.org/transfer/results?year=76&institution=147&agreement=144&agreementType=to&viewAgreementsOptions=true&view=agreement&viewBy=major&viewSendingAgreements=false&viewByKey=76%2F147%2Fto%2F144%2FMajor%2Fbe462cb5-458a-4c3d-5be5-08dd9e07c477
Yuba College,University of California Berkeley,fail,,unexpected_row,unexpected raw CSV row,False,,"(('ENGL C1000 (4.00)',), ('ENGL 1B (4.00)',))",https://assist.org/transfer/results?year=76&institution=90&agreement=79&agreementType=to&viewAgreementsOptions=true&view=agreement&viewBy=major&viewSendingAgreements=false&viewByKey=76%2F90%2Fto%2F79%2FMajor%2F7d01fb7b-2afa-460e-ace0-08ddbf3f4ee7
Yuba College,University of California Berkeley,fail,Requirement,missing_row,missing raw CSV row,False,"(('ENGL C1000 (4.00)',), ('ENGL 1B (4.00)',))",,https://assist.org/transfer/results?year=76&institution=90&agreement=79&agreementType=to&viewAgreementsOptions=true&view=agreement&viewBy=major&viewSendingAgreements=false&viewByKey=76%2F90%2Fto%2F79%2FMajor%2F7d01fb7b-2afa-460e-ace0-08ddbf3f4ee7
Yuba College,University of California Los Angeles,fail,,unexpected_row,unexpected raw CSV row,False,,"(('ENGL 1B (4.00)',), ('ENGL C1001 (3.00)',), ('COMSC 9A (4.00)',), ('COMSC 11 (3.00)',))",https://assist.org/transfer/results?year=76&institution=90&agreement=117&agreementType=to&viewAgreementsOptions=true&view=agreement&viewBy=major&viewSendingAgreements=false&viewByKey=76%2F90%2Fto%2F117%2FMajor%2F3fc7b07d-4058-4a0a-1f72-08ddcb96df9e
Yuba College,University of California Los Angeles,fail,Requirement,missing_row,missing raw CSV row,False,"(('ENGL 1B (4.00)',), ('ENGL C1001 (3.00)',), ('COMSC 9A (4.00)',), ('COMSC 11 (3.00)',))",,https://assist.org/transfer/results?year=76&institution=90&agreement=117&agreementType=to&viewAgreementsOptions=true&view=agreement&viewBy=major&viewSendingAgreements=false&viewByKey=76%2F90%2Fto%2F117%2FMajor%2F3fc7b07d-4058-4a0a-1f72-08ddcb96df9e
Yuba College,University of California Merced,fail,EE 060,missing_row,missing raw CSV row,False,"(('Not Articulated',),)",,https://assist.org/transfer/results?year=76&institution=90&agreement=144&agreementType=to&viewAgreementsOptions=true&view=agreement&viewBy=major&viewSendingAgreements=false&viewByKey=76%2F90%2Fto%2F144%2FMajor%2Fbe462cb5-458a-4c3d-5be5-08dd9e07c477
