severity,root_cause,recommended_action,uc,uc_full,cc,status,receiving,issue_type,message,expected,actual,url,view_by_key
high,flattened_or,Fix exporter/parser so OR alternatives remain separate course groups; verify against ASSIST.,UCB,University of California Berkeley,Gavilan College,fail,COMPSCI 61B,flattened_or,sending options differ,"[['CSIS 27 (3.00)'], ['CSIS 46 (3.00)']]","[['CSIS 27 (3.00)', 'CSIS 46 (3.00)']]",https://assist.org/transfer/results?year=76&institution=72&agreement=79&agreementType=to&viewAgreementsOptions=true&view=agreement&viewBy=major&viewSendingAgreements=false&viewByKey=76%2F72%2Fto%2F79%2FMajor%2F7d01fb7b-2afa-460e-ace0-08ddbf3f4ee7,76/72/to/79/Major/7d01fb7b-2afa-460e-ace0-08ddbf3f4ee7
high,flattened_or,Fix exporter/parser so OR alternatives remain separate course groups; verify against ASSIST.,UCB,University of California Berkeley,Pasadena City College,fail,MATH 51,flattened_or,sending options differ,"[['MATH 005A (5.00)'], ['MATH 005AH (5.00)'], ['MATH 005AE (5.50)']]","[['MATH 005A (5.00)', 'MATH 005AH (5.00)', 'MATH 005AE (5.50)']]",https://assist.org/transfer/results?year=76&institution=49&agreement=79&agreementType=to&viewAgreementsOptions=true&view=agreement&viewBy=major&viewSendingAgreements=false&viewByKey=76%2F49%2Fto%2F79%2FMajor%2F7d01fb7b-2afa-460e-ace0-08ddbf3f4ee7,76/49/to/79/Major/7d01fb7b-2afa-460e-ace0-08ddbf3f4ee7
high,flattened_or,Fix exporter/parser so OR alternatives remain separate course groups; verify against ASSIST.,UCB,University of California Berkeley,Victor Valley College,fail,MATH 53,flattened_or,sending options differ,"[['MATH 228 (5.00)'], ['MATH 228H (5.00)']]","[['MATH 228 (5.00)', 'MATH 228H (5.00)']]",https://assist.org/transfer/results?year=76&institution=19&agreement=79&agreementType=to&viewAgreementsOptions=true&view=agreement&viewBy=major&viewSendingAgreements=false&viewByKey=76%2F19%2Fto%2F79%2FMajor%2F7d01fb7b-2afa-460e-ace0-08ddbf3f4ee7,76/19/to/79/Major/7d01fb7b-2afa-460e-ace0-08ddbf3f4ee7
high,not_articulated_mismatch,Manually inspect ASSIST and current CSV; this can change whether a requirement is available.,UCB,University of California Berkeley,Clovis Community College,fail,COMPSCI 61C,not_articulated_mismatch,sending options differ,[['CSCI 45 (4.00)']],[['Not Articulated']],https://assist.org/transfer/results?year=76&institution=150&agreement=79&agreementType=to&viewAgreementsOptions=true&view=agreement&viewBy=major&viewSendingAgreements=false&viewByKey=76%2F150%2Fto%2F79%2FMajor%2F7d01fb7b-2afa-460e-ace0-08ddbf3f4ee7,76/150/to/79/Major/7d01fb7b-2afa-460e-ace0-08ddbf3f4ee7
high,not_articulated_mismatch,Manually inspect ASSIST and current CSV; this can change whether a requirement is available.,UCD,University of California Davis,Mission College,fail,ECS 020,not_articulated_mismatch,sending options differ,[['MAT 020 (4.00)']],[['Not Articulated']],https://assist.org/transfer/results?year=76&institution=32&agreement=89&agreementType=to&viewAgreementsOptions=true&view=agreement&viewBy=major&viewSendingAgreements=false&viewByKey=76%2F32%2Fto%2F89%2FMajor%2F37adebfb-6deb-4e42-34ac-08ddb349963e,76/32/to/89/Major/37adebfb-6deb-4e42-34ac-08ddb349963e
high,not_articulated_mismatch,Manually inspect ASSIST and current CSV; this can change whether a requirement is available.,UCD,University of California Davis,Norco College,fail,ECS 020,not_articulated_mismatch,sending options differ,"[['CIS 7 (3.00)'], ['CSC 7 (3.00)']]",[['Not Articulated']],https://assist.org/transfer/results?year=76&institution=148&agreement=89&agreementType=to&viewAgreementsOptions=true&view=agreement&viewBy=major&viewSendingAgreements=false&viewByKey=76%2F148%2Fto%2F89%2FMajor%2F37adebfb-6deb-4e42-34ac-08ddb349963e,76/148/to/89/Major/37adebfb-6deb-4e42-34ac-08ddb349963e
high,not_articulated_mismatch,Manually inspect ASSIST and current CSV; this can change whether a requirement is available.,UCD,University of California Davis,Fresno City College,fail,ECS 050,not_articulated_mismatch,sending options differ,[['CSCI 45 (4.00)']],[['Not Articulated']],https://assist.org/transfer/results?year=76&institution=35&agreement=89&agreementType=to&viewAgreementsOptions=true&view=agreement&viewBy=major&viewSendingAgreements=false&viewByKey=76%2F35%2Fto%2F89%2FMajor%2F37adebfb-6deb-4e42-34ac-08ddb349963e,76/35/to/89/Major/37adebfb-6deb-4e42-34ac-08ddb349963e
high,sending_grouping_mismatch,Inspect ASSIST row and fix exporter/parser grouping; this can change AND/OR meaning.,UCD,University of California Davis,Solano Community College,fail,ECS 020,sending_options_mismatch,sending options differ,"[['CIS 021 (3.00)'], ['ENGR 012 (4.00)']]",[['CIS 021 (3.00)']],https://assist.org/transfer/results?year=76&institution=94&agreement=89&agreementType=to&viewAgreementsOptions=true&view=agreement&viewBy=major&viewSendingAgreements=false&viewByKey=76%2F94%2Fto%2F89%2FMajor%2F37adebfb-6deb-4e42-34ac-08ddb349963e,76/94/to/89/Major/37adebfb-6deb-4e42-34ac-08ddb349963e
high,flattened_or,Fix exporter/parser so OR alternatives remain separate course groups; verify against ASSIST.,UCI,University of California Irvine,Fullerton College,fail,I&C SCI 6B,flattened_or,sending options differ,"[['MATH 170 F (5.00)'], ['MATH 171 F (4.00)']]","[['MATH 170 F (5.00)', 'MATH 171 F (4.00)']]",https://assist.org/transfer/results?year=76&institution=134&agreement=120&agreementType=to&viewAgreementsOptions=true&view=agreement&viewBy=major&viewSendingAgreements=false&viewByKey=76%2F134%2Fto%2F120%2FMajor%2F7752acca-2b16-46d0-fb90-08dda2ee8889,76/134/to/120/Major/7752acca-2b16-46d0-fb90-08dda2ee8889
high,flattened_or,Fix exporter/parser so OR alternatives remain separate course groups; verify against ASSIST.,UCI,University of California Irvine,Pasadena City College,fail,I&C SCI 6B,flattened_or,sending options differ,"[['CS 045 (4.00)'], ['MATH 022 (4.00)']]","[['CS 045 (4.00)', 'MATH 022 (4.00)']]",https://assist.org/transfer/results?year=76&institution=49&agreement=120&agreementType=to&viewAgreementsOptions=true&view=agreement&viewBy=major&viewSendingAgreements=false&viewByKey=76%2F49%2Fto%2F120%2FMajor%2F7752acca-2b16-46d0-fb90-08dda2ee8889,76/49/to/120/Major/7752acca-2b16-46d0-fb90-08dda2ee8889
high,flattened_or,Fix exporter/parser so OR alternatives remain separate course groups; verify against ASSIST.,UCI,University of California Irvine,San Jose City College,fail,I&C SCI 6B,flattened_or,sending options differ,"[['MATH 070 (4.00)'], ['MATH 080 (4.00)']]","[['MATH 070 (4.00)', 'MATH 080 (4.00)']]",https://assist.org/transfer/results?year=76&institution=136&agreement=120&agreementType=to&viewAgreementsOptions=true&view=agreement&viewBy=major&viewSendingAgreements=false&viewByKey=76%2F136%2Fto%2F120%2FMajor%2F7752acca-2b16-46d0-fb90-08dda2ee8889,76/136/to/120/Major/7752acca-2b16-46d0-fb90-08dda2ee8889
high,flattened_or,Fix exporter/parser so OR alternatives remain separate course groups; verify against ASSIST.,UCI,University of California Irvine,Diablo Valley College,fail,I&C SCI 6D,flattened_or,sending options differ,"[['COMSC 230 (3.00)'], ['MATH 195 (4.00)']]","[['COMSC 230 (3.00)', 'MATH 195 (4.00)']]",https://assist.org/transfer/results?year=76&institution=114&agreement=120&agreementType=to&viewAgreementsOptions=true&view=agreement&viewBy=major&viewSendingAgreements=false&viewByKey=76%2F114%2Fto%2F120%2FMajor%2F7752acca-2b16-46d0-fb90-08dda2ee8889,76/114/to/120/Major/7752acca-2b16-46d0-fb90-08dda2ee8889
high,flattened_or,Fix exporter/parser so OR alternatives remain separate course groups; verify against ASSIST.,UCI,University of California Irvine,Fullerton College,fail,I&C SCI 6D,flattened_or,sending options differ,"[['MATH 170 F (5.00)'], ['MATH 171 F (4.00)']]","[['MATH 170 F (5.00)', 'MATH 171 F (4.00)']]",https://assist.org/transfer/results?year=76&institution=134&agreement=120&agreementType=to&viewAgreementsOptions=true&view=agreement&viewBy=major&viewSendingAgreements=false&viewByKey=76%2F134%2Fto%2F120%2FMajor%2F7752acca-2b16-46d0-fb90-08dda2ee8889,76/134/to/120/Major/7752acca-2b16-46d0-fb90-08dda2ee8889
high,flattened_or,Fix exporter/parser so OR alternatives remain separate course groups; verify against ASSIST.,UCI,University of California Irvine,Moorpark College,fail,I&C SCI 6D,flattened_or,sending options differ,"[['CS M155 (3.00)'], ['MATH M21 (3.00)']]","[['CS M155 (3.00)', 'MATH M21 (3.00)']]",https://assist.org/transfer/results?year=76&institution=139&agreement=120&agreementType=to&viewAgreementsOptions=true&view=agreement&viewBy=major&viewSendingAgreements=false&viewByKey=76%2F139%2Fto%2F120%2FMajor%2F7752acca-2b16-46d0-fb90-08dda2ee8889,76/139/to/120/Major/7752acca-2b16-46d0-fb90-08dda2ee8889
high,flattened_or,Fix exporter/parser so OR alternatives remain separate course groups; verify against ASSIST.,UCI,University of California Irvine,San Jose City College,fail,I&C SCI 6D,flattened_or,sending options differ,"[['MATH 070 (4.00)'], ['MATH 080 (4.00)']]","[['MATH 070 (4.00)', 'MATH 080 (4.00)']]",https://assist.org/transfer/results?year=76&institution=136&agreement=120&agreementType=to&viewAgreementsOptions=true&view=agreement&viewBy=major&viewSendingAgreements=false&viewByKey=76%2F136%2Fto%2F120%2FMajor%2F7752acca-2b16-46d0-fb90-08dda2ee8889,76/136/to/120/Major/7752acca-2b16-46d0-fb90-08dda2ee8889
high,flattened_or,Fix exporter/parser so OR alternatives remain separate course groups; verify against ASSIST.,UCI,University of California Irvine,Antelope Valley College,fail,MATH 2A,flattened_or,sending options differ,"[['MATH 150 (5.00)'], ['MATH 150H (5.00)']]","[['MATH 150 (5.00)', 'MATH 150H (5.00)']]",https://assist.org/transfer/results?year=76&institution=121&agreement=120&agreementType=to&viewAgreementsOptions=true&view=agreement&viewBy=major&viewSendingAgreements=false&viewByKey=76%2F121%2Fto%2F120%2FMajor%2F7752acca-2b16-46d0-fb90-08dda2ee8889,76/121/to/120/Major/7752acca-2b16-46d0-fb90-08dda2ee8889
high,flattened_or,Fix exporter/parser so OR alternatives remain separate course groups; verify against ASSIST.,UCI,University of California Irvine,Berkeley City College,fail,MATH 2A,flattened_or,sending options differ,"[['MATH 3A (5.00)'], ['MATH 16A (4.00)']]","[['MATH 3A (5.00)', 'MATH 16A (4.00)']]",https://assist.org/transfer/results?year=76&institution=58&agreement=120&agreementType=to&viewAgreementsOptions=true&view=agreement&viewBy=major&viewSendingAgreements=false&viewByKey=76%2F58%2Fto%2F120%2FMajor%2F7752acca-2b16-46d0-fb90-08dda2ee8889,76/58/to/120/Major/7752acca-2b16-46d0-fb90-08dda2ee8889
high,flattened_or,Fix exporter/parser so OR alternatives remain separate course groups; verify against ASSIST.,UCI,University of California Irvine,College of the Canyons,fail,MATH 2A,flattened_or,sending options differ,"[['MATH 211 (5.00)'], ['MATH 211X (6.00)'], ['MATH 240 (5.00)'], ['MATH 240X (6.00)']]","[['MATH 211 (5.00)', 'MATH 211X (6.00)', 'MATH 240 (5.00)', 'MATH 240X (6.00)']]",https://assist.org/transfer/results?year=76&institution=140&agreement=120&agreementType=to&viewAgreementsOptions=true&view=agreement&viewBy=major&viewSendingAgreements=false&viewByKey=76%2F140%2Fto%2F120%2FMajor%2F7752acca-2b16-46d0-fb90-08dda2ee8889,76/140/to/120/Major/7752acca-2b16-46d0-fb90-08dda2ee8889
high,flattened_or,Fix exporter/parser so OR alternatives remain separate course groups; verify against ASSIST.,UCI,University of California Irvine,Crafton Hills College,fail,MATH 2A,flattened_or,sending options differ,"[['MATH 250 (4.00)'], ['MATH 250E (4.00)']]","[['MATH 250 (4.00)', 'MATH 250E (4.00)']]",https://assist.org/transfer/results?year=76&institution=70&agreement=120&agreementType=to&viewAgreementsOptions=true&view=agreement&viewBy=major&viewSendingAgreements=false&viewByKey=76%2F70%2Fto%2F120%2FMajor%2F7752acca-2b16-46d0-fb90-08dda2ee8889,76/70/to/120/Major/7752acca-2b16-46d0-fb90-08dda2ee8889
high,flattened_or,Fix exporter/parser so OR alternatives remain separate course groups; verify against ASSIST.,UCI,University of California Irvine,Cuyamaca College,fail,MATH 2A,flattened_or,sending options differ,"[['MATH 178 (4.00)'], ['MATH 180 (5.00)']]","[['MATH 178 (4.00)', 'MATH 180 (5.00)']]",https://assist.org/transfer/results?year=76&institution=99&agreement=120&agreementType=to&viewAgreementsOptions=true&view=agreement&viewBy=major&viewSendingAgreements=false&viewByKey=76%2F99%2Fto%2F120%2FMajor%2F7752acca-2b16-46d0-fb90-08dda2ee8889,76/99/to/120/Major/7752acca-2b16-46d0-fb90-08dda2ee8889
high,flattened_or,Fix exporter/parser so OR alternatives remain separate course groups; verify against ASSIST.,UCI,University of California Irvine,Cypress College,fail,MATH 2A,flattened_or,sending options differ,"[['MATH 130 C (4.00)'], ['MATH 130PC (4.00)'], ['MATH 150AC (4.00)']]","[['MATH 130 C (4.00)', 'MATH 130PC (4.00)', 'MATH 150AC (4.00)']]",https://assist.org/transfer/results?year=76&institution=71&agreement=120&agreementType=to&viewAgreementsOptions=true&view=agreement&viewBy=major&viewSendingAgreements=false&viewByKey=76%2F71%2Fto%2F120%2FMajor%2F7752acca-2b16-46d0-fb90-08dda2ee8889,76/71/to/120/Major/7752acca-2b16-46d0-fb90-08dda2ee8889
high,flattened_or,Fix exporter/parser so OR alternatives remain separate course groups; verify against ASSIST.,UCI,University of California Irvine,Diablo Valley College,fail,MATH 2A,flattened_or,sending options differ,"[['MATH 182 (4.00)'], ['MATH 192 (5.00)']]","[['MATH 182 (4.00)', 'MATH 192 (5.00)']]",https://assist.org/transfer/results?year=76&institution=114&agreement=120&agreementType=to&viewAgreementsOptions=true&view=agreement&viewBy=major&viewSendingAgreements=false&viewByKey=76%2F114%2Fto%2F120%2FMajor%2F7752acca-2b16-46d0-fb90-08dda2ee8889,76/114/to/120/Major/7752acca-2b16-46d0-fb90-08dda2ee8889
high,flattened_or,Fix exporter/parser so OR alternatives remain separate course groups; verify against ASSIST.,UCI,University of California Irvine,Evergreen Valley College,fail,MATH 2A,flattened_or,sending options differ,"[['MATH 062 (3.00)'], ['MATH 066 (4.00)'], ['MATH 071 (5.00)']]","[['MATH 062 (3.00)', 'MATH 066 (4.00)', 'MATH 071 (5.00)']]",https://assist.org/transfer/results?year=76&institution=2&agreement=120&agreementType=to&viewAgreementsOptions=true&view=agreement&viewBy=major&viewSendingAgreements=false&viewByKey=76%2F2%2Fto%2F120%2FMajor%2F7752acca-2b16-46d0-fb90-08dda2ee8889,76/2/to/120/Major/7752acca-2b16-46d0-fb90-08dda2ee8889
high,flattened_or,Fix exporter/parser so OR alternatives remain separate course groups; verify against ASSIST.,UCI,University of California Irvine,Folsom Lake College,fail,MATH 2A,flattened_or,sending options differ,"[['MATH 400 (5.00)'], ['MATH 341 (4.00)']]","[['MATH 400 (5.00)', 'MATH 341 (4.00)']]",https://assist.org/transfer/results?year=76&institution=145&agreement=120&agreementType=to&viewAgreementsOptions=true&view=agreement&viewBy=major&viewSendingAgreements=false&viewByKey=76%2F145%2Fto%2F120%2FMajor%2F7752acca-2b16-46d0-fb90-08dda2ee8889,76/145/to/120/Major/7752acca-2b16-46d0-fb90-08dda2ee8889
high,flattened_or,Fix exporter/parser so OR alternatives remain separate course groups; verify against ASSIST.,UCI,University of California Irvine,Glendale Community College,fail,MATH 2A,flattened_or,sending options differ,"[['MATH 103E (5.00)'], ['MATH 103EH (5.00)'], ['MATH 103E+ (6.00)'], ['MATH 113 (3.50)']]","[['MATH 103E (5.00)', 'MATH 103EH (5.00)', 'MATH 103E+ (6.00)', 'MATH 113 (3.50)']]",https://assist.org/transfer/results?year=76&institution=43&agreement=120&agreementType=to&viewAgreementsOptions=true&view=agreement&viewBy=major&viewSendingAgreements=false&viewByKey=76%2F43%2Fto%2F120%2FMajor%2F7752acca-2b16-46d0-fb90-08dda2ee8889,76/43/to/120/Major/7752acca-2b16-46d0-fb90-08dda2ee8889
high,flattened_or,Fix exporter/parser so OR alternatives remain separate course groups; verify against ASSIST.,UCI,University of California Irvine,Grossmont College,fail,MATH 2A,flattened_or,sending options differ,"[['MATH 178 (4.00)'], ['MATH 180 (5.00)']]","[['MATH 178 (4.00)', 'MATH 180 (5.00)']]",https://assist.org/transfer/results?year=76&institution=106&agreement=120&agreementType=to&viewAgreementsOptions=true&view=agreement&viewBy=major&viewSendingAgreements=false&viewByKey=76%2F106%2Fto%2F120%2FMajor%2F7752acca-2b16-46d0-fb90-08dda2ee8889,76/106/to/120/Major/7752acca-2b16-46d0-fb90-08dda2ee8889
high,flattened_or,Fix exporter/parser so OR alternatives remain separate course groups; verify against ASSIST.,UCI,University of California Irvine,Lake Tahoe Community College,fail,MATH 2A,flattened_or,sending options differ,"[['MAT 105 (5.00)'], ['MAT 118 (5.00)']]","[['MAT 105 (5.00)', 'MAT 118 (5.00)']]",https://assist.org/transfer/results?year=76&institution=40&agreement=120&agreementType=to&viewAgreementsOptions=true&view=agreement&viewBy=major&viewSendingAgreements=false&viewByKey=76%2F40%2Fto%2F120%2FMajor%2F7752acca-2b16-46d0-fb90-08dda2ee8889,76/40/to/120/Major/7752acca-2b16-46d0-fb90-08dda2ee8889
high,flattened_or,Fix exporter/parser so OR alternatives remain separate course groups; verify against ASSIST.,UCI,University of California Irvine,Laney College,fail,MATH 2A,flattened_or,sending options differ,"[['MATH 3A (5.00)'], ['MATH 16A (4.00)']]","[['MATH 3A (5.00)', 'MATH 16A (4.00)']]",https://assist.org/transfer/results?year=76&institution=77&agreement=120&agreementType=to&viewAgreementsOptions=true&view=agreement&viewBy=major&viewSendingAgreements=false&viewByKey=76%2F77%2Fto%2F120%2FMajor%2F7752acca-2b16-46d0-fb90-08dda2ee8889,76/77/to/120/Major/7752acca-2b16-46d0-fb90-08dda2ee8889
high,flattened_or,Fix exporter/parser so OR alternatives remain separate course groups; verify against ASSIST.,UCI,University of California Irvine,Los Angeles City College,fail,MATH 2A,flattened_or,sending options differ,"[['MATH 261 (5.00)'], ['MATH 261S (5.00)']]","[['MATH 261 (5.00)', 'MATH 261S (5.00)']]",https://assist.org/transfer/results?year=76&institution=3&agreement=120&agreementType=to&viewAgreementsOptions=true&view=agreement&viewBy=major&viewSendingAgreements=false&viewByKey=76%2F3%2Fto%2F120%2FMajor%2F7752acca-2b16-46d0-fb90-08dda2ee8889,76/3/to/120/Major/7752acca-2b16-46d0-fb90-08dda2ee8889
high,flattened_or,Fix exporter/parser so OR alternatives remain separate course groups; verify against ASSIST.,UCI,University of California Irvine,Los Angeles Harbor College,fail,MATH 2A,flattened_or,sending options differ,"[['MATH 265 (5.00)'], ['MATH 265S (5.00)']]","[['MATH 265 (5.00)', 'MATH 265S (5.00)']]",https://assist.org/transfer/results?year=76&institution=31&agreement=120&agreementType=to&viewAgreementsOptions=true&view=agreement&viewBy=major&viewSendingAgreements=false&viewByKey=76%2F31%2Fto%2F120%2FMajor%2F7752acca-2b16-46d0-fb90-08dda2ee8889,76/31/to/120/Major/7752acca-2b16-46d0-fb90-08dda2ee8889
high,flattened_or,Fix exporter/parser so OR alternatives remain separate course groups; verify against ASSIST.,UCI,University of California Irvine,Los Angeles Mission College,fail,MATH 2A,flattened_or,sending options differ,"[['MATH 261 (5.00)'], ['MATH 261S (5.00)']]","[['MATH 261 (5.00)', 'MATH 261S (5.00)']]",https://assist.org/transfer/results?year=76&institution=47&agreement=120&agreementType=to&viewAgreementsOptions=true&view=agreement&viewBy=major&viewSendingAgreements=false&viewByKey=76%2F47%2Fto%2F120%2FMajor%2F7752acca-2b16-46d0-fb90-08dda2ee8889,76/47/to/120/Major/7752acca-2b16-46d0-fb90-08dda2ee8889
high,flattened_or,Fix exporter/parser so OR alternatives remain separate course groups; verify against ASSIST.,UCI,University of California Irvine,Los Angeles Trade Technical College,fail,MATH 2A,flattened_or,sending options differ,"[['MATH 261 (5.00)'], ['MATH 261S (5.00)']]","[['MATH 261 (5.00)', 'MATH 261S (5.00)']]",https://assist.org/transfer/results?year=76&institution=25&agreement=120&agreementType=to&viewAgreementsOptions=true&view=agreement&viewBy=major&viewSendingAgreements=false&viewByKey=76%2F25%2Fto%2F120%2FMajor%2F7752acca-2b16-46d0-fb90-08dda2ee8889,76/25/to/120/Major/7752acca-2b16-46d0-fb90-08dda2ee8889
high,flattened_or,Fix exporter/parser so OR alternatives remain separate course groups; verify against ASSIST.,UCI,University of California Irvine,Merritt College,fail,MATH 2A,flattened_or,sending options differ,"[['MATH 3A (5.00)'], ['MATH 16A (4.00)']]","[['MATH 3A (5.00)', 'MATH 16A (4.00)']]",https://assist.org/transfer/results?year=76&institution=13&agreement=120&agreementType=to&viewAgreementsOptions=true&view=agreement&viewBy=major&viewSendingAgreements=false&viewByKey=76%2F13%2Fto%2F120%2FMajor%2F7752acca-2b16-46d0-fb90-08dda2ee8889,76/13/to/120/Major/7752acca-2b16-46d0-fb90-08dda2ee8889
high,flattened_or,Fix exporter/parser so OR alternatives remain separate course groups; verify against ASSIST.,UCI,University of California Irvine,Palomar College,fail,MATH 2A,flattened_or,sending options differ,"[['MATH 140 (5.00)'], ['MATH 140E (5.00)']]","[['MATH 140 (5.00)', 'MATH 140E (5.00)']]",https://assist.org/transfer/results?year=76&institution=56&agreement=120&agreementType=to&viewAgreementsOptions=true&view=agreement&viewBy=major&viewSendingAgreements=false&viewByKey=76%2F56%2Fto%2F120%2FMajor%2F7752acca-2b16-46d0-fb90-08dda2ee8889,76/56/to/120/Major/7752acca-2b16-46d0-fb90-08dda2ee8889
high,flattened_or,Fix exporter/parser so OR alternatives remain separate course groups; verify against ASSIST.,UCI,University of California Irvine,Pasadena City College,fail,MATH 2A,flattened_or,sending options differ,"[['BUS 014B (4.00)'], ['MATH 005A (5.00)'], ['MATH 005AE (5.50)'], ['MATH 005AH (5.00)'], ['MATH 006A (3.00)']]","[['BUS 014B (4.00)', 'MATH 005A (5.00)', 'MATH 005AE (5.50)', 'MATH 005AH (5.00)', 'MATH 006A (3.00)']]",https://assist.org/transfer/results?year=76&institution=49&agreement=120&agreementType=to&viewAgreementsOptions=true&view=agreement&viewBy=major&viewSendingAgreements=false&viewByKey=76%2F49%2Fto%2F120%2FMajor%2F7752acca-2b16-46d0-fb90-08dda2ee8889,76/49/to/120/Major/7752acca-2b16-46d0-fb90-08dda2ee8889
high,flattened_or,Fix exporter/parser so OR alternatives remain separate course groups; verify against ASSIST.,UCI,University of California Irvine,San Jose City College,fail,MATH 2A,flattened_or,sending options differ,"[['MATH 062 (3.00)'], ['MATH 071 (5.00)'], ['MATH 071H (5.00)']]","[['MATH 062 (3.00)', 'MATH 071 (5.00)', 'MATH 071H (5.00)']]",https://assist.org/transfer/results?year=76&institution=136&agreement=120&agreementType=to&viewAgreementsOptions=true&view=agreement&viewBy=major&viewSendingAgreements=false&viewByKey=76%2F136%2Fto%2F120%2FMajor%2F7752acca-2b16-46d0-fb90-08dda2ee8889,76/136/to/120/Major/7752acca-2b16-46d0-fb90-08dda2ee8889
high,flattened_or,Fix exporter/parser so OR alternatives remain separate course groups; verify against ASSIST.,UCI,University of California Irvine,Santiago Canyon College,fail,MATH 2A,flattened_or,sending options differ,"[['MATH 150 (5.00)'], ['MATH 150S (5.50)'], ['MATH 180 (4.00)'], ['MATH 180H (4.00)'], ['MATH 180S (4.50)']]","[['MATH 150 (5.00)', 'MATH 150S (5.50)', 'MATH 180 (4.00)', 'MATH 180H (4.00)', 'MATH 180S (4.50)']]",https://assist.org/transfer/results?year=76&institution=66&agreement=120&agreementType=to&viewAgreementsOptions=true&view=agreement&viewBy=major&viewSendingAgreements=false&viewByKey=76%2F66%2Fto%2F120%2FMajor%2F7752acca-2b16-46d0-fb90-08dda2ee8889,76/66/to/120/Major/7752acca-2b16-46d0-fb90-08dda2ee8889
high,flattened_or,Fix exporter/parser so OR alternatives remain separate course groups; verify against ASSIST.,UCI,University of California Irvine,Berkeley City College,fail,MATH 2B,flattened_or,sending options differ,"[['MATH 3B (5.00)'], ['MATH 16B (3.00)']]","[['MATH 3B (5.00)', 'MATH 16B (3.00)']]",https://assist.org/transfer/results?year=76&institution=58&agreement=120&agreementType=to&viewAgreementsOptions=true&view=agreement&viewBy=major&viewSendingAgreements=false&viewByKey=76%2F58%2Fto%2F120%2FMajor%2F7752acca-2b16-46d0-fb90-08dda2ee8889,76/58/to/120/Major/7752acca-2b16-46d0-fb90-08dda2ee8889
high,flattened_or,Fix exporter/parser so OR alternatives remain separate course groups; verify against ASSIST.,UCI,University of California Irvine,Evergreen Valley College,fail,MATH 2B,flattened_or,sending options differ,"[['MATH 067 (4.00)'], ['MATH 072 (5.00)']]","[['MATH 067 (4.00)', 'MATH 072 (5.00)']]",https://assist.org/transfer/results?year=76&institution=2&agreement=120&agreementType=to&viewAgreementsOptions=true&view=agreement&viewBy=major&viewSendingAgreements=false&viewByKey=76%2F2%2Fto%2F120%2FMajor%2F7752acca-2b16-46d0-fb90-08dda2ee8889,76/2/to/120/Major/7752acca-2b16-46d0-fb90-08dda2ee8889
high,flattened_or,Fix exporter/parser so OR alternatives remain separate course groups; verify against ASSIST.,UCI,University of California Irvine,Glendale Community College,fail,MATH 2B,flattened_or,sending options differ,"[['MATH 104E (5.00)'], ['MATH 104EH (5.00)']]","[['MATH 104E (5.00)', 'MATH 104EH (5.00)']]",https://assist.org/transfer/results?year=76&institution=43&agreement=120&agreementType=to&viewAgreementsOptions=true&view=agreement&viewBy=major&viewSendingAgreements=false&viewByKey=76%2F43%2Fto%2F120%2FMajor%2F7752acca-2b16-46d0-fb90-08dda2ee8889,76/43/to/120/Major/7752acca-2b16-46d0-fb90-08dda2ee8889
high,flattened_or,Fix exporter/parser so OR alternatives remain separate course groups; verify against ASSIST.,UCI,University of California Irvine,Laney College,fail,MATH 2B,flattened_or,sending options differ,"[['MATH 3B (5.00)'], ['MATH 16B (3.00)']]","[['MATH 3B (5.00)', 'MATH 16B (3.00)']]",https://assist.org/transfer/results?year=76&institution=77&agreement=120&agreementType=to&viewAgreementsOptions=true&view=agreement&viewBy=major&viewSendingAgreements=false&viewByKey=76%2F77%2Fto%2F120%2FMajor%2F7752acca-2b16-46d0-fb90-08dda2ee8889,76/77/to/120/Major/7752acca-2b16-46d0-fb90-08dda2ee8889
high,flattened_or,Fix exporter/parser so OR alternatives remain separate course groups; verify against ASSIST.,UCI,University of California Irvine,Long Beach City College,fail,MATH 2B,flattened_or,sending options differ,"[['MATH 70 (5.00)'], ['MATH 70H (5.00)'], ['MATH 70S (6.00)']]","[['MATH 70 (5.00)', 'MATH 70H (5.00)', 'MATH 70S (6.00)']]",https://assist.org/transfer/results?year=76&institution=135&agreement=120&agreementType=to&viewAgreementsOptions=true&view=agreement&viewBy=major&viewSendingAgreements=false&viewByKey=76%2F135%2Fto%2F120%2FMajor%2F7752acca-2b16-46d0-fb90-08dda2ee8889,76/135/to/120/Major/7752acca-2b16-46d0-fb90-08dda2ee8889
high,flattened_or,Fix exporter/parser so OR alternatives remain separate course groups; verify against ASSIST.,UCI,University of California Irvine,Merritt College,fail,MATH 2B,flattened_or,sending options differ,"[['MATH 3B (5.00)'], ['MATH 16B (3.00)']]","[['MATH 3B (5.00)', 'MATH 16B (3.00)']]",https://assist.org/transfer/results?year=76&institution=13&agreement=120&agreementType=to&viewAgreementsOptions=true&view=agreement&viewBy=major&viewSendingAgreements=false&viewByKey=76%2F13%2Fto%2F120%2FMajor%2F7752acca-2b16-46d0-fb90-08dda2ee8889,76/13/to/120/Major/7752acca-2b16-46d0-fb90-08dda2ee8889
high,flattened_or,Fix exporter/parser so OR alternatives remain separate course groups; verify against ASSIST.,UCI,University of California Irvine,Palomar College,fail,MATH 2B,flattened_or,sending options differ,"[['MATH 141 (4.00)'], ['MATH 141E (4.00)']]","[['MATH 141 (4.00)', 'MATH 141E (4.00)']]",https://assist.org/transfer/results?year=76&institution=56&agreement=120&agreementType=to&viewAgreementsOptions=true&view=agreement&viewBy=major&viewSendingAgreements=false&viewByKey=76%2F56%2Fto%2F120%2FMajor%2F7752acca-2b16-46d0-fb90-08dda2ee8889,76/56/to/120/Major/7752acca-2b16-46d0-fb90-08dda2ee8889
high,flattened_or,Fix exporter/parser so OR alternatives remain separate course groups; verify against ASSIST.,UCI,University of California Irvine,Pasadena City College,fail,MATH 2B,flattened_or,sending options differ,"[['MATH 005B (5.00)'], ['MATH 005BE (5.50)'], ['MATH 005BH (5.00)']]","[['MATH 005B (5.00)', 'MATH 005BE (5.50)', 'MATH 005BH (5.00)']]",https://assist.org/transfer/results?year=76&institution=49&agreement=120&agreementType=to&viewAgreementsOptions=true&view=agreement&viewBy=major&viewSendingAgreements=false&viewByKey=76%2F49%2Fto%2F120%2FMajor%2F7752acca-2b16-46d0-fb90-08dda2ee8889,76/49/to/120/Major/7752acca-2b16-46d0-fb90-08dda2ee8889
high,flattened_or,Fix exporter/parser so OR alternatives remain separate course groups; verify against ASSIST.,UCI,University of California Irvine,College of Marin,fail,MATH 3A,flattened_or,sending options differ,"[['MATH 116 (4.00)'], ['MATH 216 (5.00)']]","[['MATH 116 (4.00)', 'MATH 216 (5.00)']]",https://assist.org/transfer/results?year=76&institution=4&agreement=120&agreementType=to&viewAgreementsOptions=true&view=agreement&viewBy=major&viewSendingAgreements=false&viewByKey=76%2F4%2Fto%2F120%2FMajor%2F7752acca-2b16-46d0-fb90-08dda2ee8889,76/4/to/120/Major/7752acca-2b16-46d0-fb90-08dda2ee8889
high,flattened_or,Fix exporter/parser so OR alternatives remain separate course groups; verify against ASSIST.,UCI,University of California Irvine,Glendale Community College,fail,MATH 3A,flattened_or,sending options differ,"[['MATH 107 (5.00)'], ['MATH 107H (5.00)']]","[['MATH 107 (5.00)', 'MATH 107H (5.00)']]",https://assist.org/transfer/results?year=76&institution=43&agreement=120&agreementType=to&viewAgreementsOptions=true&view=agreement&viewBy=major&viewSendingAgreements=false&viewByKey=76%2F43%2Fto%2F120%2FMajor%2F7752acca-2b16-46d0-fb90-08dda2ee8889,76/43/to/120/Major/7752acca-2b16-46d0-fb90-08dda2ee8889
high,flattened_or,Fix exporter/parser so OR alternatives remain separate course groups; verify against ASSIST.,UCI,University of California Irvine,Irvine Valley College,fail,MATH 3A,flattened_or,sending options differ,"[['MATH 26 (4.00)'], ['MATH 26H (4.00)']]","[['MATH 26 (4.00)', 'MATH 26H (4.00)']]",https://assist.org/transfer/results?year=76&institution=124&agreement=120&agreementType=to&viewAgreementsOptions=true&view=agreement&viewBy=major&viewSendingAgreements=false&viewByKey=76%2F124%2Fto%2F120%2FMajor%2F7752acca-2b16-46d0-fb90-08dda2ee8889,76/124/to/120/Major/7752acca-2b16-46d0-fb90-08dda2ee8889
high,sending_grouping_mismatch,Inspect ASSIST row and fix exporter/parser grouping; this can change AND/OR meaning.,UCI,University of California Irvine,East Los Angeles College,fail,MATH 2A,sending_options_mismatch,sending options differ,"[['MATH 261 (5.00)'], ['MATH 261S (5.00)']]",[['MATH 261 (5.00)']],https://assist.org/transfer/results?year=76&institution=118&agreement=120&agreementType=to&viewAgreementsOptions=true&view=agreement&viewBy=major&viewSendingAgreements=false&viewByKey=76%2F118%2Fto%2F120%2FMajor%2F7752acca-2b16-46d0-fb90-08dda2ee8889,76/118/to/120/Major/7752acca-2b16-46d0-fb90-08dda2ee8889
high,sending_grouping_mismatch,Inspect ASSIST row and fix exporter/parser grouping; this can change AND/OR meaning.,UCI,University of California Irvine,Shasta College,fail,MATH 2A,sending_options_mismatch,sending options differ,"[['MATH 3A (4.00)'], ['MATH 3AS (6.00)']]",[['MATH 3A (4.00)']],https://assist.org/transfer/results?year=76&institution=38&agreement=120&agreementType=to&viewAgreementsOptions=true&view=agreement&viewBy=major&viewSendingAgreements=false&viewByKey=76%2F38%2Fto%2F120%2FMajor%2F7752acca-2b16-46d0-fb90-08dda2ee8889,76/38/to/120/Major/7752acca-2b16-46d0-fb90-08dda2ee8889
high,flattened_or,Fix exporter/parser so OR alternatives remain separate course groups; verify against ASSIST.,UCLA,University of California Los Angeles,Crafton Hills College,fail,ENGCOMP 3,flattened_or,sending options differ,"[['ENGL C1000 (4.00)'], ['ENGL C1000H (4.00)']]","[['ENGL C1000 (4.00)', 'ENGL C1000H (4.00)']]",https://assist.org/transfer/results?year=76&institution=70&agreement=117&agreementType=to&viewAgreementsOptions=true&view=agreement&viewBy=major&viewSendingAgreements=false&viewByKey=76%2F70%2Fto%2F117%2FMajor%2F3fc7b07d-4058-4a0a-1f72-08ddcb96df9e,76/70/to/117/Major/3fc7b07d-4058-4a0a-1f72-08ddcb96df9e
high,flattened_or,Fix exporter/parser so OR alternatives remain separate course groups; verify against ASSIST.,UCLA,University of California Los Angeles,Santa Barbara City College,fail,ENGCOMP 3,flattened_or,sending options differ,"[['ENGL C1000 (4.00)'], ['ENGL C1000H (4.00)'], ['ENGL C1000E (4.00)']]","[['ENGL C1000 (4.00)', 'ENGL C1000H (4.00)', 'ENGL C1000E (4.00)']]",https://assist.org/transfer/results?year=76&institution=92&agreement=117&agreementType=to&viewAgreementsOptions=true&view=agreement&viewBy=major&viewSendingAgreements=false&viewByKey=76%2F92%2Fto%2F117%2FMajor%2F3fc7b07d-4058-4a0a-1f72-08ddcb96df9e,76/92/to/117/Major/3fc7b07d-4058-4a0a-1f72-08ddcb96df9e
high,flattened_or,Fix exporter/parser so OR alternatives remain separate course groups; verify against ASSIST.,UCLA,University of California Los Angeles,De Anza College,fail,MATH 31A,flattened_or,sending options differ,"[['MATH 1A (5.00)'], ['MATH 1AH (5.00)']]","[['MATH 1A (5.00)', 'MATH 1AH (5.00)']]",https://assist.org/transfer/results?year=76&institution=113&agreement=117&agreementType=to&viewAgreementsOptions=true&view=agreement&viewBy=major&viewSendingAgreements=false&viewByKey=76%2F113%2Fto%2F117%2FMajor%2F3fc7b07d-4058-4a0a-1f72-08ddcb96df9e,76/113/to/117/Major/3fc7b07d-4058-4a0a-1f72-08ddcb96df9e
high,flattened_or,Fix exporter/parser so OR alternatives remain separate course groups; verify against ASSIST.,UCLA,University of California Los Angeles,Los Angeles City College,fail,MATH 31A,flattened_or,sending options differ,"[['MATH 261 (5.00)'], ['MATH 261S (5.00)']]","[['MATH 261 (5.00)', 'MATH 261S (5.00)']]",https://assist.org/transfer/results?year=76&institution=3&agreement=117&agreementType=to&viewAgreementsOptions=true&view=agreement&viewBy=major&viewSendingAgreements=false&viewByKey=76%2F3%2Fto%2F117%2FMajor%2F3fc7b07d-4058-4a0a-1f72-08ddcb96df9e,76/3/to/117/Major/3fc7b07d-4058-4a0a-1f72-08ddcb96df9e
high,flattened_or,Fix exporter/parser so OR alternatives remain separate course groups; verify against ASSIST.,UCLA,University of California Los Angeles,Mission College,fail,MATH 31A,flattened_or,sending options differ,"[['MAT 003A (5.00)'], ['MAT 003AH (5.00)']]","[['MAT 003A (5.00)', 'MAT 003AH (5.00)']]",https://assist.org/transfer/results?year=76&institution=32&agreement=117&agreementType=to&viewAgreementsOptions=true&view=agreement&viewBy=major&viewSendingAgreements=false&viewByKey=76%2F32%2Fto%2F117%2FMajor%2F3fc7b07d-4058-4a0a-1f72-08ddcb96df9e,76/32/to/117/Major/3fc7b07d-4058-4a0a-1f72-08ddcb96df9e
high,flattened_or,Fix exporter/parser so OR alternatives remain separate course groups; verify against ASSIST.,UCLA,University of California Los Angeles,Palomar College,fail,MATH 31A,flattened_or,sending options differ,"[['MATH 140 (5.00)'], ['MATH 140E (5.00)']]","[['MATH 140 (5.00)', 'MATH 140E (5.00)']]",https://assist.org/transfer/results?year=76&institution=56&agreement=117&agreementType=to&viewAgreementsOptions=true&view=agreement&viewBy=major&viewSendingAgreements=false&viewByKey=76%2F56%2Fto%2F117%2FMajor%2F3fc7b07d-4058-4a0a-1f72-08ddcb96df9e,76/56/to/117/Major/3fc7b07d-4058-4a0a-1f72-08ddcb96df9e
high,flattened_or,Fix exporter/parser so OR alternatives remain separate course groups; verify against ASSIST.,UCLA,University of California Los Angeles,Saddleback College,fail,MATH 31A,flattened_or,sending options differ,"[['MATH 3A (5.00)'], ['MATH 3AH (5.00)']]","[['MATH 3A (5.00)', 'MATH 3AH (5.00)']]",https://assist.org/transfer/results?year=76&institution=65&agreement=117&agreementType=to&viewAgreementsOptions=true&view=agreement&viewBy=major&viewSendingAgreements=false&viewByKey=76%2F65%2Fto%2F117%2FMajor%2F3fc7b07d-4058-4a0a-1f72-08ddcb96df9e,76/65/to/117/Major/3fc7b07d-4058-4a0a-1f72-08ddcb96df9e
high,flattened_or,Fix exporter/parser so OR alternatives remain separate course groups; verify against ASSIST.,UCLA,University of California Los Angeles,Palomar College,fail,MATH 31B,flattened_or,sending options differ,"[['MATH 141 (4.00)'], ['MATH 141E (4.00)']]","[['MATH 141 (4.00)', 'MATH 141E (4.00)']]",https://assist.org/transfer/results?year=76&institution=56&agreement=117&agreementType=to&viewAgreementsOptions=true&view=agreement&viewBy=major&viewSendingAgreements=false&viewByKey=76%2F56%2Fto%2F117%2FMajor%2F3fc7b07d-4058-4a0a-1f72-08ddcb96df9e,76/56/to/117/Major/3fc7b07d-4058-4a0a-1f72-08ddcb96df9e
high,flattened_or,Fix exporter/parser so OR alternatives remain separate course groups; verify against ASSIST.,UCLA,University of California Los Angeles,De Anza College,fail,MATH 32A,flattened_or,sending options differ,"[['MATH 1C (5.00)'], ['MATH 1CH (5.00)']]","[['MATH 1C (5.00)', 'MATH 1CH (5.00)']]",https://assist.org/transfer/results?year=76&institution=113&agreement=117&agreementType=to&viewAgreementsOptions=true&view=agreement&viewBy=major&viewSendingAgreements=false&viewByKey=76%2F113%2Fto%2F117%2FMajor%2F3fc7b07d-4058-4a0a-1f72-08ddcb96df9e,76/113/to/117/Major/3fc7b07d-4058-4a0a-1f72-08ddcb96df9e
high,flattened_or,Fix exporter/parser so OR alternatives remain separate course groups; verify against ASSIST.,UCLA,University of California Los Angeles,De Anza College,fail,MATH 32B,flattened_or,sending options differ,"[['MATH 1D (5.00)'], ['MATH 1DH (5.00)']]","[['MATH 1D (5.00)', 'MATH 1DH (5.00)']]",https://assist.org/transfer/results?year=76&institution=113&agreement=117&agreementType=to&viewAgreementsOptions=true&view=agreement&viewBy=major&viewSendingAgreements=false&viewByKey=76%2F113%2Fto%2F117%2FMajor%2F3fc7b07d-4058-4a0a-1f72-08ddcb96df9e,76/113/to/117/Major/3fc7b07d-4058-4a0a-1f72-08ddcb96df9e
high,flattened_or,Fix exporter/parser so OR alternatives remain separate course groups; verify against ASSIST.,UCLA,University of California Los Angeles,De Anza College,fail,MATH 33A,flattened_or,sending options differ,"[['MATH 2B (5.00)'], ['MATH 2BH (5.00)']]","[['MATH 2B (5.00)', 'MATH 2BH (5.00)']]",https://assist.org/transfer/results?year=76&institution=113&agreement=117&agreementType=to&viewAgreementsOptions=true&view=agreement&viewBy=major&viewSendingAgreements=false&viewByKey=76%2F113%2Fto%2F117%2FMajor%2F3fc7b07d-4058-4a0a-1f72-08ddcb96df9e,76/113/to/117/Major/3fc7b07d-4058-4a0a-1f72-08ddcb96df9e
high,flattened_or,Fix exporter/parser so OR alternatives remain separate course groups; verify against ASSIST.,UCLA,University of California Los Angeles,De Anza College,fail,MATH 33B,flattened_or,sending options differ,"[['MATH 2A (5.00)'], ['MATH 2AH (5.00)']]","[['MATH 2A (5.00)', 'MATH 2AH (5.00)']]",https://assist.org/transfer/results?year=76&institution=113&agreement=117&agreementType=to&viewAgreementsOptions=true&view=agreement&viewBy=major&viewSendingAgreements=false&viewByKey=76%2F113%2Fto%2F117%2FMajor%2F3fc7b07d-4058-4a0a-1f72-08ddcb96df9e,76/113/to/117/Major/3fc7b07d-4058-4a0a-1f72-08ddcb96df9e
high,flattened_or,Fix exporter/parser so OR alternatives remain separate course groups; verify against ASSIST.,UCLA,University of California Los Angeles,De Anza College,fail,MATH 61,flattened_or,sending options differ,"[['MATH 22 (5.00)'], ['MATH 22H (5.00)']]","[['MATH 22 (5.00)', 'MATH 22H (5.00)']]",https://assist.org/transfer/results?year=76&institution=113&agreement=117&agreementType=to&viewAgreementsOptions=true&view=agreement&viewBy=major&viewSendingAgreements=false&viewByKey=76%2F113%2Fto%2F117%2FMajor%2F3fc7b07d-4058-4a0a-1f72-08ddcb96df9e,76/113/to/117/Major/3fc7b07d-4058-4a0a-1f72-08ddcb96df9e
high,flattened_or,Fix exporter/parser so OR alternatives remain separate course groups; verify against ASSIST.,UCLA,University of California Los Angeles,Ventura College,fail,MATH 61,flattened_or,sending options differ,"[['CS V17 (3.00)'], ['MATH V52 (3.00)']]","[['CS V17 (3.00)', 'MATH V52 (3.00)']]",https://assist.org/transfer/results?year=76&institution=95&agreement=117&agreementType=to&viewAgreementsOptions=true&view=agreement&viewBy=major&viewSendingAgreements=false&viewByKey=76%2F95%2Fto%2F117%2FMajor%2F3fc7b07d-4058-4a0a-1f72-08ddcb96df9e,76/95/to/117/Major/3fc7b07d-4058-4a0a-1f72-08ddcb96df9e
high,not_articulated_mismatch,Manually inspect ASSIST and current CSV; this can change whether a requirement is available.,UCLA,University of California Los Angeles,City College of San Francisco,fail,COM SCI 33,not_articulated_mismatch,sending options differ,[['CS 270 (4.00)']],[['Not Articulated']],https://assist.org/transfer/results?year=76&institution=33&agreement=117&agreementType=to&viewAgreementsOptions=true&view=agreement&viewBy=major&viewSendingAgreements=false&viewByKey=76%2F33%2Fto%2F117%2FMajor%2F3fc7b07d-4058-4a0a-1f72-08ddcb96df9e,76/33/to/117/Major/3fc7b07d-4058-4a0a-1f72-08ddcb96df9e
high,not_articulated_mismatch,Manually inspect ASSIST and current CSV; this can change whether a requirement is available.,UCLA,University of California Los Angeles,Oxnard College,fail,COM SCI 33,not_articulated_mismatch,sending options differ,[['CS R142 (3.00)']],[['Not Articulated']],https://assist.org/transfer/results?year=76&institution=87&agreement=117&agreementType=to&viewAgreementsOptions=true&view=agreement&viewBy=major&viewSendingAgreements=false&viewByKey=76%2F87%2Fto%2F117%2FMajor%2F3fc7b07d-4058-4a0a-1f72-08ddcb96df9e,76/87/to/117/Major/3fc7b07d-4058-4a0a-1f72-08ddcb96df9e
high,sending_grouping_mismatch,Inspect ASSIST row and fix exporter/parser grouping; this can change AND/OR meaning.,UCLA,University of California Los Angeles,Berkeley City College,fail,COM SCI 31,sending_options_mismatch,sending options differ,"[['CIS 25 (4.00)'], ['CIS 6 (5.00)']]","[['CIS 25 (4.00)', 'CIS 27 (4.00)'], ['CIS 6 (5.00)']]",https://assist.org/transfer/results?year=76&institution=58&agreement=117&agreementType=to&viewAgreementsOptions=true&view=agreement&viewBy=major&viewSendingAgreements=false&viewByKey=76%2F58%2Fto%2F117%2FMajor%2F3fc7b07d-4058-4a0a-1f72-08ddcb96df9e,76/58/to/117/Major/3fc7b07d-4058-4a0a-1f72-08ddcb96df9e
high,sending_grouping_mismatch,Inspect ASSIST row and fix exporter/parser grouping; this can change AND/OR meaning.,UCLA,University of California Los Angeles,De Anza College,fail,COM SCI 31,sending_options_mismatch,sending options differ,"[['CIS 22B (4.50)'], ['CIS 22BH (4.50)'], ['CIS 29 (4.50)'], ['CIS 27 (4.50)']]","[['CIS 22B (4.50)', 'CIS 22BH (4.50)', 'CIS 29 (4.50)'], ['CIS 27 (4.50)']]",https://assist.org/transfer/results?year=76&institution=113&agreement=117&agreementType=to&viewAgreementsOptions=true&view=agreement&viewBy=major&viewSendingAgreements=false&viewByKey=76%2F113%2Fto%2F117%2FMajor%2F3fc7b07d-4058-4a0a-1f72-08ddcb96df9e,76/113/to/117/Major/3fc7b07d-4058-4a0a-1f72-08ddcb96df9e
high,sending_grouping_mismatch,Inspect ASSIST row and fix exporter/parser grouping; this can change AND/OR meaning.,UCLA,University of California Los Angeles,City College of San Francisco,fail,COM SCI 32,sending_options_mismatch,sending options differ,"[['CS 110C (4.00)'], ['CS 110B (4.00)', 'CS 111C (4.00)'], ['CS 111C (4.00)']]","[['CS 110C (4.00)'], ['CS 111C (4.00)']]",https://assist.org/transfer/results?year=76&institution=33&agreement=117&agreementType=to&viewAgreementsOptions=true&view=agreement&viewBy=major&viewSendingAgreements=false&viewByKey=76%2F33%2Fto%2F117%2FMajor%2F3fc7b07d-4058-4a0a-1f72-08ddcb96df9e,76/33/to/117/Major/3fc7b07d-4058-4a0a-1f72-08ddcb96df9e
high,sending_grouping_mismatch,Inspect ASSIST row and fix exporter/parser grouping; this can change AND/OR meaning.,UCLA,University of California Los Angeles,De Anza College,fail,COM SCI 32,sending_options_mismatch,sending options differ,"[['CIS 22C (4.50)'], ['CIS 22CH (4.50)'], ['CIS 22A (4.50)'], ['CIS 22B (4.50)'], ['CIS 22BH (4.50)'], ['CIS 27 (4.50)'], ['CIS 29 (4.50)']]","[['CIS 22C (4.50)', 'CIS 22CH (4.50)'], ['CIS 22A (4.50)', 'CIS 22B (4.50)', 'CIS 22BH (4.50)', 'CIS 27 (4.50)', 'CIS 29 (4.50)']]",https://assist.org/transfer/results?year=76&institution=113&agreement=117&agreementType=to&viewAgreementsOptions=true&view=agreement&viewBy=major&viewSendingAgreements=false&viewByKey=76%2F113%2Fto%2F117%2FMajor%2F3fc7b07d-4058-4a0a-1f72-08ddcb96df9e,76/113/to/117/Major/3fc7b07d-4058-4a0a-1f72-08ddcb96df9e
high,sending_grouping_mismatch,Inspect ASSIST row and fix exporter/parser grouping; this can change AND/OR meaning.,UCLA,University of California Los Angeles,Cabrillo College,fail,ENGCOMP 3,sending_options_mismatch,sending options differ,"[['ENGL C1000 (3.00)'], ['ENGL C1000H (3.00)'], ['ESL 1A (3.00)']]","[['ENGL C1000 (3.00)', 'ENGL C1000H (3.00)'], ['ESL 1A (3.00)']]",https://assist.org/transfer/results?year=76&institution=41&agreement=117&agreementType=to&viewAgreementsOptions=true&view=agreement&viewBy=major&viewSendingAgreements=false&viewByKey=76%2F41%2Fto%2F117%2FMajor%2F3fc7b07d-4058-4a0a-1f72-08ddcb96df9e,76/41/to/117/Major/3fc7b07d-4058-4a0a-1f72-08ddcb96df9e
high,sending_grouping_mismatch,Inspect ASSIST row and fix exporter/parser grouping; this can change AND/OR meaning.,UCLA,University of California Los Angeles,College of Marin,fail,ENGCOMP 3,sending_options_mismatch,sending options differ,"[['ENGL C1000 (4.00)'], ['ENGL 150SL (5.00)']]",[['ENGL C1000 (4.00)']],https://assist.org/transfer/results?year=76&institution=4&agreement=117&agreementType=to&viewAgreementsOptions=true&view=agreement&viewBy=major&viewSendingAgreements=false&viewByKey=76%2F4%2Fto%2F117%2FMajor%2F3fc7b07d-4058-4a0a-1f72-08ddcb96df9e,76/4/to/117/Major/3fc7b07d-4058-4a0a-1f72-08ddcb96df9e
high,sending_grouping_mismatch,Inspect ASSIST row and fix exporter/parser grouping; this can change AND/OR meaning.,UCLA,University of California Los Angeles,Glendale Community College,fail,PHYSICS 1A; PHYSICS 1B; PHYSICS 1C; PHYSICS 4AL; PHYSICS 4BL,sending_options_mismatch,sending options differ,"[['PHY 101 (5.00)'], ['PHY 101H (5.00)'], ['PHY 102 (5.00)', 'PHY 103 (5.00)']]","[['PHY 101 (5.00)', 'PHY 101H (5.00)'], ['PHY 102 (5.00)', 'PHY 103 (5.00)']]",https://assist.org/transfer/results?year=76&institution=43&agreement=117&agreementType=to&viewAgreementsOptions=true&view=agreement&viewBy=major&viewSendingAgreements=false&viewByKey=76%2F43%2Fto%2F117%2FMajor%2F3fc7b07d-4058-4a0a-1f72-08ddcb96df9e,76/43/to/117/Major/3fc7b07d-4058-4a0a-1f72-08ddcb96df9e
high,sending_grouping_mismatch,Inspect ASSIST row and fix exporter/parser grouping; this can change AND/OR meaning.,UCM,University of California Merced,College of San Mateo,fail,CSE 015,sending_options_mismatch,sending options differ,"[['CIS 262 (3.00)'], ['MATH 268 (4.00)']]",[['CIS 262 (3.00)']],https://assist.org/transfer/results?year=76&institution=5&agreement=144&agreementType=to&viewAgreementsOptions=true&view=agreement&viewBy=major&viewSendingAgreements=false&viewByKey=76%2F5%2Fto%2F144%2FMajor%2Fbe462cb5-458a-4c3d-5be5-08dd9e07c477,76/5/to/144/Major/be462cb5-458a-4c3d-5be5-08dd9e07c477
high,sending_grouping_mismatch,Inspect ASSIST row and fix exporter/parser grouping; this can change AND/OR meaning.,UCM,University of California Merced,De Anza College,fail,CSE 030,sending_options_mismatch,sending options differ,"[['CIS 22C (4.50)'], ['CIS 22CH (4.50)']]",[['CIS 22C (4.50)']],https://assist.org/transfer/results?year=76&institution=113&agreement=144&agreementType=to&viewAgreementsOptions=true&view=agreement&viewBy=major&viewSendingAgreements=false&viewByKey=76%2F113%2Fto%2F144%2FMajor%2Fbe462cb5-458a-4c3d-5be5-08dd9e07c477,76/113/to/144/Major/be462cb5-458a-4c3d-5be5-08dd9e07c477
high,sending_grouping_mismatch,Inspect ASSIST row and fix exporter/parser grouping; this can change AND/OR meaning.,UCM,University of California Merced,Santiago Canyon College,fail,CSE 031,sending_options_mismatch,sending options differ,"[['CMPR 129 (4.00)'], ['CMPR 154 (3.00)']]",[['CMPR 129 (4.00)']],https://assist.org/transfer/results?year=76&institution=66&agreement=144&agreementType=to&viewAgreementsOptions=true&view=agreement&viewBy=major&viewSendingAgreements=false&viewByKey=76%2F66%2Fto%2F144%2FMajor%2Fbe462cb5-458a-4c3d-5be5-08dd9e07c477,76/66/to/144/Major/be462cb5-458a-4c3d-5be5-08dd9e07c477
high,sending_grouping_mismatch,Inspect ASSIST row and fix exporter/parser grouping; this can change AND/OR meaning.,UCM,University of California Merced,Mt. San Jacinto College,fail,MATH 024,sending_options_mismatch,sending options differ,"[['MATH- 215 (4.00)'], ['MATH- 215H (4.00)'], ['MATH- 218 (3.00)']]","[['MATH- 215 (4.00)', 'MATH- 215H (4.00)'], ['MATH- 218 (3.00)']]",https://assist.org/transfer/results?year=76&institution=53&agreement=144&agreementType=to&viewAgreementsOptions=true&view=agreement&viewBy=major&viewSendingAgreements=false&viewByKey=76%2F53%2Fto%2F144%2FMajor%2Fbe462cb5-458a-4c3d-5be5-08dd9e07c477,76/53/to/144/Major/be462cb5-458a-4c3d-5be5-08dd9e07c477
high,not_articulated_mismatch,Manually inspect ASSIST and current CSV; this can change whether a requirement is available.,UCR,University of California Riverside,Oxnard College,fail,CS 11,not_articulated_mismatch,sending options differ,[['CS R152 (3.00)']],[['Not Articulated']],https://assist.org/transfer/results?year=76&institution=87&agreement=46&agreementType=to&viewAgreementsOptions=true&view=agreement&viewBy=major&viewSendingAgreements=false&viewByKey=76%2F87%2Fto%2F46%2FMajor%2Fb3f7557b-47c0-4486-4ece-08de050a3a5e,76/87/to/46/Major/b3f7557b-47c0-4486-4ece-08de050a3a5e
high,sending_grouping_mismatch,Inspect ASSIST row and fix exporter/parser grouping; this can change AND/OR meaning.,UCR,University of California Riverside,Norco College,fail,CS 10A,sending_options_mismatch,sending options differ,"[['CIS 5 (4.00)'], ['CIS 17A (3.00)'], ['CIS 17B (3.00)'], ['ENE 38 (4.00)']]","[['CIS 5 (4.00)'], ['CIS 17A (3.00)'], ['CIS 17B (3.00)'], ['ENE 38 (3.00)']]",https://assist.org/transfer/results?year=76&institution=148&agreement=46&agreementType=to&viewAgreementsOptions=true&view=agreement&viewBy=major&viewSendingAgreements=false&viewByKey=76%2F148%2Fto%2F46%2FMajor%2Fb3f7557b-47c0-4486-4ece-08de050a3a5e,76/148/to/46/Major/b3f7557b-47c0-4486-4ece-08de050a3a5e
high,not_articulated_mismatch,Manually inspect ASSIST and current CSV; this can change whether a requirement is available.,UCSB,University of California Santa Barbara,Los Angeles Mission College,fail,CMPSC 24,not_articulated_mismatch,sending options differ,"[['CS 136 (3.00)', 'CS 216 (3.00)']]",[['Not Articulated']],https://assist.org/transfer/results?year=76&institution=47&agreement=128&agreementType=to&viewAgreementsOptions=true&view=agreement&viewBy=major&viewSendingAgreements=false&viewByKey=76%2F47%2Fto%2F128%2FMajor%2F9b98e159-1754-4eb0-33c4-08ddf001012b,76/47/to/128/Major/9b98e159-1754-4eb0-33c4-08ddf001012b
high,not_articulated_mismatch,Manually inspect ASSIST and current CSV; this can change whether a requirement is available.,UCSB,University of California Santa Barbara,Canada College,fail,MCDB 1A; MCDB 1LL,not_articulated_mismatch,sending options differ,[['BIOL 230 (5.00)']],[['Not Articulated']],https://assist.org/transfer/results?year=76&institution=68&agreement=128&agreementType=to&viewAgreementsOptions=true&view=agreement&viewBy=major&viewSendingAgreements=false&viewByKey=76%2F68%2Fto%2F128%2FMajor%2F9b98e159-1754-4eb0-33c4-08ddf001012b,76/68/to/128/Major/9b98e159-1754-4eb0-33c4-08ddf001012b
high,sending_grouping_mismatch,Inspect ASSIST row and fix exporter/parser grouping; this can change AND/OR meaning.,UCSB,University of California Santa Barbara,De Anza College,fail,CHEM 1A; CHEM 1B; CHEM 1C; CHEM 2AL; CHEM 2BL,sending_options_mismatch,sending options differ,"[['CHEM 1A (5.00)'], ['CHEM 1AH (5.00)'], ['CHEM 1B (5.00)'], ['CHEM 1BH (5.00)'], ['CHEM 1C (5.00)'], ['CHEM 1CH (5.00)']]","[['CHEM 1A (5.00)', 'CHEM 1AH (5.00)'], ['CHEM 1B (5.00)', 'CHEM 1BH (5.00)'], ['CHEM 1C (5.00)', 'CHEM 1CH (5.00)']]",https://assist.org/transfer/results?year=76&institution=113&agreement=128&agreementType=to&viewAgreementsOptions=true&view=agreement&viewBy=major&viewSendingAgreements=false&viewByKey=76%2F113%2Fto%2F128%2FMajor%2F9b98e159-1754-4eb0-33c4-08ddf001012b,76/113/to/128/Major/9b98e159-1754-4eb0-33c4-08ddf001012b
high,sending_grouping_mismatch,Inspect ASSIST row and fix exporter/parser grouping; this can change AND/OR meaning.,UCSB,University of California Santa Barbara,Irvine Valley College,fail,CHEM 1A; CHEM 1B; CHEM 1C; CHEM 2AL; CHEM 2BL,sending_options_mismatch,sending options differ,"[['CHEM 1A (5.00)'], ['CHEM 1AH (5.00)'], ['CHEM 1B (5.00)'], ['CHEM 1BH (5.00)']]","[['CHEM 1A (5.00)', 'CHEM 1AH (5.00)'], ['CHEM 1B (5.00)', 'CHEM 1BH (5.00)']]",https://assist.org/transfer/results?year=76&institution=124&agreement=128&agreementType=to&viewAgreementsOptions=true&view=agreement&viewBy=major&viewSendingAgreements=false&viewByKey=76%2F124%2Fto%2F128%2FMajor%2F9b98e159-1754-4eb0-33c4-08ddf001012b,76/124/to/128/Major/9b98e159-1754-4eb0-33c4-08ddf001012b
high,sending_grouping_mismatch,Inspect ASSIST row and fix exporter/parser grouping; this can change AND/OR meaning.,UCSB,University of California Santa Barbara,Mission College,fail,CHEM 1A; CHEM 1B; CHEM 1C; CHEM 2AL; CHEM 2BL,sending_options_mismatch,sending options differ,"[['CHM 001A (5.00)'], ['CHM 001AH (5.00)'], ['CHM 001B (5.00)'], ['CHM 001BH (5.00)']]","[['CHM 001A (5.00)', 'CHM 001AH (5.00)'], ['CHM 001B (5.00)', 'CHM 001BH (5.00)']]",https://assist.org/transfer/results?year=76&institution=32&agreement=128&agreementType=to&viewAgreementsOptions=true&view=agreement&viewBy=major&viewSendingAgreements=false&viewByKey=76%2F32%2Fto%2F128%2FMajor%2F9b98e159-1754-4eb0-33c4-08ddf001012b,76/32/to/128/Major/9b98e159-1754-4eb0-33c4-08ddf001012b
high,sending_grouping_mismatch,Inspect ASSIST row and fix exporter/parser grouping; this can change AND/OR meaning.,UCSB,University of California Santa Barbara,Moreno Valley College,fail,CHEM 1A; CHEM 1B; CHEM 1C; CHEM 2AL; CHEM 2BL,sending_options_mismatch,sending options differ,"[['CHE 1A (5.00)'], ['CHE 1AH (5.00)'], ['CHE 1B (5.00)'], ['CHE 1BH (5.00)']]","[['CHE 1A (5.00)', 'CHE 1AH (5.00)'], ['CHE 1B (5.00)', 'CHE 1BH (5.00)']]",https://assist.org/transfer/results?year=76&institution=149&agreement=128&agreementType=to&viewAgreementsOptions=true&view=agreement&viewBy=major&viewSendingAgreements=false&viewByKey=76%2F149%2Fto%2F128%2FMajor%2F9b98e159-1754-4eb0-33c4-08ddf001012b,76/149/to/128/Major/9b98e159-1754-4eb0-33c4-08ddf001012b
high,sending_grouping_mismatch,Inspect ASSIST row and fix exporter/parser grouping; this can change AND/OR meaning.,UCSB,University of California Santa Barbara,Mount San Antonio College,fail,CHEM 1A; CHEM 1B; CHEM 1C; CHEM 2AL; CHEM 2BL,sending_options_mismatch,sending options differ,"[['CHEM 50 (5.00)'], ['CHEM 50H (5.00)'], ['CHEM 51 (5.00)'], ['CHEM 51H (5.00)']]","[['CHEM 50 (5.00)', 'CHEM 50H (5.00)'], ['CHEM 51 (5.00)', 'CHEM 51H (5.00)']]",https://assist.org/transfer/results?year=76&institution=62&agreement=128&agreementType=to&viewAgreementsOptions=true&view=agreement&viewBy=major&viewSendingAgreements=false&viewByKey=76%2F62%2Fto%2F128%2FMajor%2F9b98e159-1754-4eb0-33c4-08ddf001012b,76/62/to/128/Major/9b98e159-1754-4eb0-33c4-08ddf001012b
high,sending_grouping_mismatch,Inspect ASSIST row and fix exporter/parser grouping; this can change AND/OR meaning.,UCSB,University of California Santa Barbara,Riverside City College,fail,CHEM 1A; CHEM 1B; CHEM 1C; CHEM 2AL; CHEM 2BL,sending_options_mismatch,sending options differ,"[['CHE 1A (5.00)'], ['CHE 1AH (5.00)'], ['CHE 1B (5.00)'], ['CHE 1BH (5.00)']]","[['CHE 1A (5.00)', 'CHE 1AH (5.00)'], ['CHE 1B (5.00)', 'CHE 1BH (5.00)']]",https://assist.org/transfer/results?year=76&institution=78&agreement=128&agreementType=to&viewAgreementsOptions=true&view=agreement&viewBy=major&viewSendingAgreements=false&viewByKey=76%2F78%2Fto%2F128%2FMajor%2F9b98e159-1754-4eb0-33c4-08ddf001012b,76/78/to/128/Major/9b98e159-1754-4eb0-33c4-08ddf001012b
high,sending_grouping_mismatch,Inspect ASSIST row and fix exporter/parser grouping; this can change AND/OR meaning.,UCSB,University of California Santa Barbara,West Valley College,fail,CHEM 1A; CHEM 1B; CHEM 1C; CHEM 2AL; CHEM 2BL,sending_options_mismatch,sending options differ,"[['CHEM 001A (5.00)'], ['CHEM 001AH (5.00)'], ['CHEM 001B (5.00)'], ['CHEM 001BH (5.00)']]","[['CHEM 001A (5.00)', 'CHEM 001AH (5.00)'], ['CHEM 001B (5.00)', 'CHEM 001BH (5.00)']]",https://assist.org/transfer/results?year=76&institution=80&agreement=128&agreementType=to&viewAgreementsOptions=true&view=agreement&viewBy=major&viewSendingAgreements=false&viewByKey=76%2F80%2Fto%2F128%2FMajor%2F9b98e159-1754-4eb0-33c4-08ddf001012b,76/80/to/128/Major/9b98e159-1754-4eb0-33c4-08ddf001012b
high,sending_grouping_mismatch,Inspect ASSIST row and fix exporter/parser grouping; this can change AND/OR meaning.,UCSB,University of California Santa Barbara,De Anza College,fail,MATH 3B,sending_options_mismatch,sending options differ,"[['MATH 1B (5.00)'], ['MATH 1BH (5.00)'], ['MATH 1C (5.00)'], ['MATH 1CH (5.00)']]","[['MATH 1B (5.00)', 'MATH 1BH (5.00)'], ['MATH 1C (5.00)', 'MATH 1CH (5.00)']]",https://assist.org/transfer/results?year=76&institution=113&agreement=128&agreementType=to&viewAgreementsOptions=true&view=agreement&viewBy=major&viewSendingAgreements=false&viewByKey=76%2F113%2Fto%2F128%2FMajor%2F9b98e159-1754-4eb0-33c4-08ddf001012b,76/113/to/128/Major/9b98e159-1754-4eb0-33c4-08ddf001012b
high,sending_grouping_mismatch,Inspect ASSIST row and fix exporter/parser grouping; this can change AND/OR meaning.,UCSB,University of California Santa Barbara,De Anza College,fail,MATH 6A,sending_options_mismatch,sending options differ,"[['MATH 1C (5.00)'], ['MATH 1CH (5.00)'], ['MATH 1D (5.00)'], ['MATH 1DH (5.00)']]","[['MATH 1C (5.00)', 'MATH 1CH (5.00)'], ['MATH 1D (5.00)', 'MATH 1DH (5.00)']]",https://assist.org/transfer/results?year=76&institution=113&agreement=128&agreementType=to&viewAgreementsOptions=true&view=agreement&viewBy=major&viewSendingAgreements=false&viewByKey=76%2F113%2Fto%2F128%2FMajor%2F9b98e159-1754-4eb0-33c4-08ddf001012b,76/113/to/128/Major/9b98e159-1754-4eb0-33c4-08ddf001012b
high,sending_grouping_mismatch,Inspect ASSIST row and fix exporter/parser grouping; this can change AND/OR meaning.,UCSB,University of California Santa Barbara,Cerro Coso Community College,fail,MCDB 1A; MCDB 1LL,sending_options_mismatch,sending options differ,"[['BIOL C111 (5.00)'], ['BIOL C111H (6.00)'], ['BIOL C112 (5.00)'], ['BIOL C112H (6.00)']]","[['BIOL C111 (5.00)', 'BIOL C111H (6.00)'], ['BIOL C112 (5.00)', 'BIOL C112H (6.00)']]",https://assist.org/transfer/results?year=76&institution=9&agreement=128&agreementType=to&viewAgreementsOptions=true&view=agreement&viewBy=major&viewSendingAgreements=false&viewByKey=76%2F9%2Fto%2F128%2FMajor%2F9b98e159-1754-4eb0-33c4-08ddf001012b,76/9/to/128/Major/9b98e159-1754-4eb0-33c4-08ddf001012b
high,sending_grouping_mismatch,Inspect ASSIST row and fix exporter/parser grouping; this can change AND/OR meaning.,UCSB,University of California Santa Barbara,College of the Canyons,fail,MCDB 1A; MCDB 1LL,sending_options_mismatch,sending options differ,"[['BIOSCI 106 (4.00)'], ['BIOSCI 106H (4.00)'], ['BIOSCI 107 (4.00)'], ['BIOSCI 107H (4.00)']]","[['BIOSCI 106 (4.00)', 'BIOSCI 106H (4.00)'], ['BIOSCI 107 (4.00)', 'BIOSCI 107H (4.00)']]",https://assist.org/transfer/results?year=76&institution=140&agreement=128&agreementType=to&viewAgreementsOptions=true&view=agreement&viewBy=major&viewSendingAgreements=false&viewByKey=76%2F140%2Fto%2F128%2FMajor%2F9b98e159-1754-4eb0-33c4-08ddf001012b,76/140/to/128/Major/9b98e159-1754-4eb0-33c4-08ddf001012b
high,sending_grouping_mismatch,Inspect ASSIST row and fix exporter/parser grouping; this can change AND/OR meaning.,UCSB,University of California Santa Barbara,Compton College,fail,MCDB 1A; MCDB 1LL,sending_options_mismatch,sending options differ,"[['BIOL 101 (5.00)'], ['BIOL 101H (5.00)'], ['BIOL 102 (5.00)'], ['BIOL 102H (5.00)'], ['BIOL 103 (3.00)']]","[['BIOL 101 (5.00)', 'BIOL 101H (5.00)'], ['BIOL 102 (5.00)', 'BIOL 102H (5.00)'], ['BIOL 103 (3.00)']]",https://assist.org/transfer/results?year=76&institution=153&agreement=128&agreementType=to&viewAgreementsOptions=true&view=agreement&viewBy=major&viewSendingAgreements=false&viewByKey=76%2F153%2Fto%2F128%2FMajor%2F9b98e159-1754-4eb0-33c4-08ddf001012b,76/153/to/128/Major/9b98e159-1754-4eb0-33c4-08ddf001012b
high,sending_grouping_mismatch,Inspect ASSIST row and fix exporter/parser grouping; this can change AND/OR meaning.,UCSB,University of California Santa Barbara,Crafton Hills College,fail,MCDB 1A; MCDB 1LL,sending_options_mismatch,sending options differ,"[['BIOL 130 (4.00)'], ['BIOL 130H (4.00)'], ['BIOL 131 (4.00)'], ['BIOL 131H (4.00)']]","[['BIOL 130 (4.00)', 'BIOL 130H (4.00)'], ['BIOL 131 (4.00)', 'BIOL 131H (4.00)']]",https://assist.org/transfer/results?year=76&institution=70&agreement=128&agreementType=to&viewAgreementsOptions=true&view=agreement&viewBy=major&viewSendingAgreements=false&viewByKey=76%2F70%2Fto%2F128%2FMajor%2F9b98e159-1754-4eb0-33c4-08ddf001012b,76/70/to/128/Major/9b98e159-1754-4eb0-33c4-08ddf001012b
high,sending_grouping_mismatch,Inspect ASSIST row and fix exporter/parser grouping; this can change AND/OR meaning.,UCSB,University of California Santa Barbara,De Anza College,fail,MCDB 1A; MCDB 1LL,sending_options_mismatch,sending options differ,"[['BIOL 6A (6.00)'], ['BIOL 6AH (6.00)'], ['BIOL 6B (6.00)'], ['BIOL 6C (6.00)'], ['BIOL 6CH (6.00)']]","[['BIOL 6A (6.00)', 'BIOL 6AH (6.00)'], ['BIOL 6C (6.00)', 'BIOL 6CH (6.00)'], ['BIOL 6B (6.00)']]",https://assist.org/transfer/results?year=76&institution=113&agreement=128&agreementType=to&viewAgreementsOptions=true&view=agreement&viewBy=major&viewSendingAgreements=false&viewByKey=76%2F113%2Fto%2F128%2FMajor%2F9b98e159-1754-4eb0-33c4-08ddf001012b,76/113/to/128/Major/9b98e159-1754-4eb0-33c4-08ddf001012b
high,sending_grouping_mismatch,Inspect ASSIST row and fix exporter/parser grouping; this can change AND/OR meaning.,UCSB,University of California Santa Barbara,El Camino College,fail,MCDB 1A; MCDB 1LL,sending_options_mismatch,sending options differ,"[['BIOL 110 (5.00)'], ['BIOL 110H (5.00)'], ['BIOL 120 (5.00)'], ['BIOL 120H (5.00)'], ['BIOL 130 (3.00)']]","[['BIOL 110 (5.00)', 'BIOL 110H (5.00)'], ['BIOL 120 (5.00)', 'BIOL 120H (5.00)'], ['BIOL 130 (3.00)']]",https://assist.org/transfer/results?year=76&institution=103&agreement=128&agreementType=to&viewAgreementsOptions=true&view=agreement&viewBy=major&viewSendingAgreements=false&viewByKey=76%2F103%2Fto%2F128%2FMajor%2F9b98e159-1754-4eb0-33c4-08ddf001012b,76/103/to/128/Major/9b98e159-1754-4eb0-33c4-08ddf001012b
high,sending_grouping_mismatch,Inspect ASSIST row and fix exporter/parser grouping; this can change AND/OR meaning.,UCSB,University of California Santa Barbara,Mission College,fail,MCDB 1A; MCDB 1LL,sending_options_mismatch,sending options differ,"[['BIO 001A (5.00)'], ['BIO 001AH (5.00)'], ['BIO 001B (5.00)'], ['BIO 001BH (5.00)']]","[['BIO 001A (5.00)', 'BIO 001AH (5.00)'], ['BIO 001B (5.00)', 'BIO 001BH (5.00)']]",https://assist.org/transfer/results?year=76&institution=32&agreement=128&agreementType=to&viewAgreementsOptions=true&view=agreement&viewBy=major&viewSendingAgreements=false&viewByKey=76%2F32%2Fto%2F128%2FMajor%2F9b98e159-1754-4eb0-33c4-08ddf001012b,76/32/to/128/Major/9b98e159-1754-4eb0-33c4-08ddf001012b
high,sending_grouping_mismatch,Inspect ASSIST row and fix exporter/parser grouping; this can change AND/OR meaning.,UCSB,University of California Santa Barbara,Mt. San Jacinto College,fail,MCDB 1A; MCDB 1LL,sending_options_mismatch,sending options differ,"[['BIOL- 150 (4.00)'], ['BIOL- 150H (4.00)'], ['BIOL- 151 (4.00)'], ['BIOL- 151H (4.00)']]","[['BIOL- 150 (4.00)', 'BIOL- 150H (4.00)'], ['BIOL- 151 (4.00)', 'BIOL- 151H (4.00)']]",https://assist.org/transfer/results?year=76&institution=53&agreement=128&agreementType=to&viewAgreementsOptions=true&view=agreement&viewBy=major&viewSendingAgreements=false&viewByKey=76%2F53%2Fto%2F128%2FMajor%2F9b98e159-1754-4eb0-33c4-08ddf001012b,76/53/to/128/Major/9b98e159-1754-4eb0-33c4-08ddf001012b
high,sending_grouping_mismatch,Inspect ASSIST row and fix exporter/parser grouping; this can change AND/OR meaning.,UCSB,University of California Santa Barbara,Cerro Coso Community College,fail,MCDB 1B,sending_options_mismatch,sending options differ,"[['BIOL C111 (5.00)'], ['BIOL C111H (6.00)'], ['BIOL C112 (5.00)'], ['BIOL C112H (6.00)']]","[['BIOL C111 (5.00)', 'BIOL C111H (6.00)'], ['BIOL C112 (5.00)', 'BIOL C112H (6.00)']]",https://assist.org/transfer/results?year=76&institution=9&agreement=128&agreementType=to&viewAgreementsOptions=true&view=agreement&viewBy=major&viewSendingAgreements=false&viewByKey=76%2F9%2Fto%2F128%2FMajor%2F9b98e159-1754-4eb0-33c4-08ddf001012b,76/9/to/128/Major/9b98e159-1754-4eb0-33c4-08ddf001012b
high,sending_grouping_mismatch,Inspect ASSIST row and fix exporter/parser grouping; this can change AND/OR meaning.,UCSB,University of California Santa Barbara,College of the Canyons,fail,MCDB 1B,sending_options_mismatch,sending options differ,"[['BIOSCI 106 (4.00)'], ['BIOSCI 106H (4.00)'], ['BIOSCI 107 (4.00)'], ['BIOSCI 107H (4.00)']]","[['BIOSCI 106 (4.00)', 'BIOSCI 106H (4.00)'], ['BIOSCI 107 (4.00)', 'BIOSCI 107H (4.00)']]",https://assist.org/transfer/results?year=76&institution=140&agreement=128&agreementType=to&viewAgreementsOptions=true&view=agreement&viewBy=major&viewSendingAgreements=false&viewByKey=76%2F140%2Fto%2F128%2FMajor%2F9b98e159-1754-4eb0-33c4-08ddf001012b,76/140/to/128/Major/9b98e159-1754-4eb0-33c4-08ddf001012b
high,sending_grouping_mismatch,Inspect ASSIST row and fix exporter/parser grouping; this can change AND/OR meaning.,UCSB,University of California Santa Barbara,Compton College,fail,MCDB 1B,sending_options_mismatch,sending options differ,"[['BIOL 101 (5.00)'], ['BIOL 101H (5.00)'], ['BIOL 102 (5.00)'], ['BIOL 102H (5.00)'], ['BIOL 103 (3.00)']]","[['BIOL 101 (5.00)', 'BIOL 101H (5.00)'], ['BIOL 102 (5.00)', 'BIOL 102H (5.00)'], ['BIOL 103 (3.00)']]",https://assist.org/transfer/results?year=76&institution=153&agreement=128&agreementType=to&viewAgreementsOptions=true&view=agreement&viewBy=major&viewSendingAgreements=false&viewByKey=76%2F153%2Fto%2F128%2FMajor%2F9b98e159-1754-4eb0-33c4-08ddf001012b,76/153/to/128/Major/9b98e159-1754-4eb0-33c4-08ddf001012b
high,sending_grouping_mismatch,Inspect ASSIST row and fix exporter/parser grouping; this can change AND/OR meaning.,UCSB,University of California Santa Barbara,Crafton Hills College,fail,MCDB 1B,sending_options_mismatch,sending options differ,"[['BIOL 130 (4.00)'], ['BIOL 130H (4.00)'], ['BIOL 131 (4.00)'], ['BIOL 131H (4.00)']]","[['BIOL 130 (4.00)', 'BIOL 130H (4.00)'], ['BIOL 131 (4.00)', 'BIOL 131H (4.00)']]",https://assist.org/transfer/results?year=76&institution=70&agreement=128&agreementType=to&viewAgreementsOptions=true&view=agreement&viewBy=major&viewSendingAgreements=false&viewByKey=76%2F70%2Fto%2F128%2FMajor%2F9b98e159-1754-4eb0-33c4-08ddf001012b,76/70/to/128/Major/9b98e159-1754-4eb0-33c4-08ddf001012b
high,sending_grouping_mismatch,Inspect ASSIST row and fix exporter/parser grouping; this can change AND/OR meaning.,UCSB,University of California Santa Barbara,De Anza College,fail,MCDB 1B,sending_options_mismatch,sending options differ,"[['BIOL 6A (6.00)'], ['BIOL 6AH (6.00)'], ['BIOL 6B (6.00)'], ['BIOL 6C (6.00)'], ['BIOL 6CH (6.00)']]","[['BIOL 6A (6.00)', 'BIOL 6AH (6.00)'], ['BIOL 6C (6.00)', 'BIOL 6CH (6.00)'], ['BIOL 6B (6.00)']]",https://assist.org/transfer/results?year=76&institution=113&agreement=128&agreementType=to&viewAgreementsOptions=true&view=agreement&viewBy=major&viewSendingAgreements=false&viewByKey=76%2F113%2Fto%2F128%2FMajor%2F9b98e159-1754-4eb0-33c4-08ddf001012b,76/113/to/128/Major/9b98e159-1754-4eb0-33c4-08ddf001012b
high,sending_grouping_mismatch,Inspect ASSIST row and fix exporter/parser grouping; this can change AND/OR meaning.,UCSB,University of California Santa Barbara,El Camino College,fail,MCDB 1B,sending_options_mismatch,sending options differ,"[['BIOL 110 (5.00)'], ['BIOL 110H (5.00)'], ['BIOL 120 (5.00)'], ['BIOL 120H (5.00)'], ['BIOL 130 (3.00)']]","[['BIOL 110 (5.00)', 'BIOL 110H (5.00)'], ['BIOL 120 (5.00)', 'BIOL 120H (5.00)'], ['BIOL 130 (3.00)']]",https://assist.org/transfer/results?year=76&institution=103&agreement=128&agreementType=to&viewAgreementsOptions=true&view=agreement&viewBy=major&viewSendingAgreements=false&viewByKey=76%2F103%2Fto%2F128%2FMajor%2F9b98e159-1754-4eb0-33c4-08ddf001012b,76/103/to/128/Major/9b98e159-1754-4eb0-33c4-08ddf001012b
high,sending_grouping_mismatch,Inspect ASSIST row and fix exporter/parser grouping; this can change AND/OR meaning.,UCSB,University of California Santa Barbara,Mission College,fail,MCDB 1B,sending_options_mismatch,sending options differ,"[['BIO 001A (5.00)'], ['BIO 001AH (5.00)'], ['BIO 001B (5.00)'], ['BIO 001BH (5.00)']]","[['BIO 001A (5.00)', 'BIO 001AH (5.00)'], ['BIO 001B (5.00)', 'BIO 001BH (5.00)']]",https://assist.org/transfer/results?year=76&institution=32&agreement=128&agreementType=to&viewAgreementsOptions=true&view=agreement&viewBy=major&viewSendingAgreements=false&viewByKey=76%2F32%2Fto%2F128%2FMajor%2F9b98e159-1754-4eb0-33c4-08ddf001012b,76/32/to/128/Major/9b98e159-1754-4eb0-33c4-08ddf001012b
high,sending_grouping_mismatch,Inspect ASSIST row and fix exporter/parser grouping; this can change AND/OR meaning.,UCSB,University of California Santa Barbara,Moorpark College,fail,MCDB 1B,sending_options_mismatch,sending options differ,"[['BIOL M02A (5.00)'], ['BIOL M02AH (5.00)'], ['BIOL M02B (5.00)'], ['BIOL M02BH (5.00)']]","[['BIOL M02A (5.00)', 'BIOL M02AH (5.00)'], ['BIOL M02B (5.00)', 'BIOL M02BH (5.00)']]",https://assist.org/transfer/results?year=76&institution=139&agreement=128&agreementType=to&viewAgreementsOptions=true&view=agreement&viewBy=major&viewSendingAgreements=false&viewByKey=76%2F139%2Fto%2F128%2FMajor%2F9b98e159-1754-4eb0-33c4-08ddf001012b,76/139/to/128/Major/9b98e159-1754-4eb0-33c4-08ddf001012b
high,sending_grouping_mismatch,Inspect ASSIST row and fix exporter/parser grouping; this can change AND/OR meaning.,UCSB,University of California Santa Barbara,Mt. San Jacinto College,fail,MCDB 1B,sending_options_mismatch,sending options differ,"[['BIOL- 150 (4.00)'], ['BIOL- 150H (4.00)'], ['BIOL- 151 (4.00)'], ['BIOL- 151H (4.00)']]","[['BIOL- 150 (4.00)', 'BIOL- 150H (4.00)'], ['BIOL- 151 (4.00)', 'BIOL- 151H (4.00)']]",https://assist.org/transfer/results?year=76&institution=53&agreement=128&agreementType=to&viewAgreementsOptions=true&view=agreement&viewBy=major&viewSendingAgreements=false&viewByKey=76%2F53%2Fto%2F128%2FMajor%2F9b98e159-1754-4eb0-33c4-08ddf001012b,76/53/to/128/Major/9b98e159-1754-4eb0-33c4-08ddf001012b
high,not_articulated_mismatch,Manually inspect ASSIST and current CSV; this can change whether a requirement is available.,UCSC,University of California Santa Cruz,Fresno City College,fail,CSE 12,not_articulated_mismatch,sending options differ,[['CSCI 45 (4.00)']],[['Not Articulated']],https://assist.org/transfer/results?year=76&institution=35&agreement=132&agreementType=to&viewAgreementsOptions=true&view=agreement&viewBy=major&viewSendingAgreements=false&viewByKey=76%2F35%2Fto%2F132%2FMajor%2Fe9fc6b47-5b0e-45b7-2015-08ddcb96df9e,76/35/to/132/Major/e9fc6b47-5b0e-45b7-2015-08ddcb96df9e
high,not_articulated_mismatch,Manually inspect ASSIST and current CSV; this can change whether a requirement is available.,UCSC,University of California Santa Cruz,Porterville College,fail,CSE 12,not_articulated_mismatch,sending options differ,[['CSC P142 (4.00)']],[['Not Articulated']],https://assist.org/transfer/results?year=76&institution=125&agreement=132&agreementType=to&viewAgreementsOptions=true&view=agreement&viewBy=major&viewSendingAgreements=false&viewByKey=76%2F125%2Fto%2F132%2FMajor%2Fe9fc6b47-5b0e-45b7-2015-08ddcb96df9e,76/125/to/132/Major/e9fc6b47-5b0e-45b7-2015-08ddcb96df9e
high,not_articulated_mismatch,Manually inspect ASSIST and current CSV; this can change whether a requirement is available.,UCSC,University of California Santa Cruz,Butte College,fail,CSE 16,not_articulated_mismatch,sending options differ,[['CSCI 22 (3.00)']],[['Not Articulated']],https://assist.org/transfer/results?year=76&institution=8&agreement=132&agreementType=to&viewAgreementsOptions=true&view=agreement&viewBy=major&viewSendingAgreements=false&viewByKey=76%2F8%2Fto%2F132%2FMajor%2Fe9fc6b47-5b0e-45b7-2015-08ddcb96df9e,76/8/to/132/Major/e9fc6b47-5b0e-45b7-2015-08ddcb96df9e
high,not_articulated_mismatch,Manually inspect ASSIST and current CSV; this can change whether a requirement is available.,UCSC,University of California Santa Cruz,Cerro Coso Community College,fail,CSE 16,not_articulated_mismatch,sending options differ,[['CSCI C255 (3.00)']],[['Not Articulated']],https://assist.org/transfer/results?year=76&institution=9&agreement=132&agreementType=to&viewAgreementsOptions=true&view=agreement&viewBy=major&viewSendingAgreements=false&viewByKey=76%2F9%2Fto%2F132%2FMajor%2Fe9fc6b47-5b0e-45b7-2015-08ddcb96df9e,76/9/to/132/Major/e9fc6b47-5b0e-45b7-2015-08ddcb96df9e
high,not_articulated_mismatch,Manually inspect ASSIST and current CSV; this can change whether a requirement is available.,UCSC,University of California Santa Cruz,Mission College,fail,CSE 16,not_articulated_mismatch,sending options differ,[['MAT 020 (4.00)']],[['Not Articulated']],https://assist.org/transfer/results?year=76&institution=32&agreement=132&agreementType=to&viewAgreementsOptions=true&view=agreement&viewBy=major&viewSendingAgreements=false&viewByKey=76%2F32%2Fto%2F132%2FMajor%2Fe9fc6b47-5b0e-45b7-2015-08ddcb96df9e,76/32/to/132/Major/e9fc6b47-5b0e-45b7-2015-08ddcb96df9e
high,not_articulated_mismatch,Manually inspect ASSIST and current CSV; this can change whether a requirement is available.,UCSC,University of California Santa Cruz,Porterville College,fail,CSE 16,not_articulated_mismatch,sending options differ,[['CSC P152 (3.00)']],[['Not Articulated']],https://assist.org/transfer/results?year=76&institution=125&agreement=132&agreementType=to&viewAgreementsOptions=true&view=agreement&viewBy=major&viewSendingAgreements=false&viewByKey=76%2F125%2Fto%2F132%2FMajor%2Fe9fc6b47-5b0e-45b7-2015-08ddcb96df9e,76/125/to/132/Major/e9fc6b47-5b0e-45b7-2015-08ddcb96df9e
high,sending_grouping_mismatch,Inspect ASSIST row and fix exporter/parser grouping; this can change AND/OR meaning.,UCSC,University of California Santa Cruz,Gavilan College,fail,CSE 16,sending_options_mismatch,sending options differ,"[['CSIS 26 (3.00)'], ['MATH 16 (4.00)']]",[['CSIS 26 (3.00)']],https://assist.org/transfer/results?year=76&institution=72&agreement=132&agreementType=to&viewAgreementsOptions=true&view=agreement&viewBy=major&viewSendingAgreements=false&viewByKey=76%2F72%2Fto%2F132%2FMajor%2Fe9fc6b47-5b0e-45b7-2015-08ddcb96df9e,76/72/to/132/Major/e9fc6b47-5b0e-45b7-2015-08ddcb96df9e
high,sending_grouping_mismatch,Inspect ASSIST row and fix exporter/parser grouping; this can change AND/OR meaning.,UCSC,University of California Santa Cruz,Antelope Valley College,fail,MATH 19A,sending_options_mismatch,sending options differ,"[['MATH 150 (5.00)'], ['MATH 150H (5.00)']]",[['MATH 150 (5.00)']],https://assist.org/transfer/results?year=76&institution=121&agreement=132&agreementType=to&viewAgreementsOptions=true&view=agreement&viewBy=major&viewSendingAgreements=false&viewByKey=76%2F121%2Fto%2F132%2FMajor%2Fe9fc6b47-5b0e-45b7-2015-08ddcb96df9e,76/121/to/132/Major/e9fc6b47-5b0e-45b7-2015-08ddcb96df9e
high,flattened_or,Fix exporter/parser so OR alternatives remain separate course groups; verify against ASSIST.,UCSD,University of California San Diego,Antelope Valley College,fail,CSE 11,flattened_or,sending options differ,"[['CS 230 (3.00)'], ['CS 231 (3.00)']]","[['CS 230 (3.00)', 'CS 231 (3.00)']]",https://assist.org/transfer/results?year=76&institution=121&agreement=7&agreementType=to&viewAgreementsOptions=true&view=agreement&viewBy=major&viewSendingAgreements=false&viewByKey=76%2F121%2Fto%2F7%2FMajor%2F76ab1c59-2dcf-4c6f-f364-08ddd3b241a4,76/121/to/7/Major/76ab1c59-2dcf-4c6f-f364-08ddd3b241a4
high,flattened_or,Fix exporter/parser so OR alternatives remain separate course groups; verify against ASSIST.,UCSD,University of California San Diego,Antelope Valley College,fail,CSE 12,flattened_or,sending options differ,"[['CS 130 (3.00)'], ['CS 131 (3.00)'], ['CS 132 (3.00)']]","[['CS 130 (3.00)', 'CS 131 (3.00)', 'CS 132 (3.00)']]",https://assist.org/transfer/results?year=76&institution=121&agreement=7&agreementType=to&viewAgreementsOptions=true&view=agreement&viewBy=major&viewSendingAgreements=false&viewByKey=76%2F121%2Fto%2F7%2FMajor%2F76ab1c59-2dcf-4c6f-f364-08ddd3b241a4,76/121/to/7/Major/76ab1c59-2dcf-4c6f-f364-08ddd3b241a4
high,not_articulated_mismatch,Manually inspect ASSIST and current CSV; this can change whether a requirement is available.,UCSD,University of California San Diego,Santiago Canyon College,fail,CSE 11,not_articulated_mismatch,sending options differ,"[['CMPR 121 (3.00)', 'CMPR 131 (3.00)'], ['CMPR 122 (3.00)', 'CMPR 132 (3.00)']]",[['Not Articulated']],https://assist.org/transfer/results?year=76&institution=66&agreement=7&agreementType=to&viewAgreementsOptions=true&view=agreement&viewBy=major&viewSendingAgreements=false&viewByKey=76%2F66%2Fto%2F7%2FMajor%2F76ab1c59-2dcf-4c6f-f364-08ddd3b241a4,76/66/to/7/Major/76ab1c59-2dcf-4c6f-f364-08ddd3b241a4
high,not_articulated_mismatch,Manually inspect ASSIST and current CSV; this can change whether a requirement is available.,UCSD,University of California San Diego,Berkeley City College,fail,CSE 12,not_articulated_mismatch,sending options differ,[['CIS 27 (4.00)']],[['Not Articulated']],https://assist.org/transfer/results?year=76&institution=58&agreement=7&agreementType=to&viewAgreementsOptions=true&view=agreement&viewBy=major&viewSendingAgreements=false&viewByKey=76%2F58%2Fto%2F7%2FMajor%2F76ab1c59-2dcf-4c6f-f364-08ddd3b241a4,76/58/to/7/Major/76ab1c59-2dcf-4c6f-f364-08ddd3b241a4
high,not_articulated_mismatch,Manually inspect ASSIST and current CSV; this can change whether a requirement is available.,UCSD,University of California San Diego,Santiago Canyon College,fail,CSE 12,not_articulated_mismatch,sending options differ,"[['CMPR 121 (3.00)', 'CMPR 131 (3.00)'], ['CMPR 122 (3.00)', 'CMPR 132 (3.00)']]",[['Not Articulated']],https://assist.org/transfer/results?year=76&institution=66&agreement=7&agreementType=to&viewAgreementsOptions=true&view=agreement&viewBy=major&viewSendingAgreements=false&viewByKey=76%2F66%2Fto%2F7%2FMajor%2F76ab1c59-2dcf-4c6f-f364-08ddd3b241a4,76/66/to/7/Major/76ab1c59-2dcf-4c6f-f364-08ddd3b241a4
high,not_articulated_mismatch,Manually inspect ASSIST and current CSV; this can change whether a requirement is available.,UCSD,University of California San Diego,Los Angeles Mission College,fail,CSE 20,not_articulated_mismatch,sending options differ,[['MATH 272 (5.00)']],[['Not Articulated']],https://assist.org/transfer/results?year=76&institution=47&agreement=7&agreementType=to&viewAgreementsOptions=true&view=agreement&viewBy=major&viewSendingAgreements=false&viewByKey=76%2F47%2Fto%2F7%2FMajor%2F76ab1c59-2dcf-4c6f-f364-08ddd3b241a4,76/47/to/7/Major/76ab1c59-2dcf-4c6f-f364-08ddd3b241a4
high,not_articulated_mismatch,Manually inspect ASSIST and current CSV; this can change whether a requirement is available.,UCSD,University of California San Diego,Santiago Canyon College,fail,CSE 20,not_articulated_mismatch,sending options differ,"[['CMPR 149 (3.00)'], ['MATH 270 (3.00)']]",[['Not Articulated']],https://assist.org/transfer/results?year=76&institution=66&agreement=7&agreementType=to&viewAgreementsOptions=true&view=agreement&viewBy=major&viewSendingAgreements=false&viewByKey=76%2F66%2Fto%2F7%2FMajor%2F76ab1c59-2dcf-4c6f-f364-08ddd3b241a4,76/66/to/7/Major/76ab1c59-2dcf-4c6f-f364-08ddd3b241a4
high,not_articulated_mismatch,Manually inspect ASSIST and current CSV; this can change whether a requirement is available.,UCSD,University of California San Diego,Santiago Canyon College,fail,CSE 30,not_articulated_mismatch,sending options differ,[['CMPR 154 (3.00)']],[['Not Articulated']],https://assist.org/transfer/results?year=76&institution=66&agreement=7&agreementType=to&viewAgreementsOptions=true&view=agreement&viewBy=major&viewSendingAgreements=false&viewByKey=76%2F66%2Fto%2F7%2FMajor%2F76ab1c59-2dcf-4c6f-f364-08ddd3b241a4,76/66/to/7/Major/76ab1c59-2dcf-4c6f-f364-08ddd3b241a4
high,sending_grouping_mismatch,Inspect ASSIST row and fix exporter/parser grouping; this can change AND/OR meaning.,UCSD,University of California San Diego,Ventura College,fail,CHEM 6A,sending_options_mismatch,sending options differ,[['CHEM V120A (5.00)']],[['CHEM V01A (3.00)']],https://assist.org/transfer/results?year=76&institution=95&agreement=7&agreementType=to&viewAgreementsOptions=true&view=agreement&viewBy=major&viewSendingAgreements=false&viewByKey=76%2F95%2Fto%2F7%2FMajor%2F76ab1c59-2dcf-4c6f-f364-08ddd3b241a4,76/95/to/7/Major/76ab1c59-2dcf-4c6f-f364-08ddd3b241a4
high,sending_grouping_mismatch,Inspect ASSIST row and fix exporter/parser grouping; this can change AND/OR meaning.,UCSD,University of California San Diego,Ventura College,fail,CHEM 6B,sending_options_mismatch,sending options differ,"[['CHEM V120A (5.00)', 'CHEM V120B (5.00)']]","[['CHEM V01A (3.00)', 'CHEM V01B (3.00)']]",https://assist.org/transfer/results?year=76&institution=95&agreement=7&agreementType=to&viewAgreementsOptions=true&view=agreement&viewBy=major&viewSendingAgreements=false&viewByKey=76%2F95%2Fto%2F7%2FMajor%2F76ab1c59-2dcf-4c6f-f364-08ddd3b241a4,76/95/to/7/Major/76ab1c59-2dcf-4c6f-f364-08ddd3b241a4
high,sending_grouping_mismatch,Inspect ASSIST row and fix exporter/parser grouping; this can change AND/OR meaning.,UCSD,University of California San Diego,East Los Angeles College,fail,CSE 11,sending_options_mismatch,sending options differ,"[['CS 113 (3.00)', 'CS 136 (3.00)'], ['CS 216 (3.00)'], ['MATH 173 (4.00)']]","[['CS 113 (3.00)', 'CS 136 (3.00)'], ['CS 216 (3.00)']]",https://assist.org/transfer/results?year=76&institution=118&agreement=7&agreementType=to&viewAgreementsOptions=true&view=agreement&viewBy=major&viewSendingAgreements=false&viewByKey=76%2F118%2Fto%2F7%2FMajor%2F76ab1c59-2dcf-4c6f-f364-08ddd3b241a4,76/118/to/7/Major/76ab1c59-2dcf-4c6f-f364-08ddd3b241a4
high,sending_grouping_mismatch,Inspect ASSIST row and fix exporter/parser grouping; this can change AND/OR meaning.,UCSD,University of California San Diego,Los Angeles City College,fail,CSE 11,sending_options_mismatch,sending options differ,"[['CS 113 (3.00)', 'CS 136 (3.00)'], ['CS 216 (3.00)'], ['MATH 173 (4.00)']]","[['CS 113 (3.00)', 'CS 136 (3.00)'], ['CS 216 (3.00)']]",https://assist.org/transfer/results?year=76&institution=3&agreement=7&agreementType=to&viewAgreementsOptions=true&view=agreement&viewBy=major&viewSendingAgreements=false&viewByKey=76%2F3%2Fto%2F7%2FMajor%2F76ab1c59-2dcf-4c6f-f364-08ddd3b241a4,76/3/to/7/Major/76ab1c59-2dcf-4c6f-f364-08ddd3b241a4
high,sending_grouping_mismatch,Inspect ASSIST row and fix exporter/parser grouping; this can change AND/OR meaning.,UCSD,University of California San Diego,Los Angeles Harbor College,fail,CSE 11,sending_options_mismatch,sending options differ,"[['CS 113 (3.00)', 'CS 136 (3.00)'], ['CS 216 (3.00)'], ['MATH 173 (4.00)']]",[['CS 113 (3.00)']],https://assist.org/transfer/results?year=76&institution=31&agreement=7&agreementType=to&viewAgreementsOptions=true&view=agreement&viewBy=major&viewSendingAgreements=false&viewByKey=76%2F31%2Fto%2F7%2FMajor%2F76ab1c59-2dcf-4c6f-f364-08ddd3b241a4,76/31/to/7/Major/76ab1c59-2dcf-4c6f-f364-08ddd3b241a4
high,sending_grouping_mismatch,Inspect ASSIST row and fix exporter/parser grouping; this can change AND/OR meaning.,UCSD,University of California San Diego,MiraCosta College,fail,CSE 11,sending_options_mismatch,sending options differ,"[['CS 112 (3.00)'], ['CS 139 (3.00)'], ['CS 151 (3.00)']]",[['CS 112 (3.00)']],https://assist.org/transfer/results?year=76&institution=108&agreement=7&agreementType=to&viewAgreementsOptions=true&view=agreement&viewBy=major&viewSendingAgreements=false&viewByKey=76%2F108%2Fto%2F7%2FMajor%2F76ab1c59-2dcf-4c6f-f364-08ddd3b241a4,76/108/to/7/Major/76ab1c59-2dcf-4c6f-f364-08ddd3b241a4
high,sending_grouping_mismatch,Inspect ASSIST row and fix exporter/parser grouping; this can change AND/OR meaning.,UCSD,University of California San Diego,East Los Angeles College,fail,CSE 12,sending_options_mismatch,sending options differ,"[['CS 136 (3.00)'], ['MATH 273 (4.00)']]",[['CS 136 (3.00)']],https://assist.org/transfer/results?year=76&institution=118&agreement=7&agreementType=to&viewAgreementsOptions=true&view=agreement&viewBy=major&viewSendingAgreements=false&viewByKey=76%2F118%2Fto%2F7%2FMajor%2F76ab1c59-2dcf-4c6f-f364-08ddd3b241a4,76/118/to/7/Major/76ab1c59-2dcf-4c6f-f364-08ddd3b241a4
high,sending_grouping_mismatch,Inspect ASSIST row and fix exporter/parser grouping; this can change AND/OR meaning.,UCSD,University of California San Diego,Los Angeles Harbor College,fail,CSE 12,sending_options_mismatch,sending options differ,"[['CS 136 (3.00)'], ['MATH 273 (4.00)']]",[['CS 136 (3.00)']],https://assist.org/transfer/results?year=76&institution=31&agreement=7&agreementType=to&viewAgreementsOptions=true&view=agreement&viewBy=major&viewSendingAgreements=false&viewByKey=76%2F31%2Fto%2F7%2FMajor%2F76ab1c59-2dcf-4c6f-f364-08ddd3b241a4,76/31/to/7/Major/76ab1c59-2dcf-4c6f-f364-08ddd3b241a4
high,sending_grouping_mismatch,Inspect ASSIST row and fix exporter/parser grouping; this can change AND/OR meaning.,UCSD,University of California San Diego,Crafton Hills College,fail,MATH 20A,sending_options_mismatch,sending options differ,"[['MATH 250 (4.00)'], ['MATH 250E (4.00)']]",[['MATH 250 (4.00)']],https://assist.org/transfer/results?year=76&institution=70&agreement=7&agreementType=to&viewAgreementsOptions=true&view=agreement&viewBy=major&viewSendingAgreements=false&viewByKey=76%2F70%2Fto%2F7%2FMajor%2F76ab1c59-2dcf-4c6f-f364-08ddd3b241a4,76/70/to/7/Major/76ab1c59-2dcf-4c6f-f364-08ddd3b241a4
medium,missing_row,Check whether the missing row is a real course requirement or an ASSIST placeholder.,UCD,University of California Davis,Coastline Community College,fail,BIS 002A,missing_row,missing raw CSV row,[['BIOL C180 (4.00)']],,https://assist.org/transfer/results?year=76&institution=105&agreement=89&agreementType=to&viewAgreementsOptions=true&view=agreement&viewBy=major&viewSendingAgreements=false&viewByKey=76%2F105%2Fto%2F89%2FMajor%2F37adebfb-6deb-4e42-34ac-08ddb349963e,76/105/to/89/Major/37adebfb-6deb-4e42-34ac-08ddb349963e
medium,missing_row,Check whether the missing row is a real course requirement or an ASSIST placeholder.,UCD,University of California Davis,Coastline Community College,fail,BIS 002B,missing_row,missing raw CSV row,[['Not Articulated']],,https://assist.org/transfer/results?year=76&institution=105&agreement=89&agreementType=to&viewAgreementsOptions=true&view=agreement&viewBy=major&viewSendingAgreements=false&viewByKey=76%2F105%2Fto%2F89%2FMajor%2F37adebfb-6deb-4e42-34ac-08ddb349963e,76/105/to/89/Major/37adebfb-6deb-4e42-34ac-08ddb349963e
medium,missing_row,Check whether the missing row is a real course requirement or an ASSIST placeholder.,UCD,University of California Davis,Coastline Community College,fail,BIS 002C,missing_row,missing raw CSV row,[['Not Articulated']],,https://assist.org/transfer/results?year=76&institution=105&agreement=89&agreementType=to&viewAgreementsOptions=true&view=agreement&viewBy=major&viewSendingAgreements=false&viewByKey=76%2F105%2Fto%2F89%2FMajor%2F37adebfb-6deb-4e42-34ac-08ddb349963e,76/105/to/89/Major/37adebfb-6deb-4e42-34ac-08ddb349963e
medium,missing_row,Check whether the missing row is a real course requirement or an ASSIST placeholder.,UCD,University of California Davis,Coastline Community College,fail,CHE 002A; CHE 002B; CHE 002C,missing_row,missing raw CSV row,"[['CHEM C180 (4.00)', 'CHEM C180L (1.00)', 'CHEM C185 (4.00)', 'CHEM C185L (1.00)']]",,https://assist.org/transfer/results?year=76&institution=105&agreement=89&agreementType=to&viewAgreementsOptions=true&view=agreement&viewBy=major&viewSendingAgreements=false&viewByKey=76%2F105%2Fto%2F89%2FMajor%2F37adebfb-6deb-4e42-34ac-08ddb349963e,76/105/to/89/Major/37adebfb-6deb-4e42-34ac-08ddb349963e
medium,missing_row,Check whether the missing row is a real course requirement or an ASSIST placeholder.,UCD,University of California Davis,Coastline Community College,fail,CHE 004A,missing_row,missing raw CSV row,[['Not Articulated']],,https://assist.org/transfer/results?year=76&institution=105&agreement=89&agreementType=to&viewAgreementsOptions=true&view=agreement&viewBy=major&viewSendingAgreements=false&viewByKey=76%2F105%2Fto%2F89%2FMajor%2F37adebfb-6deb-4e42-34ac-08ddb349963e,76/105/to/89/Major/37adebfb-6deb-4e42-34ac-08ddb349963e
medium,missing_row,Check whether the missing row is a real course requirement or an ASSIST placeholder.,UCD,University of California Davis,Coastline Community College,fail,CHE 004B,missing_row,missing raw CSV row,[['Not Articulated']],,https://assist.org/transfer/results?year=76&institution=105&agreement=89&agreementType=to&viewAgreementsOptions=true&view=agreement&viewBy=major&viewSendingAgreements=false&viewByKey=76%2F105%2Fto%2F89%2FMajor%2F37adebfb-6deb-4e42-34ac-08ddb349963e,76/105/to/89/Major/37adebfb-6deb-4e42-34ac-08ddb349963e
medium,missing_row,Check whether the missing row is a real course requirement or an ASSIST placeholder.,UCD,University of California Davis,Coastline Community College,fail,CHE 004C,missing_row,missing raw CSV row,[['Not Articulated']],,https://assist.org/transfer/results?year=76&institution=105&agreement=89&agreementType=to&viewAgreementsOptions=true&view=agreement&viewBy=major&viewSendingAgreements=false&viewByKey=76%2F105%2Fto%2F89%2FMajor%2F37adebfb-6deb-4e42-34ac-08ddb349963e,76/105/to/89/Major/37adebfb-6deb-4e42-34ac-08ddb349963e
medium,missing_row,Check whether the missing row is a real course requirement or an ASSIST placeholder.,UCD,University of California Davis,Coastline Community College,fail,ECS 020,missing_row,missing raw CSV row,[['Not Articulated']],,https://assist.org/transfer/results?year=76&institution=105&agreement=89&agreementType=to&viewAgreementsOptions=true&view=agreement&viewBy=major&viewSendingAgreements=false&viewByKey=76%2F105%2Fto%2F89%2FMajor%2F37adebfb-6deb-4e42-34ac-08ddb349963e,76/105/to/89/Major/37adebfb-6deb-4e42-34ac-08ddb349963e
medium,missing_row,Check whether the missing row is a real course requirement or an ASSIST placeholder.,UCD,University of California Davis,Coastline Community College,fail,ECS 036A,missing_row,missing raw CSV row,[['Not Articulated']],,https://assist.org/transfer/results?year=76&institution=105&agreement=89&agreementType=to&viewAgreementsOptions=true&view=agreement&viewBy=major&viewSendingAgreements=false&viewByKey=76%2F105%2Fto%2F89%2FMajor%2F37adebfb-6deb-4e42-34ac-08ddb349963e,76/105/to/89/Major/37adebfb-6deb-4e42-34ac-08ddb349963e
medium,missing_row,Check whether the missing row is a real course requirement or an ASSIST placeholder.,UCD,University of California Davis,Coastline Community College,fail,ECS 036B,missing_row,missing raw CSV row,[['Not Articulated']],,https://assist.org/transfer/results?year=76&institution=105&agreement=89&agreementType=to&viewAgreementsOptions=true&view=agreement&viewBy=major&viewSendingAgreements=false&viewByKey=76%2F105%2Fto%2F89%2FMajor%2F37adebfb-6deb-4e42-34ac-08ddb349963e,76/105/to/89/Major/37adebfb-6deb-4e42-34ac-08ddb349963e
medium,missing_row,Check whether the missing row is a real course requirement or an ASSIST placeholder.,UCD,University of California Davis,Coastline Community College,fail,ECS 036C,missing_row,missing raw CSV row,[['ICS C123 (3.00)']],,https://assist.org/transfer/results?year=76&institution=105&agreement=89&agreementType=to&viewAgreementsOptions=true&view=agreement&viewBy=major&viewSendingAgreements=false&viewByKey=76%2F105%2Fto%2F89%2FMajor%2F37adebfb-6deb-4e42-34ac-08ddb349963e,76/105/to/89/Major/37adebfb-6deb-4e42-34ac-08ddb349963e
medium,missing_row,Check whether the missing row is a real course requirement or an ASSIST placeholder.,UCD,University of California Davis,Coastline Community College,fail,ECS 050,missing_row,missing raw CSV row,[['Not Articulated']],,https://assist.org/transfer/results?year=76&institution=105&agreement=89&agreementType=to&viewAgreementsOptions=true&view=agreement&viewBy=major&viewSendingAgreements=false&viewByKey=76%2F105%2Fto%2F89%2FMajor%2F37adebfb-6deb-4e42-34ac-08ddb349963e,76/105/to/89/Major/37adebfb-6deb-4e42-34ac-08ddb349963e
medium,missing_row,Check whether the missing row is a real course requirement or an ASSIST placeholder.,UCD,University of California Davis,Coastline Community College,fail,MAT 021A,missing_row,missing raw CSV row,[['MATH C180 (5.00)']],,https://assist.org/transfer/results?year=76&institution=105&agreement=89&agreementType=to&viewAgreementsOptions=true&view=agreement&viewBy=major&viewSendingAgreements=false&viewByKey=76%2F105%2Fto%2F89%2FMajor%2F37adebfb-6deb-4e42-34ac-08ddb349963e,76/105/to/89/Major/37adebfb-6deb-4e42-34ac-08ddb349963e
medium,missing_row,Check whether the missing row is a real course requirement or an ASSIST placeholder.,UCD,University of California Davis,Coastline Community College,fail,MAT 021B,missing_row,missing raw CSV row,[['MATH C185 (5.00)']],,https://assist.org/transfer/results?year=76&institution=105&agreement=89&agreementType=to&viewAgreementsOptions=true&view=agreement&viewBy=major&viewSendingAgreements=false&viewByKey=76%2F105%2Fto%2F89%2FMajor%2F37adebfb-6deb-4e42-34ac-08ddb349963e,76/105/to/89/Major/37adebfb-6deb-4e42-34ac-08ddb349963e
medium,missing_row,Check whether the missing row is a real course requirement or an ASSIST placeholder.,UCD,University of California Davis,Coastline Community College,fail,MAT 021C; MAT 021D,missing_row,missing raw CSV row,[['MATH C280 (5.00)']],,https://assist.org/transfer/results?year=76&institution=105&agreement=89&agreementType=to&viewAgreementsOptions=true&view=agreement&viewBy=major&viewSendingAgreements=false&viewByKey=76%2F105%2Fto%2F89%2FMajor%2F37adebfb-6deb-4e42-34ac-08ddb349963e,76/105/to/89/Major/37adebfb-6deb-4e42-34ac-08ddb349963e
medium,missing_row,Check whether the missing row is a real course requirement or an ASSIST placeholder.,UCD,University of California Davis,Coastline Community College,fail,MAT 022A; MAT 022B,missing_row,missing raw CSV row,[['MATH C285 (5.00)']],,https://assist.org/transfer/results?year=76&institution=105&agreement=89&agreementType=to&viewAgreementsOptions=true&view=agreement&viewBy=major&viewSendingAgreements=false&viewByKey=76%2F105%2Fto%2F89%2FMajor%2F37adebfb-6deb-4e42-34ac-08ddb349963e,76/105/to/89/Major/37adebfb-6deb-4e42-34ac-08ddb349963e
medium,missing_row,Check whether the missing row is a real course requirement or an ASSIST placeholder.,UCD,University of California Davis,Coastline Community College,fail,MAT 027A,missing_row,missing raw CSV row,[['Not Articulated']],,https://assist.org/transfer/results?year=76&institution=105&agreement=89&agreementType=to&viewAgreementsOptions=true&view=agreement&viewBy=major&viewSendingAgreements=false&viewByKey=76%2F105%2Fto%2F89%2FMajor%2F37adebfb-6deb-4e42-34ac-08ddb349963e,76/105/to/89/Major/37adebfb-6deb-4e42-34ac-08ddb349963e
medium,missing_row,Check whether the missing row is a real course requirement or an ASSIST placeholder.,UCD,University of California Davis,Coastline Community College,fail,MAT 067,missing_row,missing raw CSV row,[['Not Articulated']],,https://assist.org/transfer/results?year=76&institution=105&agreement=89&agreementType=to&viewAgreementsOptions=true&view=agreement&viewBy=major&viewSendingAgreements=false&viewByKey=76%2F105%2Fto%2F89%2FMajor%2F37adebfb-6deb-4e42-34ac-08ddb349963e,76/105/to/89/Major/37adebfb-6deb-4e42-34ac-08ddb349963e
medium,missing_row,Check whether the missing row is a real course requirement or an ASSIST placeholder.,UCD,University of California Davis,Coastline Community College,fail,PHY 009A,missing_row,missing raw CSV row,[['PHYS C185 (4.00)']],,https://assist.org/transfer/results?year=76&institution=105&agreement=89&agreementType=to&viewAgreementsOptions=true&view=agreement&viewBy=major&viewSendingAgreements=false&viewByKey=76%2F105%2Fto%2F89%2FMajor%2F37adebfb-6deb-4e42-34ac-08ddb349963e,76/105/to/89/Major/37adebfb-6deb-4e42-34ac-08ddb349963e
medium,missing_row,Check whether the missing row is a real course requirement or an ASSIST placeholder.,UCD,University of California Davis,Chabot College,fail,PHY 009A; PHY 009B; PHY 009C,missing_row,missing raw CSV row,"[['PHYS 7A (5.00)', 'PHYS 7B (5.00)', 'PHYS 7C (5.00)']]",,https://assist.org/transfer/results?year=76&institution=96&agreement=89&agreementType=to&viewAgreementsOptions=true&view=agreement&viewBy=major&viewSendingAgreements=false&viewByKey=76%2F96%2Fto%2F89%2FMajor%2F37adebfb-6deb-4e42-34ac-08ddb349963e,76/96/to/89/Major/37adebfb-6deb-4e42-34ac-08ddb349963e
medium,missing_row,Check whether the missing row is a real course requirement or an ASSIST placeholder.,UCD,University of California Davis,Coastline Community College,fail,PHY 009B,missing_row,missing raw CSV row,[['Not Articulated']],,https://assist.org/transfer/results?year=76&institution=105&agreement=89&agreementType=to&viewAgreementsOptions=true&view=agreement&viewBy=major&viewSendingAgreements=false&viewByKey=76%2F105%2Fto%2F89%2FMajor%2F37adebfb-6deb-4e42-34ac-08ddb349963e,76/105/to/89/Major/37adebfb-6deb-4e42-34ac-08ddb349963e
medium,missing_row,Check whether the missing row is a real course requirement or an ASSIST placeholder.,UCD,University of California Davis,Coastline Community College,fail,PHY 009C,missing_row,missing raw CSV row,[['Not Articulated']],,https://assist.org/transfer/results?year=76&institution=105&agreement=89&agreementType=to&viewAgreementsOptions=true&view=agreement&viewBy=major&viewSendingAgreements=false&viewByKey=76%2F105%2Fto%2F89%2FMajor%2F37adebfb-6deb-4e42-34ac-08ddb349963e,76/105/to/89/Major/37adebfb-6deb-4e42-34ac-08ddb349963e
medium,missing_row,Check whether the missing row is a real course requirement or an ASSIST placeholder.,UCM,University of California Merced,Allan Hancock College,fail,EE 060,missing_row,missing raw CSV row,[['Not Articulated']],,https://assist.org/transfer/results?year=76&institution=110&agreement=144&agreementType=to&viewAgreementsOptions=true&view=agreement&viewBy=major&viewSendingAgreements=false&viewByKey=76%2F110%2Fto%2F144%2FMajor%2Fbe462cb5-458a-4c3d-5be5-08dd9e07c477,76/110/to/144/Major/be462cb5-458a-4c3d-5be5-08dd9e07c477
medium,missing_row,Check whether the missing row is a real course requirement or an ASSIST placeholder.,UCM,University of California Merced,American River College,fail,EE 060,missing_row,missing raw CSV row,[['Not Articulated']],,https://assist.org/transfer/results?year=76&institution=27&agreement=144&agreementType=to&viewAgreementsOptions=true&view=agreement&viewBy=major&viewSendingAgreements=false&viewByKey=76%2F27%2Fto%2F144%2FMajor%2Fbe462cb5-458a-4c3d-5be5-08dd9e07c477,76/27/to/144/Major/be462cb5-458a-4c3d-5be5-08dd9e07c477
medium,missing_row,Check whether the missing row is a real course requirement or an ASSIST placeholder.,UCM,University of California Merced,Antelope Valley College,fail,EE 060,missing_row,missing raw CSV row,[['Not Articulated']],,https://assist.org/transfer/results?year=76&institution=121&agreement=144&agreementType=to&viewAgreementsOptions=true&view=agreement&viewBy=major&viewSendingAgreements=false&viewByKey=76%2F121%2Fto%2F144%2FMajor%2Fbe462cb5-458a-4c3d-5be5-08dd9e07c477,76/121/to/144/Major/be462cb5-458a-4c3d-5be5-08dd9e07c477
medium,missing_row,Check whether the missing row is a real course requirement or an ASSIST placeholder.,UCM,University of California Merced,Bakersfield College,fail,EE 060,missing_row,missing raw CSV row,[['Not Articulated']],,https://assist.org/transfer/results?year=76&institution=84&agreement=144&agreementType=to&viewAgreementsOptions=true&view=agreement&viewBy=major&viewSendingAgreements=false&viewByKey=76%2F84%2Fto%2F144%2FMajor%2Fbe462cb5-458a-4c3d-5be5-08dd9e07c477,76/84/to/144/Major/be462cb5-458a-4c3d-5be5-08dd9e07c477
medium,missing_row,Check whether the missing row is a real course requirement or an ASSIST placeholder.,UCM,University of California Merced,Barstow Community College,fail,EE 060,missing_row,missing raw CSV row,[['Not Articulated']],,https://assist.org/transfer/results?year=76&institution=20&agreement=144&agreementType=to&viewAgreementsOptions=true&view=agreement&viewBy=major&viewSendingAgreements=false&viewByKey=76%2F20%2Fto%2F144%2FMajor%2Fbe462cb5-458a-4c3d-5be5-08dd9e07c477,76/20/to/144/Major/be462cb5-458a-4c3d-5be5-08dd9e07c477
medium,missing_row,Check whether the missing row is a real course requirement or an ASSIST placeholder.,UCM,University of California Merced,Berkeley City College,fail,EE 060,missing_row,missing raw CSV row,[['Not Articulated']],,https://assist.org/transfer/results?year=76&institution=58&agreement=144&agreementType=to&viewAgreementsOptions=true&view=agreement&viewBy=major&viewSendingAgreements=false&viewByKey=76%2F58%2Fto%2F144%2FMajor%2Fbe462cb5-458a-4c3d-5be5-08dd9e07c477,76/58/to/144/Major/be462cb5-458a-4c3d-5be5-08dd9e07c477
medium,missing_row,Check whether the missing row is a real course requirement or an ASSIST placeholder.,UCM,University of California Merced,Butte College,fail,EE 060,missing_row,missing raw CSV row,[['Not Articulated']],,https://assist.org/transfer/results?year=76&institution=8&agreement=144&agreementType=to&viewAgreementsOptions=true&view=agreement&viewBy=major&viewSendingAgreements=false&viewByKey=76%2F8%2Fto%2F144%2FMajor%2Fbe462cb5-458a-4c3d-5be5-08dd9e07c477,76/8/to/144/Major/be462cb5-458a-4c3d-5be5-08dd9e07c477
medium,missing_row,Check whether the missing row is a real course requirement or an ASSIST placeholder.,UCM,University of California Merced,Cabrillo College,fail,EE 060,missing_row,missing raw CSV row,[['Not Articulated']],,https://assist.org/transfer/results?year=76&institution=41&agreement=144&agreementType=to&viewAgreementsOptions=true&view=agreement&viewBy=major&viewSendingAgreements=false&viewByKey=76%2F41%2Fto%2F144%2FMajor%2Fbe462cb5-458a-4c3d-5be5-08dd9e07c477,76/41/to/144/Major/be462cb5-458a-4c3d-5be5-08dd9e07c477
medium,missing_row,Check whether the missing row is a real course requirement or an ASSIST placeholder.,UCM,University of California Merced,Canada College,fail,EE 060,missing_row,missing raw CSV row,[['Not Articulated']],,https://assist.org/transfer/results?year=76&institution=68&agreement=144&agreementType=to&viewAgreementsOptions=true&view=agreement&viewBy=major&viewSendingAgreements=false&viewByKey=76%2F68%2Fto%2F144%2FMajor%2Fbe462cb5-458a-4c3d-5be5-08dd9e07c477,76/68/to/144/Major/be462cb5-458a-4c3d-5be5-08dd9e07c477
medium,missing_row,Check whether the missing row is a real course requirement or an ASSIST placeholder.,UCM,University of California Merced,Cerritos College,fail,EE 060,missing_row,missing raw CSV row,[['Not Articulated']],,https://assist.org/transfer/results?year=76&institution=104&agreement=144&agreementType=to&viewAgreementsOptions=true&view=agreement&viewBy=major&viewSendingAgreements=false&viewByKey=76%2F104%2Fto%2F144%2FMajor%2Fbe462cb5-458a-4c3d-5be5-08dd9e07c477,76/104/to/144/Major/be462cb5-458a-4c3d-5be5-08dd9e07c477
medium,missing_row,Check whether the missing row is a real course requirement or an ASSIST placeholder.,UCM,University of California Merced,Cerro Coso Community College,fail,EE 060,missing_row,missing raw CSV row,[['Not Articulated']],,https://assist.org/transfer/results?year=76&institution=9&agreement=144&agreementType=to&viewAgreementsOptions=true&view=agreement&viewBy=major&viewSendingAgreements=false&viewByKey=76%2F9%2Fto%2F144%2FMajor%2Fbe462cb5-458a-4c3d-5be5-08dd9e07c477,76/9/to/144/Major/be462cb5-458a-4c3d-5be5-08dd9e07c477
medium,missing_row,Check whether the missing row is a real course requirement or an ASSIST placeholder.,UCM,University of California Merced,Chabot College,fail,EE 060,missing_row,missing raw CSV row,[['Not Articulated']],,https://assist.org/transfer/results?year=76&institution=96&agreement=144&agreementType=to&viewAgreementsOptions=true&view=agreement&viewBy=major&viewSendingAgreements=false&viewByKey=76%2F96%2Fto%2F144%2FMajor%2Fbe462cb5-458a-4c3d-5be5-08dd9e07c477,76/96/to/144/Major/be462cb5-458a-4c3d-5be5-08dd9e07c477
medium,missing_row,Check whether the missing row is a real course requirement or an ASSIST placeholder.,UCM,University of California Merced,Chaffey College,fail,EE 060,missing_row,missing raw CSV row,[['Not Articulated']],,https://assist.org/transfer/results?year=76&institution=69&agreement=144&agreementType=to&viewAgreementsOptions=true&view=agreement&viewBy=major&viewSendingAgreements=false&viewByKey=76%2F69%2Fto%2F144%2FMajor%2Fbe462cb5-458a-4c3d-5be5-08dd9e07c477,76/69/to/144/Major/be462cb5-458a-4c3d-5be5-08dd9e07c477
medium,missing_row,Check whether the missing row is a real course requirement or an ASSIST placeholder.,UCM,University of California Merced,Citrus College,fail,EE 060,missing_row,missing raw CSV row,[['Not Articulated']],,https://assist.org/transfer/results?year=76&institution=97&agreement=144&agreementType=to&viewAgreementsOptions=true&view=agreement&viewBy=major&viewSendingAgreements=false&viewByKey=76%2F97%2Fto%2F144%2FMajor%2Fbe462cb5-458a-4c3d-5be5-08dd9e07c477,76/97/to/144/Major/be462cb5-458a-4c3d-5be5-08dd9e07c477
medium,missing_row,Check whether the missing row is a real course requirement or an ASSIST placeholder.,UCM,University of California Merced,City College of San Francisco,fail,EE 060,missing_row,missing raw CSV row,[['Not Articulated']],,https://assist.org/transfer/results?year=76&institution=33&agreement=144&agreementType=to&viewAgreementsOptions=true&view=agreement&viewBy=major&viewSendingAgreements=false&viewByKey=76%2F33%2Fto%2F144%2FMajor%2Fbe462cb5-458a-4c3d-5be5-08dd9e07c477,76/33/to/144/Major/be462cb5-458a-4c3d-5be5-08dd9e07c477
medium,missing_row,Check whether the missing row is a real course requirement or an ASSIST placeholder.,UCM,University of California Merced,Clovis Community College,fail,EE 060,missing_row,missing raw CSV row,[['Not Articulated']],,https://assist.org/transfer/results?year=76&institution=150&agreement=144&agreementType=to&viewAgreementsOptions=true&view=agreement&viewBy=major&viewSendingAgreements=false&viewByKey=76%2F150%2Fto%2F144%2FMajor%2Fbe462cb5-458a-4c3d-5be5-08dd9e07c477,76/150/to/144/Major/be462cb5-458a-4c3d-5be5-08dd9e07c477
medium,missing_row,Check whether the missing row is a real course requirement or an ASSIST placeholder.,UCM,University of California Merced,College of Alameda,fail,EE 060,missing_row,missing raw CSV row,[['Not Articulated']],,https://assist.org/transfer/results?year=76&institution=111&agreement=144&agreementType=to&viewAgreementsOptions=true&view=agreement&viewBy=major&viewSendingAgreements=false&viewByKey=76%2F111%2Fto%2F144%2FMajor%2Fbe462cb5-458a-4c3d-5be5-08dd9e07c477,76/111/to/144/Major/be462cb5-458a-4c3d-5be5-08dd9e07c477
medium,missing_row,Check whether the missing row is a real course requirement or an ASSIST placeholder.,UCM,University of California Merced,College of Marin,fail,EE 060,missing_row,missing raw CSV row,[['Not Articulated']],,https://assist.org/transfer/results?year=76&institution=4&agreement=144&agreementType=to&viewAgreementsOptions=true&view=agreement&viewBy=major&viewSendingAgreements=false&viewByKey=76%2F4%2Fto%2F144%2FMajor%2Fbe462cb5-458a-4c3d-5be5-08dd9e07c477,76/4/to/144/Major/be462cb5-458a-4c3d-5be5-08dd9e07c477
medium,missing_row,Check whether the missing row is a real course requirement or an ASSIST placeholder.,UCM,University of California Merced,College of San Mateo,fail,EE 060,missing_row,missing raw CSV row,[['Not Articulated']],,https://assist.org/transfer/results?year=76&institution=5&agreement=144&agreementType=to&viewAgreementsOptions=true&view=agreement&viewBy=major&viewSendingAgreements=false&viewByKey=76%2F5%2Fto%2F144%2FMajor%2Fbe462cb5-458a-4c3d-5be5-08dd9e07c477,76/5/to/144/Major/be462cb5-458a-4c3d-5be5-08dd9e07c477
medium,missing_row,Check whether the missing row is a real course requirement or an ASSIST placeholder.,UCM,University of California Merced,College of the Canyons,fail,EE 060,missing_row,missing raw CSV row,[['Not Articulated']],,https://assist.org/transfer/results?year=76&institution=140&agreement=144&agreementType=to&viewAgreementsOptions=true&view=agreement&viewBy=major&viewSendingAgreements=false&viewByKey=76%2F140%2Fto%2F144%2FMajor%2Fbe462cb5-458a-4c3d-5be5-08dd9e07c477,76/140/to/144/Major/be462cb5-458a-4c3d-5be5-08dd9e07c477
medium,missing_row,Check whether the missing row is a real course requirement or an ASSIST placeholder.,UCM,University of California Merced,College of the Desert,fail,EE 060,missing_row,missing raw CSV row,[['Not Articulated']],,https://assist.org/transfer/results?year=76&institution=30&agreement=144&agreementType=to&viewAgreementsOptions=true&view=agreement&viewBy=major&viewSendingAgreements=false&viewByKey=76%2F30%2Fto%2F144%2FMajor%2Fbe462cb5-458a-4c3d-5be5-08dd9e07c477,76/30/to/144/Major/be462cb5-458a-4c3d-5be5-08dd9e07c477
medium,missing_row,Check whether the missing row is a real course requirement or an ASSIST placeholder.,UCM,University of California Merced,College of the Redwoods,fail,EE 060,missing_row,missing raw CSV row,[['Not Articulated']],,https://assist.org/transfer/results?year=76&institution=83&agreement=144&agreementType=to&viewAgreementsOptions=true&view=agreement&viewBy=major&viewSendingAgreements=false&viewByKey=76%2F83%2Fto%2F144%2FMajor%2Fbe462cb5-458a-4c3d-5be5-08dd9e07c477,76/83/to/144/Major/be462cb5-458a-4c3d-5be5-08dd9e07c477
medium,missing_row,Check whether the missing row is a real course requirement or an ASSIST placeholder.,UCM,University of California Merced,College of the Sequoias,fail,EE 060,missing_row,missing raw CSV row,[['Not Articulated']],,https://assist.org/transfer/results?year=76&institution=6&agreement=144&agreementType=to&viewAgreementsOptions=true&view=agreement&viewBy=major&viewSendingAgreements=false&viewByKey=76%2F6%2Fto%2F144%2FMajor%2Fbe462cb5-458a-4c3d-5be5-08dd9e07c477,76/6/to/144/Major/be462cb5-458a-4c3d-5be5-08dd9e07c477
medium,missing_row,Check whether the missing row is a real course requirement or an ASSIST placeholder.,UCM,University of California Merced,College of the Siskiyous,fail,EE 060,missing_row,missing raw CSV row,[['Not Articulated']],,https://assist.org/transfer/results?year=76&institution=102&agreement=144&agreementType=to&viewAgreementsOptions=true&view=agreement&viewBy=major&viewSendingAgreements=false&viewByKey=76%2F102%2Fto%2F144%2FMajor%2Fbe462cb5-458a-4c3d-5be5-08dd9e07c477,76/102/to/144/Major/be462cb5-458a-4c3d-5be5-08dd9e07c477
medium,missing_row,Check whether the missing row is a real course requirement or an ASSIST placeholder.,UCM,University of California Merced,Columbia College,fail,EE 060,missing_row,missing raw CSV row,[['Not Articulated']],,https://assist.org/transfer/results?year=76&institution=10&agreement=144&agreementType=to&viewAgreementsOptions=true&view=agreement&viewBy=major&viewSendingAgreements=false&viewByKey=76%2F10%2Fto%2F144%2FMajor%2Fbe462cb5-458a-4c3d-5be5-08dd9e07c477,76/10/to/144/Major/be462cb5-458a-4c3d-5be5-08dd9e07c477
medium,missing_row,Check whether the missing row is a real course requirement or an ASSIST placeholder.,UCM,University of California Merced,Compton College,fail,EE 060,missing_row,missing raw CSV row,[['Not Articulated']],,https://assist.org/transfer/results?year=76&institution=153&agreement=144&agreementType=to&viewAgreementsOptions=true&view=agreement&viewBy=major&viewSendingAgreements=false&viewByKey=76%2F153%2Fto%2F144%2FMajor%2Fbe462cb5-458a-4c3d-5be5-08dd9e07c477,76/153/to/144/Major/be462cb5-458a-4c3d-5be5-08dd9e07c477
medium,missing_row,Check whether the missing row is a real course requirement or an ASSIST placeholder.,UCM,University of California Merced,Contra Costa College,fail,EE 060,missing_row,missing raw CSV row,[['Not Articulated']],,https://assist.org/transfer/results?year=76&institution=28&agreement=144&agreementType=to&viewAgreementsOptions=true&view=agreement&viewBy=major&viewSendingAgreements=false&viewByKey=76%2F28%2Fto%2F144%2FMajor%2Fbe462cb5-458a-4c3d-5be5-08dd9e07c477,76/28/to/144/Major/be462cb5-458a-4c3d-5be5-08dd9e07c477
medium,missing_row,Check whether the missing row is a real course requirement or an ASSIST placeholder.,UCM,University of California Merced,Copper Mountain College,fail,EE 060,missing_row,missing raw CSV row,[['Not Articulated']],,https://assist.org/transfer/results?year=76&institution=112&agreement=144&agreementType=to&viewAgreementsOptions=true&view=agreement&viewBy=major&viewSendingAgreements=false&viewByKey=76%2F112%2Fto%2F144%2FMajor%2Fbe462cb5-458a-4c3d-5be5-08dd9e07c477,76/112/to/144/Major/be462cb5-458a-4c3d-5be5-08dd9e07c477
medium,missing_row,Check whether the missing row is a real course requirement or an ASSIST placeholder.,UCM,University of California Merced,Cosumnes River College,fail,EE 060,missing_row,missing raw CSV row,[['Not Articulated']],,https://assist.org/transfer/results?year=76&institution=142&agreement=144&agreementType=to&viewAgreementsOptions=true&view=agreement&viewBy=major&viewSendingAgreements=false&viewByKey=76%2F142%2Fto%2F144%2FMajor%2Fbe462cb5-458a-4c3d-5be5-08dd9e07c477,76/142/to/144/Major/be462cb5-458a-4c3d-5be5-08dd9e07c477
medium,missing_row,Check whether the missing row is a real course requirement or an ASSIST placeholder.,UCM,University of California Merced,Crafton Hills College,fail,EE 060,missing_row,missing raw CSV row,[['Not Articulated']],,https://assist.org/transfer/results?year=76&institution=70&agreement=144&agreementType=to&viewAgreementsOptions=true&view=agreement&viewBy=major&viewSendingAgreements=false&viewByKey=76%2F70%2Fto%2F144%2FMajor%2Fbe462cb5-458a-4c3d-5be5-08dd9e07c477,76/70/to/144/Major/be462cb5-458a-4c3d-5be5-08dd9e07c477
medium,missing_row,Check whether the missing row is a real course requirement or an ASSIST placeholder.,UCM,University of California Merced,Cuesta College,fail,EE 060,missing_row,missing raw CSV row,[['Not Articulated']],,https://assist.org/transfer/results?year=76&institution=16&agreement=144&agreementType=to&viewAgreementsOptions=true&view=agreement&viewBy=major&viewSendingAgreements=false&viewByKey=76%2F16%2Fto%2F144%2FMajor%2Fbe462cb5-458a-4c3d-5be5-08dd9e07c477,76/16/to/144/Major/be462cb5-458a-4c3d-5be5-08dd9e07c477
medium,missing_row,Check whether the missing row is a real course requirement or an ASSIST placeholder.,UCM,University of California Merced,Cuyamaca College,fail,EE 060,missing_row,missing raw CSV row,[['Not Articulated']],,https://assist.org/transfer/results?year=76&institution=99&agreement=144&agreementType=to&viewAgreementsOptions=true&view=agreement&viewBy=major&viewSendingAgreements=false&viewByKey=76%2F99%2Fto%2F144%2FMajor%2Fbe462cb5-458a-4c3d-5be5-08dd9e07c477,76/99/to/144/Major/be462cb5-458a-4c3d-5be5-08dd9e07c477
medium,missing_row,Check whether the missing row is a real course requirement or an ASSIST placeholder.,UCM,University of California Merced,Cypress College,fail,EE 060,missing_row,missing raw CSV row,[['Not Articulated']],,https://assist.org/transfer/results?year=76&institution=71&agreement=144&agreementType=to&viewAgreementsOptions=true&view=agreement&viewBy=major&viewSendingAgreements=false&viewByKey=76%2F71%2Fto%2F144%2FMajor%2Fbe462cb5-458a-4c3d-5be5-08dd9e07c477,76/71/to/144/Major/be462cb5-458a-4c3d-5be5-08dd9e07c477
medium,missing_row,Check whether the missing row is a real course requirement or an ASSIST placeholder.,UCM,University of California Merced,De Anza College,fail,EE 060,missing_row,missing raw CSV row,[['Not Articulated']],,https://assist.org/transfer/results?year=76&institution=113&agreement=144&agreementType=to&viewAgreementsOptions=true&view=agreement&viewBy=major&viewSendingAgreements=false&viewByKey=76%2F113%2Fto%2F144%2FMajor%2Fbe462cb5-458a-4c3d-5be5-08dd9e07c477,76/113/to/144/Major/be462cb5-458a-4c3d-5be5-08dd9e07c477
medium,missing_row,Check whether the missing row is a real course requirement or an ASSIST placeholder.,UCM,University of California Merced,Diablo Valley College,fail,EE 060,missing_row,missing raw CSV row,[['Not Articulated']],,https://assist.org/transfer/results?year=76&institution=114&agreement=144&agreementType=to&viewAgreementsOptions=true&view=agreement&viewBy=major&viewSendingAgreements=false&viewByKey=76%2F114%2Fto%2F144%2FMajor%2Fbe462cb5-458a-4c3d-5be5-08dd9e07c477,76/114/to/144/Major/be462cb5-458a-4c3d-5be5-08dd9e07c477
medium,missing_row,Check whether the missing row is a real course requirement or an ASSIST placeholder.,UCM,University of California Merced,East Los Angeles College,fail,EE 060,missing_row,missing raw CSV row,[['Not Articulated']],,https://assist.org/transfer/results?year=76&institution=118&agreement=144&agreementType=to&viewAgreementsOptions=true&view=agreement&viewBy=major&viewSendingAgreements=false&viewByKey=76%2F118%2Fto%2F144%2FMajor%2Fbe462cb5-458a-4c3d-5be5-08dd9e07c477,76/118/to/144/Major/be462cb5-458a-4c3d-5be5-08dd9e07c477
medium,missing_row,Check whether the missing row is a real course requirement or an ASSIST placeholder.,UCM,University of California Merced,El Camino College,fail,EE 060,missing_row,missing raw CSV row,[['Not Articulated']],,https://assist.org/transfer/results?year=76&institution=103&agreement=144&agreementType=to&viewAgreementsOptions=true&view=agreement&viewBy=major&viewSendingAgreements=false&viewByKey=76%2F103%2Fto%2F144%2FMajor%2Fbe462cb5-458a-4c3d-5be5-08dd9e07c477,76/103/to/144/Major/be462cb5-458a-4c3d-5be5-08dd9e07c477
medium,missing_row,Check whether the missing row is a real course requirement or an ASSIST placeholder.,UCM,University of California Merced,Evergreen Valley College,fail,EE 060,missing_row,missing raw CSV row,[['Not Articulated']],,https://assist.org/transfer/results?year=76&institution=2&agreement=144&agreementType=to&viewAgreementsOptions=true&view=agreement&viewBy=major&viewSendingAgreements=false&viewByKey=76%2F2%2Fto%2F144%2FMajor%2Fbe462cb5-458a-4c3d-5be5-08dd9e07c477,76/2/to/144/Major/be462cb5-458a-4c3d-5be5-08dd9e07c477
medium,missing_row,Check whether the missing row is a real course requirement or an ASSIST placeholder.,UCM,University of California Merced,Feather River College,fail,EE 060,missing_row,missing raw CSV row,[['Not Articulated']],,https://assist.org/transfer/results?year=76&institution=122&agreement=144&agreementType=to&viewAgreementsOptions=true&view=agreement&viewBy=major&viewSendingAgreements=false&viewByKey=76%2F122%2Fto%2F144%2FMajor%2Fbe462cb5-458a-4c3d-5be5-08dd9e07c477,76/122/to/144/Major/be462cb5-458a-4c3d-5be5-08dd9e07c477
medium,missing_row,Check whether the missing row is a real course requirement or an ASSIST placeholder.,UCM,University of California Merced,Folsom Lake College,fail,EE 060,missing_row,missing raw CSV row,[['Not Articulated']],,https://assist.org/transfer/results?year=76&institution=145&agreement=144&agreementType=to&viewAgreementsOptions=true&view=agreement&viewBy=major&viewSendingAgreements=false&viewByKey=76%2F145%2Fto%2F144%2FMajor%2Fbe462cb5-458a-4c3d-5be5-08dd9e07c477,76/145/to/144/Major/be462cb5-458a-4c3d-5be5-08dd9e07c477
medium,missing_row,Check whether the missing row is a real course requirement or an ASSIST placeholder.,UCM,University of California Merced,Foothill College,fail,EE 060,missing_row,missing raw CSV row,[['Not Articulated']],,https://assist.org/transfer/results?year=76&institution=51&agreement=144&agreementType=to&viewAgreementsOptions=true&view=agreement&viewBy=major&viewSendingAgreements=false&viewByKey=76%2F51%2Fto%2F144%2FMajor%2Fbe462cb5-458a-4c3d-5be5-08dd9e07c477,76/51/to/144/Major/be462cb5-458a-4c3d-5be5-08dd9e07c477
medium,missing_row,Check whether the missing row is a real course requirement or an ASSIST placeholder.,UCM,University of California Merced,Fresno City College,fail,EE 060,missing_row,missing raw CSV row,[['Not Articulated']],,https://assist.org/transfer/results?year=76&institution=35&agreement=144&agreementType=to&viewAgreementsOptions=true&view=agreement&viewBy=major&viewSendingAgreements=false&viewByKey=76%2F35%2Fto%2F144%2FMajor%2Fbe462cb5-458a-4c3d-5be5-08dd9e07c477,76/35/to/144/Major/be462cb5-458a-4c3d-5be5-08dd9e07c477
medium,missing_row,Check whether the missing row is a real course requirement or an ASSIST placeholder.,UCM,University of California Merced,Fullerton College,fail,EE 060,missing_row,missing raw CSV row,[['Not Articulated']],,https://assist.org/transfer/results?year=76&institution=134&agreement=144&agreementType=to&viewAgreementsOptions=true&view=agreement&viewBy=major&viewSendingAgreements=false&viewByKey=76%2F134%2Fto%2F144%2FMajor%2Fbe462cb5-458a-4c3d-5be5-08dd9e07c477,76/134/to/144/Major/be462cb5-458a-4c3d-5be5-08dd9e07c477
medium,missing_row,Check whether the missing row is a real course requirement or an ASSIST placeholder.,UCM,University of California Merced,Gavilan College,fail,EE 060,missing_row,missing raw CSV row,[['Not Articulated']],,https://assist.org/transfer/results?year=76&institution=72&agreement=144&agreementType=to&viewAgreementsOptions=true&view=agreement&viewBy=major&viewSendingAgreements=false&viewByKey=76%2F72%2Fto%2F144%2FMajor%2Fbe462cb5-458a-4c3d-5be5-08dd9e07c477,76/72/to/144/Major/be462cb5-458a-4c3d-5be5-08dd9e07c477
medium,missing_row,Check whether the missing row is a real course requirement or an ASSIST placeholder.,UCM,University of California Merced,Glendale Community College,fail,EE 060,missing_row,missing raw CSV row,[['Not Articulated']],,https://assist.org/transfer/results?year=76&institution=43&agreement=144&agreementType=to&viewAgreementsOptions=true&view=agreement&viewBy=major&viewSendingAgreements=false&viewByKey=76%2F43%2Fto%2F144%2FMajor%2Fbe462cb5-458a-4c3d-5be5-08dd9e07c477,76/43/to/144/Major/be462cb5-458a-4c3d-5be5-08dd9e07c477
medium,missing_row,Check whether the missing row is a real course requirement or an ASSIST placeholder.,UCM,University of California Merced,Golden West College,fail,EE 060,missing_row,missing raw CSV row,[['Not Articulated']],,https://assist.org/transfer/results?year=76&institution=55&agreement=144&agreementType=to&viewAgreementsOptions=true&view=agreement&viewBy=major&viewSendingAgreements=false&viewByKey=76%2F55%2Fto%2F144%2FMajor%2Fbe462cb5-458a-4c3d-5be5-08dd9e07c477,76/55/to/144/Major/be462cb5-458a-4c3d-5be5-08dd9e07c477
medium,missing_row,Check whether the missing row is a real course requirement or an ASSIST placeholder.,UCM,University of California Merced,Grossmont College,fail,EE 060,missing_row,missing raw CSV row,[['Not Articulated']],,https://assist.org/transfer/results?year=76&institution=106&agreement=144&agreementType=to&viewAgreementsOptions=true&view=agreement&viewBy=major&viewSendingAgreements=false&viewByKey=76%2F106%2Fto%2F144%2FMajor%2Fbe462cb5-458a-4c3d-5be5-08dd9e07c477,76/106/to/144/Major/be462cb5-458a-4c3d-5be5-08dd9e07c477
medium,missing_row,Check whether the missing row is a real course requirement or an ASSIST placeholder.,UCM,University of California Merced,Hartnell College,fail,EE 060,missing_row,missing raw CSV row,[['Not Articulated']],,https://assist.org/transfer/results?year=76&institution=123&agreement=144&agreementType=to&viewAgreementsOptions=true&view=agreement&viewBy=major&viewSendingAgreements=false&viewByKey=76%2F123%2Fto%2F144%2FMajor%2Fbe462cb5-458a-4c3d-5be5-08dd9e07c477,76/123/to/144/Major/be462cb5-458a-4c3d-5be5-08dd9e07c477
medium,missing_row,Check whether the missing row is a real course requirement or an ASSIST placeholder.,UCM,University of California Merced,Imperial Valley College,fail,EE 060,missing_row,missing raw CSV row,[['Not Articulated']],,https://assist.org/transfer/results?year=76&institution=107&agreement=144&agreementType=to&viewAgreementsOptions=true&view=agreement&viewBy=major&viewSendingAgreements=false&viewByKey=76%2F107%2Fto%2F144%2FMajor%2Fbe462cb5-458a-4c3d-5be5-08dd9e07c477,76/107/to/144/Major/be462cb5-458a-4c3d-5be5-08dd9e07c477
medium,missing_row,Check whether the missing row is a real course requirement or an ASSIST placeholder.,UCM,University of California Merced,Lake Tahoe Community College,fail,EE 060,missing_row,missing raw CSV row,[['Not Articulated']],,https://assist.org/transfer/results?year=76&institution=40&agreement=144&agreementType=to&viewAgreementsOptions=true&view=agreement&viewBy=major&viewSendingAgreements=false&viewByKey=76%2F40%2Fto%2F144%2FMajor%2Fbe462cb5-458a-4c3d-5be5-08dd9e07c477,76/40/to/144/Major/be462cb5-458a-4c3d-5be5-08dd9e07c477
medium,missing_row,Check whether the missing row is a real course requirement or an ASSIST placeholder.,UCM,University of California Merced,Laney College,fail,EE 060,missing_row,missing raw CSV row,[['Not Articulated']],,https://assist.org/transfer/results?year=76&institution=77&agreement=144&agreementType=to&viewAgreementsOptions=true&view=agreement&viewBy=major&viewSendingAgreements=false&viewByKey=76%2F77%2Fto%2F144%2FMajor%2Fbe462cb5-458a-4c3d-5be5-08dd9e07c477,76/77/to/144/Major/be462cb5-458a-4c3d-5be5-08dd9e07c477
medium,missing_row,Check whether the missing row is a real course requirement or an ASSIST placeholder.,UCM,University of California Merced,Las Positas College,fail,EE 060,missing_row,missing raw CSV row,[['Not Articulated']],,https://assist.org/transfer/results?year=76&institution=18&agreement=144&agreementType=to&viewAgreementsOptions=true&view=agreement&viewBy=major&viewSendingAgreements=false&viewByKey=76%2F18%2Fto%2F144%2FMajor%2Fbe462cb5-458a-4c3d-5be5-08dd9e07c477,76/18/to/144/Major/be462cb5-458a-4c3d-5be5-08dd9e07c477
medium,missing_row,Check whether the missing row is a real course requirement or an ASSIST placeholder.,UCM,University of California Merced,Lassen Community College,fail,EE 060,missing_row,missing raw CSV row,[['Not Articulated']],,https://assist.org/transfer/results?year=76&institution=82&agreement=144&agreementType=to&viewAgreementsOptions=true&view=agreement&viewBy=major&viewSendingAgreements=false&viewByKey=76%2F82%2Fto%2F144%2FMajor%2Fbe462cb5-458a-4c3d-5be5-08dd9e07c477,76/82/to/144/Major/be462cb5-458a-4c3d-5be5-08dd9e07c477
medium,missing_row,Check whether the missing row is a real course requirement or an ASSIST placeholder.,UCM,University of California Merced,Long Beach City College,fail,EE 060,missing_row,missing raw CSV row,[['Not Articulated']],,https://assist.org/transfer/results?year=76&institution=135&agreement=144&agreementType=to&viewAgreementsOptions=true&view=agreement&viewBy=major&viewSendingAgreements=false&viewByKey=76%2F135%2Fto%2F144%2FMajor%2Fbe462cb5-458a-4c3d-5be5-08dd9e07c477,76/135/to/144/Major/be462cb5-458a-4c3d-5be5-08dd9e07c477
medium,missing_row,Check whether the missing row is a real course requirement or an ASSIST placeholder.,UCM,University of California Merced,Los Angeles City College,fail,EE 060,missing_row,missing raw CSV row,[['Not Articulated']],,https://assist.org/transfer/results?year=76&institution=3&agreement=144&agreementType=to&viewAgreementsOptions=true&view=agreement&viewBy=major&viewSendingAgreements=false&viewByKey=76%2F3%2Fto%2F144%2FMajor%2Fbe462cb5-458a-4c3d-5be5-08dd9e07c477,76/3/to/144/Major/be462cb5-458a-4c3d-5be5-08dd9e07c477
medium,missing_row,Check whether the missing row is a real course requirement or an ASSIST placeholder.,UCM,University of California Merced,Los Angeles Harbor College,fail,EE 060,missing_row,missing raw CSV row,[['Not Articulated']],,https://assist.org/transfer/results?year=76&institution=31&agreement=144&agreementType=to&viewAgreementsOptions=true&view=agreement&viewBy=major&viewSendingAgreements=false&viewByKey=76%2F31%2Fto%2F144%2FMajor%2Fbe462cb5-458a-4c3d-5be5-08dd9e07c477,76/31/to/144/Major/be462cb5-458a-4c3d-5be5-08dd9e07c477
medium,missing_row,Check whether the missing row is a real course requirement or an ASSIST placeholder.,UCM,University of California Merced,Los Angeles Mission College,fail,EE 060,missing_row,missing raw CSV row,[['Not Articulated']],,https://assist.org/transfer/results?year=76&institution=47&agreement=144&agreementType=to&viewAgreementsOptions=true&view=agreement&viewBy=major&viewSendingAgreements=false&viewByKey=76%2F47%2Fto%2F144%2FMajor%2Fbe462cb5-458a-4c3d-5be5-08dd9e07c477,76/47/to/144/Major/be462cb5-458a-4c3d-5be5-08dd9e07c477
medium,missing_row,Check whether the missing row is a real course requirement or an ASSIST placeholder.,UCM,University of California Merced,Los Angeles Pierce College,fail,EE 060,missing_row,missing raw CSV row,[['Not Articulated']],,https://assist.org/transfer/results?year=76&institution=86&agreement=144&agreementType=to&viewAgreementsOptions=true&view=agreement&viewBy=major&viewSendingAgreements=false&viewByKey=76%2F86%2Fto%2F144%2FMajor%2Fbe462cb5-458a-4c3d-5be5-08dd9e07c477,76/86/to/144/Major/be462cb5-458a-4c3d-5be5-08dd9e07c477
medium,missing_row,Check whether the missing row is a real course requirement or an ASSIST placeholder.,UCM,University of California Merced,Los Angeles Southwest College,fail,EE 060,missing_row,missing raw CSV row,[['Not Articulated']],,https://assist.org/transfer/results?year=76&institution=130&agreement=144&agreementType=to&viewAgreementsOptions=true&view=agreement&viewBy=major&viewSendingAgreements=false&viewByKey=76%2F130%2Fto%2F144%2FMajor%2Fbe462cb5-458a-4c3d-5be5-08dd9e07c477,76/130/to/144/Major/be462cb5-458a-4c3d-5be5-08dd9e07c477
medium,missing_row,Check whether the missing row is a real course requirement or an ASSIST placeholder.,UCM,University of California Merced,Los Angeles Trade Technical College,fail,EE 060,missing_row,missing raw CSV row,[['Not Articulated']],,https://assist.org/transfer/results?year=76&institution=25&agreement=144&agreementType=to&viewAgreementsOptions=true&view=agreement&viewBy=major&viewSendingAgreements=false&viewByKey=76%2F25%2Fto%2F144%2FMajor%2Fbe462cb5-458a-4c3d-5be5-08dd9e07c477,76/25/to/144/Major/be462cb5-458a-4c3d-5be5-08dd9e07c477
medium,missing_row,Check whether the missing row is a real course requirement or an ASSIST placeholder.,UCM,University of California Merced,Los Angeles Valley College,fail,EE 060,missing_row,missing raw CSV row,[['Not Articulated']],,https://assist.org/transfer/results?year=76&institution=44&agreement=144&agreementType=to&viewAgreementsOptions=true&view=agreement&viewBy=major&viewSendingAgreements=false&viewByKey=76%2F44%2Fto%2F144%2FMajor%2Fbe462cb5-458a-4c3d-5be5-08dd9e07c477,76/44/to/144/Major/be462cb5-458a-4c3d-5be5-08dd9e07c477
medium,missing_row,Check whether the missing row is a real course requirement or an ASSIST placeholder.,UCM,University of California Merced,Los Medanos College,fail,EE 060,missing_row,missing raw CSV row,[['Not Articulated']],,https://assist.org/transfer/results?year=76&institution=61&agreement=144&agreementType=to&viewAgreementsOptions=true&view=agreement&viewBy=major&viewSendingAgreements=false&viewByKey=76%2F61%2Fto%2F144%2FMajor%2Fbe462cb5-458a-4c3d-5be5-08dd9e07c477,76/61/to/144/Major/be462cb5-458a-4c3d-5be5-08dd9e07c477
medium,missing_row,Check whether the missing row is a real course requirement or an ASSIST placeholder.,UCM,University of California Merced,Madera Community College,fail,EE 060,missing_row,missing raw CSV row,[['Not Articulated']],,https://assist.org/transfer/results?year=76&institution=200&agreement=144&agreementType=to&viewAgreementsOptions=true&view=agreement&viewBy=major&viewSendingAgreements=false&viewByKey=76%2F200%2Fto%2F144%2FMajor%2Fbe462cb5-458a-4c3d-5be5-08dd9e07c477,76/200/to/144/Major/be462cb5-458a-4c3d-5be5-08dd9e07c477
medium,missing_row,Check whether the missing row is a real course requirement or an ASSIST placeholder.,UCM,University of California Merced,Mendocino College,fail,EE 060,missing_row,missing raw CSV row,[['Not Articulated']],,https://assist.org/transfer/results?year=76&institution=100&agreement=144&agreementType=to&viewAgreementsOptions=true&view=agreement&viewBy=major&viewSendingAgreements=false&viewByKey=76%2F100%2Fto%2F144%2FMajor%2Fbe462cb5-458a-4c3d-5be5-08dd9e07c477,76/100/to/144/Major/be462cb5-458a-4c3d-5be5-08dd9e07c477
medium,missing_row,Check whether the missing row is a real course requirement or an ASSIST placeholder.,UCM,University of California Merced,Merritt College,fail,EE 060,missing_row,missing raw CSV row,[['Not Articulated']],,https://assist.org/transfer/results?year=76&institution=13&agreement=144&agreementType=to&viewAgreementsOptions=true&view=agreement&viewBy=major&viewSendingAgreements=false&viewByKey=76%2F13%2Fto%2F144%2FMajor%2Fbe462cb5-458a-4c3d-5be5-08dd9e07c477,76/13/to/144/Major/be462cb5-458a-4c3d-5be5-08dd9e07c477
medium,missing_row,Check whether the missing row is a real course requirement or an ASSIST placeholder.,UCM,University of California Merced,Modesto Junior College,fail,EE 060,missing_row,missing raw CSV row,[['Not Articulated']],,https://assist.org/transfer/results?year=76&institution=52&agreement=144&agreementType=to&viewAgreementsOptions=true&view=agreement&viewBy=major&viewSendingAgreements=false&viewByKey=76%2F52%2Fto%2F144%2FMajor%2Fbe462cb5-458a-4c3d-5be5-08dd9e07c477,76/52/to/144/Major/be462cb5-458a-4c3d-5be5-08dd9e07c477
medium,missing_row,Check whether the missing row is a real course requirement or an ASSIST placeholder.,UCM,University of California Merced,Monterey Peninsula College,fail,EE 060,missing_row,missing raw CSV row,[['Not Articulated']],,https://assist.org/transfer/results?year=76&institution=133&agreement=144&agreementType=to&viewAgreementsOptions=true&view=agreement&viewBy=major&viewSendingAgreements=false&viewByKey=76%2F133%2Fto%2F144%2FMajor%2Fbe462cb5-458a-4c3d-5be5-08dd9e07c477,76/133/to/144/Major/be462cb5-458a-4c3d-5be5-08dd9e07c477
medium,missing_row,Check whether the missing row is a real course requirement or an ASSIST placeholder.,UCM,University of California Merced,Moorpark College,fail,EE 060,missing_row,missing raw CSV row,[['Not Articulated']],,https://assist.org/transfer/results?year=76&institution=139&agreement=144&agreementType=to&viewAgreementsOptions=true&view=agreement&viewBy=major&viewSendingAgreements=false&viewByKey=76%2F139%2Fto%2F144%2FMajor%2Fbe462cb5-458a-4c3d-5be5-08dd9e07c477,76/139/to/144/Major/be462cb5-458a-4c3d-5be5-08dd9e07c477
medium,missing_row,Check whether the missing row is a real course requirement or an ASSIST placeholder.,UCM,University of California Merced,Moreno Valley College,fail,EE 060,missing_row,missing raw CSV row,[['Not Articulated']],,https://assist.org/transfer/results?year=76&institution=149&agreement=144&agreementType=to&viewAgreementsOptions=true&view=agreement&viewBy=major&viewSendingAgreements=false&viewByKey=76%2F149%2Fto%2F144%2FMajor%2Fbe462cb5-458a-4c3d-5be5-08dd9e07c477,76/149/to/144/Major/be462cb5-458a-4c3d-5be5-08dd9e07c477
medium,missing_row,Check whether the missing row is a real course requirement or an ASSIST placeholder.,UCM,University of California Merced,Mount San Antonio College,fail,EE 060,missing_row,missing raw CSV row,[['Not Articulated']],,https://assist.org/transfer/results?year=76&institution=62&agreement=144&agreementType=to&viewAgreementsOptions=true&view=agreement&viewBy=major&viewSendingAgreements=false&viewByKey=76%2F62%2Fto%2F144%2FMajor%2Fbe462cb5-458a-4c3d-5be5-08dd9e07c477,76/62/to/144/Major/be462cb5-458a-4c3d-5be5-08dd9e07c477
medium,missing_row,Check whether the missing row is a real course requirement or an ASSIST placeholder.,UCM,University of California Merced,Mt. San Jacinto College,fail,EE 060,missing_row,missing raw CSV row,[['Not Articulated']],,https://assist.org/transfer/results?year=76&institution=53&agreement=144&agreementType=to&viewAgreementsOptions=true&view=agreement&viewBy=major&viewSendingAgreements=false&viewByKey=76%2F53%2Fto%2F144%2FMajor%2Fbe462cb5-458a-4c3d-5be5-08dd9e07c477,76/53/to/144/Major/be462cb5-458a-4c3d-5be5-08dd9e07c477
medium,missing_row,Check whether the missing row is a real course requirement or an ASSIST placeholder.,UCM,University of California Merced,Napa Valley College,fail,EE 060,missing_row,missing raw CSV row,[['Not Articulated']],,https://assist.org/transfer/results?year=76&institution=73&agreement=144&agreementType=to&viewAgreementsOptions=true&view=agreement&viewBy=major&viewSendingAgreements=false&viewByKey=76%2F73%2Fto%2F144%2FMajor%2Fbe462cb5-458a-4c3d-5be5-08dd9e07c477,76/73/to/144/Major/be462cb5-458a-4c3d-5be5-08dd9e07c477
medium,missing_row,Check whether the missing row is a real course requirement or an ASSIST placeholder.,UCM,University of California Merced,Ohlone College,fail,EE 060,missing_row,missing raw CSV row,[['Not Articulated']],,https://assist.org/transfer/results?year=76&institution=48&agreement=144&agreementType=to&viewAgreementsOptions=true&view=agreement&viewBy=major&viewSendingAgreements=false&viewByKey=76%2F48%2Fto%2F144%2FMajor%2Fbe462cb5-458a-4c3d-5be5-08dd9e07c477,76/48/to/144/Major/be462cb5-458a-4c3d-5be5-08dd9e07c477
medium,missing_row,Check whether the missing row is a real course requirement or an ASSIST placeholder.,UCM,University of California Merced,Oxnard College,fail,EE 060,missing_row,missing raw CSV row,[['Not Articulated']],,https://assist.org/transfer/results?year=76&institution=87&agreement=144&agreementType=to&viewAgreementsOptions=true&view=agreement&viewBy=major&viewSendingAgreements=false&viewByKey=76%2F87%2Fto%2F144%2FMajor%2Fbe462cb5-458a-4c3d-5be5-08dd9e07c477,76/87/to/144/Major/be462cb5-458a-4c3d-5be5-08dd9e07c477
medium,missing_row,Check whether the missing row is a real course requirement or an ASSIST placeholder.,UCM,University of California Merced,Palo Verde College,fail,EE 060,missing_row,missing raw CSV row,[['Not Articulated']],,https://assist.org/transfer/results?year=76&institution=63&agreement=144&agreementType=to&viewAgreementsOptions=true&view=agreement&viewBy=major&viewSendingAgreements=false&viewByKey=76%2F63%2Fto%2F144%2FMajor%2Fbe462cb5-458a-4c3d-5be5-08dd9e07c477,76/63/to/144/Major/be462cb5-458a-4c3d-5be5-08dd9e07c477
medium,missing_row,Check whether the missing row is a real course requirement or an ASSIST placeholder.,UCM,University of California Merced,Palomar College,fail,EE 060,missing_row,missing raw CSV row,[['Not Articulated']],,https://assist.org/transfer/results?year=76&institution=56&agreement=144&agreementType=to&viewAgreementsOptions=true&view=agreement&viewBy=major&viewSendingAgreements=false&viewByKey=76%2F56%2Fto%2F144%2FMajor%2Fbe462cb5-458a-4c3d-5be5-08dd9e07c477,76/56/to/144/Major/be462cb5-458a-4c3d-5be5-08dd9e07c477
medium,missing_row,Check whether the missing row is a real course requirement or an ASSIST placeholder.,UCM,University of California Merced,Pasadena City College,fail,EE 060,missing_row,missing raw CSV row,[['Not Articulated']],,https://assist.org/transfer/results?year=76&institution=49&agreement=144&agreementType=to&viewAgreementsOptions=true&view=agreement&viewBy=major&viewSendingAgreements=false&viewByKey=76%2F49%2Fto%2F144%2FMajor%2Fbe462cb5-458a-4c3d-5be5-08dd9e07c477,76/49/to/144/Major/be462cb5-458a-4c3d-5be5-08dd9e07c477
medium,missing_row,Check whether the missing row is a real course requirement or an ASSIST placeholder.,UCM,University of California Merced,Porterville College,fail,EE 060,missing_row,missing raw CSV row,[['Not Articulated']],,https://assist.org/transfer/results?year=76&institution=125&agreement=144&agreementType=to&viewAgreementsOptions=true&view=agreement&viewBy=major&viewSendingAgreements=false&viewByKey=76%2F125%2Fto%2F144%2FMajor%2Fbe462cb5-458a-4c3d-5be5-08dd9e07c477,76/125/to/144/Major/be462cb5-458a-4c3d-5be5-08dd9e07c477
medium,missing_row,Check whether the missing row is a real course requirement or an ASSIST placeholder.,UCM,University of California Merced,Reedley College,fail,EE 060,missing_row,missing raw CSV row,[['Not Articulated']],,https://assist.org/transfer/results?year=76&institution=36&agreement=144&agreementType=to&viewAgreementsOptions=true&view=agreement&viewBy=major&viewSendingAgreements=false&viewByKey=76%2F36%2Fto%2F144%2FMajor%2Fbe462cb5-458a-4c3d-5be5-08dd9e07c477,76/36/to/144/Major/be462cb5-458a-4c3d-5be5-08dd9e07c477
medium,missing_row,Check whether the missing row is a real course requirement or an ASSIST placeholder.,UCM,University of California Merced,Riverside City College,fail,EE 060,missing_row,missing raw CSV row,[['Not Articulated']],,https://assist.org/transfer/results?year=76&institution=78&agreement=144&agreementType=to&viewAgreementsOptions=true&view=agreement&viewBy=major&viewSendingAgreements=false&viewByKey=76%2F78%2Fto%2F144%2FMajor%2Fbe462cb5-458a-4c3d-5be5-08dd9e07c477,76/78/to/144/Major/be462cb5-458a-4c3d-5be5-08dd9e07c477
medium,missing_row,Check whether the missing row is a real course requirement or an ASSIST placeholder.,UCM,University of California Merced,Sacramento City College,fail,EE 060,missing_row,missing raw CSV row,[['Not Articulated']],,https://assist.org/transfer/results?year=76&institution=126&agreement=144&agreementType=to&viewAgreementsOptions=true&view=agreement&viewBy=major&viewSendingAgreements=false&viewByKey=76%2F126%2Fto%2F144%2FMajor%2Fbe462cb5-458a-4c3d-5be5-08dd9e07c477,76/126/to/144/Major/be462cb5-458a-4c3d-5be5-08dd9e07c477
medium,missing_row,Check whether the missing row is a real course requirement or an ASSIST placeholder.,UCM,University of California Merced,Saddleback College,fail,EE 060,missing_row,missing raw CSV row,[['Not Articulated']],,https://assist.org/transfer/results?year=76&institution=65&agreement=144&agreementType=to&viewAgreementsOptions=true&view=agreement&viewBy=major&viewSendingAgreements=false&viewByKey=76%2F65%2Fto%2F144%2FMajor%2Fbe462cb5-458a-4c3d-5be5-08dd9e07c477,76/65/to/144/Major/be462cb5-458a-4c3d-5be5-08dd9e07c477
medium,missing_row,Check whether the missing row is a real course requirement or an ASSIST placeholder.,UCM,University of California Merced,San Bernardino Valley College,fail,EE 060,missing_row,missing raw CSV row,[['Not Articulated']],,https://assist.org/transfer/results?year=76&institution=131&agreement=144&agreementType=to&viewAgreementsOptions=true&view=agreement&viewBy=major&viewSendingAgreements=false&viewByKey=76%2F131%2Fto%2F144%2FMajor%2Fbe462cb5-458a-4c3d-5be5-08dd9e07c477,76/131/to/144/Major/be462cb5-458a-4c3d-5be5-08dd9e07c477
medium,missing_row,Check whether the missing row is a real course requirement or an ASSIST placeholder.,UCM,University of California Merced,San Diego City College,fail,EE 060,missing_row,missing raw CSV row,[['Not Articulated']],,https://assist.org/transfer/results?year=76&institution=54&agreement=144&agreementType=to&viewAgreementsOptions=true&view=agreement&viewBy=major&viewSendingAgreements=false&viewByKey=76%2F54%2Fto%2F144%2FMajor%2Fbe462cb5-458a-4c3d-5be5-08dd9e07c477,76/54/to/144/Major/be462cb5-458a-4c3d-5be5-08dd9e07c477
medium,missing_row,Check whether the missing row is a real course requirement or an ASSIST placeholder.,UCM,University of California Merced,San Diego Mesa College,fail,EE 060,missing_row,missing raw CSV row,[['Not Articulated']],,https://assist.org/transfer/results?year=76&institution=101&agreement=144&agreementType=to&viewAgreementsOptions=true&view=agreement&viewBy=major&viewSendingAgreements=false&viewByKey=76%2F101%2Fto%2F144%2FMajor%2Fbe462cb5-458a-4c3d-5be5-08dd9e07c477,76/101/to/144/Major/be462cb5-458a-4c3d-5be5-08dd9e07c477
medium,missing_row,Check whether the missing row is a real course requirement or an ASSIST placeholder.,UCM,University of California Merced,San Diego Miramar College,fail,EE 060,missing_row,missing raw CSV row,[['Not Articulated']],,https://assist.org/transfer/results?year=76&institution=45&agreement=144&agreementType=to&viewAgreementsOptions=true&view=agreement&viewBy=major&viewSendingAgreements=false&viewByKey=76%2F45%2Fto%2F144%2FMajor%2Fbe462cb5-458a-4c3d-5be5-08dd9e07c477,76/45/to/144/Major/be462cb5-458a-4c3d-5be5-08dd9e07c477
medium,missing_row,Check whether the missing row is a real course requirement or an ASSIST placeholder.,UCM,University of California Merced,San Joaquin Delta College,fail,EE 060,missing_row,missing raw CSV row,[['Not Articulated']],,https://assist.org/transfer/results?year=76&institution=109&agreement=144&agreementType=to&viewAgreementsOptions=true&view=agreement&viewBy=major&viewSendingAgreements=false&viewByKey=76%2F109%2Fto%2F144%2FMajor%2Fbe462cb5-458a-4c3d-5be5-08dd9e07c477,76/109/to/144/Major/be462cb5-458a-4c3d-5be5-08dd9e07c477
medium,missing_row,Check whether the missing row is a real course requirement or an ASSIST placeholder.,UCM,University of California Merced,San Jose City College,fail,EE 060,missing_row,missing raw CSV row,[['Not Articulated']],,https://assist.org/transfer/results?year=76&institution=136&agreement=144&agreementType=to&viewAgreementsOptions=true&view=agreement&viewBy=major&viewSendingAgreements=false&viewByKey=76%2F136%2Fto%2F144%2FMajor%2Fbe462cb5-458a-4c3d-5be5-08dd9e07c477,76/136/to/144/Major/be462cb5-458a-4c3d-5be5-08dd9e07c477
medium,missing_row,Check whether the missing row is a real course requirement or an ASSIST placeholder.,UCM,University of California Merced,Santa Ana College,fail,EE 060,missing_row,missing raw CSV row,[['Not Articulated']],,https://assist.org/transfer/results?year=76&institution=14&agreement=144&agreementType=to&viewAgreementsOptions=true&view=agreement&viewBy=major&viewSendingAgreements=false&viewByKey=76%2F14%2Fto%2F144%2FMajor%2Fbe462cb5-458a-4c3d-5be5-08dd9e07c477,76/14/to/144/Major/be462cb5-458a-4c3d-5be5-08dd9e07c477
medium,missing_row,Check whether the missing row is a real course requirement or an ASSIST placeholder.,UCM,University of California Merced,Santa Barbara City College,fail,EE 060,missing_row,missing raw CSV row,[['Not Articulated']],,https://assist.org/transfer/results?year=76&institution=92&agreement=144&agreementType=to&viewAgreementsOptions=true&view=agreement&viewBy=major&viewSendingAgreements=false&viewByKey=76%2F92%2Fto%2F144%2FMajor%2Fbe462cb5-458a-4c3d-5be5-08dd9e07c477,76/92/to/144/Major/be462cb5-458a-4c3d-5be5-08dd9e07c477
medium,missing_row,Check whether the missing row is a real course requirement or an ASSIST placeholder.,UCM,University of California Merced,Santa Rosa Junior College,fail,EE 060,missing_row,missing raw CSV row,[['Not Articulated']],,https://assist.org/transfer/results?year=76&institution=57&agreement=144&agreementType=to&viewAgreementsOptions=true&view=agreement&viewBy=major&viewSendingAgreements=false&viewByKey=76%2F57%2Fto%2F144%2FMajor%2Fbe462cb5-458a-4c3d-5be5-08dd9e07c477,76/57/to/144/Major/be462cb5-458a-4c3d-5be5-08dd9e07c477
medium,missing_row,Check whether the missing row is a real course requirement or an ASSIST placeholder.,UCM,University of California Merced,Santiago Canyon College,fail,EE 060,missing_row,missing raw CSV row,[['Not Articulated']],,https://assist.org/transfer/results?year=76&institution=66&agreement=144&agreementType=to&viewAgreementsOptions=true&view=agreement&viewBy=major&viewSendingAgreements=false&viewByKey=76%2F66%2Fto%2F144%2FMajor%2Fbe462cb5-458a-4c3d-5be5-08dd9e07c477,76/66/to/144/Major/be462cb5-458a-4c3d-5be5-08dd9e07c477
medium,missing_row,Check whether the missing row is a real course requirement or an ASSIST placeholder.,UCM,University of California Merced,Shasta College,fail,EE 060,missing_row,missing raw CSV row,[['Not Articulated']],,https://assist.org/transfer/results?year=76&institution=38&agreement=144&agreementType=to&viewAgreementsOptions=true&view=agreement&viewBy=major&viewSendingAgreements=false&viewByKey=76%2F38%2Fto%2F144%2FMajor%2Fbe462cb5-458a-4c3d-5be5-08dd9e07c477,76/38/to/144/Major/be462cb5-458a-4c3d-5be5-08dd9e07c477
medium,missing_row,Check whether the missing row is a real course requirement or an ASSIST placeholder.,UCM,University of California Merced,Sierra College,fail,EE 060,missing_row,missing raw CSV row,[['Not Articulated']],,https://assist.org/transfer/results?year=76&institution=93&agreement=144&agreementType=to&viewAgreementsOptions=true&view=agreement&viewBy=major&viewSendingAgreements=false&viewByKey=76%2F93%2Fto%2F144%2FMajor%2Fbe462cb5-458a-4c3d-5be5-08dd9e07c477,76/93/to/144/Major/be462cb5-458a-4c3d-5be5-08dd9e07c477
medium,missing_row,Check whether the missing row is a real course requirement or an ASSIST placeholder.,UCM,University of California Merced,Skyline College,fail,EE 060,missing_row,missing raw CSV row,[['Not Articulated']],,https://assist.org/transfer/results?year=76&institution=127&agreement=144&agreementType=to&viewAgreementsOptions=true&view=agreement&viewBy=major&viewSendingAgreements=false&viewByKey=76%2F127%2Fto%2F144%2FMajor%2Fbe462cb5-458a-4c3d-5be5-08dd9e07c477,76/127/to/144/Major/be462cb5-458a-4c3d-5be5-08dd9e07c477
medium,missing_row,Check whether the missing row is a real course requirement or an ASSIST placeholder.,UCM,University of California Merced,Solano Community College,fail,EE 060,missing_row,missing raw CSV row,[['Not Articulated']],,https://assist.org/transfer/results?year=76&institution=94&agreement=144&agreementType=to&viewAgreementsOptions=true&view=agreement&viewBy=major&viewSendingAgreements=false&viewByKey=76%2F94%2Fto%2F144%2FMajor%2Fbe462cb5-458a-4c3d-5be5-08dd9e07c477,76/94/to/144/Major/be462cb5-458a-4c3d-5be5-08dd9e07c477
medium,missing_row,Check whether the missing row is a real course requirement or an ASSIST placeholder.,UCM,University of California Merced,Southwestern College,fail,EE 060,missing_row,missing raw CSV row,[['Not Articulated']],,https://assist.org/transfer/results?year=76&institution=138&agreement=144&agreementType=to&viewAgreementsOptions=true&view=agreement&viewBy=major&viewSendingAgreements=false&viewByKey=76%2F138%2Fto%2F144%2FMajor%2Fbe462cb5-458a-4c3d-5be5-08dd9e07c477,76/138/to/144/Major/be462cb5-458a-4c3d-5be5-08dd9e07c477
medium,missing_row,Check whether the missing row is a real course requirement or an ASSIST placeholder.,UCM,University of California Merced,Taft College,fail,EE 060,missing_row,missing raw CSV row,[['Not Articulated']],,https://assist.org/transfer/results?year=76&institution=119&agreement=144&agreementType=to&viewAgreementsOptions=true&view=agreement&viewBy=major&viewSendingAgreements=false&viewByKey=76%2F119%2Fto%2F144%2FMajor%2Fbe462cb5-458a-4c3d-5be5-08dd9e07c477,76/119/to/144/Major/be462cb5-458a-4c3d-5be5-08dd9e07c477
medium,missing_row,Check whether the missing row is a real course requirement or an ASSIST placeholder.,UCM,University of California Merced,Victor Valley College,fail,EE 060,missing_row,missing raw CSV row,[['Not Articulated']],,https://assist.org/transfer/results?year=76&institution=19&agreement=144&agreementType=to&viewAgreementsOptions=true&view=agreement&viewBy=major&viewSendingAgreements=false&viewByKey=76%2F19%2Fto%2F144%2FMajor%2Fbe462cb5-458a-4c3d-5be5-08dd9e07c477,76/19/to/144/Major/be462cb5-458a-4c3d-5be5-08dd9e07c477
medium,missing_row,Check whether the missing row is a real course requirement or an ASSIST placeholder.,UCM,University of California Merced,West Hills College Coalinga,fail,EE 060,missing_row,missing raw CSV row,[['Not Articulated']],,https://assist.org/transfer/results?year=76&institution=67&agreement=144&agreementType=to&viewAgreementsOptions=true&view=agreement&viewBy=major&viewSendingAgreements=false&viewByKey=76%2F67%2Fto%2F144%2FMajor%2Fbe462cb5-458a-4c3d-5be5-08dd9e07c477,76/67/to/144/Major/be462cb5-458a-4c3d-5be5-08dd9e07c477
medium,missing_row,Check whether the missing row is a real course requirement or an ASSIST placeholder.,UCM,University of California Merced,West Hills College Lemoore,fail,EE 060,missing_row,missing raw CSV row,[['Not Articulated']],,https://assist.org/transfer/results?year=76&institution=146&agreement=144&agreementType=to&viewAgreementsOptions=true&view=agreement&viewBy=major&viewSendingAgreements=false&viewByKey=76%2F146%2Fto%2F144%2FMajor%2Fbe462cb5-458a-4c3d-5be5-08dd9e07c477,76/146/to/144/Major/be462cb5-458a-4c3d-5be5-08dd9e07c477
medium,missing_row,Check whether the missing row is a real course requirement or an ASSIST placeholder.,UCM,University of California Merced,West Los Angeles College,fail,EE 060,missing_row,missing raw CSV row,[['Not Articulated']],,https://assist.org/transfer/results?year=76&institution=91&agreement=144&agreementType=to&viewAgreementsOptions=true&view=agreement&viewBy=major&viewSendingAgreements=false&viewByKey=76%2F91%2Fto%2F144%2FMajor%2Fbe462cb5-458a-4c3d-5be5-08dd9e07c477,76/91/to/144/Major/be462cb5-458a-4c3d-5be5-08dd9e07c477
medium,missing_row,Check whether the missing row is a real course requirement or an ASSIST placeholder.,UCM,University of California Merced,West Valley College,fail,EE 060,missing_row,missing raw CSV row,[['Not Articulated']],,https://assist.org/transfer/results?year=76&institution=80&agreement=144&agreementType=to&viewAgreementsOptions=true&view=agreement&viewBy=major&viewSendingAgreements=false&viewByKey=76%2F80%2Fto%2F144%2FMajor%2Fbe462cb5-458a-4c3d-5be5-08dd9e07c477,76/80/to/144/Major/be462cb5-458a-4c3d-5be5-08dd9e07c477
medium,missing_row,Check whether the missing row is a real course requirement or an ASSIST placeholder.,UCM,University of California Merced,Woodland Community College,fail,EE 060,missing_row,missing raw CSV row,[['Not Articulated']],,https://assist.org/transfer/results?year=76&institution=147&agreement=144&agreementType=to&viewAgreementsOptions=true&view=agreement&viewBy=major&viewSendingAgreements=false&viewByKey=76%2F147%2Fto%2F144%2FMajor%2Fbe462cb5-458a-4c3d-5be5-08dd9e07c477,76/147/to/144/Major/be462cb5-458a-4c3d-5be5-08dd9e07c477
medium,missing_row,Check whether the missing row is a real course requirement or an ASSIST placeholder.,UCM,University of California Merced,Yuba College,fail,EE 060,missing_row,missing raw CSV row,[['Not Articulated']],,https://assist.org/transfer/results?year=76&institution=90&agreement=144&agreementType=to&viewAgreementsOptions=true&view=agreement&viewBy=major&viewSendingAgreements=false&viewByKey=76%2F90%2Fto%2F144%2FMajor%2Fbe462cb5-458a-4c3d-5be5-08dd9e07c477,76/90/to/144/Major/be462cb5-458a-4c3d-5be5-08dd9e07c477
low,duplicate_receiving_label,Check whether ASSIST repeats the same receiving course in multiple contexts; usually lower priority than grouping errors.,UCB,University of California Berkeley,Chabot College,fail,PHYSICS 7A; PHYSICS 7B; PHYSICS 7C,duplicate_merged_row,duplicate raw CSV receiving row,2,,https://assist.org/transfer/results?year=76&institution=96&agreement=79&agreementType=to&viewAgreementsOptions=true&view=agreement&viewBy=major&viewSendingAgreements=false&viewByKey=76%2F96%2Fto%2F79%2FMajor%2F7d01fb7b-2afa-460e-ace0-08ddbf3f4ee7,76/96/to/79/Major/7d01fb7b-2afa-460e-ace0-08ddbf3f4ee7
low,duplicate_receiving_label,Check whether ASSIST repeats the same receiving course in multiple contexts; usually lower priority than grouping errors.,UCB,University of California Berkeley,Chabot College,fail,PHYSICS 7A; PHYSICS 7B; PHYSICS 7C,duplicate_merged_row,duplicate ASSIST receiving row,multiple ASSIST articulation rows normalize to the same receiving course,,https://assist.org/transfer/results?year=76&institution=96&agreement=79&agreementType=to&viewAgreementsOptions=true&view=agreement&viewBy=major&viewSendingAgreements=false&viewByKey=76%2F96%2Fto%2F79%2FMajor%2F7d01fb7b-2afa-460e-ace0-08ddbf3f4ee7,76/96/to/79/Major/7d01fb7b-2afa-460e-ace0-08ddbf3f4ee7
low,duplicate_receiving_label,Check whether ASSIST repeats the same receiving course in multiple contexts; usually lower priority than grouping errors.,UCB,University of California Berkeley,Compton College,fail,PHYSICS 7A; PHYSICS 7B; PHYSICS 7C,duplicate_merged_row,duplicate raw CSV receiving row,2,,https://assist.org/transfer/results?year=76&institution=153&agreement=79&agreementType=to&viewAgreementsOptions=true&view=agreement&viewBy=major&viewSendingAgreements=false&viewByKey=76%2F153%2Fto%2F79%2FMajor%2F7d01fb7b-2afa-460e-ace0-08ddbf3f4ee7,76/153/to/79/Major/7d01fb7b-2afa-460e-ace0-08ddbf3f4ee7
low,duplicate_receiving_label,Check whether ASSIST repeats the same receiving course in multiple contexts; usually lower priority than grouping errors.,UCB,University of California Berkeley,Compton College,fail,PHYSICS 7A; PHYSICS 7B; PHYSICS 7C,duplicate_merged_row,duplicate ASSIST receiving row,multiple ASSIST articulation rows normalize to the same receiving course,,https://assist.org/transfer/results?year=76&institution=153&agreement=79&agreementType=to&viewAgreementsOptions=true&view=agreement&viewBy=major&viewSendingAgreements=false&viewByKey=76%2F153%2Fto%2F79%2FMajor%2F7d01fb7b-2afa-460e-ace0-08ddbf3f4ee7,76/153/to/79/Major/7d01fb7b-2afa-460e-ace0-08ddbf3f4ee7
low,duplicate_receiving_label,Check whether ASSIST repeats the same receiving course in multiple contexts; usually lower priority than grouping errors.,UCB,University of California Berkeley,Los Angeles City College,fail,PHYSICS 7A; PHYSICS 7B; PHYSICS 7C,duplicate_merged_row,duplicate raw CSV receiving row,2,,https://assist.org/transfer/results?year=76&institution=3&agreement=79&agreementType=to&viewAgreementsOptions=true&view=agreement&viewBy=major&viewSendingAgreements=false&viewByKey=76%2F3%2Fto%2F79%2FMajor%2F7d01fb7b-2afa-460e-ace0-08ddbf3f4ee7,76/3/to/79/Major/7d01fb7b-2afa-460e-ace0-08ddbf3f4ee7
low,duplicate_receiving_label,Check whether ASSIST repeats the same receiving course in multiple contexts; usually lower priority than grouping errors.,UCB,University of California Berkeley,Los Angeles City College,fail,PHYSICS 7A; PHYSICS 7B; PHYSICS 7C,duplicate_merged_row,duplicate ASSIST receiving row,multiple ASSIST articulation rows normalize to the same receiving course,,https://assist.org/transfer/results?year=76&institution=3&agreement=79&agreementType=to&viewAgreementsOptions=true&view=agreement&viewBy=major&viewSendingAgreements=false&viewByKey=76%2F3%2Fto%2F79%2FMajor%2F7d01fb7b-2afa-460e-ace0-08ddbf3f4ee7,76/3/to/79/Major/7d01fb7b-2afa-460e-ace0-08ddbf3f4ee7
low,duplicate_receiving_label,Check whether ASSIST repeats the same receiving course in multiple contexts; usually lower priority than grouping errors.,UCB,University of California Berkeley,West Los Angeles College,fail,PHYSICS 7A; PHYSICS 7B; PHYSICS 7C,duplicate_merged_row,duplicate raw CSV receiving row,2,,https://assist.org/transfer/results?year=76&institution=91&agreement=79&agreementType=to&viewAgreementsOptions=true&view=agreement&viewBy=major&viewSendingAgreements=false&viewByKey=76%2F91%2Fto%2F79%2FMajor%2F7d01fb7b-2afa-460e-ace0-08ddbf3f4ee7,76/91/to/79/Major/7d01fb7b-2afa-460e-ace0-08ddbf3f4ee7
low,duplicate_receiving_label,Check whether ASSIST repeats the same receiving course in multiple contexts; usually lower priority than grouping errors.,UCB,University of California Berkeley,West Los Angeles College,fail,PHYSICS 7A; PHYSICS 7B; PHYSICS 7C,duplicate_merged_row,duplicate ASSIST receiving row,multiple ASSIST articulation rows normalize to the same receiving course,,https://assist.org/transfer/results?year=76&institution=91&agreement=79&agreementType=to&viewAgreementsOptions=true&view=agreement&viewBy=major&viewSendingAgreements=false&viewByKey=76%2F91%2Fto%2F79%2FMajor%2F7d01fb7b-2afa-460e-ace0-08ddbf3f4ee7,76/91/to/79/Major/7d01fb7b-2afa-460e-ace0-08ddbf3f4ee7
low,option_order_only,No articulation meaning change; normalize option order in verifier/exporter if desired.,UCB,University of California Berkeley,Coastline Community College,fail,CHEM 1A; CHEM 1AL,sending_options_mismatch,sending options differ,"[['CHEM C130 (4.00)'], ['CHEM C180 (4.00)', 'CHEM C180L (1.00)']]","[['CHEM C180 (4.00)', 'CHEM C180L (1.00)'], ['CHEM C130 (4.00)']]",https://assist.org/transfer/results?year=76&institution=105&agreement=79&agreementType=to&viewAgreementsOptions=true&view=agreement&viewBy=major&viewSendingAgreements=false&viewByKey=76%2F105%2Fto%2F79%2FMajor%2F7d01fb7b-2afa-460e-ace0-08ddbf3f4ee7,76/105/to/79/Major/7d01fb7b-2afa-460e-ace0-08ddbf3f4ee7
low,option_order_only,No articulation meaning change; normalize option order in verifier/exporter if desired.,UCB,University of California Berkeley,Diablo Valley College,fail,COMPSCI 61A,sending_options_mismatch,sending options differ,"[['COMSC 140 (3.00)'], ['COMSC 240 (3.00)', 'MATH 192 (5.00)']]","[['COMSC 240 (3.00)', 'MATH 192 (5.00)'], ['COMSC 140 (3.00)']]",https://assist.org/transfer/results?year=76&institution=114&agreement=79&agreementType=to&viewAgreementsOptions=true&view=agreement&viewBy=major&viewSendingAgreements=false&viewByKey=76%2F114%2Fto%2F79%2FMajor%2F7d01fb7b-2afa-460e-ace0-08ddbf3f4ee7,76/114/to/79/Major/7d01fb7b-2afa-460e-ace0-08ddbf3f4ee7
low,option_order_only,No articulation meaning change; normalize option order in verifier/exporter if desired.,UCB,University of California Berkeley,Palomar College,fail,MATH 52,sending_options_mismatch,sending options differ,"[['MATH 141 (4.00)'], ['MATH 141E (4.00)', 'MATH 206 (4.00)']]","[['MATH 141E (4.00)', 'MATH 206 (4.00)'], ['MATH 141 (4.00)']]",https://assist.org/transfer/results?year=76&institution=56&agreement=79&agreementType=to&viewAgreementsOptions=true&view=agreement&viewBy=major&viewSendingAgreements=false&viewByKey=76%2F56%2Fto%2F79%2FMajor%2F7d01fb7b-2afa-460e-ace0-08ddbf3f4ee7,76/56/to/79/Major/7d01fb7b-2afa-460e-ace0-08ddbf3f4ee7
low,option_order_only,No articulation meaning change; normalize option order in verifier/exporter if desired.,UCB,University of California Berkeley,City College of San Francisco,fail,MATH 54,sending_options_mismatch,sending options differ,"[['MATH 130 (5.00)'], ['MATH 120 (3.00)', 'MATH 125 (3.00)']]","[['MATH 120 (3.00)', 'MATH 125 (3.00)'], ['MATH 130 (5.00)']]",https://assist.org/transfer/results?year=76&institution=33&agreement=79&agreementType=to&viewAgreementsOptions=true&view=agreement&viewBy=major&viewSendingAgreements=false&viewByKey=76%2F33%2Fto%2F79%2FMajor%2F7d01fb7b-2afa-460e-ace0-08ddbf3f4ee7,76/33/to/79/Major/7d01fb7b-2afa-460e-ace0-08ddbf3f4ee7
low,option_order_only,No articulation meaning change; normalize option order in verifier/exporter if desired.,UCB,University of California Berkeley,Fullerton College,fail,MATH 54,sending_options_mismatch,sending options differ,"[['MATH 252 F (4.00)'], ['MATH 255 F (3.00)', 'MATH 260 F (3.00)']]","[['MATH 255 F (3.00)', 'MATH 260 F (3.00)'], ['MATH 252 F (4.00)']]",https://assist.org/transfer/results?year=76&institution=134&agreement=79&agreementType=to&viewAgreementsOptions=true&view=agreement&viewBy=major&viewSendingAgreements=false&viewByKey=76%2F134%2Fto%2F79%2FMajor%2F7d01fb7b-2afa-460e-ace0-08ddbf3f4ee7,76/134/to/79/Major/7d01fb7b-2afa-460e-ace0-08ddbf3f4ee7
low,option_order_only,No articulation meaning change; normalize option order in verifier/exporter if desired.,UCB,University of California Berkeley,Mount San Antonio College,fail,MATH 54,sending_options_mismatch,sending options differ,"[['ENGR 285 (4.00)'], ['MATH 285 (5.00)'], ['MATH 260 (3.00)', 'MATH 290 (4.00)']]","[['MATH 260 (3.00)', 'MATH 290 (4.00)'], ['ENGR 285 (4.00)'], ['MATH 285 (5.00)']]",https://assist.org/transfer/results?year=76&institution=62&agreement=79&agreementType=to&viewAgreementsOptions=true&view=agreement&viewBy=major&viewSendingAgreements=false&viewByKey=76%2F62%2Fto%2F79%2FMajor%2F7d01fb7b-2afa-460e-ace0-08ddbf3f4ee7,76/62/to/79/Major/7d01fb7b-2afa-460e-ace0-08ddbf3f4ee7
low,option_order_only,No articulation meaning change; normalize option order in verifier/exporter if desired.,UCB,University of California Berkeley,Fresno City College,fail,MCELLBI 32; MCELLBI 32L,sending_options_mismatch,sending options differ,"[['BIOL 22 (5.00)'], ['BIOL 21A (4.00)', 'BIOL 21B (5.00)']]","[['BIOL 21A (4.00)', 'BIOL 21B (5.00)'], ['BIOL 22 (5.00)']]",https://assist.org/transfer/results?year=76&institution=35&agreement=79&agreementType=to&viewAgreementsOptions=true&view=agreement&viewBy=major&viewSendingAgreements=false&viewByKey=76%2F35%2Fto%2F79%2FMajor%2F7d01fb7b-2afa-460e-ace0-08ddbf3f4ee7,76/35/to/79/Major/7d01fb7b-2afa-460e-ace0-08ddbf3f4ee7
low,option_order_only,No articulation meaning change; normalize option order in verifier/exporter if desired.,UCB,University of California Berkeley,Merritt College,fail,MCELLBI 32; MCELLBI 32L,sending_options_mismatch,sending options differ,"[['BIOL 4 (5.00)'], ['BIOL 20A (5.00)', 'BIOL 20B (5.00)']]","[['BIOL 20A (5.00)', 'BIOL 20B (5.00)'], ['BIOL 4 (5.00)']]",https://assist.org/transfer/results?year=76&institution=13&agreement=79&agreementType=to&viewAgreementsOptions=true&view=agreement&viewBy=major&viewSendingAgreements=false&viewByKey=76%2F13%2Fto%2F79%2FMajor%2F7d01fb7b-2afa-460e-ace0-08ddbf3f4ee7,76/13/to/79/Major/7d01fb7b-2afa-460e-ace0-08ddbf3f4ee7
low,duplicate_receiving_label,Check whether ASSIST repeats the same receiving course in multiple contexts; usually lower priority than grouping errors.,UCD,University of California Davis,Santa Barbara City College,fail,ECS 020,duplicate_merged_row,duplicate raw CSV receiving row,2,,https://assist.org/transfer/results?year=76&institution=92&agreement=89&agreementType=to&viewAgreementsOptions=true&view=agreement&viewBy=major&viewSendingAgreements=false&viewByKey=76%2F92%2Fto%2F89%2FMajor%2F37adebfb-6deb-4e42-34ac-08ddb349963e,76/92/to/89/Major/37adebfb-6deb-4e42-34ac-08ddb349963e
low,duplicate_receiving_label,Check whether ASSIST repeats the same receiving course in multiple contexts; usually lower priority than grouping errors.,UCD,University of California Davis,Santa Barbara City College,fail,ECS 020,duplicate_merged_row,duplicate ASSIST receiving row,multiple ASSIST articulation rows normalize to the same receiving course,,https://assist.org/transfer/results?year=76&institution=92&agreement=89&agreementType=to&viewAgreementsOptions=true&view=agreement&viewBy=major&viewSendingAgreements=false&viewByKey=76%2F92%2Fto%2F89%2FMajor%2F37adebfb-6deb-4e42-34ac-08ddb349963e,76/92/to/89/Major/37adebfb-6deb-4e42-34ac-08ddb349963e
low,duplicate_receiving_label,Check whether ASSIST repeats the same receiving course in multiple contexts; usually lower priority than grouping errors.,UCD,University of California Davis,Santa Barbara City College,fail,ECS 050,duplicate_merged_row,duplicate raw CSV receiving row,2,,https://assist.org/transfer/results?year=76&institution=92&agreement=89&agreementType=to&viewAgreementsOptions=true&view=agreement&viewBy=major&viewSendingAgreements=false&viewByKey=76%2F92%2Fto%2F89%2FMajor%2F37adebfb-6deb-4e42-34ac-08ddb349963e,76/92/to/89/Major/37adebfb-6deb-4e42-34ac-08ddb349963e
low,duplicate_receiving_label,Check whether ASSIST repeats the same receiving course in multiple contexts; usually lower priority than grouping errors.,UCD,University of California Davis,Santa Barbara City College,fail,ECS 050,duplicate_merged_row,duplicate ASSIST receiving row,multiple ASSIST articulation rows normalize to the same receiving course,,https://assist.org/transfer/results?year=76&institution=92&agreement=89&agreementType=to&viewAgreementsOptions=true&view=agreement&viewBy=major&viewSendingAgreements=false&viewByKey=76%2F92%2Fto%2F89%2FMajor%2F37adebfb-6deb-4e42-34ac-08ddb349963e,76/92/to/89/Major/37adebfb-6deb-4e42-34ac-08ddb349963e
low,option_order_only,No articulation meaning change; normalize option order in verifier/exporter if desired.,UCD,University of California Davis,Foothill College,fail,MAT 021A,sending_options_mismatch,sending options differ,"[['MATH 1A (5.00)'], ['MATH 1AH (5.00)', 'MATH 1AHP (1.00)']]","[['MATH 1AH (5.00)', 'MATH 1AHP (1.00)'], ['MATH 1A (5.00)']]",https://assist.org/transfer/results?year=76&institution=51&agreement=89&agreementType=to&viewAgreementsOptions=true&view=agreement&viewBy=major&viewSendingAgreements=false&viewByKey=76%2F51%2Fto%2F89%2FMajor%2F37adebfb-6deb-4e42-34ac-08ddb349963e,76/51/to/89/Major/37adebfb-6deb-4e42-34ac-08ddb349963e
low,option_order_only,No articulation meaning change; normalize option order in verifier/exporter if desired.,UCI,University of California Irvine,Southwestern College,fail,MATH 2A,sending_options_mismatch,sending options differ,"[['MATH 250 (5.00)'], ['MATH 121 (3.00)', 'MATH 122 (3.00)']]","[['MATH 121 (3.00)', 'MATH 122 (3.00)'], ['MATH 250 (5.00)']]",https://assist.org/transfer/results?year=76&institution=138&agreement=120&agreementType=to&viewAgreementsOptions=true&view=agreement&viewBy=major&viewSendingAgreements=false&viewByKey=76%2F138%2Fto%2F120%2FMajor%2F7752acca-2b16-46d0-fb90-08dda2ee8889,76/138/to/120/Major/7752acca-2b16-46d0-fb90-08dda2ee8889
low,option_order_only,No articulation meaning change; normalize option order in verifier/exporter if desired.,UCLA,University of California Los Angeles,Contra Costa College,fail,COM SCI 31,sending_options_mismatch,sending options differ,"[['COMP 165 (4.00)'], ['COMP 200 (4.00)'], ['COMP 200 (4.00)', 'COMP 210 (4.00)']]","[['COMP 200 (4.00)', 'COMP 210 (4.00)'], ['COMP 165 (4.00)'], ['COMP 200 (4.00)']]",https://assist.org/transfer/results?year=76&institution=28&agreement=117&agreementType=to&viewAgreementsOptions=true&view=agreement&viewBy=major&viewSendingAgreements=false&viewByKey=76%2F28%2Fto%2F117%2FMajor%2F3fc7b07d-4058-4a0a-1f72-08ddcb96df9e,76/28/to/117/Major/3fc7b07d-4058-4a0a-1f72-08ddcb96df9e
low,duplicate_receiving_label,Check whether ASSIST repeats the same receiving course in multiple contexts; usually lower priority than grouping errors.,UCM,University of California Merced,Allan Hancock College,fail,CSE 022,duplicate_merged_row,duplicate raw CSV receiving row,2,,https://assist.org/transfer/results?year=76&institution=110&agreement=144&agreementType=to&viewAgreementsOptions=true&view=agreement&viewBy=major&viewSendingAgreements=false&viewByKey=76%2F110%2Fto%2F144%2FMajor%2Fbe462cb5-458a-4c3d-5be5-08dd9e07c477,76/110/to/144/Major/be462cb5-458a-4c3d-5be5-08dd9e07c477
low,duplicate_receiving_label,Check whether ASSIST repeats the same receiving course in multiple contexts; usually lower priority than grouping errors.,UCM,University of California Merced,Allan Hancock College,fail,CSE 022,duplicate_merged_row,duplicate ASSIST receiving row,multiple ASSIST articulation rows normalize to the same receiving course,,https://assist.org/transfer/results?year=76&institution=110&agreement=144&agreementType=to&viewAgreementsOptions=true&view=agreement&viewBy=major&viewSendingAgreements=false&viewByKey=76%2F110%2Fto%2F144%2FMajor%2Fbe462cb5-458a-4c3d-5be5-08dd9e07c477,76/110/to/144/Major/be462cb5-458a-4c3d-5be5-08dd9e07c477
low,duplicate_receiving_label,Check whether ASSIST repeats the same receiving course in multiple contexts; usually lower priority than grouping errors.,UCM,University of California Merced,American River College,fail,CSE 022,duplicate_merged_row,duplicate raw CSV receiving row,2,,https://assist.org/transfer/results?year=76&institution=27&agreement=144&agreementType=to&viewAgreementsOptions=true&view=agreement&viewBy=major&viewSendingAgreements=false&viewByKey=76%2F27%2Fto%2F144%2FMajor%2Fbe462cb5-458a-4c3d-5be5-08dd9e07c477,76/27/to/144/Major/be462cb5-458a-4c3d-5be5-08dd9e07c477
low,duplicate_receiving_label,Check whether ASSIST repeats the same receiving course in multiple contexts; usually lower priority than grouping errors.,UCM,University of California Merced,American River College,fail,CSE 022,duplicate_merged_row,duplicate ASSIST receiving row,multiple ASSIST articulation rows normalize to the same receiving course,,https://assist.org/transfer/results?year=76&institution=27&agreement=144&agreementType=to&viewAgreementsOptions=true&view=agreement&viewBy=major&viewSendingAgreements=false&viewByKey=76%2F27%2Fto%2F144%2FMajor%2Fbe462cb5-458a-4c3d-5be5-08dd9e07c477,76/27/to/144/Major/be462cb5-458a-4c3d-5be5-08dd9e07c477
low,duplicate_receiving_label,Check whether ASSIST repeats the same receiving course in multiple contexts; usually lower priority than grouping errors.,UCM,University of California Merced,Antelope Valley College,fail,CSE 022,duplicate_merged_row,duplicate raw CSV receiving row,2,,https://assist.org/transfer/results?year=76&institution=121&agreement=144&agreementType=to&viewAgreementsOptions=true&view=agreement&viewBy=major&viewSendingAgreements=false&viewByKey=76%2F121%2Fto%2F144%2FMajor%2Fbe462cb5-458a-4c3d-5be5-08dd9e07c477,76/121/to/144/Major/be462cb5-458a-4c3d-5be5-08dd9e07c477
low,duplicate_receiving_label,Check whether ASSIST repeats the same receiving course in multiple contexts; usually lower priority than grouping errors.,UCM,University of California Merced,Antelope Valley College,fail,CSE 022,duplicate_merged_row,duplicate ASSIST receiving row,multiple ASSIST articulation rows normalize to the same receiving course,,https://assist.org/transfer/results?year=76&institution=121&agreement=144&agreementType=to&viewAgreementsOptions=true&view=agreement&viewBy=major&viewSendingAgreements=false&viewByKey=76%2F121%2Fto%2F144%2FMajor%2Fbe462cb5-458a-4c3d-5be5-08dd9e07c477,76/121/to/144/Major/be462cb5-458a-4c3d-5be5-08dd9e07c477
low,duplicate_receiving_label,Check whether ASSIST repeats the same receiving course in multiple contexts; usually lower priority than grouping errors.,UCM,University of California Merced,Bakersfield College,fail,CSE 022,duplicate_merged_row,duplicate raw CSV receiving row,2,,https://assist.org/transfer/results?year=76&institution=84&agreement=144&agreementType=to&viewAgreementsOptions=true&view=agreement&viewBy=major&viewSendingAgreements=false&viewByKey=76%2F84%2Fto%2F144%2FMajor%2Fbe462cb5-458a-4c3d-5be5-08dd9e07c477,76/84/to/144/Major/be462cb5-458a-4c3d-5be5-08dd9e07c477
low,duplicate_receiving_label,Check whether ASSIST repeats the same receiving course in multiple contexts; usually lower priority than grouping errors.,UCM,University of California Merced,Bakersfield College,fail,CSE 022,duplicate_merged_row,duplicate ASSIST receiving row,multiple ASSIST articulation rows normalize to the same receiving course,,https://assist.org/transfer/results?year=76&institution=84&agreement=144&agreementType=to&viewAgreementsOptions=true&view=agreement&viewBy=major&viewSendingAgreements=false&viewByKey=76%2F84%2Fto%2F144%2FMajor%2Fbe462cb5-458a-4c3d-5be5-08dd9e07c477,76/84/to/144/Major/be462cb5-458a-4c3d-5be5-08dd9e07c477
low,duplicate_receiving_label,Check whether ASSIST repeats the same receiving course in multiple contexts; usually lower priority than grouping errors.,UCM,University of California Merced,Barstow Community College,fail,CSE 022,duplicate_merged_row,duplicate raw CSV receiving row,2,,https://assist.org/transfer/results?year=76&institution=20&agreement=144&agreementType=to&viewAgreementsOptions=true&view=agreement&viewBy=major&viewSendingAgreements=false&viewByKey=76%2F20%2Fto%2F144%2FMajor%2Fbe462cb5-458a-4c3d-5be5-08dd9e07c477,76/20/to/144/Major/be462cb5-458a-4c3d-5be5-08dd9e07c477
low,duplicate_receiving_label,Check whether ASSIST repeats the same receiving course in multiple contexts; usually lower priority than grouping errors.,UCM,University of California Merced,Barstow Community College,fail,CSE 022,duplicate_merged_row,duplicate ASSIST receiving row,multiple ASSIST articulation rows normalize to the same receiving course,,https://assist.org/transfer/results?year=76&institution=20&agreement=144&agreementType=to&viewAgreementsOptions=true&view=agreement&viewBy=major&viewSendingAgreements=false&viewByKey=76%2F20%2Fto%2F144%2FMajor%2Fbe462cb5-458a-4c3d-5be5-08dd9e07c477,76/20/to/144/Major/be462cb5-458a-4c3d-5be5-08dd9e07c477
low,duplicate_receiving_label,Check whether ASSIST repeats the same receiving course in multiple contexts; usually lower priority than grouping errors.,UCM,University of California Merced,Berkeley City College,fail,CSE 022,duplicate_merged_row,duplicate raw CSV receiving row,2,,https://assist.org/transfer/results?year=76&institution=58&agreement=144&agreementType=to&viewAgreementsOptions=true&view=agreement&viewBy=major&viewSendingAgreements=false&viewByKey=76%2F58%2Fto%2F144%2FMajor%2Fbe462cb5-458a-4c3d-5be5-08dd9e07c477,76/58/to/144/Major/be462cb5-458a-4c3d-5be5-08dd9e07c477
low,duplicate_receiving_label,Check whether ASSIST repeats the same receiving course in multiple contexts; usually lower priority than grouping errors.,UCM,University of California Merced,Berkeley City College,fail,CSE 022,duplicate_merged_row,duplicate ASSIST receiving row,multiple ASSIST articulation rows normalize to the same receiving course,,https://assist.org/transfer/results?year=76&institution=58&agreement=144&agreementType=to&viewAgreementsOptions=true&view=agreement&viewBy=major&viewSendingAgreements=false&viewByKey=76%2F58%2Fto%2F144%2FMajor%2Fbe462cb5-458a-4c3d-5be5-08dd9e07c477,76/58/to/144/Major/be462cb5-458a-4c3d-5be5-08dd9e07c477
low,duplicate_receiving_label,Check whether ASSIST repeats the same receiving course in multiple contexts; usually lower priority than grouping errors.,UCM,University of California Merced,Butte College,fail,CSE 022,duplicate_merged_row,duplicate raw CSV receiving row,2,,https://assist.org/transfer/results?year=76&institution=8&agreement=144&agreementType=to&viewAgreementsOptions=true&view=agreement&viewBy=major&viewSendingAgreements=false&viewByKey=76%2F8%2Fto%2F144%2FMajor%2Fbe462cb5-458a-4c3d-5be5-08dd9e07c477,76/8/to/144/Major/be462cb5-458a-4c3d-5be5-08dd9e07c477
low,duplicate_receiving_label,Check whether ASSIST repeats the same receiving course in multiple contexts; usually lower priority than grouping errors.,UCM,University of California Merced,Butte College,fail,CSE 022,duplicate_merged_row,duplicate ASSIST receiving row,multiple ASSIST articulation rows normalize to the same receiving course,,https://assist.org/transfer/results?year=76&institution=8&agreement=144&agreementType=to&viewAgreementsOptions=true&view=agreement&viewBy=major&viewSendingAgreements=false&viewByKey=76%2F8%2Fto%2F144%2FMajor%2Fbe462cb5-458a-4c3d-5be5-08dd9e07c477,76/8/to/144/Major/be462cb5-458a-4c3d-5be5-08dd9e07c477
low,duplicate_receiving_label,Check whether ASSIST repeats the same receiving course in multiple contexts; usually lower priority than grouping errors.,UCM,University of California Merced,Cabrillo College,fail,CSE 022,duplicate_merged_row,duplicate raw CSV receiving row,2,,https://assist.org/transfer/results?year=76&institution=41&agreement=144&agreementType=to&viewAgreementsOptions=true&view=agreement&viewBy=major&viewSendingAgreements=false&viewByKey=76%2F41%2Fto%2F144%2FMajor%2Fbe462cb5-458a-4c3d-5be5-08dd9e07c477,76/41/to/144/Major/be462cb5-458a-4c3d-5be5-08dd9e07c477
low,duplicate_receiving_label,Check whether ASSIST repeats the same receiving course in multiple contexts; usually lower priority than grouping errors.,UCM,University of California Merced,Cabrillo College,fail,CSE 022,duplicate_merged_row,duplicate ASSIST receiving row,multiple ASSIST articulation rows normalize to the same receiving course,,https://assist.org/transfer/results?year=76&institution=41&agreement=144&agreementType=to&viewAgreementsOptions=true&view=agreement&viewBy=major&viewSendingAgreements=false&viewByKey=76%2F41%2Fto%2F144%2FMajor%2Fbe462cb5-458a-4c3d-5be5-08dd9e07c477,76/41/to/144/Major/be462cb5-458a-4c3d-5be5-08dd9e07c477
low,duplicate_receiving_label,Check whether ASSIST repeats the same receiving course in multiple contexts; usually lower priority than grouping errors.,UCM,University of California Merced,Canada College,fail,CSE 022,duplicate_merged_row,duplicate raw CSV receiving row,2,,https://assist.org/transfer/results?year=76&institution=68&agreement=144&agreementType=to&viewAgreementsOptions=true&view=agreement&viewBy=major&viewSendingAgreements=false&viewByKey=76%2F68%2Fto%2F144%2FMajor%2Fbe462cb5-458a-4c3d-5be5-08dd9e07c477,76/68/to/144/Major/be462cb5-458a-4c3d-5be5-08dd9e07c477
low,duplicate_receiving_label,Check whether ASSIST repeats the same receiving course in multiple contexts; usually lower priority than grouping errors.,UCM,University of California Merced,Canada College,fail,CSE 022,duplicate_merged_row,duplicate ASSIST receiving row,multiple ASSIST articulation rows normalize to the same receiving course,,https://assist.org/transfer/results?year=76&institution=68&agreement=144&agreementType=to&viewAgreementsOptions=true&view=agreement&viewBy=major&viewSendingAgreements=false&viewByKey=76%2F68%2Fto%2F144%2FMajor%2Fbe462cb5-458a-4c3d-5be5-08dd9e07c477,76/68/to/144/Major/be462cb5-458a-4c3d-5be5-08dd9e07c477
low,duplicate_receiving_label,Check whether ASSIST repeats the same receiving course in multiple contexts; usually lower priority than grouping errors.,UCM,University of California Merced,Cerritos College,fail,CSE 022,duplicate_merged_row,duplicate raw CSV receiving row,2,,https://assist.org/transfer/results?year=76&institution=104&agreement=144&agreementType=to&viewAgreementsOptions=true&view=agreement&viewBy=major&viewSendingAgreements=false&viewByKey=76%2F104%2Fto%2F144%2FMajor%2Fbe462cb5-458a-4c3d-5be5-08dd9e07c477,76/104/to/144/Major/be462cb5-458a-4c3d-5be5-08dd9e07c477
low,duplicate_receiving_label,Check whether ASSIST repeats the same receiving course in multiple contexts; usually lower priority than grouping errors.,UCM,University of California Merced,Cerritos College,fail,CSE 022,duplicate_merged_row,duplicate ASSIST receiving row,multiple ASSIST articulation rows normalize to the same receiving course,,https://assist.org/transfer/results?year=76&institution=104&agreement=144&agreementType=to&viewAgreementsOptions=true&view=agreement&viewBy=major&viewSendingAgreements=false&viewByKey=76%2F104%2Fto%2F144%2FMajor%2Fbe462cb5-458a-4c3d-5be5-08dd9e07c477,76/104/to/144/Major/be462cb5-458a-4c3d-5be5-08dd9e07c477
low,duplicate_receiving_label,Check whether ASSIST repeats the same receiving course in multiple contexts; usually lower priority than grouping errors.,UCM,University of California Merced,Cerro Coso Community College,fail,CSE 022,duplicate_merged_row,duplicate raw CSV receiving row,2,,https://assist.org/transfer/results?year=76&institution=9&agreement=144&agreementType=to&viewAgreementsOptions=true&view=agreement&viewBy=major&viewSendingAgreements=false&viewByKey=76%2F9%2Fto%2F144%2FMajor%2Fbe462cb5-458a-4c3d-5be5-08dd9e07c477,76/9/to/144/Major/be462cb5-458a-4c3d-5be5-08dd9e07c477
low,duplicate_receiving_label,Check whether ASSIST repeats the same receiving course in multiple contexts; usually lower priority than grouping errors.,UCM,University of California Merced,Cerro Coso Community College,fail,CSE 022,duplicate_merged_row,duplicate ASSIST receiving row,multiple ASSIST articulation rows normalize to the same receiving course,,https://assist.org/transfer/results?year=76&institution=9&agreement=144&agreementType=to&viewAgreementsOptions=true&view=agreement&viewBy=major&viewSendingAgreements=false&viewByKey=76%2F9%2Fto%2F144%2FMajor%2Fbe462cb5-458a-4c3d-5be5-08dd9e07c477,76/9/to/144/Major/be462cb5-458a-4c3d-5be5-08dd9e07c477
low,duplicate_receiving_label,Check whether ASSIST repeats the same receiving course in multiple contexts; usually lower priority than grouping errors.,UCM,University of California Merced,Chabot College,fail,CSE 022,duplicate_merged_row,duplicate raw CSV receiving row,2,,https://assist.org/transfer/results?year=76&institution=96&agreement=144&agreementType=to&viewAgreementsOptions=true&view=agreement&viewBy=major&viewSendingAgreements=false&viewByKey=76%2F96%2Fto%2F144%2FMajor%2Fbe462cb5-458a-4c3d-5be5-08dd9e07c477,76/96/to/144/Major/be462cb5-458a-4c3d-5be5-08dd9e07c477
low,duplicate_receiving_label,Check whether ASSIST repeats the same receiving course in multiple contexts; usually lower priority than grouping errors.,UCM,University of California Merced,Chabot College,fail,CSE 022,duplicate_merged_row,duplicate ASSIST receiving row,multiple ASSIST articulation rows normalize to the same receiving course,,https://assist.org/transfer/results?year=76&institution=96&agreement=144&agreementType=to&viewAgreementsOptions=true&view=agreement&viewBy=major&viewSendingAgreements=false&viewByKey=76%2F96%2Fto%2F144%2FMajor%2Fbe462cb5-458a-4c3d-5be5-08dd9e07c477,76/96/to/144/Major/be462cb5-458a-4c3d-5be5-08dd9e07c477
low,duplicate_receiving_label,Check whether ASSIST repeats the same receiving course in multiple contexts; usually lower priority than grouping errors.,UCM,University of California Merced,Chaffey College,fail,CSE 022,duplicate_merged_row,duplicate raw CSV receiving row,2,,https://assist.org/transfer/results?year=76&institution=69&agreement=144&agreementType=to&viewAgreementsOptions=true&view=agreement&viewBy=major&viewSendingAgreements=false&viewByKey=76%2F69%2Fto%2F144%2FMajor%2Fbe462cb5-458a-4c3d-5be5-08dd9e07c477,76/69/to/144/Major/be462cb5-458a-4c3d-5be5-08dd9e07c477
low,duplicate_receiving_label,Check whether ASSIST repeats the same receiving course in multiple contexts; usually lower priority than grouping errors.,UCM,University of California Merced,Chaffey College,fail,CSE 022,duplicate_merged_row,duplicate ASSIST receiving row,multiple ASSIST articulation rows normalize to the same receiving course,,https://assist.org/transfer/results?year=76&institution=69&agreement=144&agreementType=to&viewAgreementsOptions=true&view=agreement&viewBy=major&viewSendingAgreements=false&viewByKey=76%2F69%2Fto%2F144%2FMajor%2Fbe462cb5-458a-4c3d-5be5-08dd9e07c477,76/69/to/144/Major/be462cb5-458a-4c3d-5be5-08dd9e07c477
low,duplicate_receiving_label,Check whether ASSIST repeats the same receiving course in multiple contexts; usually lower priority than grouping errors.,UCM,University of California Merced,Citrus College,fail,CSE 022,duplicate_merged_row,duplicate raw CSV receiving row,2,,https://assist.org/transfer/results?year=76&institution=97&agreement=144&agreementType=to&viewAgreementsOptions=true&view=agreement&viewBy=major&viewSendingAgreements=false&viewByKey=76%2F97%2Fto%2F144%2FMajor%2Fbe462cb5-458a-4c3d-5be5-08dd9e07c477,76/97/to/144/Major/be462cb5-458a-4c3d-5be5-08dd9e07c477
low,duplicate_receiving_label,Check whether ASSIST repeats the same receiving course in multiple contexts; usually lower priority than grouping errors.,UCM,University of California Merced,Citrus College,fail,CSE 022,duplicate_merged_row,duplicate ASSIST receiving row,multiple ASSIST articulation rows normalize to the same receiving course,,https://assist.org/transfer/results?year=76&institution=97&agreement=144&agreementType=to&viewAgreementsOptions=true&view=agreement&viewBy=major&viewSendingAgreements=false&viewByKey=76%2F97%2Fto%2F144%2FMajor%2Fbe462cb5-458a-4c3d-5be5-08dd9e07c477,76/97/to/144/Major/be462cb5-458a-4c3d-5be5-08dd9e07c477
low,duplicate_receiving_label,Check whether ASSIST repeats the same receiving course in multiple contexts; usually lower priority than grouping errors.,UCM,University of California Merced,City College of San Francisco,fail,CSE 022,duplicate_merged_row,duplicate raw CSV receiving row,2,,https://assist.org/transfer/results?year=76&institution=33&agreement=144&agreementType=to&viewAgreementsOptions=true&view=agreement&viewBy=major&viewSendingAgreements=false&viewByKey=76%2F33%2Fto%2F144%2FMajor%2Fbe462cb5-458a-4c3d-5be5-08dd9e07c477,76/33/to/144/Major/be462cb5-458a-4c3d-5be5-08dd9e07c477
low,duplicate_receiving_label,Check whether ASSIST repeats the same receiving course in multiple contexts; usually lower priority than grouping errors.,UCM,University of California Merced,City College of San Francisco,fail,CSE 022,duplicate_merged_row,duplicate ASSIST receiving row,multiple ASSIST articulation rows normalize to the same receiving course,,https://assist.org/transfer/results?year=76&institution=33&agreement=144&agreementType=to&viewAgreementsOptions=true&view=agreement&viewBy=major&viewSendingAgreements=false&viewByKey=76%2F33%2Fto%2F144%2FMajor%2Fbe462cb5-458a-4c3d-5be5-08dd9e07c477,76/33/to/144/Major/be462cb5-458a-4c3d-5be5-08dd9e07c477
low,duplicate_receiving_label,Check whether ASSIST repeats the same receiving course in multiple contexts; usually lower priority than grouping errors.,UCM,University of California Merced,Clovis Community College,fail,CSE 022,duplicate_merged_row,duplicate raw CSV receiving row,2,,https://assist.org/transfer/results?year=76&institution=150&agreement=144&agreementType=to&viewAgreementsOptions=true&view=agreement&viewBy=major&viewSendingAgreements=false&viewByKey=76%2F150%2Fto%2F144%2FMajor%2Fbe462cb5-458a-4c3d-5be5-08dd9e07c477,76/150/to/144/Major/be462cb5-458a-4c3d-5be5-08dd9e07c477
low,duplicate_receiving_label,Check whether ASSIST repeats the same receiving course in multiple contexts; usually lower priority than grouping errors.,UCM,University of California Merced,Clovis Community College,fail,CSE 022,duplicate_merged_row,duplicate ASSIST receiving row,multiple ASSIST articulation rows normalize to the same receiving course,,https://assist.org/transfer/results?year=76&institution=150&agreement=144&agreementType=to&viewAgreementsOptions=true&view=agreement&viewBy=major&viewSendingAgreements=false&viewByKey=76%2F150%2Fto%2F144%2FMajor%2Fbe462cb5-458a-4c3d-5be5-08dd9e07c477,76/150/to/144/Major/be462cb5-458a-4c3d-5be5-08dd9e07c477
low,duplicate_receiving_label,Check whether ASSIST repeats the same receiving course in multiple contexts; usually lower priority than grouping errors.,UCM,University of California Merced,Coastline Community College,fail,CSE 022,duplicate_merged_row,duplicate raw CSV receiving row,2,,https://assist.org/transfer/results?year=76&institution=105&agreement=144&agreementType=to&viewAgreementsOptions=true&view=agreement&viewBy=major&viewSendingAgreements=false&viewByKey=76%2F105%2Fto%2F144%2FMajor%2Fbe462cb5-458a-4c3d-5be5-08dd9e07c477,76/105/to/144/Major/be462cb5-458a-4c3d-5be5-08dd9e07c477
low,duplicate_receiving_label,Check whether ASSIST repeats the same receiving course in multiple contexts; usually lower priority than grouping errors.,UCM,University of California Merced,College of Alameda,fail,CSE 022,duplicate_merged_row,duplicate raw CSV receiving row,2,,https://assist.org/transfer/results?year=76&institution=111&agreement=144&agreementType=to&viewAgreementsOptions=true&view=agreement&viewBy=major&viewSendingAgreements=false&viewByKey=76%2F111%2Fto%2F144%2FMajor%2Fbe462cb5-458a-4c3d-5be5-08dd9e07c477,76/111/to/144/Major/be462cb5-458a-4c3d-5be5-08dd9e07c477
low,duplicate_receiving_label,Check whether ASSIST repeats the same receiving course in multiple contexts; usually lower priority than grouping errors.,UCM,University of California Merced,College of Alameda,fail,CSE 022,duplicate_merged_row,duplicate ASSIST receiving row,multiple ASSIST articulation rows normalize to the same receiving course,,https://assist.org/transfer/results?year=76&institution=111&agreement=144&agreementType=to&viewAgreementsOptions=true&view=agreement&viewBy=major&viewSendingAgreements=false&viewByKey=76%2F111%2Fto%2F144%2FMajor%2Fbe462cb5-458a-4c3d-5be5-08dd9e07c477,76/111/to/144/Major/be462cb5-458a-4c3d-5be5-08dd9e07c477
low,duplicate_receiving_label,Check whether ASSIST repeats the same receiving course in multiple contexts; usually lower priority than grouping errors.,UCM,University of California Merced,College of Marin,fail,CSE 022,duplicate_merged_row,duplicate raw CSV receiving row,2,,https://assist.org/transfer/results?year=76&institution=4&agreement=144&agreementType=to&viewAgreementsOptions=true&view=agreement&viewBy=major&viewSendingAgreements=false&viewByKey=76%2F4%2Fto%2F144%2FMajor%2Fbe462cb5-458a-4c3d-5be5-08dd9e07c477,76/4/to/144/Major/be462cb5-458a-4c3d-5be5-08dd9e07c477
low,duplicate_receiving_label,Check whether ASSIST repeats the same receiving course in multiple contexts; usually lower priority than grouping errors.,UCM,University of California Merced,College of Marin,fail,CSE 022,duplicate_merged_row,duplicate ASSIST receiving row,multiple ASSIST articulation rows normalize to the same receiving course,,https://assist.org/transfer/results?year=76&institution=4&agreement=144&agreementType=to&viewAgreementsOptions=true&view=agreement&viewBy=major&viewSendingAgreements=false&viewByKey=76%2F4%2Fto%2F144%2FMajor%2Fbe462cb5-458a-4c3d-5be5-08dd9e07c477,76/4/to/144/Major/be462cb5-458a-4c3d-5be5-08dd9e07c477
low,duplicate_receiving_label,Check whether ASSIST repeats the same receiving course in multiple contexts; usually lower priority than grouping errors.,UCM,University of California Merced,College of San Mateo,fail,CSE 022,duplicate_merged_row,duplicate raw CSV receiving row,2,,https://assist.org/transfer/results?year=76&institution=5&agreement=144&agreementType=to&viewAgreementsOptions=true&view=agreement&viewBy=major&viewSendingAgreements=false&viewByKey=76%2F5%2Fto%2F144%2FMajor%2Fbe462cb5-458a-4c3d-5be5-08dd9e07c477,76/5/to/144/Major/be462cb5-458a-4c3d-5be5-08dd9e07c477
low,duplicate_receiving_label,Check whether ASSIST repeats the same receiving course in multiple contexts; usually lower priority than grouping errors.,UCM,University of California Merced,College of San Mateo,fail,CSE 022,duplicate_merged_row,duplicate ASSIST receiving row,multiple ASSIST articulation rows normalize to the same receiving course,,https://assist.org/transfer/results?year=76&institution=5&agreement=144&agreementType=to&viewAgreementsOptions=true&view=agreement&viewBy=major&viewSendingAgreements=false&viewByKey=76%2F5%2Fto%2F144%2FMajor%2Fbe462cb5-458a-4c3d-5be5-08dd9e07c477,76/5/to/144/Major/be462cb5-458a-4c3d-5be5-08dd9e07c477
low,duplicate_receiving_label,Check whether ASSIST repeats the same receiving course in multiple contexts; usually lower priority than grouping errors.,UCM,University of California Merced,College of the Canyons,fail,CSE 022,duplicate_merged_row,duplicate raw CSV receiving row,2,,https://assist.org/transfer/results?year=76&institution=140&agreement=144&agreementType=to&viewAgreementsOptions=true&view=agreement&viewBy=major&viewSendingAgreements=false&viewByKey=76%2F140%2Fto%2F144%2FMajor%2Fbe462cb5-458a-4c3d-5be5-08dd9e07c477,76/140/to/144/Major/be462cb5-458a-4c3d-5be5-08dd9e07c477
low,duplicate_receiving_label,Check whether ASSIST repeats the same receiving course in multiple contexts; usually lower priority than grouping errors.,UCM,University of California Merced,College of the Canyons,fail,CSE 022,duplicate_merged_row,duplicate ASSIST receiving row,multiple ASSIST articulation rows normalize to the same receiving course,,https://assist.org/transfer/results?year=76&institution=140&agreement=144&agreementType=to&viewAgreementsOptions=true&view=agreement&viewBy=major&viewSendingAgreements=false&viewByKey=76%2F140%2Fto%2F144%2FMajor%2Fbe462cb5-458a-4c3d-5be5-08dd9e07c477,76/140/to/144/Major/be462cb5-458a-4c3d-5be5-08dd9e07c477
low,duplicate_receiving_label,Check whether ASSIST repeats the same receiving course in multiple contexts; usually lower priority than grouping errors.,UCM,University of California Merced,College of the Desert,fail,CSE 022,duplicate_merged_row,duplicate raw CSV receiving row,2,,https://assist.org/transfer/results?year=76&institution=30&agreement=144&agreementType=to&viewAgreementsOptions=true&view=agreement&viewBy=major&viewSendingAgreements=false&viewByKey=76%2F30%2Fto%2F144%2FMajor%2Fbe462cb5-458a-4c3d-5be5-08dd9e07c477,76/30/to/144/Major/be462cb5-458a-4c3d-5be5-08dd9e07c477
low,duplicate_receiving_label,Check whether ASSIST repeats the same receiving course in multiple contexts; usually lower priority than grouping errors.,UCM,University of California Merced,College of the Desert,fail,CSE 022,duplicate_merged_row,duplicate ASSIST receiving row,multiple ASSIST articulation rows normalize to the same receiving course,,https://assist.org/transfer/results?year=76&institution=30&agreement=144&agreementType=to&viewAgreementsOptions=true&view=agreement&viewBy=major&viewSendingAgreements=false&viewByKey=76%2F30%2Fto%2F144%2FMajor%2Fbe462cb5-458a-4c3d-5be5-08dd9e07c477,76/30/to/144/Major/be462cb5-458a-4c3d-5be5-08dd9e07c477
low,duplicate_receiving_label,Check whether ASSIST repeats the same receiving course in multiple contexts; usually lower priority than grouping errors.,UCM,University of California Merced,College of the Redwoods,fail,CSE 022,duplicate_merged_row,duplicate raw CSV receiving row,2,,https://assist.org/transfer/results?year=76&institution=83&agreement=144&agreementType=to&viewAgreementsOptions=true&view=agreement&viewBy=major&viewSendingAgreements=false&viewByKey=76%2F83%2Fto%2F144%2FMajor%2Fbe462cb5-458a-4c3d-5be5-08dd9e07c477,76/83/to/144/Major/be462cb5-458a-4c3d-5be5-08dd9e07c477
low,duplicate_receiving_label,Check whether ASSIST repeats the same receiving course in multiple contexts; usually lower priority than grouping errors.,UCM,University of California Merced,College of the Redwoods,fail,CSE 022,duplicate_merged_row,duplicate ASSIST receiving row,multiple ASSIST articulation rows normalize to the same receiving course,,https://assist.org/transfer/results?year=76&institution=83&agreement=144&agreementType=to&viewAgreementsOptions=true&view=agreement&viewBy=major&viewSendingAgreements=false&viewByKey=76%2F83%2Fto%2F144%2FMajor%2Fbe462cb5-458a-4c3d-5be5-08dd9e07c477,76/83/to/144/Major/be462cb5-458a-4c3d-5be5-08dd9e07c477
low,duplicate_receiving_label,Check whether ASSIST repeats the same receiving course in multiple contexts; usually lower priority than grouping errors.,UCM,University of California Merced,College of the Sequoias,fail,CSE 022,duplicate_merged_row,duplicate raw CSV receiving row,2,,https://assist.org/transfer/results?year=76&institution=6&agreement=144&agreementType=to&viewAgreementsOptions=true&view=agreement&viewBy=major&viewSendingAgreements=false&viewByKey=76%2F6%2Fto%2F144%2FMajor%2Fbe462cb5-458a-4c3d-5be5-08dd9e07c477,76/6/to/144/Major/be462cb5-458a-4c3d-5be5-08dd9e07c477
low,duplicate_receiving_label,Check whether ASSIST repeats the same receiving course in multiple contexts; usually lower priority than grouping errors.,UCM,University of California Merced,College of the Siskiyous,fail,CSE 022,duplicate_merged_row,duplicate raw CSV receiving row,2,,https://assist.org/transfer/results?year=76&institution=102&agreement=144&agreementType=to&viewAgreementsOptions=true&view=agreement&viewBy=major&viewSendingAgreements=false&viewByKey=76%2F102%2Fto%2F144%2FMajor%2Fbe462cb5-458a-4c3d-5be5-08dd9e07c477,76/102/to/144/Major/be462cb5-458a-4c3d-5be5-08dd9e07c477
low,duplicate_receiving_label,Check whether ASSIST repeats the same receiving course in multiple contexts; usually lower priority than grouping errors.,UCM,University of California Merced,College of the Siskiyous,fail,CSE 022,duplicate_merged_row,duplicate ASSIST receiving row,multiple ASSIST articulation rows normalize to the same receiving course,,https://assist.org/transfer/results?year=76&institution=102&agreement=144&agreementType=to&viewAgreementsOptions=true&view=agreement&viewBy=major&viewSendingAgreements=false&viewByKey=76%2F102%2Fto%2F144%2FMajor%2Fbe462cb5-458a-4c3d-5be5-08dd9e07c477,76/102/to/144/Major/be462cb5-458a-4c3d-5be5-08dd9e07c477
low,duplicate_receiving_label,Check whether ASSIST repeats the same receiving course in multiple contexts; usually lower priority than grouping errors.,UCM,University of California Merced,Columbia College,fail,CSE 022,duplicate_merged_row,duplicate raw CSV receiving row,2,,https://assist.org/transfer/results?year=76&institution=10&agreement=144&agreementType=to&viewAgreementsOptions=true&view=agreement&viewBy=major&viewSendingAgreements=false&viewByKey=76%2F10%2Fto%2F144%2FMajor%2Fbe462cb5-458a-4c3d-5be5-08dd9e07c477,76/10/to/144/Major/be462cb5-458a-4c3d-5be5-08dd9e07c477
low,duplicate_receiving_label,Check whether ASSIST repeats the same receiving course in multiple contexts; usually lower priority than grouping errors.,UCM,University of California Merced,Columbia College,fail,CSE 022,duplicate_merged_row,duplicate ASSIST receiving row,multiple ASSIST articulation rows normalize to the same receiving course,,https://assist.org/transfer/results?year=76&institution=10&agreement=144&agreementType=to&viewAgreementsOptions=true&view=agreement&viewBy=major&viewSendingAgreements=false&viewByKey=76%2F10%2Fto%2F144%2FMajor%2Fbe462cb5-458a-4c3d-5be5-08dd9e07c477,76/10/to/144/Major/be462cb5-458a-4c3d-5be5-08dd9e07c477
low,duplicate_receiving_label,Check whether ASSIST repeats the same receiving course in multiple contexts; usually lower priority than grouping errors.,UCM,University of California Merced,Compton College,fail,CSE 022,duplicate_merged_row,duplicate raw CSV receiving row,2,,https://assist.org/transfer/results?year=76&institution=153&agreement=144&agreementType=to&viewAgreementsOptions=true&view=agreement&viewBy=major&viewSendingAgreements=false&viewByKey=76%2F153%2Fto%2F144%2FMajor%2Fbe462cb5-458a-4c3d-5be5-08dd9e07c477,76/153/to/144/Major/be462cb5-458a-4c3d-5be5-08dd9e07c477
low,duplicate_receiving_label,Check whether ASSIST repeats the same receiving course in multiple contexts; usually lower priority than grouping errors.,UCM,University of California Merced,Compton College,fail,CSE 022,duplicate_merged_row,duplicate ASSIST receiving row,multiple ASSIST articulation rows normalize to the same receiving course,,https://assist.org/transfer/results?year=76&institution=153&agreement=144&agreementType=to&viewAgreementsOptions=true&view=agreement&viewBy=major&viewSendingAgreements=false&viewByKey=76%2F153%2Fto%2F144%2FMajor%2Fbe462cb5-458a-4c3d-5be5-08dd9e07c477,76/153/to/144/Major/be462cb5-458a-4c3d-5be5-08dd9e07c477
low,duplicate_receiving_label,Check whether ASSIST repeats the same receiving course in multiple contexts; usually lower priority than grouping errors.,UCM,University of California Merced,Contra Costa College,fail,CSE 022,duplicate_merged_row,duplicate raw CSV receiving row,2,,https://assist.org/transfer/results?year=76&institution=28&agreement=144&agreementType=to&viewAgreementsOptions=true&view=agreement&viewBy=major&viewSendingAgreements=false&viewByKey=76%2F28%2Fto%2F144%2FMajor%2Fbe462cb5-458a-4c3d-5be5-08dd9e07c477,76/28/to/144/Major/be462cb5-458a-4c3d-5be5-08dd9e07c477
low,duplicate_receiving_label,Check whether ASSIST repeats the same receiving course in multiple contexts; usually lower priority than grouping errors.,UCM,University of California Merced,Contra Costa College,fail,CSE 022,duplicate_merged_row,duplicate ASSIST receiving row,multiple ASSIST articulation rows normalize to the same receiving course,,https://assist.org/transfer/results?year=76&institution=28&agreement=144&agreementType=to&viewAgreementsOptions=true&view=agreement&viewBy=major&viewSendingAgreements=false&viewByKey=76%2F28%2Fto%2F144%2FMajor%2Fbe462cb5-458a-4c3d-5be5-08dd9e07c477,76/28/to/144/Major/be462cb5-458a-4c3d-5be5-08dd9e07c477
low,duplicate_receiving_label,Check whether ASSIST repeats the same receiving course in multiple contexts; usually lower priority than grouping errors.,UCM,University of California Merced,Copper Mountain College,fail,CSE 022,duplicate_merged_row,duplicate raw CSV receiving row,2,,https://assist.org/transfer/results?year=76&institution=112&agreement=144&agreementType=to&viewAgreementsOptions=true&view=agreement&viewBy=major&viewSendingAgreements=false&viewByKey=76%2F112%2Fto%2F144%2FMajor%2Fbe462cb5-458a-4c3d-5be5-08dd9e07c477,76/112/to/144/Major/be462cb5-458a-4c3d-5be5-08dd9e07c477
low,duplicate_receiving_label,Check whether ASSIST repeats the same receiving course in multiple contexts; usually lower priority than grouping errors.,UCM,University of California Merced,Copper Mountain College,fail,CSE 022,duplicate_merged_row,duplicate ASSIST receiving row,multiple ASSIST articulation rows normalize to the same receiving course,,https://assist.org/transfer/results?year=76&institution=112&agreement=144&agreementType=to&viewAgreementsOptions=true&view=agreement&viewBy=major&viewSendingAgreements=false&viewByKey=76%2F112%2Fto%2F144%2FMajor%2Fbe462cb5-458a-4c3d-5be5-08dd9e07c477,76/112/to/144/Major/be462cb5-458a-4c3d-5be5-08dd9e07c477
low,duplicate_receiving_label,Check whether ASSIST repeats the same receiving course in multiple contexts; usually lower priority than grouping errors.,UCM,University of California Merced,Cosumnes River College,fail,CSE 022,duplicate_merged_row,duplicate raw CSV receiving row,2,,https://assist.org/transfer/results?year=76&institution=142&agreement=144&agreementType=to&viewAgreementsOptions=true&view=agreement&viewBy=major&viewSendingAgreements=false&viewByKey=76%2F142%2Fto%2F144%2FMajor%2Fbe462cb5-458a-4c3d-5be5-08dd9e07c477,76/142/to/144/Major/be462cb5-458a-4c3d-5be5-08dd9e07c477
low,duplicate_receiving_label,Check whether ASSIST repeats the same receiving course in multiple contexts; usually lower priority than grouping errors.,UCM,University of California Merced,Cosumnes River College,fail,CSE 022,duplicate_merged_row,duplicate ASSIST receiving row,multiple ASSIST articulation rows normalize to the same receiving course,,https://assist.org/transfer/results?year=76&institution=142&agreement=144&agreementType=to&viewAgreementsOptions=true&view=agreement&viewBy=major&viewSendingAgreements=false&viewByKey=76%2F142%2Fto%2F144%2FMajor%2Fbe462cb5-458a-4c3d-5be5-08dd9e07c477,76/142/to/144/Major/be462cb5-458a-4c3d-5be5-08dd9e07c477
low,duplicate_receiving_label,Check whether ASSIST repeats the same receiving course in multiple contexts; usually lower priority than grouping errors.,UCM,University of California Merced,Crafton Hills College,fail,CSE 022,duplicate_merged_row,duplicate raw CSV receiving row,2,,https://assist.org/transfer/results?year=76&institution=70&agreement=144&agreementType=to&viewAgreementsOptions=true&view=agreement&viewBy=major&viewSendingAgreements=false&viewByKey=76%2F70%2Fto%2F144%2FMajor%2Fbe462cb5-458a-4c3d-5be5-08dd9e07c477,76/70/to/144/Major/be462cb5-458a-4c3d-5be5-08dd9e07c477
low,duplicate_receiving_label,Check whether ASSIST repeats the same receiving course in multiple contexts; usually lower priority than grouping errors.,UCM,University of California Merced,Crafton Hills College,fail,CSE 022,duplicate_merged_row,duplicate ASSIST receiving row,multiple ASSIST articulation rows normalize to the same receiving course,,https://assist.org/transfer/results?year=76&institution=70&agreement=144&agreementType=to&viewAgreementsOptions=true&view=agreement&viewBy=major&viewSendingAgreements=false&viewByKey=76%2F70%2Fto%2F144%2FMajor%2Fbe462cb5-458a-4c3d-5be5-08dd9e07c477,76/70/to/144/Major/be462cb5-458a-4c3d-5be5-08dd9e07c477
low,duplicate_receiving_label,Check whether ASSIST repeats the same receiving course in multiple contexts; usually lower priority than grouping errors.,UCM,University of California Merced,Cuesta College,fail,CSE 022,duplicate_merged_row,duplicate raw CSV receiving row,2,,https://assist.org/transfer/results?year=76&institution=16&agreement=144&agreementType=to&viewAgreementsOptions=true&view=agreement&viewBy=major&viewSendingAgreements=false&viewByKey=76%2F16%2Fto%2F144%2FMajor%2Fbe462cb5-458a-4c3d-5be5-08dd9e07c477,76/16/to/144/Major/be462cb5-458a-4c3d-5be5-08dd9e07c477
low,duplicate_receiving_label,Check whether ASSIST repeats the same receiving course in multiple contexts; usually lower priority than grouping errors.,UCM,University of California Merced,Cuesta College,fail,CSE 022,duplicate_merged_row,duplicate ASSIST receiving row,multiple ASSIST articulation rows normalize to the same receiving course,,https://assist.org/transfer/results?year=76&institution=16&agreement=144&agreementType=to&viewAgreementsOptions=true&view=agreement&viewBy=major&viewSendingAgreements=false&viewByKey=76%2F16%2Fto%2F144%2FMajor%2Fbe462cb5-458a-4c3d-5be5-08dd9e07c477,76/16/to/144/Major/be462cb5-458a-4c3d-5be5-08dd9e07c477
low,duplicate_receiving_label,Check whether ASSIST repeats the same receiving course in multiple contexts; usually lower priority than grouping errors.,UCM,University of California Merced,Cuyamaca College,fail,CSE 022,duplicate_merged_row,duplicate raw CSV receiving row,2,,https://assist.org/transfer/results?year=76&institution=99&agreement=144&agreementType=to&viewAgreementsOptions=true&view=agreement&viewBy=major&viewSendingAgreements=false&viewByKey=76%2F99%2Fto%2F144%2FMajor%2Fbe462cb5-458a-4c3d-5be5-08dd9e07c477,76/99/to/144/Major/be462cb5-458a-4c3d-5be5-08dd9e07c477
low,duplicate_receiving_label,Check whether ASSIST repeats the same receiving course in multiple contexts; usually lower priority than grouping errors.,UCM,University of California Merced,Cuyamaca College,fail,CSE 022,duplicate_merged_row,duplicate ASSIST receiving row,multiple ASSIST articulation rows normalize to the same receiving course,,https://assist.org/transfer/results?year=76&institution=99&agreement=144&agreementType=to&viewAgreementsOptions=true&view=agreement&viewBy=major&viewSendingAgreements=false&viewByKey=76%2F99%2Fto%2F144%2FMajor%2Fbe462cb5-458a-4c3d-5be5-08dd9e07c477,76/99/to/144/Major/be462cb5-458a-4c3d-5be5-08dd9e07c477
low,duplicate_receiving_label,Check whether ASSIST repeats the same receiving course in multiple contexts; usually lower priority than grouping errors.,UCM,University of California Merced,Cypress College,fail,CSE 022,duplicate_merged_row,duplicate raw CSV receiving row,2,,https://assist.org/transfer/results?year=76&institution=71&agreement=144&agreementType=to&viewAgreementsOptions=true&view=agreement&viewBy=major&viewSendingAgreements=false&viewByKey=76%2F71%2Fto%2F144%2FMajor%2Fbe462cb5-458a-4c3d-5be5-08dd9e07c477,76/71/to/144/Major/be462cb5-458a-4c3d-5be5-08dd9e07c477
low,duplicate_receiving_label,Check whether ASSIST repeats the same receiving course in multiple contexts; usually lower priority than grouping errors.,UCM,University of California Merced,Cypress College,fail,CSE 022,duplicate_merged_row,duplicate ASSIST receiving row,multiple ASSIST articulation rows normalize to the same receiving course,,https://assist.org/transfer/results?year=76&institution=71&agreement=144&agreementType=to&viewAgreementsOptions=true&view=agreement&viewBy=major&viewSendingAgreements=false&viewByKey=76%2F71%2Fto%2F144%2FMajor%2Fbe462cb5-458a-4c3d-5be5-08dd9e07c477,76/71/to/144/Major/be462cb5-458a-4c3d-5be5-08dd9e07c477
low,duplicate_receiving_label,Check whether ASSIST repeats the same receiving course in multiple contexts; usually lower priority than grouping errors.,UCM,University of California Merced,De Anza College,fail,CSE 022,duplicate_merged_row,duplicate raw CSV receiving row,2,,https://assist.org/transfer/results?year=76&institution=113&agreement=144&agreementType=to&viewAgreementsOptions=true&view=agreement&viewBy=major&viewSendingAgreements=false&viewByKey=76%2F113%2Fto%2F144%2FMajor%2Fbe462cb5-458a-4c3d-5be5-08dd9e07c477,76/113/to/144/Major/be462cb5-458a-4c3d-5be5-08dd9e07c477
low,duplicate_receiving_label,Check whether ASSIST repeats the same receiving course in multiple contexts; usually lower priority than grouping errors.,UCM,University of California Merced,De Anza College,fail,CSE 022,duplicate_merged_row,duplicate ASSIST receiving row,multiple ASSIST articulation rows normalize to the same receiving course,,https://assist.org/transfer/results?year=76&institution=113&agreement=144&agreementType=to&viewAgreementsOptions=true&view=agreement&viewBy=major&viewSendingAgreements=false&viewByKey=76%2F113%2Fto%2F144%2FMajor%2Fbe462cb5-458a-4c3d-5be5-08dd9e07c477,76/113/to/144/Major/be462cb5-458a-4c3d-5be5-08dd9e07c477
low,duplicate_receiving_label,Check whether ASSIST repeats the same receiving course in multiple contexts; usually lower priority than grouping errors.,UCM,University of California Merced,Diablo Valley College,fail,CSE 022,duplicate_merged_row,duplicate raw CSV receiving row,2,,https://assist.org/transfer/results?year=76&institution=114&agreement=144&agreementType=to&viewAgreementsOptions=true&view=agreement&viewBy=major&viewSendingAgreements=false&viewByKey=76%2F114%2Fto%2F144%2FMajor%2Fbe462cb5-458a-4c3d-5be5-08dd9e07c477,76/114/to/144/Major/be462cb5-458a-4c3d-5be5-08dd9e07c477
low,duplicate_receiving_label,Check whether ASSIST repeats the same receiving course in multiple contexts; usually lower priority than grouping errors.,UCM,University of California Merced,Diablo Valley College,fail,CSE 022,duplicate_merged_row,duplicate ASSIST receiving row,multiple ASSIST articulation rows normalize to the same receiving course,,https://assist.org/transfer/results?year=76&institution=114&agreement=144&agreementType=to&viewAgreementsOptions=true&view=agreement&viewBy=major&viewSendingAgreements=false&viewByKey=76%2F114%2Fto%2F144%2FMajor%2Fbe462cb5-458a-4c3d-5be5-08dd9e07c477,76/114/to/144/Major/be462cb5-458a-4c3d-5be5-08dd9e07c477
low,duplicate_receiving_label,Check whether ASSIST repeats the same receiving course in multiple contexts; usually lower priority than grouping errors.,UCM,University of California Merced,East Los Angeles College,fail,CSE 022,duplicate_merged_row,duplicate raw CSV receiving row,2,,https://assist.org/transfer/results?year=76&institution=118&agreement=144&agreementType=to&viewAgreementsOptions=true&view=agreement&viewBy=major&viewSendingAgreements=false&viewByKey=76%2F118%2Fto%2F144%2FMajor%2Fbe462cb5-458a-4c3d-5be5-08dd9e07c477,76/118/to/144/Major/be462cb5-458a-4c3d-5be5-08dd9e07c477
low,duplicate_receiving_label,Check whether ASSIST repeats the same receiving course in multiple contexts; usually lower priority than grouping errors.,UCM,University of California Merced,East Los Angeles College,fail,CSE 022,duplicate_merged_row,duplicate ASSIST receiving row,multiple ASSIST articulation rows normalize to the same receiving course,,https://assist.org/transfer/results?year=76&institution=118&agreement=144&agreementType=to&viewAgreementsOptions=true&view=agreement&viewBy=major&viewSendingAgreements=false&viewByKey=76%2F118%2Fto%2F144%2FMajor%2Fbe462cb5-458a-4c3d-5be5-08dd9e07c477,76/118/to/144/Major/be462cb5-458a-4c3d-5be5-08dd9e07c477
low,duplicate_receiving_label,Check whether ASSIST repeats the same receiving course in multiple contexts; usually lower priority than grouping errors.,UCM,University of California Merced,El Camino College,fail,CSE 022,duplicate_merged_row,duplicate raw CSV receiving row,2,,https://assist.org/transfer/results?year=76&institution=103&agreement=144&agreementType=to&viewAgreementsOptions=true&view=agreement&viewBy=major&viewSendingAgreements=false&viewByKey=76%2F103%2Fto%2F144%2FMajor%2Fbe462cb5-458a-4c3d-5be5-08dd9e07c477,76/103/to/144/Major/be462cb5-458a-4c3d-5be5-08dd9e07c477
low,duplicate_receiving_label,Check whether ASSIST repeats the same receiving course in multiple contexts; usually lower priority than grouping errors.,UCM,University of California Merced,El Camino College,fail,CSE 022,duplicate_merged_row,duplicate ASSIST receiving row,multiple ASSIST articulation rows normalize to the same receiving course,,https://assist.org/transfer/results?year=76&institution=103&agreement=144&agreementType=to&viewAgreementsOptions=true&view=agreement&viewBy=major&viewSendingAgreements=false&viewByKey=76%2F103%2Fto%2F144%2FMajor%2Fbe462cb5-458a-4c3d-5be5-08dd9e07c477,76/103/to/144/Major/be462cb5-458a-4c3d-5be5-08dd9e07c477
low,duplicate_receiving_label,Check whether ASSIST repeats the same receiving course in multiple contexts; usually lower priority than grouping errors.,UCM,University of California Merced,Evergreen Valley College,fail,CSE 022,duplicate_merged_row,duplicate raw CSV receiving row,2,,https://assist.org/transfer/results?year=76&institution=2&agreement=144&agreementType=to&viewAgreementsOptions=true&view=agreement&viewBy=major&viewSendingAgreements=false&viewByKey=76%2F2%2Fto%2F144%2FMajor%2Fbe462cb5-458a-4c3d-5be5-08dd9e07c477,76/2/to/144/Major/be462cb5-458a-4c3d-5be5-08dd9e07c477
low,duplicate_receiving_label,Check whether ASSIST repeats the same receiving course in multiple contexts; usually lower priority than grouping errors.,UCM,University of California Merced,Evergreen Valley College,fail,CSE 022,duplicate_merged_row,duplicate ASSIST receiving row,multiple ASSIST articulation rows normalize to the same receiving course,,https://assist.org/transfer/results?year=76&institution=2&agreement=144&agreementType=to&viewAgreementsOptions=true&view=agreement&viewBy=major&viewSendingAgreements=false&viewByKey=76%2F2%2Fto%2F144%2FMajor%2Fbe462cb5-458a-4c3d-5be5-08dd9e07c477,76/2/to/144/Major/be462cb5-458a-4c3d-5be5-08dd9e07c477
low,duplicate_receiving_label,Check whether ASSIST repeats the same receiving course in multiple contexts; usually lower priority than grouping errors.,UCM,University of California Merced,Feather River College,fail,CSE 022,duplicate_merged_row,duplicate raw CSV receiving row,2,,https://assist.org/transfer/results?year=76&institution=122&agreement=144&agreementType=to&viewAgreementsOptions=true&view=agreement&viewBy=major&viewSendingAgreements=false&viewByKey=76%2F122%2Fto%2F144%2FMajor%2Fbe462cb5-458a-4c3d-5be5-08dd9e07c477,76/122/to/144/Major/be462cb5-458a-4c3d-5be5-08dd9e07c477
low,duplicate_receiving_label,Check whether ASSIST repeats the same receiving course in multiple contexts; usually lower priority than grouping errors.,UCM,University of California Merced,Folsom Lake College,fail,CSE 022,duplicate_merged_row,duplicate raw CSV receiving row,2,,https://assist.org/transfer/results?year=76&institution=145&agreement=144&agreementType=to&viewAgreementsOptions=true&view=agreement&viewBy=major&viewSendingAgreements=false&viewByKey=76%2F145%2Fto%2F144%2FMajor%2Fbe462cb5-458a-4c3d-5be5-08dd9e07c477,76/145/to/144/Major/be462cb5-458a-4c3d-5be5-08dd9e07c477
low,duplicate_receiving_label,Check whether ASSIST repeats the same receiving course in multiple contexts; usually lower priority than grouping errors.,UCM,University of California Merced,Folsom Lake College,fail,CSE 022,duplicate_merged_row,duplicate ASSIST receiving row,multiple ASSIST articulation rows normalize to the same receiving course,,https://assist.org/transfer/results?year=76&institution=145&agreement=144&agreementType=to&viewAgreementsOptions=true&view=agreement&viewBy=major&viewSendingAgreements=false&viewByKey=76%2F145%2Fto%2F144%2FMajor%2Fbe462cb5-458a-4c3d-5be5-08dd9e07c477,76/145/to/144/Major/be462cb5-458a-4c3d-5be5-08dd9e07c477
low,duplicate_receiving_label,Check whether ASSIST repeats the same receiving course in multiple contexts; usually lower priority than grouping errors.,UCM,University of California Merced,Foothill College,fail,CSE 022,duplicate_merged_row,duplicate raw CSV receiving row,2,,https://assist.org/transfer/results?year=76&institution=51&agreement=144&agreementType=to&viewAgreementsOptions=true&view=agreement&viewBy=major&viewSendingAgreements=false&viewByKey=76%2F51%2Fto%2F144%2FMajor%2Fbe462cb5-458a-4c3d-5be5-08dd9e07c477,76/51/to/144/Major/be462cb5-458a-4c3d-5be5-08dd9e07c477
low,duplicate_receiving_label,Check whether ASSIST repeats the same receiving course in multiple contexts; usually lower priority than grouping errors.,UCM,University of California Merced,Foothill College,fail,CSE 022,duplicate_merged_row,duplicate ASSIST receiving row,multiple ASSIST articulation rows normalize to the same receiving course,,https://assist.org/transfer/results?year=76&institution=51&agreement=144&agreementType=to&viewAgreementsOptions=true&view=agreement&viewBy=major&viewSendingAgreements=false&viewByKey=76%2F51%2Fto%2F144%2FMajor%2Fbe462cb5-458a-4c3d-5be5-08dd9e07c477,76/51/to/144/Major/be462cb5-458a-4c3d-5be5-08dd9e07c477
low,duplicate_receiving_label,Check whether ASSIST repeats the same receiving course in multiple contexts; usually lower priority than grouping errors.,UCM,University of California Merced,Fresno City College,fail,CSE 022,duplicate_merged_row,duplicate raw CSV receiving row,2,,https://assist.org/transfer/results?year=76&institution=35&agreement=144&agreementType=to&viewAgreementsOptions=true&view=agreement&viewBy=major&viewSendingAgreements=false&viewByKey=76%2F35%2Fto%2F144%2FMajor%2Fbe462cb5-458a-4c3d-5be5-08dd9e07c477,76/35/to/144/Major/be462cb5-458a-4c3d-5be5-08dd9e07c477
low,duplicate_receiving_label,Check whether ASSIST repeats the same receiving course in multiple contexts; usually lower priority than grouping errors.,UCM,University of California Merced,Fresno City College,fail,CSE 022,duplicate_merged_row,duplicate ASSIST receiving row,multiple ASSIST articulation rows normalize to the same receiving course,,https://assist.org/transfer/results?year=76&institution=35&agreement=144&agreementType=to&viewAgreementsOptions=true&view=agreement&viewBy=major&viewSendingAgreements=false&viewByKey=76%2F35%2Fto%2F144%2FMajor%2Fbe462cb5-458a-4c3d-5be5-08dd9e07c477,76/35/to/144/Major/be462cb5-458a-4c3d-5be5-08dd9e07c477
low,duplicate_receiving_label,Check whether ASSIST repeats the same receiving course in multiple contexts; usually lower priority than grouping errors.,UCM,University of California Merced,Fullerton College,fail,CSE 022,duplicate_merged_row,duplicate raw CSV receiving row,2,,https://assist.org/transfer/results?year=76&institution=134&agreement=144&agreementType=to&viewAgreementsOptions=true&view=agreement&viewBy=major&viewSendingAgreements=false&viewByKey=76%2F134%2Fto%2F144%2FMajor%2Fbe462cb5-458a-4c3d-5be5-08dd9e07c477,76/134/to/144/Major/be462cb5-458a-4c3d-5be5-08dd9e07c477
low,duplicate_receiving_label,Check whether ASSIST repeats the same receiving course in multiple contexts; usually lower priority than grouping errors.,UCM,University of California Merced,Fullerton College,fail,CSE 022,duplicate_merged_row,duplicate ASSIST receiving row,multiple ASSIST articulation rows normalize to the same receiving course,,https://assist.org/transfer/results?year=76&institution=134&agreement=144&agreementType=to&viewAgreementsOptions=true&view=agreement&viewBy=major&viewSendingAgreements=false&viewByKey=76%2F134%2Fto%2F144%2FMajor%2Fbe462cb5-458a-4c3d-5be5-08dd9e07c477,76/134/to/144/Major/be462cb5-458a-4c3d-5be5-08dd9e07c477
low,duplicate_receiving_label,Check whether ASSIST repeats the same receiving course in multiple contexts; usually lower priority than grouping errors.,UCM,University of California Merced,Gavilan College,fail,CSE 022,duplicate_merged_row,duplicate raw CSV receiving row,2,,https://assist.org/transfer/results?year=76&institution=72&agreement=144&agreementType=to&viewAgreementsOptions=true&view=agreement&viewBy=major&viewSendingAgreements=false&viewByKey=76%2F72%2Fto%2F144%2FMajor%2Fbe462cb5-458a-4c3d-5be5-08dd9e07c477,76/72/to/144/Major/be462cb5-458a-4c3d-5be5-08dd9e07c477
low,duplicate_receiving_label,Check whether ASSIST repeats the same receiving course in multiple contexts; usually lower priority than grouping errors.,UCM,University of California Merced,Gavilan College,fail,CSE 022,duplicate_merged_row,duplicate ASSIST receiving row,multiple ASSIST articulation rows normalize to the same receiving course,,https://assist.org/transfer/results?year=76&institution=72&agreement=144&agreementType=to&viewAgreementsOptions=true&view=agreement&viewBy=major&viewSendingAgreements=false&viewByKey=76%2F72%2Fto%2F144%2FMajor%2Fbe462cb5-458a-4c3d-5be5-08dd9e07c477,76/72/to/144/Major/be462cb5-458a-4c3d-5be5-08dd9e07c477
low,duplicate_receiving_label,Check whether ASSIST repeats the same receiving course in multiple contexts; usually lower priority than grouping errors.,UCM,University of California Merced,Glendale Community College,fail,CSE 022,duplicate_merged_row,duplicate raw CSV receiving row,2,,https://assist.org/transfer/results?year=76&institution=43&agreement=144&agreementType=to&viewAgreementsOptions=true&view=agreement&viewBy=major&viewSendingAgreements=false&viewByKey=76%2F43%2Fto%2F144%2FMajor%2Fbe462cb5-458a-4c3d-5be5-08dd9e07c477,76/43/to/144/Major/be462cb5-458a-4c3d-5be5-08dd9e07c477
low,duplicate_receiving_label,Check whether ASSIST repeats the same receiving course in multiple contexts; usually lower priority than grouping errors.,UCM,University of California Merced,Glendale Community College,fail,CSE 022,duplicate_merged_row,duplicate ASSIST receiving row,multiple ASSIST articulation rows normalize to the same receiving course,,https://assist.org/transfer/results?year=76&institution=43&agreement=144&agreementType=to&viewAgreementsOptions=true&view=agreement&viewBy=major&viewSendingAgreements=false&viewByKey=76%2F43%2Fto%2F144%2FMajor%2Fbe462cb5-458a-4c3d-5be5-08dd9e07c477,76/43/to/144/Major/be462cb5-458a-4c3d-5be5-08dd9e07c477
low,duplicate_receiving_label,Check whether ASSIST repeats the same receiving course in multiple contexts; usually lower priority than grouping errors.,UCM,University of California Merced,Golden West College,fail,CSE 022,duplicate_merged_row,duplicate raw CSV receiving row,2,,https://assist.org/transfer/results?year=76&institution=55&agreement=144&agreementType=to&viewAgreementsOptions=true&view=agreement&viewBy=major&viewSendingAgreements=false&viewByKey=76%2F55%2Fto%2F144%2FMajor%2Fbe462cb5-458a-4c3d-5be5-08dd9e07c477,76/55/to/144/Major/be462cb5-458a-4c3d-5be5-08dd9e07c477
low,duplicate_receiving_label,Check whether ASSIST repeats the same receiving course in multiple contexts; usually lower priority than grouping errors.,UCM,University of California Merced,Golden West College,fail,CSE 022,duplicate_merged_row,duplicate ASSIST receiving row,multiple ASSIST articulation rows normalize to the same receiving course,,https://assist.org/transfer/results?year=76&institution=55&agreement=144&agreementType=to&viewAgreementsOptions=true&view=agreement&viewBy=major&viewSendingAgreements=false&viewByKey=76%2F55%2Fto%2F144%2FMajor%2Fbe462cb5-458a-4c3d-5be5-08dd9e07c477,76/55/to/144/Major/be462cb5-458a-4c3d-5be5-08dd9e07c477
low,duplicate_receiving_label,Check whether ASSIST repeats the same receiving course in multiple contexts; usually lower priority than grouping errors.,UCM,University of California Merced,Grossmont College,fail,CSE 022,duplicate_merged_row,duplicate raw CSV receiving row,2,,https://assist.org/transfer/results?year=76&institution=106&agreement=144&agreementType=to&viewAgreementsOptions=true&view=agreement&viewBy=major&viewSendingAgreements=false&viewByKey=76%2F106%2Fto%2F144%2FMajor%2Fbe462cb5-458a-4c3d-5be5-08dd9e07c477,76/106/to/144/Major/be462cb5-458a-4c3d-5be5-08dd9e07c477
low,duplicate_receiving_label,Check whether ASSIST repeats the same receiving course in multiple contexts; usually lower priority than grouping errors.,UCM,University of California Merced,Hartnell College,fail,CSE 022,duplicate_merged_row,duplicate raw CSV receiving row,2,,https://assist.org/transfer/results?year=76&institution=123&agreement=144&agreementType=to&viewAgreementsOptions=true&view=agreement&viewBy=major&viewSendingAgreements=false&viewByKey=76%2F123%2Fto%2F144%2FMajor%2Fbe462cb5-458a-4c3d-5be5-08dd9e07c477,76/123/to/144/Major/be462cb5-458a-4c3d-5be5-08dd9e07c477
low,duplicate_receiving_label,Check whether ASSIST repeats the same receiving course in multiple contexts; usually lower priority than grouping errors.,UCM,University of California Merced,Hartnell College,fail,CSE 022,duplicate_merged_row,duplicate ASSIST receiving row,multiple ASSIST articulation rows normalize to the same receiving course,,https://assist.org/transfer/results?year=76&institution=123&agreement=144&agreementType=to&viewAgreementsOptions=true&view=agreement&viewBy=major&viewSendingAgreements=false&viewByKey=76%2F123%2Fto%2F144%2FMajor%2Fbe462cb5-458a-4c3d-5be5-08dd9e07c477,76/123/to/144/Major/be462cb5-458a-4c3d-5be5-08dd9e07c477
low,duplicate_receiving_label,Check whether ASSIST repeats the same receiving course in multiple contexts; usually lower priority than grouping errors.,UCM,University of California Merced,Imperial Valley College,fail,CSE 022,duplicate_merged_row,duplicate raw CSV receiving row,2,,https://assist.org/transfer/results?year=76&institution=107&agreement=144&agreementType=to&viewAgreementsOptions=true&view=agreement&viewBy=major&viewSendingAgreements=false&viewByKey=76%2F107%2Fto%2F144%2FMajor%2Fbe462cb5-458a-4c3d-5be5-08dd9e07c477,76/107/to/144/Major/be462cb5-458a-4c3d-5be5-08dd9e07c477
low,duplicate_receiving_label,Check whether ASSIST repeats the same receiving course in multiple contexts; usually lower priority than grouping errors.,UCM,University of California Merced,Imperial Valley College,fail,CSE 022,duplicate_merged_row,duplicate ASSIST receiving row,multiple ASSIST articulation rows normalize to the same receiving course,,https://assist.org/transfer/results?year=76&institution=107&agreement=144&agreementType=to&viewAgreementsOptions=true&view=agreement&viewBy=major&viewSendingAgreements=false&viewByKey=76%2F107%2Fto%2F144%2FMajor%2Fbe462cb5-458a-4c3d-5be5-08dd9e07c477,76/107/to/144/Major/be462cb5-458a-4c3d-5be5-08dd9e07c477
low,duplicate_receiving_label,Check whether ASSIST repeats the same receiving course in multiple contexts; usually lower priority than grouping errors.,UCM,University of California Merced,Irvine Valley College,fail,CSE 022,duplicate_merged_row,duplicate raw CSV receiving row,2,,https://assist.org/transfer/results?year=76&institution=124&agreement=144&agreementType=to&viewAgreementsOptions=true&view=agreement&viewBy=major&viewSendingAgreements=false&viewByKey=76%2F124%2Fto%2F144%2FMajor%2Fbe462cb5-458a-4c3d-5be5-08dd9e07c477,76/124/to/144/Major/be462cb5-458a-4c3d-5be5-08dd9e07c477
low,duplicate_receiving_label,Check whether ASSIST repeats the same receiving course in multiple contexts; usually lower priority than grouping errors.,UCM,University of California Merced,Irvine Valley College,fail,CSE 022,duplicate_merged_row,duplicate ASSIST receiving row,multiple ASSIST articulation rows normalize to the same receiving course,,https://assist.org/transfer/results?year=76&institution=124&agreement=144&agreementType=to&viewAgreementsOptions=true&view=agreement&viewBy=major&viewSendingAgreements=false&viewByKey=76%2F124%2Fto%2F144%2FMajor%2Fbe462cb5-458a-4c3d-5be5-08dd9e07c477,76/124/to/144/Major/be462cb5-458a-4c3d-5be5-08dd9e07c477
low,duplicate_receiving_label,Check whether ASSIST repeats the same receiving course in multiple contexts; usually lower priority than grouping errors.,UCM,University of California Merced,Lake Tahoe Community College,fail,CSE 022,duplicate_merged_row,duplicate raw CSV receiving row,2,,https://assist.org/transfer/results?year=76&institution=40&agreement=144&agreementType=to&viewAgreementsOptions=true&view=agreement&viewBy=major&viewSendingAgreements=false&viewByKey=76%2F40%2Fto%2F144%2FMajor%2Fbe462cb5-458a-4c3d-5be5-08dd9e07c477,76/40/to/144/Major/be462cb5-458a-4c3d-5be5-08dd9e07c477
low,duplicate_receiving_label,Check whether ASSIST repeats the same receiving course in multiple contexts; usually lower priority than grouping errors.,UCM,University of California Merced,Lake Tahoe Community College,fail,CSE 022,duplicate_merged_row,duplicate ASSIST receiving row,multiple ASSIST articulation rows normalize to the same receiving course,,https://assist.org/transfer/results?year=76&institution=40&agreement=144&agreementType=to&viewAgreementsOptions=true&view=agreement&viewBy=major&viewSendingAgreements=false&viewByKey=76%2F40%2Fto%2F144%2FMajor%2Fbe462cb5-458a-4c3d-5be5-08dd9e07c477,76/40/to/144/Major/be462cb5-458a-4c3d-5be5-08dd9e07c477
low,duplicate_receiving_label,Check whether ASSIST repeats the same receiving course in multiple contexts; usually lower priority than grouping errors.,UCM,University of California Merced,Laney College,fail,CSE 022,duplicate_merged_row,duplicate raw CSV receiving row,2,,https://assist.org/transfer/results?year=76&institution=77&agreement=144&agreementType=to&viewAgreementsOptions=true&view=agreement&viewBy=major&viewSendingAgreements=false&viewByKey=76%2F77%2Fto%2F144%2FMajor%2Fbe462cb5-458a-4c3d-5be5-08dd9e07c477,76/77/to/144/Major/be462cb5-458a-4c3d-5be5-08dd9e07c477
low,duplicate_receiving_label,Check whether ASSIST repeats the same receiving course in multiple contexts; usually lower priority than grouping errors.,UCM,University of California Merced,Las Positas College,fail,CSE 022,duplicate_merged_row,duplicate raw CSV receiving row,2,,https://assist.org/transfer/results?year=76&institution=18&agreement=144&agreementType=to&viewAgreementsOptions=true&view=agreement&viewBy=major&viewSendingAgreements=false&viewByKey=76%2F18%2Fto%2F144%2FMajor%2Fbe462cb5-458a-4c3d-5be5-08dd9e07c477,76/18/to/144/Major/be462cb5-458a-4c3d-5be5-08dd9e07c477
low,duplicate_receiving_label,Check whether ASSIST repeats the same receiving course in multiple contexts; usually lower priority than grouping errors.,UCM,University of California Merced,Las Positas College,fail,CSE 022,duplicate_merged_row,duplicate ASSIST receiving row,multiple ASSIST articulation rows normalize to the same receiving course,,https://assist.org/transfer/results?year=76&institution=18&agreement=144&agreementType=to&viewAgreementsOptions=true&view=agreement&viewBy=major&viewSendingAgreements=false&viewByKey=76%2F18%2Fto%2F144%2FMajor%2Fbe462cb5-458a-4c3d-5be5-08dd9e07c477,76/18/to/144/Major/be462cb5-458a-4c3d-5be5-08dd9e07c477
low,duplicate_receiving_label,Check whether ASSIST repeats the same receiving course in multiple contexts; usually lower priority than grouping errors.,UCM,University of California Merced,Lassen Community College,fail,CSE 022,duplicate_merged_row,duplicate raw CSV receiving row,2,,https://assist.org/transfer/results?year=76&institution=82&agreement=144&agreementType=to&viewAgreementsOptions=true&view=agreement&viewBy=major&viewSendingAgreements=false&viewByKey=76%2F82%2Fto%2F144%2FMajor%2Fbe462cb5-458a-4c3d-5be5-08dd9e07c477,76/82/to/144/Major/be462cb5-458a-4c3d-5be5-08dd9e07c477
low,duplicate_receiving_label,Check whether ASSIST repeats the same receiving course in multiple contexts; usually lower priority than grouping errors.,UCM,University of California Merced,Long Beach City College,fail,CSE 022,duplicate_merged_row,duplicate raw CSV receiving row,2,,https://assist.org/transfer/results?year=76&institution=135&agreement=144&agreementType=to&viewAgreementsOptions=true&view=agreement&viewBy=major&viewSendingAgreements=false&viewByKey=76%2F135%2Fto%2F144%2FMajor%2Fbe462cb5-458a-4c3d-5be5-08dd9e07c477,76/135/to/144/Major/be462cb5-458a-4c3d-5be5-08dd9e07c477
low,duplicate_receiving_label,Check whether ASSIST repeats the same receiving course in multiple contexts; usually lower priority than grouping errors.,UCM,University of California Merced,Long Beach City College,fail,CSE 022,duplicate_merged_row,duplicate ASSIST receiving row,multiple ASSIST articulation rows normalize to the same receiving course,,https://assist.org/transfer/results?year=76&institution=135&agreement=144&agreementType=to&viewAgreementsOptions=true&view=agreement&viewBy=major&viewSendingAgreements=false&viewByKey=76%2F135%2Fto%2F144%2FMajor%2Fbe462cb5-458a-4c3d-5be5-08dd9e07c477,76/135/to/144/Major/be462cb5-458a-4c3d-5be5-08dd9e07c477
low,duplicate_receiving_label,Check whether ASSIST repeats the same receiving course in multiple contexts; usually lower priority than grouping errors.,UCM,University of California Merced,Los Angeles City College,fail,CSE 022,duplicate_merged_row,duplicate raw CSV receiving row,2,,https://assist.org/transfer/results?year=76&institution=3&agreement=144&agreementType=to&viewAgreementsOptions=true&view=agreement&viewBy=major&viewSendingAgreements=false&viewByKey=76%2F3%2Fto%2F144%2FMajor%2Fbe462cb5-458a-4c3d-5be5-08dd9e07c477,76/3/to/144/Major/be462cb5-458a-4c3d-5be5-08dd9e07c477
low,duplicate_receiving_label,Check whether ASSIST repeats the same receiving course in multiple contexts; usually lower priority than grouping errors.,UCM,University of California Merced,Los Angeles City College,fail,CSE 022,duplicate_merged_row,duplicate ASSIST receiving row,multiple ASSIST articulation rows normalize to the same receiving course,,https://assist.org/transfer/results?year=76&institution=3&agreement=144&agreementType=to&viewAgreementsOptions=true&view=agreement&viewBy=major&viewSendingAgreements=false&viewByKey=76%2F3%2Fto%2F144%2FMajor%2Fbe462cb5-458a-4c3d-5be5-08dd9e07c477,76/3/to/144/Major/be462cb5-458a-4c3d-5be5-08dd9e07c477
low,duplicate_receiving_label,Check whether ASSIST repeats the same receiving course in multiple contexts; usually lower priority than grouping errors.,UCM,University of California Merced,Los Angeles Harbor College,fail,CSE 022,duplicate_merged_row,duplicate raw CSV receiving row,2,,https://assist.org/transfer/results?year=76&institution=31&agreement=144&agreementType=to&viewAgreementsOptions=true&view=agreement&viewBy=major&viewSendingAgreements=false&viewByKey=76%2F31%2Fto%2F144%2FMajor%2Fbe462cb5-458a-4c3d-5be5-08dd9e07c477,76/31/to/144/Major/be462cb5-458a-4c3d-5be5-08dd9e07c477
low,duplicate_receiving_label,Check whether ASSIST repeats the same receiving course in multiple contexts; usually lower priority than grouping errors.,UCM,University of California Merced,Los Angeles Harbor College,fail,CSE 022,duplicate_merged_row,duplicate ASSIST receiving row,multiple ASSIST articulation rows normalize to the same receiving course,,https://assist.org/transfer/results?year=76&institution=31&agreement=144&agreementType=to&viewAgreementsOptions=true&view=agreement&viewBy=major&viewSendingAgreements=false&viewByKey=76%2F31%2Fto%2F144%2FMajor%2Fbe462cb5-458a-4c3d-5be5-08dd9e07c477,76/31/to/144/Major/be462cb5-458a-4c3d-5be5-08dd9e07c477
low,duplicate_receiving_label,Check whether ASSIST repeats the same receiving course in multiple contexts; usually lower priority than grouping errors.,UCM,University of California Merced,Los Angeles Mission College,fail,CSE 022,duplicate_merged_row,duplicate raw CSV receiving row,2,,https://assist.org/transfer/results?year=76&institution=47&agreement=144&agreementType=to&viewAgreementsOptions=true&view=agreement&viewBy=major&viewSendingAgreements=false&viewByKey=76%2F47%2Fto%2F144%2FMajor%2Fbe462cb5-458a-4c3d-5be5-08dd9e07c477,76/47/to/144/Major/be462cb5-458a-4c3d-5be5-08dd9e07c477
low,duplicate_receiving_label,Check whether ASSIST repeats the same receiving course in multiple contexts; usually lower priority than grouping errors.,UCM,University of California Merced,Los Angeles Mission College,fail,CSE 022,duplicate_merged_row,duplicate ASSIST receiving row,multiple ASSIST articulation rows normalize to the same receiving course,,https://assist.org/transfer/results?year=76&institution=47&agreement=144&agreementType=to&viewAgreementsOptions=true&view=agreement&viewBy=major&viewSendingAgreements=false&viewByKey=76%2F47%2Fto%2F144%2FMajor%2Fbe462cb5-458a-4c3d-5be5-08dd9e07c477,76/47/to/144/Major/be462cb5-458a-4c3d-5be5-08dd9e07c477
low,duplicate_receiving_label,Check whether ASSIST repeats the same receiving course in multiple contexts; usually lower priority than grouping errors.,UCM,University of California Merced,Los Angeles Pierce College,fail,CSE 022,duplicate_merged_row,duplicate raw CSV receiving row,2,,https://assist.org/transfer/results?year=76&institution=86&agreement=144&agreementType=to&viewAgreementsOptions=true&view=agreement&viewBy=major&viewSendingAgreements=false&viewByKey=76%2F86%2Fto%2F144%2FMajor%2Fbe462cb5-458a-4c3d-5be5-08dd9e07c477,76/86/to/144/Major/be462cb5-458a-4c3d-5be5-08dd9e07c477
low,duplicate_receiving_label,Check whether ASSIST repeats the same receiving course in multiple contexts; usually lower priority than grouping errors.,UCM,University of California Merced,Los Angeles Pierce College,fail,CSE 022,duplicate_merged_row,duplicate ASSIST receiving row,multiple ASSIST articulation rows normalize to the same receiving course,,https://assist.org/transfer/results?year=76&institution=86&agreement=144&agreementType=to&viewAgreementsOptions=true&view=agreement&viewBy=major&viewSendingAgreements=false&viewByKey=76%2F86%2Fto%2F144%2FMajor%2Fbe462cb5-458a-4c3d-5be5-08dd9e07c477,76/86/to/144/Major/be462cb5-458a-4c3d-5be5-08dd9e07c477
low,duplicate_receiving_label,Check whether ASSIST repeats the same receiving course in multiple contexts; usually lower priority than grouping errors.,UCM,University of California Merced,Los Angeles Southwest College,fail,CSE 022,duplicate_merged_row,duplicate raw CSV receiving row,2,,https://assist.org/transfer/results?year=76&institution=130&agreement=144&agreementType=to&viewAgreementsOptions=true&view=agreement&viewBy=major&viewSendingAgreements=false&viewByKey=76%2F130%2Fto%2F144%2FMajor%2Fbe462cb5-458a-4c3d-5be5-08dd9e07c477,76/130/to/144/Major/be462cb5-458a-4c3d-5be5-08dd9e07c477
low,duplicate_receiving_label,Check whether ASSIST repeats the same receiving course in multiple contexts; usually lower priority than grouping errors.,UCM,University of California Merced,Los Angeles Southwest College,fail,CSE 022,duplicate_merged_row,duplicate ASSIST receiving row,multiple ASSIST articulation rows normalize to the same receiving course,,https://assist.org/transfer/results?year=76&institution=130&agreement=144&agreementType=to&viewAgreementsOptions=true&view=agreement&viewBy=major&viewSendingAgreements=false&viewByKey=76%2F130%2Fto%2F144%2FMajor%2Fbe462cb5-458a-4c3d-5be5-08dd9e07c477,76/130/to/144/Major/be462cb5-458a-4c3d-5be5-08dd9e07c477
low,duplicate_receiving_label,Check whether ASSIST repeats the same receiving course in multiple contexts; usually lower priority than grouping errors.,UCM,University of California Merced,Los Angeles Trade Technical College,fail,CSE 022,duplicate_merged_row,duplicate raw CSV receiving row,2,,https://assist.org/transfer/results?year=76&institution=25&agreement=144&agreementType=to&viewAgreementsOptions=true&view=agreement&viewBy=major&viewSendingAgreements=false&viewByKey=76%2F25%2Fto%2F144%2FMajor%2Fbe462cb5-458a-4c3d-5be5-08dd9e07c477,76/25/to/144/Major/be462cb5-458a-4c3d-5be5-08dd9e07c477
low,duplicate_receiving_label,Check whether ASSIST repeats the same receiving course in multiple contexts; usually lower priority than grouping errors.,UCM,University of California Merced,Los Angeles Trade Technical College,fail,CSE 022,duplicate_merged_row,duplicate ASSIST receiving row,multiple ASSIST articulation rows normalize to the same receiving course,,https://assist.org/transfer/results?year=76&institution=25&agreement=144&agreementType=to&viewAgreementsOptions=true&view=agreement&viewBy=major&viewSendingAgreements=false&viewByKey=76%2F25%2Fto%2F144%2FMajor%2Fbe462cb5-458a-4c3d-5be5-08dd9e07c477,76/25/to/144/Major/be462cb5-458a-4c3d-5be5-08dd9e07c477
low,duplicate_receiving_label,Check whether ASSIST repeats the same receiving course in multiple contexts; usually lower priority than grouping errors.,UCM,University of California Merced,Los Angeles Valley College,fail,CSE 022,duplicate_merged_row,duplicate raw CSV receiving row,2,,https://assist.org/transfer/results?year=76&institution=44&agreement=144&agreementType=to&viewAgreementsOptions=true&view=agreement&viewBy=major&viewSendingAgreements=false&viewByKey=76%2F44%2Fto%2F144%2FMajor%2Fbe462cb5-458a-4c3d-5be5-08dd9e07c477,76/44/to/144/Major/be462cb5-458a-4c3d-5be5-08dd9e07c477
low,duplicate_receiving_label,Check whether ASSIST repeats the same receiving course in multiple contexts; usually lower priority than grouping errors.,UCM,University of California Merced,Los Angeles Valley College,fail,CSE 022,duplicate_merged_row,duplicate ASSIST receiving row,multiple ASSIST articulation rows normalize to the same receiving course,,https://assist.org/transfer/results?year=76&institution=44&agreement=144&agreementType=to&viewAgreementsOptions=true&view=agreement&viewBy=major&viewSendingAgreements=false&viewByKey=76%2F44%2Fto%2F144%2FMajor%2Fbe462cb5-458a-4c3d-5be5-08dd9e07c477,76/44/to/144/Major/be462cb5-458a-4c3d-5be5-08dd9e07c477
low,duplicate_receiving_label,Check whether ASSIST repeats the same receiving course in multiple contexts; usually lower priority than grouping errors.,UCM,University of California Merced,Los Medanos College,fail,CSE 022,duplicate_merged_row,duplicate raw CSV receiving row,2,,https://assist.org/transfer/results?year=76&institution=61&agreement=144&agreementType=to&viewAgreementsOptions=true&view=agreement&viewBy=major&viewSendingAgreements=false&viewByKey=76%2F61%2Fto%2F144%2FMajor%2Fbe462cb5-458a-4c3d-5be5-08dd9e07c477,76/61/to/144/Major/be462cb5-458a-4c3d-5be5-08dd9e07c477
low,duplicate_receiving_label,Check whether ASSIST repeats the same receiving course in multiple contexts; usually lower priority than grouping errors.,UCM,University of California Merced,Los Medanos College,fail,CSE 022,duplicate_merged_row,duplicate ASSIST receiving row,multiple ASSIST articulation rows normalize to the same receiving course,,https://assist.org/transfer/results?year=76&institution=61&agreement=144&agreementType=to&viewAgreementsOptions=true&view=agreement&viewBy=major&viewSendingAgreements=false&viewByKey=76%2F61%2Fto%2F144%2FMajor%2Fbe462cb5-458a-4c3d-5be5-08dd9e07c477,76/61/to/144/Major/be462cb5-458a-4c3d-5be5-08dd9e07c477
low,duplicate_receiving_label,Check whether ASSIST repeats the same receiving course in multiple contexts; usually lower priority than grouping errors.,UCM,University of California Merced,Madera Community College,fail,CSE 022,duplicate_merged_row,duplicate raw CSV receiving row,2,,https://assist.org/transfer/results?year=76&institution=200&agreement=144&agreementType=to&viewAgreementsOptions=true&view=agreement&viewBy=major&viewSendingAgreements=false&viewByKey=76%2F200%2Fto%2F144%2FMajor%2Fbe462cb5-458a-4c3d-5be5-08dd9e07c477,76/200/to/144/Major/be462cb5-458a-4c3d-5be5-08dd9e07c477
low,duplicate_receiving_label,Check whether ASSIST repeats the same receiving course in multiple contexts; usually lower priority than grouping errors.,UCM,University of California Merced,Madera Community College,fail,CSE 022,duplicate_merged_row,duplicate ASSIST receiving row,multiple ASSIST articulation rows normalize to the same receiving course,,https://assist.org/transfer/results?year=76&institution=200&agreement=144&agreementType=to&viewAgreementsOptions=true&view=agreement&viewBy=major&viewSendingAgreements=false&viewByKey=76%2F200%2Fto%2F144%2FMajor%2Fbe462cb5-458a-4c3d-5be5-08dd9e07c477,76/200/to/144/Major/be462cb5-458a-4c3d-5be5-08dd9e07c477
low,duplicate_receiving_label,Check whether ASSIST repeats the same receiving course in multiple contexts; usually lower priority than grouping errors.,UCM,University of California Merced,Mendocino College,fail,CSE 022,duplicate_merged_row,duplicate raw CSV receiving row,2,,https://assist.org/transfer/results?year=76&institution=100&agreement=144&agreementType=to&viewAgreementsOptions=true&view=agreement&viewBy=major&viewSendingAgreements=false&viewByKey=76%2F100%2Fto%2F144%2FMajor%2Fbe462cb5-458a-4c3d-5be5-08dd9e07c477,76/100/to/144/Major/be462cb5-458a-4c3d-5be5-08dd9e07c477
low,duplicate_receiving_label,Check whether ASSIST repeats the same receiving course in multiple contexts; usually lower priority than grouping errors.,UCM,University of California Merced,Mendocino College,fail,CSE 022,duplicate_merged_row,duplicate ASSIST receiving row,multiple ASSIST articulation rows normalize to the same receiving course,,https://assist.org/transfer/results?year=76&institution=100&agreement=144&agreementType=to&viewAgreementsOptions=true&view=agreement&viewBy=major&viewSendingAgreements=false&viewByKey=76%2F100%2Fto%2F144%2FMajor%2Fbe462cb5-458a-4c3d-5be5-08dd9e07c477,76/100/to/144/Major/be462cb5-458a-4c3d-5be5-08dd9e07c477
low,duplicate_receiving_label,Check whether ASSIST repeats the same receiving course in multiple contexts; usually lower priority than grouping errors.,UCM,University of California Merced,Merced College,fail,CSE 022,duplicate_merged_row,duplicate raw CSV receiving row,2,,https://assist.org/transfer/results?year=76&institution=17&agreement=144&agreementType=to&viewAgreementsOptions=true&view=agreement&viewBy=major&viewSendingAgreements=false&viewByKey=76%2F17%2Fto%2F144%2FMajor%2Fbe462cb5-458a-4c3d-5be5-08dd9e07c477,76/17/to/144/Major/be462cb5-458a-4c3d-5be5-08dd9e07c477
low,duplicate_receiving_label,Check whether ASSIST repeats the same receiving course in multiple contexts; usually lower priority than grouping errors.,UCM,University of California Merced,Merced College,fail,CSE 022,duplicate_merged_row,duplicate ASSIST receiving row,multiple ASSIST articulation rows normalize to the same receiving course,,https://assist.org/transfer/results?year=76&institution=17&agreement=144&agreementType=to&viewAgreementsOptions=true&view=agreement&viewBy=major&viewSendingAgreements=false&viewByKey=76%2F17%2Fto%2F144%2FMajor%2Fbe462cb5-458a-4c3d-5be5-08dd9e07c477,76/17/to/144/Major/be462cb5-458a-4c3d-5be5-08dd9e07c477
low,duplicate_receiving_label,Check whether ASSIST repeats the same receiving course in multiple contexts; usually lower priority than grouping errors.,UCM,University of California Merced,Merritt College,fail,CSE 022,duplicate_merged_row,duplicate raw CSV receiving row,2,,https://assist.org/transfer/results?year=76&institution=13&agreement=144&agreementType=to&viewAgreementsOptions=true&view=agreement&viewBy=major&viewSendingAgreements=false&viewByKey=76%2F13%2Fto%2F144%2FMajor%2Fbe462cb5-458a-4c3d-5be5-08dd9e07c477,76/13/to/144/Major/be462cb5-458a-4c3d-5be5-08dd9e07c477
low,duplicate_receiving_label,Check whether ASSIST repeats the same receiving course in multiple contexts; usually lower priority than grouping errors.,UCM,University of California Merced,Merritt College,fail,CSE 022,duplicate_merged_row,duplicate ASSIST receiving row,multiple ASSIST articulation rows normalize to the same receiving course,,https://assist.org/transfer/results?year=76&institution=13&agreement=144&agreementType=to&viewAgreementsOptions=true&view=agreement&viewBy=major&viewSendingAgreements=false&viewByKey=76%2F13%2Fto%2F144%2FMajor%2Fbe462cb5-458a-4c3d-5be5-08dd9e07c477,76/13/to/144/Major/be462cb5-458a-4c3d-5be5-08dd9e07c477
low,duplicate_receiving_label,Check whether ASSIST repeats the same receiving course in multiple contexts; usually lower priority than grouping errors.,UCM,University of California Merced,MiraCosta College,fail,CSE 022,duplicate_merged_row,duplicate raw CSV receiving row,2,,https://assist.org/transfer/results?year=76&institution=108&agreement=144&agreementType=to&viewAgreementsOptions=true&view=agreement&viewBy=major&viewSendingAgreements=false&viewByKey=76%2F108%2Fto%2F144%2FMajor%2Fbe462cb5-458a-4c3d-5be5-08dd9e07c477,76/108/to/144/Major/be462cb5-458a-4c3d-5be5-08dd9e07c477
low,duplicate_receiving_label,Check whether ASSIST repeats the same receiving course in multiple contexts; usually lower priority than grouping errors.,UCM,University of California Merced,MiraCosta College,fail,CSE 022,duplicate_merged_row,duplicate ASSIST receiving row,multiple ASSIST articulation rows normalize to the same receiving course,,https://assist.org/transfer/results?year=76&institution=108&agreement=144&agreementType=to&viewAgreementsOptions=true&view=agreement&viewBy=major&viewSendingAgreements=false&viewByKey=76%2F108%2Fto%2F144%2FMajor%2Fbe462cb5-458a-4c3d-5be5-08dd9e07c477,76/108/to/144/Major/be462cb5-458a-4c3d-5be5-08dd9e07c477
low,duplicate_receiving_label,Check whether ASSIST repeats the same receiving course in multiple contexts; usually lower priority than grouping errors.,UCM,University of California Merced,Mission College,fail,CSE 022,duplicate_merged_row,duplicate raw CSV receiving row,2,,https://assist.org/transfer/results?year=76&institution=32&agreement=144&agreementType=to&viewAgreementsOptions=true&view=agreement&viewBy=major&viewSendingAgreements=false&viewByKey=76%2F32%2Fto%2F144%2FMajor%2Fbe462cb5-458a-4c3d-5be5-08dd9e07c477,76/32/to/144/Major/be462cb5-458a-4c3d-5be5-08dd9e07c477
low,duplicate_receiving_label,Check whether ASSIST repeats the same receiving course in multiple contexts; usually lower priority than grouping errors.,UCM,University of California Merced,Mission College,fail,CSE 022,duplicate_merged_row,duplicate ASSIST receiving row,multiple ASSIST articulation rows normalize to the same receiving course,,https://assist.org/transfer/results?year=76&institution=32&agreement=144&agreementType=to&viewAgreementsOptions=true&view=agreement&viewBy=major&viewSendingAgreements=false&viewByKey=76%2F32%2Fto%2F144%2FMajor%2Fbe462cb5-458a-4c3d-5be5-08dd9e07c477,76/32/to/144/Major/be462cb5-458a-4c3d-5be5-08dd9e07c477
low,duplicate_receiving_label,Check whether ASSIST repeats the same receiving course in multiple contexts; usually lower priority than grouping errors.,UCM,University of California Merced,Modesto Junior College,fail,CSE 022,duplicate_merged_row,duplicate raw CSV receiving row,2,,https://assist.org/transfer/results?year=76&institution=52&agreement=144&agreementType=to&viewAgreementsOptions=true&view=agreement&viewBy=major&viewSendingAgreements=false&viewByKey=76%2F52%2Fto%2F144%2FMajor%2Fbe462cb5-458a-4c3d-5be5-08dd9e07c477,76/52/to/144/Major/be462cb5-458a-4c3d-5be5-08dd9e07c477
low,duplicate_receiving_label,Check whether ASSIST repeats the same receiving course in multiple contexts; usually lower priority than grouping errors.,UCM,University of California Merced,Modesto Junior College,fail,CSE 022,duplicate_merged_row,duplicate ASSIST receiving row,multiple ASSIST articulation rows normalize to the same receiving course,,https://assist.org/transfer/results?year=76&institution=52&agreement=144&agreementType=to&viewAgreementsOptions=true&view=agreement&viewBy=major&viewSendingAgreements=false&viewByKey=76%2F52%2Fto%2F144%2FMajor%2Fbe462cb5-458a-4c3d-5be5-08dd9e07c477,76/52/to/144/Major/be462cb5-458a-4c3d-5be5-08dd9e07c477
low,duplicate_receiving_label,Check whether ASSIST repeats the same receiving course in multiple contexts; usually lower priority than grouping errors.,UCM,University of California Merced,Monterey Peninsula College,fail,CSE 022,duplicate_merged_row,duplicate raw CSV receiving row,2,,https://assist.org/transfer/results?year=76&institution=133&agreement=144&agreementType=to&viewAgreementsOptions=true&view=agreement&viewBy=major&viewSendingAgreements=false&viewByKey=76%2F133%2Fto%2F144%2FMajor%2Fbe462cb5-458a-4c3d-5be5-08dd9e07c477,76/133/to/144/Major/be462cb5-458a-4c3d-5be5-08dd9e07c477
low,duplicate_receiving_label,Check whether ASSIST repeats the same receiving course in multiple contexts; usually lower priority than grouping errors.,UCM,University of California Merced,Monterey Peninsula College,fail,CSE 022,duplicate_merged_row,duplicate ASSIST receiving row,multiple ASSIST articulation rows normalize to the same receiving course,,https://assist.org/transfer/results?year=76&institution=133&agreement=144&agreementType=to&viewAgreementsOptions=true&view=agreement&viewBy=major&viewSendingAgreements=false&viewByKey=76%2F133%2Fto%2F144%2FMajor%2Fbe462cb5-458a-4c3d-5be5-08dd9e07c477,76/133/to/144/Major/be462cb5-458a-4c3d-5be5-08dd9e07c477
low,duplicate_receiving_label,Check whether ASSIST repeats the same receiving course in multiple contexts; usually lower priority than grouping errors.,UCM,University of California Merced,Moorpark College,fail,CSE 022,duplicate_merged_row,duplicate raw CSV receiving row,2,,https://assist.org/transfer/results?year=76&institution=139&agreement=144&agreementType=to&viewAgreementsOptions=true&view=agreement&viewBy=major&viewSendingAgreements=false&viewByKey=76%2F139%2Fto%2F144%2FMajor%2Fbe462cb5-458a-4c3d-5be5-08dd9e07c477,76/139/to/144/Major/be462cb5-458a-4c3d-5be5-08dd9e07c477
low,duplicate_receiving_label,Check whether ASSIST repeats the same receiving course in multiple contexts; usually lower priority than grouping errors.,UCM,University of California Merced,Moorpark College,fail,CSE 022,duplicate_merged_row,duplicate ASSIST receiving row,multiple ASSIST articulation rows normalize to the same receiving course,,https://assist.org/transfer/results?year=76&institution=139&agreement=144&agreementType=to&viewAgreementsOptions=true&view=agreement&viewBy=major&viewSendingAgreements=false&viewByKey=76%2F139%2Fto%2F144%2FMajor%2Fbe462cb5-458a-4c3d-5be5-08dd9e07c477,76/139/to/144/Major/be462cb5-458a-4c3d-5be5-08dd9e07c477
low,duplicate_receiving_label,Check whether ASSIST repeats the same receiving course in multiple contexts; usually lower priority than grouping errors.,UCM,University of California Merced,Moreno Valley College,fail,CSE 022,duplicate_merged_row,duplicate raw CSV receiving row,2,,https://assist.org/transfer/results?year=76&institution=149&agreement=144&agreementType=to&viewAgreementsOptions=true&view=agreement&viewBy=major&viewSendingAgreements=false&viewByKey=76%2F149%2Fto%2F144%2FMajor%2Fbe462cb5-458a-4c3d-5be5-08dd9e07c477,76/149/to/144/Major/be462cb5-458a-4c3d-5be5-08dd9e07c477
low,duplicate_receiving_label,Check whether ASSIST repeats the same receiving course in multiple contexts; usually lower priority than grouping errors.,UCM,University of California Merced,Moreno Valley College,fail,CSE 022,duplicate_merged_row,duplicate ASSIST receiving row,multiple ASSIST articulation rows normalize to the same receiving course,,https://assist.org/transfer/results?year=76&institution=149&agreement=144&agreementType=to&viewAgreementsOptions=true&view=agreement&viewBy=major&viewSendingAgreements=false&viewByKey=76%2F149%2Fto%2F144%2FMajor%2Fbe462cb5-458a-4c3d-5be5-08dd9e07c477,76/149/to/144/Major/be462cb5-458a-4c3d-5be5-08dd9e07c477
low,duplicate_receiving_label,Check whether ASSIST repeats the same receiving course in multiple contexts; usually lower priority than grouping errors.,UCM,University of California Merced,Mount San Antonio College,fail,CSE 022,duplicate_merged_row,duplicate raw CSV receiving row,2,,https://assist.org/transfer/results?year=76&institution=62&agreement=144&agreementType=to&viewAgreementsOptions=true&view=agreement&viewBy=major&viewSendingAgreements=false&viewByKey=76%2F62%2Fto%2F144%2FMajor%2Fbe462cb5-458a-4c3d-5be5-08dd9e07c477,76/62/to/144/Major/be462cb5-458a-4c3d-5be5-08dd9e07c477
low,duplicate_receiving_label,Check whether ASSIST repeats the same receiving course in multiple contexts; usually lower priority than grouping errors.,UCM,University of California Merced,Mount San Antonio College,fail,CSE 022,duplicate_merged_row,duplicate ASSIST receiving row,multiple ASSIST articulation rows normalize to the same receiving course,,https://assist.org/transfer/results?year=76&institution=62&agreement=144&agreementType=to&viewAgreementsOptions=true&view=agreement&viewBy=major&viewSendingAgreements=false&viewByKey=76%2F62%2Fto%2F144%2FMajor%2Fbe462cb5-458a-4c3d-5be5-08dd9e07c477,76/62/to/144/Major/be462cb5-458a-4c3d-5be5-08dd9e07c477
low,duplicate_receiving_label,Check whether ASSIST repeats the same receiving course in multiple contexts; usually lower priority than grouping errors.,UCM,University of California Merced,Mt. San Jacinto College,fail,CSE 022,duplicate_merged_row,duplicate raw CSV receiving row,2,,https://assist.org/transfer/results?year=76&institution=53&agreement=144&agreementType=to&viewAgreementsOptions=true&view=agreement&viewBy=major&viewSendingAgreements=false&viewByKey=76%2F53%2Fto%2F144%2FMajor%2Fbe462cb5-458a-4c3d-5be5-08dd9e07c477,76/53/to/144/Major/be462cb5-458a-4c3d-5be5-08dd9e07c477
low,duplicate_receiving_label,Check whether ASSIST repeats the same receiving course in multiple contexts; usually lower priority than grouping errors.,UCM,University of California Merced,Mt. San Jacinto College,fail,CSE 022,duplicate_merged_row,duplicate ASSIST receiving row,multiple ASSIST articulation rows normalize to the same receiving course,,https://assist.org/transfer/results?year=76&institution=53&agreement=144&agreementType=to&viewAgreementsOptions=true&view=agreement&viewBy=major&viewSendingAgreements=false&viewByKey=76%2F53%2Fto%2F144%2FMajor%2Fbe462cb5-458a-4c3d-5be5-08dd9e07c477,76/53/to/144/Major/be462cb5-458a-4c3d-5be5-08dd9e07c477
low,duplicate_receiving_label,Check whether ASSIST repeats the same receiving course in multiple contexts; usually lower priority than grouping errors.,UCM,University of California Merced,Napa Valley College,fail,CSE 022,duplicate_merged_row,duplicate raw CSV receiving row,2,,https://assist.org/transfer/results?year=76&institution=73&agreement=144&agreementType=to&viewAgreementsOptions=true&view=agreement&viewBy=major&viewSendingAgreements=false&viewByKey=76%2F73%2Fto%2F144%2FMajor%2Fbe462cb5-458a-4c3d-5be5-08dd9e07c477,76/73/to/144/Major/be462cb5-458a-4c3d-5be5-08dd9e07c477
low,duplicate_receiving_label,Check whether ASSIST repeats the same receiving course in multiple contexts; usually lower priority than grouping errors.,UCM,University of California Merced,Napa Valley College,fail,CSE 022,duplicate_merged_row,duplicate ASSIST receiving row,multiple ASSIST articulation rows normalize to the same receiving course,,https://assist.org/transfer/results?year=76&institution=73&agreement=144&agreementType=to&viewAgreementsOptions=true&view=agreement&viewBy=major&viewSendingAgreements=false&viewByKey=76%2F73%2Fto%2F144%2FMajor%2Fbe462cb5-458a-4c3d-5be5-08dd9e07c477,76/73/to/144/Major/be462cb5-458a-4c3d-5be5-08dd9e07c477
low,duplicate_receiving_label,Check whether ASSIST repeats the same receiving course in multiple contexts; usually lower priority than grouping errors.,UCM,University of California Merced,Norco College,fail,CSE 022,duplicate_merged_row,duplicate raw CSV receiving row,2,,https://assist.org/transfer/results?year=76&institution=148&agreement=144&agreementType=to&viewAgreementsOptions=true&view=agreement&viewBy=major&viewSendingAgreements=false&viewByKey=76%2F148%2Fto%2F144%2FMajor%2Fbe462cb5-458a-4c3d-5be5-08dd9e07c477,76/148/to/144/Major/be462cb5-458a-4c3d-5be5-08dd9e07c477
low,duplicate_receiving_label,Check whether ASSIST repeats the same receiving course in multiple contexts; usually lower priority than grouping errors.,UCM,University of California Merced,Norco College,fail,CSE 022,duplicate_merged_row,duplicate ASSIST receiving row,multiple ASSIST articulation rows normalize to the same receiving course,,https://assist.org/transfer/results?year=76&institution=148&agreement=144&agreementType=to&viewAgreementsOptions=true&view=agreement&viewBy=major&viewSendingAgreements=false&viewByKey=76%2F148%2Fto%2F144%2FMajor%2Fbe462cb5-458a-4c3d-5be5-08dd9e07c477,76/148/to/144/Major/be462cb5-458a-4c3d-5be5-08dd9e07c477
low,duplicate_receiving_label,Check whether ASSIST repeats the same receiving course in multiple contexts; usually lower priority than grouping errors.,UCM,University of California Merced,Ohlone College,fail,CSE 022,duplicate_merged_row,duplicate raw CSV receiving row,2,,https://assist.org/transfer/results?year=76&institution=48&agreement=144&agreementType=to&viewAgreementsOptions=true&view=agreement&viewBy=major&viewSendingAgreements=false&viewByKey=76%2F48%2Fto%2F144%2FMajor%2Fbe462cb5-458a-4c3d-5be5-08dd9e07c477,76/48/to/144/Major/be462cb5-458a-4c3d-5be5-08dd9e07c477
low,duplicate_receiving_label,Check whether ASSIST repeats the same receiving course in multiple contexts; usually lower priority than grouping errors.,UCM,University of California Merced,Ohlone College,fail,CSE 022,duplicate_merged_row,duplicate ASSIST receiving row,multiple ASSIST articulation rows normalize to the same receiving course,,https://assist.org/transfer/results?year=76&institution=48&agreement=144&agreementType=to&viewAgreementsOptions=true&view=agreement&viewBy=major&viewSendingAgreements=false&viewByKey=76%2F48%2Fto%2F144%2FMajor%2Fbe462cb5-458a-4c3d-5be5-08dd9e07c477,76/48/to/144/Major/be462cb5-458a-4c3d-5be5-08dd9e07c477
low,duplicate_receiving_label,Check whether ASSIST repeats the same receiving course in multiple contexts; usually lower priority than grouping errors.,UCM,University of California Merced,Orange Coast College,fail,CSE 022,duplicate_merged_row,duplicate raw CSV receiving row,2,,https://assist.org/transfer/results?year=76&institution=74&agreement=144&agreementType=to&viewAgreementsOptions=true&view=agreement&viewBy=major&viewSendingAgreements=false&viewByKey=76%2F74%2Fto%2F144%2FMajor%2Fbe462cb5-458a-4c3d-5be5-08dd9e07c477,76/74/to/144/Major/be462cb5-458a-4c3d-5be5-08dd9e07c477
low,duplicate_receiving_label,Check whether ASSIST repeats the same receiving course in multiple contexts; usually lower priority than grouping errors.,UCM,University of California Merced,Orange Coast College,fail,CSE 022,duplicate_merged_row,duplicate ASSIST receiving row,multiple ASSIST articulation rows normalize to the same receiving course,,https://assist.org/transfer/results?year=76&institution=74&agreement=144&agreementType=to&viewAgreementsOptions=true&view=agreement&viewBy=major&viewSendingAgreements=false&viewByKey=76%2F74%2Fto%2F144%2FMajor%2Fbe462cb5-458a-4c3d-5be5-08dd9e07c477,76/74/to/144/Major/be462cb5-458a-4c3d-5be5-08dd9e07c477
low,duplicate_receiving_label,Check whether ASSIST repeats the same receiving course in multiple contexts; usually lower priority than grouping errors.,UCM,University of California Merced,Oxnard College,fail,CSE 022,duplicate_merged_row,duplicate raw CSV receiving row,2,,https://assist.org/transfer/results?year=76&institution=87&agreement=144&agreementType=to&viewAgreementsOptions=true&view=agreement&viewBy=major&viewSendingAgreements=false&viewByKey=76%2F87%2Fto%2F144%2FMajor%2Fbe462cb5-458a-4c3d-5be5-08dd9e07c477,76/87/to/144/Major/be462cb5-458a-4c3d-5be5-08dd9e07c477
low,duplicate_receiving_label,Check whether ASSIST repeats the same receiving course in multiple contexts; usually lower priority than grouping errors.,UCM,University of California Merced,Palo Verde College,fail,CSE 022,duplicate_merged_row,duplicate raw CSV receiving row,2,,https://assist.org/transfer/results?year=76&institution=63&agreement=144&agreementType=to&viewAgreementsOptions=true&view=agreement&viewBy=major&viewSendingAgreements=false&viewByKey=76%2F63%2Fto%2F144%2FMajor%2Fbe462cb5-458a-4c3d-5be5-08dd9e07c477,76/63/to/144/Major/be462cb5-458a-4c3d-5be5-08dd9e07c477
low,duplicate_receiving_label,Check whether ASSIST repeats the same receiving course in multiple contexts; usually lower priority than grouping errors.,UCM,University of California Merced,Palomar College,fail,CSE 022,duplicate_merged_row,duplicate raw CSV receiving row,2,,https://assist.org/transfer/results?year=76&institution=56&agreement=144&agreementType=to&viewAgreementsOptions=true&view=agreement&viewBy=major&viewSendingAgreements=false&viewByKey=76%2F56%2Fto%2F144%2FMajor%2Fbe462cb5-458a-4c3d-5be5-08dd9e07c477,76/56/to/144/Major/be462cb5-458a-4c3d-5be5-08dd9e07c477
low,duplicate_receiving_label,Check whether ASSIST repeats the same receiving course in multiple contexts; usually lower priority than grouping errors.,UCM,University of California Merced,Palomar College,fail,CSE 022,duplicate_merged_row,duplicate ASSIST receiving row,multiple ASSIST articulation rows normalize to the same receiving course,,https://assist.org/transfer/results?year=76&institution=56&agreement=144&agreementType=to&viewAgreementsOptions=true&view=agreement&viewBy=major&viewSendingAgreements=false&viewByKey=76%2F56%2Fto%2F144%2FMajor%2Fbe462cb5-458a-4c3d-5be5-08dd9e07c477,76/56/to/144/Major/be462cb5-458a-4c3d-5be5-08dd9e07c477
low,duplicate_receiving_label,Check whether ASSIST repeats the same receiving course in multiple contexts; usually lower priority than grouping errors.,UCM,University of California Merced,Pasadena City College,fail,CSE 022,duplicate_merged_row,duplicate raw CSV receiving row,2,,https://assist.org/transfer/results?year=76&institution=49&agreement=144&agreementType=to&viewAgreementsOptions=true&view=agreement&viewBy=major&viewSendingAgreements=false&viewByKey=76%2F49%2Fto%2F144%2FMajor%2Fbe462cb5-458a-4c3d-5be5-08dd9e07c477,76/49/to/144/Major/be462cb5-458a-4c3d-5be5-08dd9e07c477
low,duplicate_receiving_label,Check whether ASSIST repeats the same receiving course in multiple contexts; usually lower priority than grouping errors.,UCM,University of California Merced,Pasadena City College,fail,CSE 022,duplicate_merged_row,duplicate ASSIST receiving row,multiple ASSIST articulation rows normalize to the same receiving course,,https://assist.org/transfer/results?year=76&institution=49&agreement=144&agreementType=to&viewAgreementsOptions=true&view=agreement&viewBy=major&viewSendingAgreements=false&viewByKey=76%2F49%2Fto%2F144%2FMajor%2Fbe462cb5-458a-4c3d-5be5-08dd9e07c477,76/49/to/144/Major/be462cb5-458a-4c3d-5be5-08dd9e07c477
low,duplicate_receiving_label,Check whether ASSIST repeats the same receiving course in multiple contexts; usually lower priority than grouping errors.,UCM,University of California Merced,Porterville College,fail,CSE 022,duplicate_merged_row,duplicate raw CSV receiving row,2,,https://assist.org/transfer/results?year=76&institution=125&agreement=144&agreementType=to&viewAgreementsOptions=true&view=agreement&viewBy=major&viewSendingAgreements=false&viewByKey=76%2F125%2Fto%2F144%2FMajor%2Fbe462cb5-458a-4c3d-5be5-08dd9e07c477,76/125/to/144/Major/be462cb5-458a-4c3d-5be5-08dd9e07c477
low,duplicate_receiving_label,Check whether ASSIST repeats the same receiving course in multiple contexts; usually lower priority than grouping errors.,UCM,University of California Merced,Porterville College,fail,CSE 022,duplicate_merged_row,duplicate ASSIST receiving row,multiple ASSIST articulation rows normalize to the same receiving course,,https://assist.org/transfer/results?year=76&institution=125&agreement=144&agreementType=to&viewAgreementsOptions=true&view=agreement&viewBy=major&viewSendingAgreements=false&viewByKey=76%2F125%2Fto%2F144%2FMajor%2Fbe462cb5-458a-4c3d-5be5-08dd9e07c477,76/125/to/144/Major/be462cb5-458a-4c3d-5be5-08dd9e07c477
low,duplicate_receiving_label,Check whether ASSIST repeats the same receiving course in multiple contexts; usually lower priority than grouping errors.,UCM,University of California Merced,Reedley College,fail,CSE 022,duplicate_merged_row,duplicate raw CSV receiving row,2,,https://assist.org/transfer/results?year=76&institution=36&agreement=144&agreementType=to&viewAgreementsOptions=true&view=agreement&viewBy=major&viewSendingAgreements=false&viewByKey=76%2F36%2Fto%2F144%2FMajor%2Fbe462cb5-458a-4c3d-5be5-08dd9e07c477,76/36/to/144/Major/be462cb5-458a-4c3d-5be5-08dd9e07c477
low,duplicate_receiving_label,Check whether ASSIST repeats the same receiving course in multiple contexts; usually lower priority than grouping errors.,UCM,University of California Merced,Reedley College,fail,CSE 022,duplicate_merged_row,duplicate ASSIST receiving row,multiple ASSIST articulation rows normalize to the same receiving course,,https://assist.org/transfer/results?year=76&institution=36&agreement=144&agreementType=to&viewAgreementsOptions=true&view=agreement&viewBy=major&viewSendingAgreements=false&viewByKey=76%2F36%2Fto%2F144%2FMajor%2Fbe462cb5-458a-4c3d-5be5-08dd9e07c477,76/36/to/144/Major/be462cb5-458a-4c3d-5be5-08dd9e07c477
low,duplicate_receiving_label,Check whether ASSIST repeats the same receiving course in multiple contexts; usually lower priority than grouping errors.,UCM,University of California Merced,Rio Hondo College,fail,CSE 022,duplicate_merged_row,duplicate raw CSV receiving row,2,,https://assist.org/transfer/results?year=76&institution=64&agreement=144&agreementType=to&viewAgreementsOptions=true&view=agreement&viewBy=major&viewSendingAgreements=false&viewByKey=76%2F64%2Fto%2F144%2FMajor%2Fbe462cb5-458a-4c3d-5be5-08dd9e07c477,76/64/to/144/Major/be462cb5-458a-4c3d-5be5-08dd9e07c477
low,duplicate_receiving_label,Check whether ASSIST repeats the same receiving course in multiple contexts; usually lower priority than grouping errors.,UCM,University of California Merced,Rio Hondo College,fail,CSE 022,duplicate_merged_row,duplicate ASSIST receiving row,multiple ASSIST articulation rows normalize to the same receiving course,,https://assist.org/transfer/results?year=76&institution=64&agreement=144&agreementType=to&viewAgreementsOptions=true&view=agreement&viewBy=major&viewSendingAgreements=false&viewByKey=76%2F64%2Fto%2F144%2FMajor%2Fbe462cb5-458a-4c3d-5be5-08dd9e07c477,76/64/to/144/Major/be462cb5-458a-4c3d-5be5-08dd9e07c477
low,duplicate_receiving_label,Check whether ASSIST repeats the same receiving course in multiple contexts; usually lower priority than grouping errors.,UCM,University of California Merced,Riverside City College,fail,CSE 022,duplicate_merged_row,duplicate raw CSV receiving row,2,,https://assist.org/transfer/results?year=76&institution=78&agreement=144&agreementType=to&viewAgreementsOptions=true&view=agreement&viewBy=major&viewSendingAgreements=false&viewByKey=76%2F78%2Fto%2F144%2FMajor%2Fbe462cb5-458a-4c3d-5be5-08dd9e07c477,76/78/to/144/Major/be462cb5-458a-4c3d-5be5-08dd9e07c477
low,duplicate_receiving_label,Check whether ASSIST repeats the same receiving course in multiple contexts; usually lower priority than grouping errors.,UCM,University of California Merced,Riverside City College,fail,CSE 022,duplicate_merged_row,duplicate ASSIST receiving row,multiple ASSIST articulation rows normalize to the same receiving course,,https://assist.org/transfer/results?year=76&institution=78&agreement=144&agreementType=to&viewAgreementsOptions=true&view=agreement&viewBy=major&viewSendingAgreements=false&viewByKey=76%2F78%2Fto%2F144%2FMajor%2Fbe462cb5-458a-4c3d-5be5-08dd9e07c477,76/78/to/144/Major/be462cb5-458a-4c3d-5be5-08dd9e07c477
low,duplicate_receiving_label,Check whether ASSIST repeats the same receiving course in multiple contexts; usually lower priority than grouping errors.,UCM,University of California Merced,Sacramento City College,fail,CSE 022,duplicate_merged_row,duplicate raw CSV receiving row,2,,https://assist.org/transfer/results?year=76&institution=126&agreement=144&agreementType=to&viewAgreementsOptions=true&view=agreement&viewBy=major&viewSendingAgreements=false&viewByKey=76%2F126%2Fto%2F144%2FMajor%2Fbe462cb5-458a-4c3d-5be5-08dd9e07c477,76/126/to/144/Major/be462cb5-458a-4c3d-5be5-08dd9e07c477
low,duplicate_receiving_label,Check whether ASSIST repeats the same receiving course in multiple contexts; usually lower priority than grouping errors.,UCM,University of California Merced,Sacramento City College,fail,CSE 022,duplicate_merged_row,duplicate ASSIST receiving row,multiple ASSIST articulation rows normalize to the same receiving course,,https://assist.org/transfer/results?year=76&institution=126&agreement=144&agreementType=to&viewAgreementsOptions=true&view=agreement&viewBy=major&viewSendingAgreements=false&viewByKey=76%2F126%2Fto%2F144%2FMajor%2Fbe462cb5-458a-4c3d-5be5-08dd9e07c477,76/126/to/144/Major/be462cb5-458a-4c3d-5be5-08dd9e07c477
low,duplicate_receiving_label,Check whether ASSIST repeats the same receiving course in multiple contexts; usually lower priority than grouping errors.,UCM,University of California Merced,Saddleback College,fail,CSE 022,duplicate_merged_row,duplicate raw CSV receiving row,2,,https://assist.org/transfer/results?year=76&institution=65&agreement=144&agreementType=to&viewAgreementsOptions=true&view=agreement&viewBy=major&viewSendingAgreements=false&viewByKey=76%2F65%2Fto%2F144%2FMajor%2Fbe462cb5-458a-4c3d-5be5-08dd9e07c477,76/65/to/144/Major/be462cb5-458a-4c3d-5be5-08dd9e07c477
low,duplicate_receiving_label,Check whether ASSIST repeats the same receiving course in multiple contexts; usually lower priority than grouping errors.,UCM,University of California Merced,Saddleback College,fail,CSE 022,duplicate_merged_row,duplicate ASSIST receiving row,multiple ASSIST articulation rows normalize to the same receiving course,,https://assist.org/transfer/results?year=76&institution=65&agreement=144&agreementType=to&viewAgreementsOptions=true&view=agreement&viewBy=major&viewSendingAgreements=false&viewByKey=76%2F65%2Fto%2F144%2FMajor%2Fbe462cb5-458a-4c3d-5be5-08dd9e07c477,76/65/to/144/Major/be462cb5-458a-4c3d-5be5-08dd9e07c477
low,duplicate_receiving_label,Check whether ASSIST repeats the same receiving course in multiple contexts; usually lower priority than grouping errors.,UCM,University of California Merced,San Bernardino Valley College,fail,CSE 022,duplicate_merged_row,duplicate raw CSV receiving row,2,,https://assist.org/transfer/results?year=76&institution=131&agreement=144&agreementType=to&viewAgreementsOptions=true&view=agreement&viewBy=major&viewSendingAgreements=false&viewByKey=76%2F131%2Fto%2F144%2FMajor%2Fbe462cb5-458a-4c3d-5be5-08dd9e07c477,76/131/to/144/Major/be462cb5-458a-4c3d-5be5-08dd9e07c477
low,duplicate_receiving_label,Check whether ASSIST repeats the same receiving course in multiple contexts; usually lower priority than grouping errors.,UCM,University of California Merced,San Bernardino Valley College,fail,CSE 022,duplicate_merged_row,duplicate ASSIST receiving row,multiple ASSIST articulation rows normalize to the same receiving course,,https://assist.org/transfer/results?year=76&institution=131&agreement=144&agreementType=to&viewAgreementsOptions=true&view=agreement&viewBy=major&viewSendingAgreements=false&viewByKey=76%2F131%2Fto%2F144%2FMajor%2Fbe462cb5-458a-4c3d-5be5-08dd9e07c477,76/131/to/144/Major/be462cb5-458a-4c3d-5be5-08dd9e07c477
low,duplicate_receiving_label,Check whether ASSIST repeats the same receiving course in multiple contexts; usually lower priority than grouping errors.,UCM,University of California Merced,San Diego City College,fail,CSE 022,duplicate_merged_row,duplicate raw CSV receiving row,2,,https://assist.org/transfer/results?year=76&institution=54&agreement=144&agreementType=to&viewAgreementsOptions=true&view=agreement&viewBy=major&viewSendingAgreements=false&viewByKey=76%2F54%2Fto%2F144%2FMajor%2Fbe462cb5-458a-4c3d-5be5-08dd9e07c477,76/54/to/144/Major/be462cb5-458a-4c3d-5be5-08dd9e07c477
low,duplicate_receiving_label,Check whether ASSIST repeats the same receiving course in multiple contexts; usually lower priority than grouping errors.,UCM,University of California Merced,San Diego City College,fail,CSE 022,duplicate_merged_row,duplicate ASSIST receiving row,multiple ASSIST articulation rows normalize to the same receiving course,,https://assist.org/transfer/results?year=76&institution=54&agreement=144&agreementType=to&viewAgreementsOptions=true&view=agreement&viewBy=major&viewSendingAgreements=false&viewByKey=76%2F54%2Fto%2F144%2FMajor%2Fbe462cb5-458a-4c3d-5be5-08dd9e07c477,76/54/to/144/Major/be462cb5-458a-4c3d-5be5-08dd9e07c477
low,duplicate_receiving_label,Check whether ASSIST repeats the same receiving course in multiple contexts; usually lower priority than grouping errors.,UCM,University of California Merced,San Diego Mesa College,fail,CSE 022,duplicate_merged_row,duplicate raw CSV receiving row,2,,https://assist.org/transfer/results?year=76&institution=101&agreement=144&agreementType=to&viewAgreementsOptions=true&view=agreement&viewBy=major&viewSendingAgreements=false&viewByKey=76%2F101%2Fto%2F144%2FMajor%2Fbe462cb5-458a-4c3d-5be5-08dd9e07c477,76/101/to/144/Major/be462cb5-458a-4c3d-5be5-08dd9e07c477
low,duplicate_receiving_label,Check whether ASSIST repeats the same receiving course in multiple contexts; usually lower priority than grouping errors.,UCM,University of California Merced,San Diego Mesa College,fail,CSE 022,duplicate_merged_row,duplicate ASSIST receiving row,multiple ASSIST articulation rows normalize to the same receiving course,,https://assist.org/transfer/results?year=76&institution=101&agreement=144&agreementType=to&viewAgreementsOptions=true&view=agreement&viewBy=major&viewSendingAgreements=false&viewByKey=76%2F101%2Fto%2F144%2FMajor%2Fbe462cb5-458a-4c3d-5be5-08dd9e07c477,76/101/to/144/Major/be462cb5-458a-4c3d-5be5-08dd9e07c477
low,duplicate_receiving_label,Check whether ASSIST repeats the same receiving course in multiple contexts; usually lower priority than grouping errors.,UCM,University of California Merced,San Diego Miramar College,fail,CSE 022,duplicate_merged_row,duplicate raw CSV receiving row,2,,https://assist.org/transfer/results?year=76&institution=45&agreement=144&agreementType=to&viewAgreementsOptions=true&view=agreement&viewBy=major&viewSendingAgreements=false&viewByKey=76%2F45%2Fto%2F144%2FMajor%2Fbe462cb5-458a-4c3d-5be5-08dd9e07c477,76/45/to/144/Major/be462cb5-458a-4c3d-5be5-08dd9e07c477
low,duplicate_receiving_label,Check whether ASSIST repeats the same receiving course in multiple contexts; usually lower priority than grouping errors.,UCM,University of California Merced,San Diego Miramar College,fail,CSE 022,duplicate_merged_row,duplicate ASSIST receiving row,multiple ASSIST articulation rows normalize to the same receiving course,,https://assist.org/transfer/results?year=76&institution=45&agreement=144&agreementType=to&viewAgreementsOptions=true&view=agreement&viewBy=major&viewSendingAgreements=false&viewByKey=76%2F45%2Fto%2F144%2FMajor%2Fbe462cb5-458a-4c3d-5be5-08dd9e07c477,76/45/to/144/Major/be462cb5-458a-4c3d-5be5-08dd9e07c477
low,duplicate_receiving_label,Check whether ASSIST repeats the same receiving course in multiple contexts; usually lower priority than grouping errors.,UCM,University of California Merced,San Joaquin Delta College,fail,CSE 022,duplicate_merged_row,duplicate raw CSV receiving row,2,,https://assist.org/transfer/results?year=76&institution=109&agreement=144&agreementType=to&viewAgreementsOptions=true&view=agreement&viewBy=major&viewSendingAgreements=false&viewByKey=76%2F109%2Fto%2F144%2FMajor%2Fbe462cb5-458a-4c3d-5be5-08dd9e07c477,76/109/to/144/Major/be462cb5-458a-4c3d-5be5-08dd9e07c477
low,duplicate_receiving_label,Check whether ASSIST repeats the same receiving course in multiple contexts; usually lower priority than grouping errors.,UCM,University of California Merced,San Joaquin Delta College,fail,CSE 022,duplicate_merged_row,duplicate ASSIST receiving row,multiple ASSIST articulation rows normalize to the same receiving course,,https://assist.org/transfer/results?year=76&institution=109&agreement=144&agreementType=to&viewAgreementsOptions=true&view=agreement&viewBy=major&viewSendingAgreements=false&viewByKey=76%2F109%2Fto%2F144%2FMajor%2Fbe462cb5-458a-4c3d-5be5-08dd9e07c477,76/109/to/144/Major/be462cb5-458a-4c3d-5be5-08dd9e07c477
low,duplicate_receiving_label,Check whether ASSIST repeats the same receiving course in multiple contexts; usually lower priority than grouping errors.,UCM,University of California Merced,San Jose City College,fail,CSE 022,duplicate_merged_row,duplicate raw CSV receiving row,2,,https://assist.org/transfer/results?year=76&institution=136&agreement=144&agreementType=to&viewAgreementsOptions=true&view=agreement&viewBy=major&viewSendingAgreements=false&viewByKey=76%2F136%2Fto%2F144%2FMajor%2Fbe462cb5-458a-4c3d-5be5-08dd9e07c477,76/136/to/144/Major/be462cb5-458a-4c3d-5be5-08dd9e07c477
low,duplicate_receiving_label,Check whether ASSIST repeats the same receiving course in multiple contexts; usually lower priority than grouping errors.,UCM,University of California Merced,San Jose City College,fail,CSE 022,duplicate_merged_row,duplicate ASSIST receiving row,multiple ASSIST articulation rows normalize to the same receiving course,,https://assist.org/transfer/results?year=76&institution=136&agreement=144&agreementType=to&viewAgreementsOptions=true&view=agreement&viewBy=major&viewSendingAgreements=false&viewByKey=76%2F136%2Fto%2F144%2FMajor%2Fbe462cb5-458a-4c3d-5be5-08dd9e07c477,76/136/to/144/Major/be462cb5-458a-4c3d-5be5-08dd9e07c477
low,duplicate_receiving_label,Check whether ASSIST repeats the same receiving course in multiple contexts; usually lower priority than grouping errors.,UCM,University of California Merced,Santa Ana College,fail,CSE 022,duplicate_merged_row,duplicate raw CSV receiving row,2,,https://assist.org/transfer/results?year=76&institution=14&agreement=144&agreementType=to&viewAgreementsOptions=true&view=agreement&viewBy=major&viewSendingAgreements=false&viewByKey=76%2F14%2Fto%2F144%2FMajor%2Fbe462cb5-458a-4c3d-5be5-08dd9e07c477,76/14/to/144/Major/be462cb5-458a-4c3d-5be5-08dd9e07c477
low,duplicate_receiving_label,Check whether ASSIST repeats the same receiving course in multiple contexts; usually lower priority than grouping errors.,UCM,University of California Merced,Santa Ana College,fail,CSE 022,duplicate_merged_row,duplicate ASSIST receiving row,multiple ASSIST articulation rows normalize to the same receiving course,,https://assist.org/transfer/results?year=76&institution=14&agreement=144&agreementType=to&viewAgreementsOptions=true&view=agreement&viewBy=major&viewSendingAgreements=false&viewByKey=76%2F14%2Fto%2F144%2FMajor%2Fbe462cb5-458a-4c3d-5be5-08dd9e07c477,76/14/to/144/Major/be462cb5-458a-4c3d-5be5-08dd9e07c477
low,duplicate_receiving_label,Check whether ASSIST repeats the same receiving course in multiple contexts; usually lower priority than grouping errors.,UCM,University of California Merced,Santa Barbara City College,fail,CSE 022,duplicate_merged_row,duplicate raw CSV receiving row,2,,https://assist.org/transfer/results?year=76&institution=92&agreement=144&agreementType=to&viewAgreementsOptions=true&view=agreement&viewBy=major&viewSendingAgreements=false&viewByKey=76%2F92%2Fto%2F144%2FMajor%2Fbe462cb5-458a-4c3d-5be5-08dd9e07c477,76/92/to/144/Major/be462cb5-458a-4c3d-5be5-08dd9e07c477
low,duplicate_receiving_label,Check whether ASSIST repeats the same receiving course in multiple contexts; usually lower priority than grouping errors.,UCM,University of California Merced,Santa Barbara City College,fail,CSE 022,duplicate_merged_row,duplicate ASSIST receiving row,multiple ASSIST articulation rows normalize to the same receiving course,,https://assist.org/transfer/results?year=76&institution=92&agreement=144&agreementType=to&viewAgreementsOptions=true&view=agreement&viewBy=major&viewSendingAgreements=false&viewByKey=76%2F92%2Fto%2F144%2FMajor%2Fbe462cb5-458a-4c3d-5be5-08dd9e07c477,76/92/to/144/Major/be462cb5-458a-4c3d-5be5-08dd9e07c477
low,duplicate_receiving_label,Check whether ASSIST repeats the same receiving course in multiple contexts; usually lower priority than grouping errors.,UCM,University of California Merced,Santa Monica College,fail,CSE 022,duplicate_merged_row,duplicate raw CSV receiving row,2,,https://assist.org/transfer/results?year=76&institution=137&agreement=144&agreementType=to&viewAgreementsOptions=true&view=agreement&viewBy=major&viewSendingAgreements=false&viewByKey=76%2F137%2Fto%2F144%2FMajor%2Fbe462cb5-458a-4c3d-5be5-08dd9e07c477,76/137/to/144/Major/be462cb5-458a-4c3d-5be5-08dd9e07c477
low,duplicate_receiving_label,Check whether ASSIST repeats the same receiving course in multiple contexts; usually lower priority than grouping errors.,UCM,University of California Merced,Santa Monica College,fail,CSE 022,duplicate_merged_row,duplicate ASSIST receiving row,multiple ASSIST articulation rows normalize to the same receiving course,,https://assist.org/transfer/results?year=76&institution=137&agreement=144&agreementType=to&viewAgreementsOptions=true&view=agreement&viewBy=major&viewSendingAgreements=false&viewByKey=76%2F137%2Fto%2F144%2FMajor%2Fbe462cb5-458a-4c3d-5be5-08dd9e07c477,76/137/to/144/Major/be462cb5-458a-4c3d-5be5-08dd9e07c477
low,duplicate_receiving_label,Check whether ASSIST repeats the same receiving course in multiple contexts; usually lower priority than grouping errors.,UCM,University of California Merced,Santa Rosa Junior College,fail,CSE 022,duplicate_merged_row,duplicate raw CSV receiving row,2,,https://assist.org/transfer/results?year=76&institution=57&agreement=144&agreementType=to&viewAgreementsOptions=true&view=agreement&viewBy=major&viewSendingAgreements=false&viewByKey=76%2F57%2Fto%2F144%2FMajor%2Fbe462cb5-458a-4c3d-5be5-08dd9e07c477,76/57/to/144/Major/be462cb5-458a-4c3d-5be5-08dd9e07c477
low,duplicate_receiving_label,Check whether ASSIST repeats the same receiving course in multiple contexts; usually lower priority than grouping errors.,UCM,University of California Merced,Santa Rosa Junior College,fail,CSE 022,duplicate_merged_row,duplicate ASSIST receiving row,multiple ASSIST articulation rows normalize to the same receiving course,,https://assist.org/transfer/results?year=76&institution=57&agreement=144&agreementType=to&viewAgreementsOptions=true&view=agreement&viewBy=major&viewSendingAgreements=false&viewByKey=76%2F57%2Fto%2F144%2FMajor%2Fbe462cb5-458a-4c3d-5be5-08dd9e07c477,76/57/to/144/Major/be462cb5-458a-4c3d-5be5-08dd9e07c477
low,duplicate_receiving_label,Check whether ASSIST repeats the same receiving course in multiple contexts; usually lower priority than grouping errors.,UCM,University of California Merced,Santiago Canyon College,fail,CSE 022,duplicate_merged_row,duplicate raw CSV receiving row,2,,https://assist.org/transfer/results?year=76&institution=66&agreement=144&agreementType=to&viewAgreementsOptions=true&view=agreement&viewBy=major&viewSendingAgreements=false&viewByKey=76%2F66%2Fto%2F144%2FMajor%2Fbe462cb5-458a-4c3d-5be5-08dd9e07c477,76/66/to/144/Major/be462cb5-458a-4c3d-5be5-08dd9e07c477
low,duplicate_receiving_label,Check whether ASSIST repeats the same receiving course in multiple contexts; usually lower priority than grouping errors.,UCM,University of California Merced,Santiago Canyon College,fail,CSE 022,duplicate_merged_row,duplicate ASSIST receiving row,multiple ASSIST articulation rows normalize to the same receiving course,,https://assist.org/transfer/results?year=76&institution=66&agreement=144&agreementType=to&viewAgreementsOptions=true&view=agreement&viewBy=major&viewSendingAgreements=false&viewByKey=76%2F66%2Fto%2F144%2FMajor%2Fbe462cb5-458a-4c3d-5be5-08dd9e07c477,76/66/to/144/Major/be462cb5-458a-4c3d-5be5-08dd9e07c477
low,duplicate_receiving_label,Check whether ASSIST repeats the same receiving course in multiple contexts; usually lower priority than grouping errors.,UCM,University of California Merced,Shasta College,fail,CSE 022,duplicate_merged_row,duplicate raw CSV receiving row,2,,https://assist.org/transfer/results?year=76&institution=38&agreement=144&agreementType=to&viewAgreementsOptions=true&view=agreement&viewBy=major&viewSendingAgreements=false&viewByKey=76%2F38%2Fto%2F144%2FMajor%2Fbe462cb5-458a-4c3d-5be5-08dd9e07c477,76/38/to/144/Major/be462cb5-458a-4c3d-5be5-08dd9e07c477
low,duplicate_receiving_label,Check whether ASSIST repeats the same receiving course in multiple contexts; usually lower priority than grouping errors.,UCM,University of California Merced,Shasta College,fail,CSE 022,duplicate_merged_row,duplicate ASSIST receiving row,multiple ASSIST articulation rows normalize to the same receiving course,,https://assist.org/transfer/results?year=76&institution=38&agreement=144&agreementType=to&viewAgreementsOptions=true&view=agreement&viewBy=major&viewSendingAgreements=false&viewByKey=76%2F38%2Fto%2F144%2FMajor%2Fbe462cb5-458a-4c3d-5be5-08dd9e07c477,76/38/to/144/Major/be462cb5-458a-4c3d-5be5-08dd9e07c477
low,duplicate_receiving_label,Check whether ASSIST repeats the same receiving course in multiple contexts; usually lower priority than grouping errors.,UCM,University of California Merced,Sierra College,fail,CSE 022,duplicate_merged_row,duplicate raw CSV receiving row,2,,https://assist.org/transfer/results?year=76&institution=93&agreement=144&agreementType=to&viewAgreementsOptions=true&view=agreement&viewBy=major&viewSendingAgreements=false&viewByKey=76%2F93%2Fto%2F144%2FMajor%2Fbe462cb5-458a-4c3d-5be5-08dd9e07c477,76/93/to/144/Major/be462cb5-458a-4c3d-5be5-08dd9e07c477
low,duplicate_receiving_label,Check whether ASSIST repeats the same receiving course in multiple contexts; usually lower priority than grouping errors.,UCM,University of California Merced,Sierra College,fail,CSE 022,duplicate_merged_row,duplicate ASSIST receiving row,multiple ASSIST articulation rows normalize to the same receiving course,,https://assist.org/transfer/results?year=76&institution=93&agreement=144&agreementType=to&viewAgreementsOptions=true&view=agreement&viewBy=major&viewSendingAgreements=false&viewByKey=76%2F93%2Fto%2F144%2FMajor%2Fbe462cb5-458a-4c3d-5be5-08dd9e07c477,76/93/to/144/Major/be462cb5-458a-4c3d-5be5-08dd9e07c477
low,duplicate_receiving_label,Check whether ASSIST repeats the same receiving course in multiple contexts; usually lower priority than grouping errors.,UCM,University of California Merced,Skyline College,fail,CSE 022,duplicate_merged_row,duplicate raw CSV receiving row,2,,https://assist.org/transfer/results?year=76&institution=127&agreement=144&agreementType=to&viewAgreementsOptions=true&view=agreement&viewBy=major&viewSendingAgreements=false&viewByKey=76%2F127%2Fto%2F144%2FMajor%2Fbe462cb5-458a-4c3d-5be5-08dd9e07c477,76/127/to/144/Major/be462cb5-458a-4c3d-5be5-08dd9e07c477
low,duplicate_receiving_label,Check whether ASSIST repeats the same receiving course in multiple contexts; usually lower priority than grouping errors.,UCM,University of California Merced,Skyline College,fail,CSE 022,duplicate_merged_row,duplicate ASSIST receiving row,multiple ASSIST articulation rows normalize to the same receiving course,,https://assist.org/transfer/results?year=76&institution=127&agreement=144&agreementType=to&viewAgreementsOptions=true&view=agreement&viewBy=major&viewSendingAgreements=false&viewByKey=76%2F127%2Fto%2F144%2FMajor%2Fbe462cb5-458a-4c3d-5be5-08dd9e07c477,76/127/to/144/Major/be462cb5-458a-4c3d-5be5-08dd9e07c477
low,duplicate_receiving_label,Check whether ASSIST repeats the same receiving course in multiple contexts; usually lower priority than grouping errors.,UCM,University of California Merced,Solano Community College,fail,CSE 022,duplicate_merged_row,duplicate raw CSV receiving row,2,,https://assist.org/transfer/results?year=76&institution=94&agreement=144&agreementType=to&viewAgreementsOptions=true&view=agreement&viewBy=major&viewSendingAgreements=false&viewByKey=76%2F94%2Fto%2F144%2FMajor%2Fbe462cb5-458a-4c3d-5be5-08dd9e07c477,76/94/to/144/Major/be462cb5-458a-4c3d-5be5-08dd9e07c477
low,duplicate_receiving_label,Check whether ASSIST repeats the same receiving course in multiple contexts; usually lower priority than grouping errors.,UCM,University of California Merced,Solano Community College,fail,CSE 022,duplicate_merged_row,duplicate ASSIST receiving row,multiple ASSIST articulation rows normalize to the same receiving course,,https://assist.org/transfer/results?year=76&institution=94&agreement=144&agreementType=to&viewAgreementsOptions=true&view=agreement&viewBy=major&viewSendingAgreements=false&viewByKey=76%2F94%2Fto%2F144%2FMajor%2Fbe462cb5-458a-4c3d-5be5-08dd9e07c477,76/94/to/144/Major/be462cb5-458a-4c3d-5be5-08dd9e07c477
low,duplicate_receiving_label,Check whether ASSIST repeats the same receiving course in multiple contexts; usually lower priority than grouping errors.,UCM,University of California Merced,Southwestern College,fail,CSE 022,duplicate_merged_row,duplicate raw CSV receiving row,2,,https://assist.org/transfer/results?year=76&institution=138&agreement=144&agreementType=to&viewAgreementsOptions=true&view=agreement&viewBy=major&viewSendingAgreements=false&viewByKey=76%2F138%2Fto%2F144%2FMajor%2Fbe462cb5-458a-4c3d-5be5-08dd9e07c477,76/138/to/144/Major/be462cb5-458a-4c3d-5be5-08dd9e07c477
low,duplicate_receiving_label,Check whether ASSIST repeats the same receiving course in multiple contexts; usually lower priority than grouping errors.,UCM,University of California Merced,Southwestern College,fail,CSE 022,duplicate_merged_row,duplicate ASSIST receiving row,multiple ASSIST articulation rows normalize to the same receiving course,,https://assist.org/transfer/results?year=76&institution=138&agreement=144&agreementType=to&viewAgreementsOptions=true&view=agreement&viewBy=major&viewSendingAgreements=false&viewByKey=76%2F138%2Fto%2F144%2FMajor%2Fbe462cb5-458a-4c3d-5be5-08dd9e07c477,76/138/to/144/Major/be462cb5-458a-4c3d-5be5-08dd9e07c477
low,duplicate_receiving_label,Check whether ASSIST repeats the same receiving course in multiple contexts; usually lower priority than grouping errors.,UCM,University of California Merced,Taft College,fail,CSE 022,duplicate_merged_row,duplicate raw CSV receiving row,2,,https://assist.org/transfer/results?year=76&institution=119&agreement=144&agreementType=to&viewAgreementsOptions=true&view=agreement&viewBy=major&viewSendingAgreements=false&viewByKey=76%2F119%2Fto%2F144%2FMajor%2Fbe462cb5-458a-4c3d-5be5-08dd9e07c477,76/119/to/144/Major/be462cb5-458a-4c3d-5be5-08dd9e07c477
low,duplicate_receiving_label,Check whether ASSIST repeats the same receiving course in multiple contexts; usually lower priority than grouping errors.,UCM,University of California Merced,Taft College,fail,CSE 022,duplicate_merged_row,duplicate ASSIST receiving row,multiple ASSIST articulation rows normalize to the same receiving course,,https://assist.org/transfer/results?year=76&institution=119&agreement=144&agreementType=to&viewAgreementsOptions=true&view=agreement&viewBy=major&viewSendingAgreements=false&viewByKey=76%2F119%2Fto%2F144%2FMajor%2Fbe462cb5-458a-4c3d-5be5-08dd9e07c477,76/119/to/144/Major/be462cb5-458a-4c3d-5be5-08dd9e07c477
low,duplicate_receiving_label,Check whether ASSIST repeats the same receiving course in multiple contexts; usually lower priority than grouping errors.,UCM,University of California Merced,Ventura College,fail,CSE 022,duplicate_merged_row,duplicate raw CSV receiving row,2,,https://assist.org/transfer/results?year=76&institution=95&agreement=144&agreementType=to&viewAgreementsOptions=true&view=agreement&viewBy=major&viewSendingAgreements=false&viewByKey=76%2F95%2Fto%2F144%2FMajor%2Fbe462cb5-458a-4c3d-5be5-08dd9e07c477,76/95/to/144/Major/be462cb5-458a-4c3d-5be5-08dd9e07c477
low,duplicate_receiving_label,Check whether ASSIST repeats the same receiving course in multiple contexts; usually lower priority than grouping errors.,UCM,University of California Merced,Ventura College,fail,CSE 022,duplicate_merged_row,duplicate ASSIST receiving row,multiple ASSIST articulation rows normalize to the same receiving course,,https://assist.org/transfer/results?year=76&institution=95&agreement=144&agreementType=to&viewAgreementsOptions=true&view=agreement&viewBy=major&viewSendingAgreements=false&viewByKey=76%2F95%2Fto%2F144%2FMajor%2Fbe462cb5-458a-4c3d-5be5-08dd9e07c477,76/95/to/144/Major/be462cb5-458a-4c3d-5be5-08dd9e07c477
low,duplicate_receiving_label,Check whether ASSIST repeats the same receiving course in multiple contexts; usually lower priority than grouping errors.,UCM,University of California Merced,Victor Valley College,fail,CSE 022,duplicate_merged_row,duplicate raw CSV receiving row,2,,https://assist.org/transfer/results?year=76&institution=19&agreement=144&agreementType=to&viewAgreementsOptions=true&view=agreement&viewBy=major&viewSendingAgreements=false&viewByKey=76%2F19%2Fto%2F144%2FMajor%2Fbe462cb5-458a-4c3d-5be5-08dd9e07c477,76/19/to/144/Major/be462cb5-458a-4c3d-5be5-08dd9e07c477
low,duplicate_receiving_label,Check whether ASSIST repeats the same receiving course in multiple contexts; usually lower priority than grouping errors.,UCM,University of California Merced,West Hills College Coalinga,fail,CSE 022,duplicate_merged_row,duplicate raw CSV receiving row,2,,https://assist.org/transfer/results?year=76&institution=67&agreement=144&agreementType=to&viewAgreementsOptions=true&view=agreement&viewBy=major&viewSendingAgreements=false&viewByKey=76%2F67%2Fto%2F144%2FMajor%2Fbe462cb5-458a-4c3d-5be5-08dd9e07c477,76/67/to/144/Major/be462cb5-458a-4c3d-5be5-08dd9e07c477
low,duplicate_receiving_label,Check whether ASSIST repeats the same receiving course in multiple contexts; usually lower priority than grouping errors.,UCM,University of California Merced,West Hills College Lemoore,fail,CSE 022,duplicate_merged_row,duplicate raw CSV receiving row,2,,https://assist.org/transfer/results?year=76&institution=146&agreement=144&agreementType=to&viewAgreementsOptions=true&view=agreement&viewBy=major&viewSendingAgreements=false&viewByKey=76%2F146%2Fto%2F144%2FMajor%2Fbe462cb5-458a-4c3d-5be5-08dd9e07c477,76/146/to/144/Major/be462cb5-458a-4c3d-5be5-08dd9e07c477
low,duplicate_receiving_label,Check whether ASSIST repeats the same receiving course in multiple contexts; usually lower priority than grouping errors.,UCM,University of California Merced,West Hills College Lemoore,fail,CSE 022,duplicate_merged_row,duplicate ASSIST receiving row,multiple ASSIST articulation rows normalize to the same receiving course,,https://assist.org/transfer/results?year=76&institution=146&agreement=144&agreementType=to&viewAgreementsOptions=true&view=agreement&viewBy=major&viewSendingAgreements=false&viewByKey=76%2F146%2Fto%2F144%2FMajor%2Fbe462cb5-458a-4c3d-5be5-08dd9e07c477,76/146/to/144/Major/be462cb5-458a-4c3d-5be5-08dd9e07c477
low,duplicate_receiving_label,Check whether ASSIST repeats the same receiving course in multiple contexts; usually lower priority than grouping errors.,UCM,University of California Merced,West Los Angeles College,fail,CSE 022,duplicate_merged_row,duplicate raw CSV receiving row,2,,https://assist.org/transfer/results?year=76&institution=91&agreement=144&agreementType=to&viewAgreementsOptions=true&view=agreement&viewBy=major&viewSendingAgreements=false&viewByKey=76%2F91%2Fto%2F144%2FMajor%2Fbe462cb5-458a-4c3d-5be5-08dd9e07c477,76/91/to/144/Major/be462cb5-458a-4c3d-5be5-08dd9e07c477
low,duplicate_receiving_label,Check whether ASSIST repeats the same receiving course in multiple contexts; usually lower priority than grouping errors.,UCM,University of California Merced,West Los Angeles College,fail,CSE 022,duplicate_merged_row,duplicate ASSIST receiving row,multiple ASSIST articulation rows normalize to the same receiving course,,https://assist.org/transfer/results?year=76&institution=91&agreement=144&agreementType=to&viewAgreementsOptions=true&view=agreement&viewBy=major&viewSendingAgreements=false&viewByKey=76%2F91%2Fto%2F144%2FMajor%2Fbe462cb5-458a-4c3d-5be5-08dd9e07c477,76/91/to/144/Major/be462cb5-458a-4c3d-5be5-08dd9e07c477
low,duplicate_receiving_label,Check whether ASSIST repeats the same receiving course in multiple contexts; usually lower priority than grouping errors.,UCM,University of California Merced,West Valley College,fail,CSE 022,duplicate_merged_row,duplicate raw CSV receiving row,2,,https://assist.org/transfer/results?year=76&institution=80&agreement=144&agreementType=to&viewAgreementsOptions=true&view=agreement&viewBy=major&viewSendingAgreements=false&viewByKey=76%2F80%2Fto%2F144%2FMajor%2Fbe462cb5-458a-4c3d-5be5-08dd9e07c477,76/80/to/144/Major/be462cb5-458a-4c3d-5be5-08dd9e07c477
low,duplicate_receiving_label,Check whether ASSIST repeats the same receiving course in multiple contexts; usually lower priority than grouping errors.,UCM,University of California Merced,West Valley College,fail,CSE 022,duplicate_merged_row,duplicate ASSIST receiving row,multiple ASSIST articulation rows normalize to the same receiving course,,https://assist.org/transfer/results?year=76&institution=80&agreement=144&agreementType=to&viewAgreementsOptions=true&view=agreement&viewBy=major&viewSendingAgreements=false&viewByKey=76%2F80%2Fto%2F144%2FMajor%2Fbe462cb5-458a-4c3d-5be5-08dd9e07c477,76/80/to/144/Major/be462cb5-458a-4c3d-5be5-08dd9e07c477
low,duplicate_receiving_label,Check whether ASSIST repeats the same receiving course in multiple contexts; usually lower priority than grouping errors.,UCM,University of California Merced,Woodland Community College,fail,CSE 022,duplicate_merged_row,duplicate raw CSV receiving row,2,,https://assist.org/transfer/results?year=76&institution=147&agreement=144&agreementType=to&viewAgreementsOptions=true&view=agreement&viewBy=major&viewSendingAgreements=false&viewByKey=76%2F147%2Fto%2F144%2FMajor%2Fbe462cb5-458a-4c3d-5be5-08dd9e07c477,76/147/to/144/Major/be462cb5-458a-4c3d-5be5-08dd9e07c477
low,duplicate_receiving_label,Check whether ASSIST repeats the same receiving course in multiple contexts; usually lower priority than grouping errors.,UCM,University of California Merced,Yuba College,fail,CSE 022,duplicate_merged_row,duplicate raw CSV receiving row,2,,https://assist.org/transfer/results?year=76&institution=90&agreement=144&agreementType=to&viewAgreementsOptions=true&view=agreement&viewBy=major&viewSendingAgreements=false&viewByKey=76%2F90%2Fto%2F144%2FMajor%2Fbe462cb5-458a-4c3d-5be5-08dd9e07c477,76/90/to/144/Major/be462cb5-458a-4c3d-5be5-08dd9e07c477
low,duplicate_receiving_label,Check whether ASSIST repeats the same receiving course in multiple contexts; usually lower priority than grouping errors.,UCM,University of California Merced,Yuba College,fail,CSE 022,duplicate_merged_row,duplicate ASSIST receiving row,multiple ASSIST articulation rows normalize to the same receiving course,,https://assist.org/transfer/results?year=76&institution=90&agreement=144&agreementType=to&viewAgreementsOptions=true&view=agreement&viewBy=major&viewSendingAgreements=false&viewByKey=76%2F90%2Fto%2F144%2FMajor%2Fbe462cb5-458a-4c3d-5be5-08dd9e07c477,76/90/to/144/Major/be462cb5-458a-4c3d-5be5-08dd9e07c477
low,duplicate_receiving_label,Check whether ASSIST repeats the same receiving course in multiple contexts; usually lower priority than grouping errors.,UCM,University of California Merced,Allan Hancock College,fail,CSE 030,duplicate_merged_row,duplicate raw CSV receiving row,2,,https://assist.org/transfer/results?year=76&institution=110&agreement=144&agreementType=to&viewAgreementsOptions=true&view=agreement&viewBy=major&viewSendingAgreements=false&viewByKey=76%2F110%2Fto%2F144%2FMajor%2Fbe462cb5-458a-4c3d-5be5-08dd9e07c477,76/110/to/144/Major/be462cb5-458a-4c3d-5be5-08dd9e07c477
low,duplicate_receiving_label,Check whether ASSIST repeats the same receiving course in multiple contexts; usually lower priority than grouping errors.,UCM,University of California Merced,Allan Hancock College,fail,CSE 030,duplicate_merged_row,duplicate ASSIST receiving row,multiple ASSIST articulation rows normalize to the same receiving course,,https://assist.org/transfer/results?year=76&institution=110&agreement=144&agreementType=to&viewAgreementsOptions=true&view=agreement&viewBy=major&viewSendingAgreements=false&viewByKey=76%2F110%2Fto%2F144%2FMajor%2Fbe462cb5-458a-4c3d-5be5-08dd9e07c477,76/110/to/144/Major/be462cb5-458a-4c3d-5be5-08dd9e07c477
low,duplicate_receiving_label,Check whether ASSIST repeats the same receiving course in multiple contexts; usually lower priority than grouping errors.,UCM,University of California Merced,American River College,fail,CSE 030,duplicate_merged_row,duplicate raw CSV receiving row,2,,https://assist.org/transfer/results?year=76&institution=27&agreement=144&agreementType=to&viewAgreementsOptions=true&view=agreement&viewBy=major&viewSendingAgreements=false&viewByKey=76%2F27%2Fto%2F144%2FMajor%2Fbe462cb5-458a-4c3d-5be5-08dd9e07c477,76/27/to/144/Major/be462cb5-458a-4c3d-5be5-08dd9e07c477
low,duplicate_receiving_label,Check whether ASSIST repeats the same receiving course in multiple contexts; usually lower priority than grouping errors.,UCM,University of California Merced,American River College,fail,CSE 030,duplicate_merged_row,duplicate ASSIST receiving row,multiple ASSIST articulation rows normalize to the same receiving course,,https://assist.org/transfer/results?year=76&institution=27&agreement=144&agreementType=to&viewAgreementsOptions=true&view=agreement&viewBy=major&viewSendingAgreements=false&viewByKey=76%2F27%2Fto%2F144%2FMajor%2Fbe462cb5-458a-4c3d-5be5-08dd9e07c477,76/27/to/144/Major/be462cb5-458a-4c3d-5be5-08dd9e07c477
low,duplicate_receiving_label,Check whether ASSIST repeats the same receiving course in multiple contexts; usually lower priority than grouping errors.,UCM,University of California Merced,Antelope Valley College,fail,CSE 030,duplicate_merged_row,duplicate raw CSV receiving row,2,,https://assist.org/transfer/results?year=76&institution=121&agreement=144&agreementType=to&viewAgreementsOptions=true&view=agreement&viewBy=major&viewSendingAgreements=false&viewByKey=76%2F121%2Fto%2F144%2FMajor%2Fbe462cb5-458a-4c3d-5be5-08dd9e07c477,76/121/to/144/Major/be462cb5-458a-4c3d-5be5-08dd9e07c477
low,duplicate_receiving_label,Check whether ASSIST repeats the same receiving course in multiple contexts; usually lower priority than grouping errors.,UCM,University of California Merced,Antelope Valley College,fail,CSE 030,duplicate_merged_row,duplicate ASSIST receiving row,multiple ASSIST articulation rows normalize to the same receiving course,,https://assist.org/transfer/results?year=76&institution=121&agreement=144&agreementType=to&viewAgreementsOptions=true&view=agreement&viewBy=major&viewSendingAgreements=false&viewByKey=76%2F121%2Fto%2F144%2FMajor%2Fbe462cb5-458a-4c3d-5be5-08dd9e07c477,76/121/to/144/Major/be462cb5-458a-4c3d-5be5-08dd9e07c477
low,duplicate_receiving_label,Check whether ASSIST repeats the same receiving course in multiple contexts; usually lower priority than grouping errors.,UCM,University of California Merced,Bakersfield College,fail,CSE 030,duplicate_merged_row,duplicate raw CSV receiving row,2,,https://assist.org/transfer/results?year=76&institution=84&agreement=144&agreementType=to&viewAgreementsOptions=true&view=agreement&viewBy=major&viewSendingAgreements=false&viewByKey=76%2F84%2Fto%2F144%2FMajor%2Fbe462cb5-458a-4c3d-5be5-08dd9e07c477,76/84/to/144/Major/be462cb5-458a-4c3d-5be5-08dd9e07c477
low,duplicate_receiving_label,Check whether ASSIST repeats the same receiving course in multiple contexts; usually lower priority than grouping errors.,UCM,University of California Merced,Bakersfield College,fail,CSE 030,duplicate_merged_row,duplicate ASSIST receiving row,multiple ASSIST articulation rows normalize to the same receiving course,,https://assist.org/transfer/results?year=76&institution=84&agreement=144&agreementType=to&viewAgreementsOptions=true&view=agreement&viewBy=major&viewSendingAgreements=false&viewByKey=76%2F84%2Fto%2F144%2FMajor%2Fbe462cb5-458a-4c3d-5be5-08dd9e07c477,76/84/to/144/Major/be462cb5-458a-4c3d-5be5-08dd9e07c477
low,duplicate_receiving_label,Check whether ASSIST repeats the same receiving course in multiple contexts; usually lower priority than grouping errors.,UCM,University of California Merced,Barstow Community College,fail,CSE 030,duplicate_merged_row,duplicate raw CSV receiving row,2,,https://assist.org/transfer/results?year=76&institution=20&agreement=144&agreementType=to&viewAgreementsOptions=true&view=agreement&viewBy=major&viewSendingAgreements=false&viewByKey=76%2F20%2Fto%2F144%2FMajor%2Fbe462cb5-458a-4c3d-5be5-08dd9e07c477,76/20/to/144/Major/be462cb5-458a-4c3d-5be5-08dd9e07c477
low,duplicate_receiving_label,Check whether ASSIST repeats the same receiving course in multiple contexts; usually lower priority than grouping errors.,UCM,University of California Merced,Barstow Community College,fail,CSE 030,duplicate_merged_row,duplicate ASSIST receiving row,multiple ASSIST articulation rows normalize to the same receiving course,,https://assist.org/transfer/results?year=76&institution=20&agreement=144&agreementType=to&viewAgreementsOptions=true&view=agreement&viewBy=major&viewSendingAgreements=false&viewByKey=76%2F20%2Fto%2F144%2FMajor%2Fbe462cb5-458a-4c3d-5be5-08dd9e07c477,76/20/to/144/Major/be462cb5-458a-4c3d-5be5-08dd9e07c477
low,duplicate_receiving_label,Check whether ASSIST repeats the same receiving course in multiple contexts; usually lower priority than grouping errors.,UCM,University of California Merced,Berkeley City College,fail,CSE 030,duplicate_merged_row,duplicate raw CSV receiving row,2,,https://assist.org/transfer/results?year=76&institution=58&agreement=144&agreementType=to&viewAgreementsOptions=true&view=agreement&viewBy=major&viewSendingAgreements=false&viewByKey=76%2F58%2Fto%2F144%2FMajor%2Fbe462cb5-458a-4c3d-5be5-08dd9e07c477,76/58/to/144/Major/be462cb5-458a-4c3d-5be5-08dd9e07c477
low,duplicate_receiving_label,Check whether ASSIST repeats the same receiving course in multiple contexts; usually lower priority than grouping errors.,UCM,University of California Merced,Berkeley City College,fail,CSE 030,duplicate_merged_row,duplicate ASSIST receiving row,multiple ASSIST articulation rows normalize to the same receiving course,,https://assist.org/transfer/results?year=76&institution=58&agreement=144&agreementType=to&viewAgreementsOptions=true&view=agreement&viewBy=major&viewSendingAgreements=false&viewByKey=76%2F58%2Fto%2F144%2FMajor%2Fbe462cb5-458a-4c3d-5be5-08dd9e07c477,76/58/to/144/Major/be462cb5-458a-4c3d-5be5-08dd9e07c477
low,duplicate_receiving_label,Check whether ASSIST repeats the same receiving course in multiple contexts; usually lower priority than grouping errors.,UCM,University of California Merced,Butte College,fail,CSE 030,duplicate_merged_row,duplicate raw CSV receiving row,2,,https://assist.org/transfer/results?year=76&institution=8&agreement=144&agreementType=to&viewAgreementsOptions=true&view=agreement&viewBy=major&viewSendingAgreements=false&viewByKey=76%2F8%2Fto%2F144%2FMajor%2Fbe462cb5-458a-4c3d-5be5-08dd9e07c477,76/8/to/144/Major/be462cb5-458a-4c3d-5be5-08dd9e07c477
low,duplicate_receiving_label,Check whether ASSIST repeats the same receiving course in multiple contexts; usually lower priority than grouping errors.,UCM,University of California Merced,Butte College,fail,CSE 030,duplicate_merged_row,duplicate ASSIST receiving row,multiple ASSIST articulation rows normalize to the same receiving course,,https://assist.org/transfer/results?year=76&institution=8&agreement=144&agreementType=to&viewAgreementsOptions=true&view=agreement&viewBy=major&viewSendingAgreements=false&viewByKey=76%2F8%2Fto%2F144%2FMajor%2Fbe462cb5-458a-4c3d-5be5-08dd9e07c477,76/8/to/144/Major/be462cb5-458a-4c3d-5be5-08dd9e07c477
low,duplicate_receiving_label,Check whether ASSIST repeats the same receiving course in multiple contexts; usually lower priority than grouping errors.,UCM,University of California Merced,Cabrillo College,fail,CSE 030,duplicate_merged_row,duplicate raw CSV receiving row,2,,https://assist.org/transfer/results?year=76&institution=41&agreement=144&agreementType=to&viewAgreementsOptions=true&view=agreement&viewBy=major&viewSendingAgreements=false&viewByKey=76%2F41%2Fto%2F144%2FMajor%2Fbe462cb5-458a-4c3d-5be5-08dd9e07c477,76/41/to/144/Major/be462cb5-458a-4c3d-5be5-08dd9e07c477
low,duplicate_receiving_label,Check whether ASSIST repeats the same receiving course in multiple contexts; usually lower priority than grouping errors.,UCM,University of California Merced,Cabrillo College,fail,CSE 030,duplicate_merged_row,duplicate ASSIST receiving row,multiple ASSIST articulation rows normalize to the same receiving course,,https://assist.org/transfer/results?year=76&institution=41&agreement=144&agreementType=to&viewAgreementsOptions=true&view=agreement&viewBy=major&viewSendingAgreements=false&viewByKey=76%2F41%2Fto%2F144%2FMajor%2Fbe462cb5-458a-4c3d-5be5-08dd9e07c477,76/41/to/144/Major/be462cb5-458a-4c3d-5be5-08dd9e07c477
low,duplicate_receiving_label,Check whether ASSIST repeats the same receiving course in multiple contexts; usually lower priority than grouping errors.,UCM,University of California Merced,Canada College,fail,CSE 030,duplicate_merged_row,duplicate raw CSV receiving row,2,,https://assist.org/transfer/results?year=76&institution=68&agreement=144&agreementType=to&viewAgreementsOptions=true&view=agreement&viewBy=major&viewSendingAgreements=false&viewByKey=76%2F68%2Fto%2F144%2FMajor%2Fbe462cb5-458a-4c3d-5be5-08dd9e07c477,76/68/to/144/Major/be462cb5-458a-4c3d-5be5-08dd9e07c477
low,duplicate_receiving_label,Check whether ASSIST repeats the same receiving course in multiple contexts; usually lower priority than grouping errors.,UCM,University of California Merced,Canada College,fail,CSE 030,duplicate_merged_row,duplicate ASSIST receiving row,multiple ASSIST articulation rows normalize to the same receiving course,,https://assist.org/transfer/results?year=76&institution=68&agreement=144&agreementType=to&viewAgreementsOptions=true&view=agreement&viewBy=major&viewSendingAgreements=false&viewByKey=76%2F68%2Fto%2F144%2FMajor%2Fbe462cb5-458a-4c3d-5be5-08dd9e07c477,76/68/to/144/Major/be462cb5-458a-4c3d-5be5-08dd9e07c477
low,duplicate_receiving_label,Check whether ASSIST repeats the same receiving course in multiple contexts; usually lower priority than grouping errors.,UCM,University of California Merced,Cerritos College,fail,CSE 030,duplicate_merged_row,duplicate raw CSV receiving row,2,,https://assist.org/transfer/results?year=76&institution=104&agreement=144&agreementType=to&viewAgreementsOptions=true&view=agreement&viewBy=major&viewSendingAgreements=false&viewByKey=76%2F104%2Fto%2F144%2FMajor%2Fbe462cb5-458a-4c3d-5be5-08dd9e07c477,76/104/to/144/Major/be462cb5-458a-4c3d-5be5-08dd9e07c477
low,duplicate_receiving_label,Check whether ASSIST repeats the same receiving course in multiple contexts; usually lower priority than grouping errors.,UCM,University of California Merced,Cerritos College,fail,CSE 030,duplicate_merged_row,duplicate ASSIST receiving row,multiple ASSIST articulation rows normalize to the same receiving course,,https://assist.org/transfer/results?year=76&institution=104&agreement=144&agreementType=to&viewAgreementsOptions=true&view=agreement&viewBy=major&viewSendingAgreements=false&viewByKey=76%2F104%2Fto%2F144%2FMajor%2Fbe462cb5-458a-4c3d-5be5-08dd9e07c477,76/104/to/144/Major/be462cb5-458a-4c3d-5be5-08dd9e07c477
low,duplicate_receiving_label,Check whether ASSIST repeats the same receiving course in multiple contexts; usually lower priority than grouping errors.,UCM,University of California Merced,Cerro Coso Community College,fail,CSE 030,duplicate_merged_row,duplicate raw CSV receiving row,2,,https://assist.org/transfer/results?year=76&institution=9&agreement=144&agreementType=to&viewAgreementsOptions=true&view=agreement&viewBy=major&viewSendingAgreements=false&viewByKey=76%2F9%2Fto%2F144%2FMajor%2Fbe462cb5-458a-4c3d-5be5-08dd9e07c477,76/9/to/144/Major/be462cb5-458a-4c3d-5be5-08dd9e07c477
low,duplicate_receiving_label,Check whether ASSIST repeats the same receiving course in multiple contexts; usually lower priority than grouping errors.,UCM,University of California Merced,Chabot College,fail,CSE 030,duplicate_merged_row,duplicate raw CSV receiving row,2,,https://assist.org/transfer/results?year=76&institution=96&agreement=144&agreementType=to&viewAgreementsOptions=true&view=agreement&viewBy=major&viewSendingAgreements=false&viewByKey=76%2F96%2Fto%2F144%2FMajor%2Fbe462cb5-458a-4c3d-5be5-08dd9e07c477,76/96/to/144/Major/be462cb5-458a-4c3d-5be5-08dd9e07c477
low,duplicate_receiving_label,Check whether ASSIST repeats the same receiving course in multiple contexts; usually lower priority than grouping errors.,UCM,University of California Merced,Chabot College,fail,CSE 030,duplicate_merged_row,duplicate ASSIST receiving row,multiple ASSIST articulation rows normalize to the same receiving course,,https://assist.org/transfer/results?year=76&institution=96&agreement=144&agreementType=to&viewAgreementsOptions=true&view=agreement&viewBy=major&viewSendingAgreements=false&viewByKey=76%2F96%2Fto%2F144%2FMajor%2Fbe462cb5-458a-4c3d-5be5-08dd9e07c477,76/96/to/144/Major/be462cb5-458a-4c3d-5be5-08dd9e07c477
low,duplicate_receiving_label,Check whether ASSIST repeats the same receiving course in multiple contexts; usually lower priority than grouping errors.,UCM,University of California Merced,Chaffey College,fail,CSE 030,duplicate_merged_row,duplicate raw CSV receiving row,2,,https://assist.org/transfer/results?year=76&institution=69&agreement=144&agreementType=to&viewAgreementsOptions=true&view=agreement&viewBy=major&viewSendingAgreements=false&viewByKey=76%2F69%2Fto%2F144%2FMajor%2Fbe462cb5-458a-4c3d-5be5-08dd9e07c477,76/69/to/144/Major/be462cb5-458a-4c3d-5be5-08dd9e07c477
low,duplicate_receiving_label,Check whether ASSIST repeats the same receiving course in multiple contexts; usually lower priority than grouping errors.,UCM,University of California Merced,Chaffey College,fail,CSE 030,duplicate_merged_row,duplicate ASSIST receiving row,multiple ASSIST articulation rows normalize to the same receiving course,,https://assist.org/transfer/results?year=76&institution=69&agreement=144&agreementType=to&viewAgreementsOptions=true&view=agreement&viewBy=major&viewSendingAgreements=false&viewByKey=76%2F69%2Fto%2F144%2FMajor%2Fbe462cb5-458a-4c3d-5be5-08dd9e07c477,76/69/to/144/Major/be462cb5-458a-4c3d-5be5-08dd9e07c477
low,duplicate_receiving_label,Check whether ASSIST repeats the same receiving course in multiple contexts; usually lower priority than grouping errors.,UCM,University of California Merced,Citrus College,fail,CSE 030,duplicate_merged_row,duplicate raw CSV receiving row,2,,https://assist.org/transfer/results?year=76&institution=97&agreement=144&agreementType=to&viewAgreementsOptions=true&view=agreement&viewBy=major&viewSendingAgreements=false&viewByKey=76%2F97%2Fto%2F144%2FMajor%2Fbe462cb5-458a-4c3d-5be5-08dd9e07c477,76/97/to/144/Major/be462cb5-458a-4c3d-5be5-08dd9e07c477
low,duplicate_receiving_label,Check whether ASSIST repeats the same receiving course in multiple contexts; usually lower priority than grouping errors.,UCM,University of California Merced,Citrus College,fail,CSE 030,duplicate_merged_row,duplicate ASSIST receiving row,multiple ASSIST articulation rows normalize to the same receiving course,,https://assist.org/transfer/results?year=76&institution=97&agreement=144&agreementType=to&viewAgreementsOptions=true&view=agreement&viewBy=major&viewSendingAgreements=false&viewByKey=76%2F97%2Fto%2F144%2FMajor%2Fbe462cb5-458a-4c3d-5be5-08dd9e07c477,76/97/to/144/Major/be462cb5-458a-4c3d-5be5-08dd9e07c477
low,duplicate_receiving_label,Check whether ASSIST repeats the same receiving course in multiple contexts; usually lower priority than grouping errors.,UCM,University of California Merced,City College of San Francisco,fail,CSE 030,duplicate_merged_row,duplicate raw CSV receiving row,2,,https://assist.org/transfer/results?year=76&institution=33&agreement=144&agreementType=to&viewAgreementsOptions=true&view=agreement&viewBy=major&viewSendingAgreements=false&viewByKey=76%2F33%2Fto%2F144%2FMajor%2Fbe462cb5-458a-4c3d-5be5-08dd9e07c477,76/33/to/144/Major/be462cb5-458a-4c3d-5be5-08dd9e07c477
low,duplicate_receiving_label,Check whether ASSIST repeats the same receiving course in multiple contexts; usually lower priority than grouping errors.,UCM,University of California Merced,City College of San Francisco,fail,CSE 030,duplicate_merged_row,duplicate ASSIST receiving row,multiple ASSIST articulation rows normalize to the same receiving course,,https://assist.org/transfer/results?year=76&institution=33&agreement=144&agreementType=to&viewAgreementsOptions=true&view=agreement&viewBy=major&viewSendingAgreements=false&viewByKey=76%2F33%2Fto%2F144%2FMajor%2Fbe462cb5-458a-4c3d-5be5-08dd9e07c477,76/33/to/144/Major/be462cb5-458a-4c3d-5be5-08dd9e07c477
low,duplicate_receiving_label,Check whether ASSIST repeats the same receiving course in multiple contexts; usually lower priority than grouping errors.,UCM,University of California Merced,Clovis Community College,fail,CSE 030,duplicate_merged_row,duplicate raw CSV receiving row,2,,https://assist.org/transfer/results?year=76&institution=150&agreement=144&agreementType=to&viewAgreementsOptions=true&view=agreement&viewBy=major&viewSendingAgreements=false&viewByKey=76%2F150%2Fto%2F144%2FMajor%2Fbe462cb5-458a-4c3d-5be5-08dd9e07c477,76/150/to/144/Major/be462cb5-458a-4c3d-5be5-08dd9e07c477
low,duplicate_receiving_label,Check whether ASSIST repeats the same receiving course in multiple contexts; usually lower priority than grouping errors.,UCM,University of California Merced,Coastline Community College,fail,CSE 030,duplicate_merged_row,duplicate raw CSV receiving row,2,,https://assist.org/transfer/results?year=76&institution=105&agreement=144&agreementType=to&viewAgreementsOptions=true&view=agreement&viewBy=major&viewSendingAgreements=false&viewByKey=76%2F105%2Fto%2F144%2FMajor%2Fbe462cb5-458a-4c3d-5be5-08dd9e07c477,76/105/to/144/Major/be462cb5-458a-4c3d-5be5-08dd9e07c477
low,duplicate_receiving_label,Check whether ASSIST repeats the same receiving course in multiple contexts; usually lower priority than grouping errors.,UCM,University of California Merced,Coastline Community College,fail,CSE 030,duplicate_merged_row,duplicate ASSIST receiving row,multiple ASSIST articulation rows normalize to the same receiving course,,https://assist.org/transfer/results?year=76&institution=105&agreement=144&agreementType=to&viewAgreementsOptions=true&view=agreement&viewBy=major&viewSendingAgreements=false&viewByKey=76%2F105%2Fto%2F144%2FMajor%2Fbe462cb5-458a-4c3d-5be5-08dd9e07c477,76/105/to/144/Major/be462cb5-458a-4c3d-5be5-08dd9e07c477
low,duplicate_receiving_label,Check whether ASSIST repeats the same receiving course in multiple contexts; usually lower priority than grouping errors.,UCM,University of California Merced,College of Alameda,fail,CSE 030,duplicate_merged_row,duplicate raw CSV receiving row,2,,https://assist.org/transfer/results?year=76&institution=111&agreement=144&agreementType=to&viewAgreementsOptions=true&view=agreement&viewBy=major&viewSendingAgreements=false&viewByKey=76%2F111%2Fto%2F144%2FMajor%2Fbe462cb5-458a-4c3d-5be5-08dd9e07c477,76/111/to/144/Major/be462cb5-458a-4c3d-5be5-08dd9e07c477
low,duplicate_receiving_label,Check whether ASSIST repeats the same receiving course in multiple contexts; usually lower priority than grouping errors.,UCM,University of California Merced,College of Marin,fail,CSE 030,duplicate_merged_row,duplicate raw CSV receiving row,2,,https://assist.org/transfer/results?year=76&institution=4&agreement=144&agreementType=to&viewAgreementsOptions=true&view=agreement&viewBy=major&viewSendingAgreements=false&viewByKey=76%2F4%2Fto%2F144%2FMajor%2Fbe462cb5-458a-4c3d-5be5-08dd9e07c477,76/4/to/144/Major/be462cb5-458a-4c3d-5be5-08dd9e07c477
low,duplicate_receiving_label,Check whether ASSIST repeats the same receiving course in multiple contexts; usually lower priority than grouping errors.,UCM,University of California Merced,College of Marin,fail,CSE 030,duplicate_merged_row,duplicate ASSIST receiving row,multiple ASSIST articulation rows normalize to the same receiving course,,https://assist.org/transfer/results?year=76&institution=4&agreement=144&agreementType=to&viewAgreementsOptions=true&view=agreement&viewBy=major&viewSendingAgreements=false&viewByKey=76%2F4%2Fto%2F144%2FMajor%2Fbe462cb5-458a-4c3d-5be5-08dd9e07c477,76/4/to/144/Major/be462cb5-458a-4c3d-5be5-08dd9e07c477
low,duplicate_receiving_label,Check whether ASSIST repeats the same receiving course in multiple contexts; usually lower priority than grouping errors.,UCM,University of California Merced,College of San Mateo,fail,CSE 030,duplicate_merged_row,duplicate raw CSV receiving row,2,,https://assist.org/transfer/results?year=76&institution=5&agreement=144&agreementType=to&viewAgreementsOptions=true&view=agreement&viewBy=major&viewSendingAgreements=false&viewByKey=76%2F5%2Fto%2F144%2FMajor%2Fbe462cb5-458a-4c3d-5be5-08dd9e07c477,76/5/to/144/Major/be462cb5-458a-4c3d-5be5-08dd9e07c477
low,duplicate_receiving_label,Check whether ASSIST repeats the same receiving course in multiple contexts; usually lower priority than grouping errors.,UCM,University of California Merced,College of San Mateo,fail,CSE 030,duplicate_merged_row,duplicate ASSIST receiving row,multiple ASSIST articulation rows normalize to the same receiving course,,https://assist.org/transfer/results?year=76&institution=5&agreement=144&agreementType=to&viewAgreementsOptions=true&view=agreement&viewBy=major&viewSendingAgreements=false&viewByKey=76%2F5%2Fto%2F144%2FMajor%2Fbe462cb5-458a-4c3d-5be5-08dd9e07c477,76/5/to/144/Major/be462cb5-458a-4c3d-5be5-08dd9e07c477
low,duplicate_receiving_label,Check whether ASSIST repeats the same receiving course in multiple contexts; usually lower priority than grouping errors.,UCM,University of California Merced,College of the Canyons,fail,CSE 030,duplicate_merged_row,duplicate raw CSV receiving row,2,,https://assist.org/transfer/results?year=76&institution=140&agreement=144&agreementType=to&viewAgreementsOptions=true&view=agreement&viewBy=major&viewSendingAgreements=false&viewByKey=76%2F140%2Fto%2F144%2FMajor%2Fbe462cb5-458a-4c3d-5be5-08dd9e07c477,76/140/to/144/Major/be462cb5-458a-4c3d-5be5-08dd9e07c477
low,duplicate_receiving_label,Check whether ASSIST repeats the same receiving course in multiple contexts; usually lower priority than grouping errors.,UCM,University of California Merced,College of the Canyons,fail,CSE 030,duplicate_merged_row,duplicate ASSIST receiving row,multiple ASSIST articulation rows normalize to the same receiving course,,https://assist.org/transfer/results?year=76&institution=140&agreement=144&agreementType=to&viewAgreementsOptions=true&view=agreement&viewBy=major&viewSendingAgreements=false&viewByKey=76%2F140%2Fto%2F144%2FMajor%2Fbe462cb5-458a-4c3d-5be5-08dd9e07c477,76/140/to/144/Major/be462cb5-458a-4c3d-5be5-08dd9e07c477
low,duplicate_receiving_label,Check whether ASSIST repeats the same receiving course in multiple contexts; usually lower priority than grouping errors.,UCM,University of California Merced,College of the Desert,fail,CSE 030,duplicate_merged_row,duplicate raw CSV receiving row,2,,https://assist.org/transfer/results?year=76&institution=30&agreement=144&agreementType=to&viewAgreementsOptions=true&view=agreement&viewBy=major&viewSendingAgreements=false&viewByKey=76%2F30%2Fto%2F144%2FMajor%2Fbe462cb5-458a-4c3d-5be5-08dd9e07c477,76/30/to/144/Major/be462cb5-458a-4c3d-5be5-08dd9e07c477
low,duplicate_receiving_label,Check whether ASSIST repeats the same receiving course in multiple contexts; usually lower priority than grouping errors.,UCM,University of California Merced,College of the Desert,fail,CSE 030,duplicate_merged_row,duplicate ASSIST receiving row,multiple ASSIST articulation rows normalize to the same receiving course,,https://assist.org/transfer/results?year=76&institution=30&agreement=144&agreementType=to&viewAgreementsOptions=true&view=agreement&viewBy=major&viewSendingAgreements=false&viewByKey=76%2F30%2Fto%2F144%2FMajor%2Fbe462cb5-458a-4c3d-5be5-08dd9e07c477,76/30/to/144/Major/be462cb5-458a-4c3d-5be5-08dd9e07c477
low,duplicate_receiving_label,Check whether ASSIST repeats the same receiving course in multiple contexts; usually lower priority than grouping errors.,UCM,University of California Merced,College of the Redwoods,fail,CSE 030,duplicate_merged_row,duplicate raw CSV receiving row,2,,https://assist.org/transfer/results?year=76&institution=83&agreement=144&agreementType=to&viewAgreementsOptions=true&view=agreement&viewBy=major&viewSendingAgreements=false&viewByKey=76%2F83%2Fto%2F144%2FMajor%2Fbe462cb5-458a-4c3d-5be5-08dd9e07c477,76/83/to/144/Major/be462cb5-458a-4c3d-5be5-08dd9e07c477
low,duplicate_receiving_label,Check whether ASSIST repeats the same receiving course in multiple contexts; usually lower priority than grouping errors.,UCM,University of California Merced,College of the Sequoias,fail,CSE 030,duplicate_merged_row,duplicate raw CSV receiving row,2,,https://assist.org/transfer/results?year=76&institution=6&agreement=144&agreementType=to&viewAgreementsOptions=true&view=agreement&viewBy=major&viewSendingAgreements=false&viewByKey=76%2F6%2Fto%2F144%2FMajor%2Fbe462cb5-458a-4c3d-5be5-08dd9e07c477,76/6/to/144/Major/be462cb5-458a-4c3d-5be5-08dd9e07c477
low,duplicate_receiving_label,Check whether ASSIST repeats the same receiving course in multiple contexts; usually lower priority than grouping errors.,UCM,University of California Merced,College of the Sequoias,fail,CSE 030,duplicate_merged_row,duplicate ASSIST receiving row,multiple ASSIST articulation rows normalize to the same receiving course,,https://assist.org/transfer/results?year=76&institution=6&agreement=144&agreementType=to&viewAgreementsOptions=true&view=agreement&viewBy=major&viewSendingAgreements=false&viewByKey=76%2F6%2Fto%2F144%2FMajor%2Fbe462cb5-458a-4c3d-5be5-08dd9e07c477,76/6/to/144/Major/be462cb5-458a-4c3d-5be5-08dd9e07c477
low,duplicate_receiving_label,Check whether ASSIST repeats the same receiving course in multiple contexts; usually lower priority than grouping errors.,UCM,University of California Merced,College of the Siskiyous,fail,CSE 030,duplicate_merged_row,duplicate raw CSV receiving row,2,,https://assist.org/transfer/results?year=76&institution=102&agreement=144&agreementType=to&viewAgreementsOptions=true&view=agreement&viewBy=major&viewSendingAgreements=false&viewByKey=76%2F102%2Fto%2F144%2FMajor%2Fbe462cb5-458a-4c3d-5be5-08dd9e07c477,76/102/to/144/Major/be462cb5-458a-4c3d-5be5-08dd9e07c477
low,duplicate_receiving_label,Check whether ASSIST repeats the same receiving course in multiple contexts; usually lower priority than grouping errors.,UCM,University of California Merced,College of the Siskiyous,fail,CSE 030,duplicate_merged_row,duplicate ASSIST receiving row,multiple ASSIST articulation rows normalize to the same receiving course,,https://assist.org/transfer/results?year=76&institution=102&agreement=144&agreementType=to&viewAgreementsOptions=true&view=agreement&viewBy=major&viewSendingAgreements=false&viewByKey=76%2F102%2Fto%2F144%2FMajor%2Fbe462cb5-458a-4c3d-5be5-08dd9e07c477,76/102/to/144/Major/be462cb5-458a-4c3d-5be5-08dd9e07c477
low,duplicate_receiving_label,Check whether ASSIST repeats the same receiving course in multiple contexts; usually lower priority than grouping errors.,UCM,University of California Merced,Columbia College,fail,CSE 030,duplicate_merged_row,duplicate raw CSV receiving row,2,,https://assist.org/transfer/results?year=76&institution=10&agreement=144&agreementType=to&viewAgreementsOptions=true&view=agreement&viewBy=major&viewSendingAgreements=false&viewByKey=76%2F10%2Fto%2F144%2FMajor%2Fbe462cb5-458a-4c3d-5be5-08dd9e07c477,76/10/to/144/Major/be462cb5-458a-4c3d-5be5-08dd9e07c477
low,duplicate_receiving_label,Check whether ASSIST repeats the same receiving course in multiple contexts; usually lower priority than grouping errors.,UCM,University of California Merced,Columbia College,fail,CSE 030,duplicate_merged_row,duplicate ASSIST receiving row,multiple ASSIST articulation rows normalize to the same receiving course,,https://assist.org/transfer/results?year=76&institution=10&agreement=144&agreementType=to&viewAgreementsOptions=true&view=agreement&viewBy=major&viewSendingAgreements=false&viewByKey=76%2F10%2Fto%2F144%2FMajor%2Fbe462cb5-458a-4c3d-5be5-08dd9e07c477,76/10/to/144/Major/be462cb5-458a-4c3d-5be5-08dd9e07c477
low,duplicate_receiving_label,Check whether ASSIST repeats the same receiving course in multiple contexts; usually lower priority than grouping errors.,UCM,University of California Merced,Compton College,fail,CSE 030,duplicate_merged_row,duplicate raw CSV receiving row,2,,https://assist.org/transfer/results?year=76&institution=153&agreement=144&agreementType=to&viewAgreementsOptions=true&view=agreement&viewBy=major&viewSendingAgreements=false&viewByKey=76%2F153%2Fto%2F144%2FMajor%2Fbe462cb5-458a-4c3d-5be5-08dd9e07c477,76/153/to/144/Major/be462cb5-458a-4c3d-5be5-08dd9e07c477
low,duplicate_receiving_label,Check whether ASSIST repeats the same receiving course in multiple contexts; usually lower priority than grouping errors.,UCM,University of California Merced,Compton College,fail,CSE 030,duplicate_merged_row,duplicate ASSIST receiving row,multiple ASSIST articulation rows normalize to the same receiving course,,https://assist.org/transfer/results?year=76&institution=153&agreement=144&agreementType=to&viewAgreementsOptions=true&view=agreement&viewBy=major&viewSendingAgreements=false&viewByKey=76%2F153%2Fto%2F144%2FMajor%2Fbe462cb5-458a-4c3d-5be5-08dd9e07c477,76/153/to/144/Major/be462cb5-458a-4c3d-5be5-08dd9e07c477
low,duplicate_receiving_label,Check whether ASSIST repeats the same receiving course in multiple contexts; usually lower priority than grouping errors.,UCM,University of California Merced,Contra Costa College,fail,CSE 030,duplicate_merged_row,duplicate raw CSV receiving row,2,,https://assist.org/transfer/results?year=76&institution=28&agreement=144&agreementType=to&viewAgreementsOptions=true&view=agreement&viewBy=major&viewSendingAgreements=false&viewByKey=76%2F28%2Fto%2F144%2FMajor%2Fbe462cb5-458a-4c3d-5be5-08dd9e07c477,76/28/to/144/Major/be462cb5-458a-4c3d-5be5-08dd9e07c477
low,duplicate_receiving_label,Check whether ASSIST repeats the same receiving course in multiple contexts; usually lower priority than grouping errors.,UCM,University of California Merced,Contra Costa College,fail,CSE 030,duplicate_merged_row,duplicate ASSIST receiving row,multiple ASSIST articulation rows normalize to the same receiving course,,https://assist.org/transfer/results?year=76&institution=28&agreement=144&agreementType=to&viewAgreementsOptions=true&view=agreement&viewBy=major&viewSendingAgreements=false&viewByKey=76%2F28%2Fto%2F144%2FMajor%2Fbe462cb5-458a-4c3d-5be5-08dd9e07c477,76/28/to/144/Major/be462cb5-458a-4c3d-5be5-08dd9e07c477
low,duplicate_receiving_label,Check whether ASSIST repeats the same receiving course in multiple contexts; usually lower priority than grouping errors.,UCM,University of California Merced,Copper Mountain College,fail,CSE 030,duplicate_merged_row,duplicate raw CSV receiving row,2,,https://assist.org/transfer/results?year=76&institution=112&agreement=144&agreementType=to&viewAgreementsOptions=true&view=agreement&viewBy=major&viewSendingAgreements=false&viewByKey=76%2F112%2Fto%2F144%2FMajor%2Fbe462cb5-458a-4c3d-5be5-08dd9e07c477,76/112/to/144/Major/be462cb5-458a-4c3d-5be5-08dd9e07c477
low,duplicate_receiving_label,Check whether ASSIST repeats the same receiving course in multiple contexts; usually lower priority than grouping errors.,UCM,University of California Merced,Copper Mountain College,fail,CSE 030,duplicate_merged_row,duplicate ASSIST receiving row,multiple ASSIST articulation rows normalize to the same receiving course,,https://assist.org/transfer/results?year=76&institution=112&agreement=144&agreementType=to&viewAgreementsOptions=true&view=agreement&viewBy=major&viewSendingAgreements=false&viewByKey=76%2F112%2Fto%2F144%2FMajor%2Fbe462cb5-458a-4c3d-5be5-08dd9e07c477,76/112/to/144/Major/be462cb5-458a-4c3d-5be5-08dd9e07c477
low,duplicate_receiving_label,Check whether ASSIST repeats the same receiving course in multiple contexts; usually lower priority than grouping errors.,UCM,University of California Merced,Cosumnes River College,fail,CSE 030,duplicate_merged_row,duplicate raw CSV receiving row,2,,https://assist.org/transfer/results?year=76&institution=142&agreement=144&agreementType=to&viewAgreementsOptions=true&view=agreement&viewBy=major&viewSendingAgreements=false&viewByKey=76%2F142%2Fto%2F144%2FMajor%2Fbe462cb5-458a-4c3d-5be5-08dd9e07c477,76/142/to/144/Major/be462cb5-458a-4c3d-5be5-08dd9e07c477
low,duplicate_receiving_label,Check whether ASSIST repeats the same receiving course in multiple contexts; usually lower priority than grouping errors.,UCM,University of California Merced,Cosumnes River College,fail,CSE 030,duplicate_merged_row,duplicate ASSIST receiving row,multiple ASSIST articulation rows normalize to the same receiving course,,https://assist.org/transfer/results?year=76&institution=142&agreement=144&agreementType=to&viewAgreementsOptions=true&view=agreement&viewBy=major&viewSendingAgreements=false&viewByKey=76%2F142%2Fto%2F144%2FMajor%2Fbe462cb5-458a-4c3d-5be5-08dd9e07c477,76/142/to/144/Major/be462cb5-458a-4c3d-5be5-08dd9e07c477
low,duplicate_receiving_label,Check whether ASSIST repeats the same receiving course in multiple contexts; usually lower priority than grouping errors.,UCM,University of California Merced,Crafton Hills College,fail,CSE 030,duplicate_merged_row,duplicate raw CSV receiving row,2,,https://assist.org/transfer/results?year=76&institution=70&agreement=144&agreementType=to&viewAgreementsOptions=true&view=agreement&viewBy=major&viewSendingAgreements=false&viewByKey=76%2F70%2Fto%2F144%2FMajor%2Fbe462cb5-458a-4c3d-5be5-08dd9e07c477,76/70/to/144/Major/be462cb5-458a-4c3d-5be5-08dd9e07c477
low,duplicate_receiving_label,Check whether ASSIST repeats the same receiving course in multiple contexts; usually lower priority than grouping errors.,UCM,University of California Merced,Crafton Hills College,fail,CSE 030,duplicate_merged_row,duplicate ASSIST receiving row,multiple ASSIST articulation rows normalize to the same receiving course,,https://assist.org/transfer/results?year=76&institution=70&agreement=144&agreementType=to&viewAgreementsOptions=true&view=agreement&viewBy=major&viewSendingAgreements=false&viewByKey=76%2F70%2Fto%2F144%2FMajor%2Fbe462cb5-458a-4c3d-5be5-08dd9e07c477,76/70/to/144/Major/be462cb5-458a-4c3d-5be5-08dd9e07c477
low,duplicate_receiving_label,Check whether ASSIST repeats the same receiving course in multiple contexts; usually lower priority than grouping errors.,UCM,University of California Merced,Cuesta College,fail,CSE 030,duplicate_merged_row,duplicate raw CSV receiving row,2,,https://assist.org/transfer/results?year=76&institution=16&agreement=144&agreementType=to&viewAgreementsOptions=true&view=agreement&viewBy=major&viewSendingAgreements=false&viewByKey=76%2F16%2Fto%2F144%2FMajor%2Fbe462cb5-458a-4c3d-5be5-08dd9e07c477,76/16/to/144/Major/be462cb5-458a-4c3d-5be5-08dd9e07c477
low,duplicate_receiving_label,Check whether ASSIST repeats the same receiving course in multiple contexts; usually lower priority than grouping errors.,UCM,University of California Merced,Cuesta College,fail,CSE 030,duplicate_merged_row,duplicate ASSIST receiving row,multiple ASSIST articulation rows normalize to the same receiving course,,https://assist.org/transfer/results?year=76&institution=16&agreement=144&agreementType=to&viewAgreementsOptions=true&view=agreement&viewBy=major&viewSendingAgreements=false&viewByKey=76%2F16%2Fto%2F144%2FMajor%2Fbe462cb5-458a-4c3d-5be5-08dd9e07c477,76/16/to/144/Major/be462cb5-458a-4c3d-5be5-08dd9e07c477
low,duplicate_receiving_label,Check whether ASSIST repeats the same receiving course in multiple contexts; usually lower priority than grouping errors.,UCM,University of California Merced,Cuyamaca College,fail,CSE 030,duplicate_merged_row,duplicate raw CSV receiving row,2,,https://assist.org/transfer/results?year=76&institution=99&agreement=144&agreementType=to&viewAgreementsOptions=true&view=agreement&viewBy=major&viewSendingAgreements=false&viewByKey=76%2F99%2Fto%2F144%2FMajor%2Fbe462cb5-458a-4c3d-5be5-08dd9e07c477,76/99/to/144/Major/be462cb5-458a-4c3d-5be5-08dd9e07c477
low,duplicate_receiving_label,Check whether ASSIST repeats the same receiving course in multiple contexts; usually lower priority than grouping errors.,UCM,University of California Merced,Cuyamaca College,fail,CSE 030,duplicate_merged_row,duplicate ASSIST receiving row,multiple ASSIST articulation rows normalize to the same receiving course,,https://assist.org/transfer/results?year=76&institution=99&agreement=144&agreementType=to&viewAgreementsOptions=true&view=agreement&viewBy=major&viewSendingAgreements=false&viewByKey=76%2F99%2Fto%2F144%2FMajor%2Fbe462cb5-458a-4c3d-5be5-08dd9e07c477,76/99/to/144/Major/be462cb5-458a-4c3d-5be5-08dd9e07c477
low,duplicate_receiving_label,Check whether ASSIST repeats the same receiving course in multiple contexts; usually lower priority than grouping errors.,UCM,University of California Merced,Cypress College,fail,CSE 030,duplicate_merged_row,duplicate raw CSV receiving row,2,,https://assist.org/transfer/results?year=76&institution=71&agreement=144&agreementType=to&viewAgreementsOptions=true&view=agreement&viewBy=major&viewSendingAgreements=false&viewByKey=76%2F71%2Fto%2F144%2FMajor%2Fbe462cb5-458a-4c3d-5be5-08dd9e07c477,76/71/to/144/Major/be462cb5-458a-4c3d-5be5-08dd9e07c477
low,duplicate_receiving_label,Check whether ASSIST repeats the same receiving course in multiple contexts; usually lower priority than grouping errors.,UCM,University of California Merced,Cypress College,fail,CSE 030,duplicate_merged_row,duplicate ASSIST receiving row,multiple ASSIST articulation rows normalize to the same receiving course,,https://assist.org/transfer/results?year=76&institution=71&agreement=144&agreementType=to&viewAgreementsOptions=true&view=agreement&viewBy=major&viewSendingAgreements=false&viewByKey=76%2F71%2Fto%2F144%2FMajor%2Fbe462cb5-458a-4c3d-5be5-08dd9e07c477,76/71/to/144/Major/be462cb5-458a-4c3d-5be5-08dd9e07c477
low,duplicate_receiving_label,Check whether ASSIST repeats the same receiving course in multiple contexts; usually lower priority than grouping errors.,UCM,University of California Merced,De Anza College,fail,CSE 030,duplicate_merged_row,duplicate raw CSV receiving row,2,,https://assist.org/transfer/results?year=76&institution=113&agreement=144&agreementType=to&viewAgreementsOptions=true&view=agreement&viewBy=major&viewSendingAgreements=false&viewByKey=76%2F113%2Fto%2F144%2FMajor%2Fbe462cb5-458a-4c3d-5be5-08dd9e07c477,76/113/to/144/Major/be462cb5-458a-4c3d-5be5-08dd9e07c477
low,duplicate_receiving_label,Check whether ASSIST repeats the same receiving course in multiple contexts; usually lower priority than grouping errors.,UCM,University of California Merced,De Anza College,fail,CSE 030,duplicate_merged_row,duplicate ASSIST receiving row,multiple ASSIST articulation rows normalize to the same receiving course,,https://assist.org/transfer/results?year=76&institution=113&agreement=144&agreementType=to&viewAgreementsOptions=true&view=agreement&viewBy=major&viewSendingAgreements=false&viewByKey=76%2F113%2Fto%2F144%2FMajor%2Fbe462cb5-458a-4c3d-5be5-08dd9e07c477,76/113/to/144/Major/be462cb5-458a-4c3d-5be5-08dd9e07c477
low,duplicate_receiving_label,Check whether ASSIST repeats the same receiving course in multiple contexts; usually lower priority than grouping errors.,UCM,University of California Merced,Diablo Valley College,fail,CSE 030,duplicate_merged_row,duplicate raw CSV receiving row,2,,https://assist.org/transfer/results?year=76&institution=114&agreement=144&agreementType=to&viewAgreementsOptions=true&view=agreement&viewBy=major&viewSendingAgreements=false&viewByKey=76%2F114%2Fto%2F144%2FMajor%2Fbe462cb5-458a-4c3d-5be5-08dd9e07c477,76/114/to/144/Major/be462cb5-458a-4c3d-5be5-08dd9e07c477
low,duplicate_receiving_label,Check whether ASSIST repeats the same receiving course in multiple contexts; usually lower priority than grouping errors.,UCM,University of California Merced,Diablo Valley College,fail,CSE 030,duplicate_merged_row,duplicate ASSIST receiving row,multiple ASSIST articulation rows normalize to the same receiving course,,https://assist.org/transfer/results?year=76&institution=114&agreement=144&agreementType=to&viewAgreementsOptions=true&view=agreement&viewBy=major&viewSendingAgreements=false&viewByKey=76%2F114%2Fto%2F144%2FMajor%2Fbe462cb5-458a-4c3d-5be5-08dd9e07c477,76/114/to/144/Major/be462cb5-458a-4c3d-5be5-08dd9e07c477
low,duplicate_receiving_label,Check whether ASSIST repeats the same receiving course in multiple contexts; usually lower priority than grouping errors.,UCM,University of California Merced,East Los Angeles College,fail,CSE 030,duplicate_merged_row,duplicate raw CSV receiving row,2,,https://assist.org/transfer/results?year=76&institution=118&agreement=144&agreementType=to&viewAgreementsOptions=true&view=agreement&viewBy=major&viewSendingAgreements=false&viewByKey=76%2F118%2Fto%2F144%2FMajor%2Fbe462cb5-458a-4c3d-5be5-08dd9e07c477,76/118/to/144/Major/be462cb5-458a-4c3d-5be5-08dd9e07c477
low,duplicate_receiving_label,Check whether ASSIST repeats the same receiving course in multiple contexts; usually lower priority than grouping errors.,UCM,University of California Merced,East Los Angeles College,fail,CSE 030,duplicate_merged_row,duplicate ASSIST receiving row,multiple ASSIST articulation rows normalize to the same receiving course,,https://assist.org/transfer/results?year=76&institution=118&agreement=144&agreementType=to&viewAgreementsOptions=true&view=agreement&viewBy=major&viewSendingAgreements=false&viewByKey=76%2F118%2Fto%2F144%2FMajor%2Fbe462cb5-458a-4c3d-5be5-08dd9e07c477,76/118/to/144/Major/be462cb5-458a-4c3d-5be5-08dd9e07c477
low,duplicate_receiving_label,Check whether ASSIST repeats the same receiving course in multiple contexts; usually lower priority than grouping errors.,UCM,University of California Merced,El Camino College,fail,CSE 030,duplicate_merged_row,duplicate raw CSV receiving row,2,,https://assist.org/transfer/results?year=76&institution=103&agreement=144&agreementType=to&viewAgreementsOptions=true&view=agreement&viewBy=major&viewSendingAgreements=false&viewByKey=76%2F103%2Fto%2F144%2FMajor%2Fbe462cb5-458a-4c3d-5be5-08dd9e07c477,76/103/to/144/Major/be462cb5-458a-4c3d-5be5-08dd9e07c477
low,duplicate_receiving_label,Check whether ASSIST repeats the same receiving course in multiple contexts; usually lower priority than grouping errors.,UCM,University of California Merced,El Camino College,fail,CSE 030,duplicate_merged_row,duplicate ASSIST receiving row,multiple ASSIST articulation rows normalize to the same receiving course,,https://assist.org/transfer/results?year=76&institution=103&agreement=144&agreementType=to&viewAgreementsOptions=true&view=agreement&viewBy=major&viewSendingAgreements=false&viewByKey=76%2F103%2Fto%2F144%2FMajor%2Fbe462cb5-458a-4c3d-5be5-08dd9e07c477,76/103/to/144/Major/be462cb5-458a-4c3d-5be5-08dd9e07c477
low,duplicate_receiving_label,Check whether ASSIST repeats the same receiving course in multiple contexts; usually lower priority than grouping errors.,UCM,University of California Merced,Evergreen Valley College,fail,CSE 030,duplicate_merged_row,duplicate raw CSV receiving row,2,,https://assist.org/transfer/results?year=76&institution=2&agreement=144&agreementType=to&viewAgreementsOptions=true&view=agreement&viewBy=major&viewSendingAgreements=false&viewByKey=76%2F2%2Fto%2F144%2FMajor%2Fbe462cb5-458a-4c3d-5be5-08dd9e07c477,76/2/to/144/Major/be462cb5-458a-4c3d-5be5-08dd9e07c477
low,duplicate_receiving_label,Check whether ASSIST repeats the same receiving course in multiple contexts; usually lower priority than grouping errors.,UCM,University of California Merced,Evergreen Valley College,fail,CSE 030,duplicate_merged_row,duplicate ASSIST receiving row,multiple ASSIST articulation rows normalize to the same receiving course,,https://assist.org/transfer/results?year=76&institution=2&agreement=144&agreementType=to&viewAgreementsOptions=true&view=agreement&viewBy=major&viewSendingAgreements=false&viewByKey=76%2F2%2Fto%2F144%2FMajor%2Fbe462cb5-458a-4c3d-5be5-08dd9e07c477,76/2/to/144/Major/be462cb5-458a-4c3d-5be5-08dd9e07c477
low,duplicate_receiving_label,Check whether ASSIST repeats the same receiving course in multiple contexts; usually lower priority than grouping errors.,UCM,University of California Merced,Feather River College,fail,CSE 030,duplicate_merged_row,duplicate raw CSV receiving row,2,,https://assist.org/transfer/results?year=76&institution=122&agreement=144&agreementType=to&viewAgreementsOptions=true&view=agreement&viewBy=major&viewSendingAgreements=false&viewByKey=76%2F122%2Fto%2F144%2FMajor%2Fbe462cb5-458a-4c3d-5be5-08dd9e07c477,76/122/to/144/Major/be462cb5-458a-4c3d-5be5-08dd9e07c477
low,duplicate_receiving_label,Check whether ASSIST repeats the same receiving course in multiple contexts; usually lower priority than grouping errors.,UCM,University of California Merced,Folsom Lake College,fail,CSE 030,duplicate_merged_row,duplicate raw CSV receiving row,2,,https://assist.org/transfer/results?year=76&institution=145&agreement=144&agreementType=to&viewAgreementsOptions=true&view=agreement&viewBy=major&viewSendingAgreements=false&viewByKey=76%2F145%2Fto%2F144%2FMajor%2Fbe462cb5-458a-4c3d-5be5-08dd9e07c477,76/145/to/144/Major/be462cb5-458a-4c3d-5be5-08dd9e07c477
low,duplicate_receiving_label,Check whether ASSIST repeats the same receiving course in multiple contexts; usually lower priority than grouping errors.,UCM,University of California Merced,Folsom Lake College,fail,CSE 030,duplicate_merged_row,duplicate ASSIST receiving row,multiple ASSIST articulation rows normalize to the same receiving course,,https://assist.org/transfer/results?year=76&institution=145&agreement=144&agreementType=to&viewAgreementsOptions=true&view=agreement&viewBy=major&viewSendingAgreements=false&viewByKey=76%2F145%2Fto%2F144%2FMajor%2Fbe462cb5-458a-4c3d-5be5-08dd9e07c477,76/145/to/144/Major/be462cb5-458a-4c3d-5be5-08dd9e07c477
low,duplicate_receiving_label,Check whether ASSIST repeats the same receiving course in multiple contexts; usually lower priority than grouping errors.,UCM,University of California Merced,Foothill College,fail,CSE 030,duplicate_merged_row,duplicate raw CSV receiving row,2,,https://assist.org/transfer/results?year=76&institution=51&agreement=144&agreementType=to&viewAgreementsOptions=true&view=agreement&viewBy=major&viewSendingAgreements=false&viewByKey=76%2F51%2Fto%2F144%2FMajor%2Fbe462cb5-458a-4c3d-5be5-08dd9e07c477,76/51/to/144/Major/be462cb5-458a-4c3d-5be5-08dd9e07c477
low,duplicate_receiving_label,Check whether ASSIST repeats the same receiving course in multiple contexts; usually lower priority than grouping errors.,UCM,University of California Merced,Foothill College,fail,CSE 030,duplicate_merged_row,duplicate ASSIST receiving row,multiple ASSIST articulation rows normalize to the same receiving course,,https://assist.org/transfer/results?year=76&institution=51&agreement=144&agreementType=to&viewAgreementsOptions=true&view=agreement&viewBy=major&viewSendingAgreements=false&viewByKey=76%2F51%2Fto%2F144%2FMajor%2Fbe462cb5-458a-4c3d-5be5-08dd9e07c477,76/51/to/144/Major/be462cb5-458a-4c3d-5be5-08dd9e07c477
low,duplicate_receiving_label,Check whether ASSIST repeats the same receiving course in multiple contexts; usually lower priority than grouping errors.,UCM,University of California Merced,Fresno City College,fail,CSE 030,duplicate_merged_row,duplicate raw CSV receiving row,2,,https://assist.org/transfer/results?year=76&institution=35&agreement=144&agreementType=to&viewAgreementsOptions=true&view=agreement&viewBy=major&viewSendingAgreements=false&viewByKey=76%2F35%2Fto%2F144%2FMajor%2Fbe462cb5-458a-4c3d-5be5-08dd9e07c477,76/35/to/144/Major/be462cb5-458a-4c3d-5be5-08dd9e07c477
low,duplicate_receiving_label,Check whether ASSIST repeats the same receiving course in multiple contexts; usually lower priority than grouping errors.,UCM,University of California Merced,Fresno City College,fail,CSE 030,duplicate_merged_row,duplicate ASSIST receiving row,multiple ASSIST articulation rows normalize to the same receiving course,,https://assist.org/transfer/results?year=76&institution=35&agreement=144&agreementType=to&viewAgreementsOptions=true&view=agreement&viewBy=major&viewSendingAgreements=false&viewByKey=76%2F35%2Fto%2F144%2FMajor%2Fbe462cb5-458a-4c3d-5be5-08dd9e07c477,76/35/to/144/Major/be462cb5-458a-4c3d-5be5-08dd9e07c477
low,duplicate_receiving_label,Check whether ASSIST repeats the same receiving course in multiple contexts; usually lower priority than grouping errors.,UCM,University of California Merced,Fullerton College,fail,CSE 030,duplicate_merged_row,duplicate raw CSV receiving row,2,,https://assist.org/transfer/results?year=76&institution=134&agreement=144&agreementType=to&viewAgreementsOptions=true&view=agreement&viewBy=major&viewSendingAgreements=false&viewByKey=76%2F134%2Fto%2F144%2FMajor%2Fbe462cb5-458a-4c3d-5be5-08dd9e07c477,76/134/to/144/Major/be462cb5-458a-4c3d-5be5-08dd9e07c477
low,duplicate_receiving_label,Check whether ASSIST repeats the same receiving course in multiple contexts; usually lower priority than grouping errors.,UCM,University of California Merced,Fullerton College,fail,CSE 030,duplicate_merged_row,duplicate ASSIST receiving row,multiple ASSIST articulation rows normalize to the same receiving course,,https://assist.org/transfer/results?year=76&institution=134&agreement=144&agreementType=to&viewAgreementsOptions=true&view=agreement&viewBy=major&viewSendingAgreements=false&viewByKey=76%2F134%2Fto%2F144%2FMajor%2Fbe462cb5-458a-4c3d-5be5-08dd9e07c477,76/134/to/144/Major/be462cb5-458a-4c3d-5be5-08dd9e07c477
low,duplicate_receiving_label,Check whether ASSIST repeats the same receiving course in multiple contexts; usually lower priority than grouping errors.,UCM,University of California Merced,Gavilan College,fail,CSE 030,duplicate_merged_row,duplicate raw CSV receiving row,2,,https://assist.org/transfer/results?year=76&institution=72&agreement=144&agreementType=to&viewAgreementsOptions=true&view=agreement&viewBy=major&viewSendingAgreements=false&viewByKey=76%2F72%2Fto%2F144%2FMajor%2Fbe462cb5-458a-4c3d-5be5-08dd9e07c477,76/72/to/144/Major/be462cb5-458a-4c3d-5be5-08dd9e07c477
low,duplicate_receiving_label,Check whether ASSIST repeats the same receiving course in multiple contexts; usually lower priority than grouping errors.,UCM,University of California Merced,Gavilan College,fail,CSE 030,duplicate_merged_row,duplicate ASSIST receiving row,multiple ASSIST articulation rows normalize to the same receiving course,,https://assist.org/transfer/results?year=76&institution=72&agreement=144&agreementType=to&viewAgreementsOptions=true&view=agreement&viewBy=major&viewSendingAgreements=false&viewByKey=76%2F72%2Fto%2F144%2FMajor%2Fbe462cb5-458a-4c3d-5be5-08dd9e07c477,76/72/to/144/Major/be462cb5-458a-4c3d-5be5-08dd9e07c477
low,duplicate_receiving_label,Check whether ASSIST repeats the same receiving course in multiple contexts; usually lower priority than grouping errors.,UCM,University of California Merced,Glendale Community College,fail,CSE 030,duplicate_merged_row,duplicate raw CSV receiving row,2,,https://assist.org/transfer/results?year=76&institution=43&agreement=144&agreementType=to&viewAgreementsOptions=true&view=agreement&viewBy=major&viewSendingAgreements=false&viewByKey=76%2F43%2Fto%2F144%2FMajor%2Fbe462cb5-458a-4c3d-5be5-08dd9e07c477,76/43/to/144/Major/be462cb5-458a-4c3d-5be5-08dd9e07c477
low,duplicate_receiving_label,Check whether ASSIST repeats the same receiving course in multiple contexts; usually lower priority than grouping errors.,UCM,University of California Merced,Glendale Community College,fail,CSE 030,duplicate_merged_row,duplicate ASSIST receiving row,multiple ASSIST articulation rows normalize to the same receiving course,,https://assist.org/transfer/results?year=76&institution=43&agreement=144&agreementType=to&viewAgreementsOptions=true&view=agreement&viewBy=major&viewSendingAgreements=false&viewByKey=76%2F43%2Fto%2F144%2FMajor%2Fbe462cb5-458a-4c3d-5be5-08dd9e07c477,76/43/to/144/Major/be462cb5-458a-4c3d-5be5-08dd9e07c477
low,duplicate_receiving_label,Check whether ASSIST repeats the same receiving course in multiple contexts; usually lower priority than grouping errors.,UCM,University of California Merced,Golden West College,fail,CSE 030,duplicate_merged_row,duplicate raw CSV receiving row,2,,https://assist.org/transfer/results?year=76&institution=55&agreement=144&agreementType=to&viewAgreementsOptions=true&view=agreement&viewBy=major&viewSendingAgreements=false&viewByKey=76%2F55%2Fto%2F144%2FMajor%2Fbe462cb5-458a-4c3d-5be5-08dd9e07c477,76/55/to/144/Major/be462cb5-458a-4c3d-5be5-08dd9e07c477
low,duplicate_receiving_label,Check whether ASSIST repeats the same receiving course in multiple contexts; usually lower priority than grouping errors.,UCM,University of California Merced,Golden West College,fail,CSE 030,duplicate_merged_row,duplicate ASSIST receiving row,multiple ASSIST articulation rows normalize to the same receiving course,,https://assist.org/transfer/results?year=76&institution=55&agreement=144&agreementType=to&viewAgreementsOptions=true&view=agreement&viewBy=major&viewSendingAgreements=false&viewByKey=76%2F55%2Fto%2F144%2FMajor%2Fbe462cb5-458a-4c3d-5be5-08dd9e07c477,76/55/to/144/Major/be462cb5-458a-4c3d-5be5-08dd9e07c477
low,duplicate_receiving_label,Check whether ASSIST repeats the same receiving course in multiple contexts; usually lower priority than grouping errors.,UCM,University of California Merced,Grossmont College,fail,CSE 030,duplicate_merged_row,duplicate raw CSV receiving row,2,,https://assist.org/transfer/results?year=76&institution=106&agreement=144&agreementType=to&viewAgreementsOptions=true&view=agreement&viewBy=major&viewSendingAgreements=false&viewByKey=76%2F106%2Fto%2F144%2FMajor%2Fbe462cb5-458a-4c3d-5be5-08dd9e07c477,76/106/to/144/Major/be462cb5-458a-4c3d-5be5-08dd9e07c477
low,duplicate_receiving_label,Check whether ASSIST repeats the same receiving course in multiple contexts; usually lower priority than grouping errors.,UCM,University of California Merced,Hartnell College,fail,CSE 030,duplicate_merged_row,duplicate raw CSV receiving row,2,,https://assist.org/transfer/results?year=76&institution=123&agreement=144&agreementType=to&viewAgreementsOptions=true&view=agreement&viewBy=major&viewSendingAgreements=false&viewByKey=76%2F123%2Fto%2F144%2FMajor%2Fbe462cb5-458a-4c3d-5be5-08dd9e07c477,76/123/to/144/Major/be462cb5-458a-4c3d-5be5-08dd9e07c477
low,duplicate_receiving_label,Check whether ASSIST repeats the same receiving course in multiple contexts; usually lower priority than grouping errors.,UCM,University of California Merced,Hartnell College,fail,CSE 030,duplicate_merged_row,duplicate ASSIST receiving row,multiple ASSIST articulation rows normalize to the same receiving course,,https://assist.org/transfer/results?year=76&institution=123&agreement=144&agreementType=to&viewAgreementsOptions=true&view=agreement&viewBy=major&viewSendingAgreements=false&viewByKey=76%2F123%2Fto%2F144%2FMajor%2Fbe462cb5-458a-4c3d-5be5-08dd9e07c477,76/123/to/144/Major/be462cb5-458a-4c3d-5be5-08dd9e07c477
low,duplicate_receiving_label,Check whether ASSIST repeats the same receiving course in multiple contexts; usually lower priority than grouping errors.,UCM,University of California Merced,Imperial Valley College,fail,CSE 030,duplicate_merged_row,duplicate raw CSV receiving row,2,,https://assist.org/transfer/results?year=76&institution=107&agreement=144&agreementType=to&viewAgreementsOptions=true&view=agreement&viewBy=major&viewSendingAgreements=false&viewByKey=76%2F107%2Fto%2F144%2FMajor%2Fbe462cb5-458a-4c3d-5be5-08dd9e07c477,76/107/to/144/Major/be462cb5-458a-4c3d-5be5-08dd9e07c477
low,duplicate_receiving_label,Check whether ASSIST repeats the same receiving course in multiple contexts; usually lower priority than grouping errors.,UCM,University of California Merced,Imperial Valley College,fail,CSE 030,duplicate_merged_row,duplicate ASSIST receiving row,multiple ASSIST articulation rows normalize to the same receiving course,,https://assist.org/transfer/results?year=76&institution=107&agreement=144&agreementType=to&viewAgreementsOptions=true&view=agreement&viewBy=major&viewSendingAgreements=false&viewByKey=76%2F107%2Fto%2F144%2FMajor%2Fbe462cb5-458a-4c3d-5be5-08dd9e07c477,76/107/to/144/Major/be462cb5-458a-4c3d-5be5-08dd9e07c477
low,duplicate_receiving_label,Check whether ASSIST repeats the same receiving course in multiple contexts; usually lower priority than grouping errors.,UCM,University of California Merced,Irvine Valley College,fail,CSE 030,duplicate_merged_row,duplicate raw CSV receiving row,2,,https://assist.org/transfer/results?year=76&institution=124&agreement=144&agreementType=to&viewAgreementsOptions=true&view=agreement&viewBy=major&viewSendingAgreements=false&viewByKey=76%2F124%2Fto%2F144%2FMajor%2Fbe462cb5-458a-4c3d-5be5-08dd9e07c477,76/124/to/144/Major/be462cb5-458a-4c3d-5be5-08dd9e07c477
low,duplicate_receiving_label,Check whether ASSIST repeats the same receiving course in multiple contexts; usually lower priority than grouping errors.,UCM,University of California Merced,Irvine Valley College,fail,CSE 030,duplicate_merged_row,duplicate ASSIST receiving row,multiple ASSIST articulation rows normalize to the same receiving course,,https://assist.org/transfer/results?year=76&institution=124&agreement=144&agreementType=to&viewAgreementsOptions=true&view=agreement&viewBy=major&viewSendingAgreements=false&viewByKey=76%2F124%2Fto%2F144%2FMajor%2Fbe462cb5-458a-4c3d-5be5-08dd9e07c477,76/124/to/144/Major/be462cb5-458a-4c3d-5be5-08dd9e07c477
low,duplicate_receiving_label,Check whether ASSIST repeats the same receiving course in multiple contexts; usually lower priority than grouping errors.,UCM,University of California Merced,Lake Tahoe Community College,fail,CSE 030,duplicate_merged_row,duplicate raw CSV receiving row,2,,https://assist.org/transfer/results?year=76&institution=40&agreement=144&agreementType=to&viewAgreementsOptions=true&view=agreement&viewBy=major&viewSendingAgreements=false&viewByKey=76%2F40%2Fto%2F144%2FMajor%2Fbe462cb5-458a-4c3d-5be5-08dd9e07c477,76/40/to/144/Major/be462cb5-458a-4c3d-5be5-08dd9e07c477
low,duplicate_receiving_label,Check whether ASSIST repeats the same receiving course in multiple contexts; usually lower priority than grouping errors.,UCM,University of California Merced,Lake Tahoe Community College,fail,CSE 030,duplicate_merged_row,duplicate ASSIST receiving row,multiple ASSIST articulation rows normalize to the same receiving course,,https://assist.org/transfer/results?year=76&institution=40&agreement=144&agreementType=to&viewAgreementsOptions=true&view=agreement&viewBy=major&viewSendingAgreements=false&viewByKey=76%2F40%2Fto%2F144%2FMajor%2Fbe462cb5-458a-4c3d-5be5-08dd9e07c477,76/40/to/144/Major/be462cb5-458a-4c3d-5be5-08dd9e07c477
low,duplicate_receiving_label,Check whether ASSIST repeats the same receiving course in multiple contexts; usually lower priority than grouping errors.,UCM,University of California Merced,Laney College,fail,CSE 030,duplicate_merged_row,duplicate raw CSV receiving row,2,,https://assist.org/transfer/results?year=76&institution=77&agreement=144&agreementType=to&viewAgreementsOptions=true&view=agreement&viewBy=major&viewSendingAgreements=false&viewByKey=76%2F77%2Fto%2F144%2FMajor%2Fbe462cb5-458a-4c3d-5be5-08dd9e07c477,76/77/to/144/Major/be462cb5-458a-4c3d-5be5-08dd9e07c477
low,duplicate_receiving_label,Check whether ASSIST repeats the same receiving course in multiple contexts; usually lower priority than grouping errors.,UCM,University of California Merced,Laney College,fail,CSE 030,duplicate_merged_row,duplicate ASSIST receiving row,multiple ASSIST articulation rows normalize to the same receiving course,,https://assist.org/transfer/results?year=76&institution=77&agreement=144&agreementType=to&viewAgreementsOptions=true&view=agreement&viewBy=major&viewSendingAgreements=false&viewByKey=76%2F77%2Fto%2F144%2FMajor%2Fbe462cb5-458a-4c3d-5be5-08dd9e07c477,76/77/to/144/Major/be462cb5-458a-4c3d-5be5-08dd9e07c477
low,duplicate_receiving_label,Check whether ASSIST repeats the same receiving course in multiple contexts; usually lower priority than grouping errors.,UCM,University of California Merced,Las Positas College,fail,CSE 030,duplicate_merged_row,duplicate raw CSV receiving row,2,,https://assist.org/transfer/results?year=76&institution=18&agreement=144&agreementType=to&viewAgreementsOptions=true&view=agreement&viewBy=major&viewSendingAgreements=false&viewByKey=76%2F18%2Fto%2F144%2FMajor%2Fbe462cb5-458a-4c3d-5be5-08dd9e07c477,76/18/to/144/Major/be462cb5-458a-4c3d-5be5-08dd9e07c477
low,duplicate_receiving_label,Check whether ASSIST repeats the same receiving course in multiple contexts; usually lower priority than grouping errors.,UCM,University of California Merced,Las Positas College,fail,CSE 030,duplicate_merged_row,duplicate ASSIST receiving row,multiple ASSIST articulation rows normalize to the same receiving course,,https://assist.org/transfer/results?year=76&institution=18&agreement=144&agreementType=to&viewAgreementsOptions=true&view=agreement&viewBy=major&viewSendingAgreements=false&viewByKey=76%2F18%2Fto%2F144%2FMajor%2Fbe462cb5-458a-4c3d-5be5-08dd9e07c477,76/18/to/144/Major/be462cb5-458a-4c3d-5be5-08dd9e07c477
low,duplicate_receiving_label,Check whether ASSIST repeats the same receiving course in multiple contexts; usually lower priority than grouping errors.,UCM,University of California Merced,Lassen Community College,fail,CSE 030,duplicate_merged_row,duplicate raw CSV receiving row,2,,https://assist.org/transfer/results?year=76&institution=82&agreement=144&agreementType=to&viewAgreementsOptions=true&view=agreement&viewBy=major&viewSendingAgreements=false&viewByKey=76%2F82%2Fto%2F144%2FMajor%2Fbe462cb5-458a-4c3d-5be5-08dd9e07c477,76/82/to/144/Major/be462cb5-458a-4c3d-5be5-08dd9e07c477
low,duplicate_receiving_label,Check whether ASSIST repeats the same receiving course in multiple contexts; usually lower priority than grouping errors.,UCM,University of California Merced,Long Beach City College,fail,CSE 030,duplicate_merged_row,duplicate raw CSV receiving row,2,,https://assist.org/transfer/results?year=76&institution=135&agreement=144&agreementType=to&viewAgreementsOptions=true&view=agreement&viewBy=major&viewSendingAgreements=false&viewByKey=76%2F135%2Fto%2F144%2FMajor%2Fbe462cb5-458a-4c3d-5be5-08dd9e07c477,76/135/to/144/Major/be462cb5-458a-4c3d-5be5-08dd9e07c477
low,duplicate_receiving_label,Check whether ASSIST repeats the same receiving course in multiple contexts; usually lower priority than grouping errors.,UCM,University of California Merced,Long Beach City College,fail,CSE 030,duplicate_merged_row,duplicate ASSIST receiving row,multiple ASSIST articulation rows normalize to the same receiving course,,https://assist.org/transfer/results?year=76&institution=135&agreement=144&agreementType=to&viewAgreementsOptions=true&view=agreement&viewBy=major&viewSendingAgreements=false&viewByKey=76%2F135%2Fto%2F144%2FMajor%2Fbe462cb5-458a-4c3d-5be5-08dd9e07c477,76/135/to/144/Major/be462cb5-458a-4c3d-5be5-08dd9e07c477
low,duplicate_receiving_label,Check whether ASSIST repeats the same receiving course in multiple contexts; usually lower priority than grouping errors.,UCM,University of California Merced,Los Angeles City College,fail,CSE 030,duplicate_merged_row,duplicate raw CSV receiving row,2,,https://assist.org/transfer/results?year=76&institution=3&agreement=144&agreementType=to&viewAgreementsOptions=true&view=agreement&viewBy=major&viewSendingAgreements=false&viewByKey=76%2F3%2Fto%2F144%2FMajor%2Fbe462cb5-458a-4c3d-5be5-08dd9e07c477,76/3/to/144/Major/be462cb5-458a-4c3d-5be5-08dd9e07c477
low,duplicate_receiving_label,Check whether ASSIST repeats the same receiving course in multiple contexts; usually lower priority than grouping errors.,UCM,University of California Merced,Los Angeles City College,fail,CSE 030,duplicate_merged_row,duplicate ASSIST receiving row,multiple ASSIST articulation rows normalize to the same receiving course,,https://assist.org/transfer/results?year=76&institution=3&agreement=144&agreementType=to&viewAgreementsOptions=true&view=agreement&viewBy=major&viewSendingAgreements=false&viewByKey=76%2F3%2Fto%2F144%2FMajor%2Fbe462cb5-458a-4c3d-5be5-08dd9e07c477,76/3/to/144/Major/be462cb5-458a-4c3d-5be5-08dd9e07c477
low,duplicate_receiving_label,Check whether ASSIST repeats the same receiving course in multiple contexts; usually lower priority than grouping errors.,UCM,University of California Merced,Los Angeles Harbor College,fail,CSE 030,duplicate_merged_row,duplicate raw CSV receiving row,2,,https://assist.org/transfer/results?year=76&institution=31&agreement=144&agreementType=to&viewAgreementsOptions=true&view=agreement&viewBy=major&viewSendingAgreements=false&viewByKey=76%2F31%2Fto%2F144%2FMajor%2Fbe462cb5-458a-4c3d-5be5-08dd9e07c477,76/31/to/144/Major/be462cb5-458a-4c3d-5be5-08dd9e07c477
low,duplicate_receiving_label,Check whether ASSIST repeats the same receiving course in multiple contexts; usually lower priority than grouping errors.,UCM,University of California Merced,Los Angeles Harbor College,fail,CSE 030,duplicate_merged_row,duplicate ASSIST receiving row,multiple ASSIST articulation rows normalize to the same receiving course,,https://assist.org/transfer/results?year=76&institution=31&agreement=144&agreementType=to&viewAgreementsOptions=true&view=agreement&viewBy=major&viewSendingAgreements=false&viewByKey=76%2F31%2Fto%2F144%2FMajor%2Fbe462cb5-458a-4c3d-5be5-08dd9e07c477,76/31/to/144/Major/be462cb5-458a-4c3d-5be5-08dd9e07c477
low,duplicate_receiving_label,Check whether ASSIST repeats the same receiving course in multiple contexts; usually lower priority than grouping errors.,UCM,University of California Merced,Los Angeles Mission College,fail,CSE 030,duplicate_merged_row,duplicate raw CSV receiving row,2,,https://assist.org/transfer/results?year=76&institution=47&agreement=144&agreementType=to&viewAgreementsOptions=true&view=agreement&viewBy=major&viewSendingAgreements=false&viewByKey=76%2F47%2Fto%2F144%2FMajor%2Fbe462cb5-458a-4c3d-5be5-08dd9e07c477,76/47/to/144/Major/be462cb5-458a-4c3d-5be5-08dd9e07c477
low,duplicate_receiving_label,Check whether ASSIST repeats the same receiving course in multiple contexts; usually lower priority than grouping errors.,UCM,University of California Merced,Los Angeles Mission College,fail,CSE 030,duplicate_merged_row,duplicate ASSIST receiving row,multiple ASSIST articulation rows normalize to the same receiving course,,https://assist.org/transfer/results?year=76&institution=47&agreement=144&agreementType=to&viewAgreementsOptions=true&view=agreement&viewBy=major&viewSendingAgreements=false&viewByKey=76%2F47%2Fto%2F144%2FMajor%2Fbe462cb5-458a-4c3d-5be5-08dd9e07c477,76/47/to/144/Major/be462cb5-458a-4c3d-5be5-08dd9e07c477
low,duplicate_receiving_label,Check whether ASSIST repeats the same receiving course in multiple contexts; usually lower priority than grouping errors.,UCM,University of California Merced,Los Angeles Pierce College,fail,CSE 030,duplicate_merged_row,duplicate raw CSV receiving row,2,,https://assist.org/transfer/results?year=76&institution=86&agreement=144&agreementType=to&viewAgreementsOptions=true&view=agreement&viewBy=major&viewSendingAgreements=false&viewByKey=76%2F86%2Fto%2F144%2FMajor%2Fbe462cb5-458a-4c3d-5be5-08dd9e07c477,76/86/to/144/Major/be462cb5-458a-4c3d-5be5-08dd9e07c477
low,duplicate_receiving_label,Check whether ASSIST repeats the same receiving course in multiple contexts; usually lower priority than grouping errors.,UCM,University of California Merced,Los Angeles Pierce College,fail,CSE 030,duplicate_merged_row,duplicate ASSIST receiving row,multiple ASSIST articulation rows normalize to the same receiving course,,https://assist.org/transfer/results?year=76&institution=86&agreement=144&agreementType=to&viewAgreementsOptions=true&view=agreement&viewBy=major&viewSendingAgreements=false&viewByKey=76%2F86%2Fto%2F144%2FMajor%2Fbe462cb5-458a-4c3d-5be5-08dd9e07c477,76/86/to/144/Major/be462cb5-458a-4c3d-5be5-08dd9e07c477
low,duplicate_receiving_label,Check whether ASSIST repeats the same receiving course in multiple contexts; usually lower priority than grouping errors.,UCM,University of California Merced,Los Angeles Southwest College,fail,CSE 030,duplicate_merged_row,duplicate raw CSV receiving row,2,,https://assist.org/transfer/results?year=76&institution=130&agreement=144&agreementType=to&viewAgreementsOptions=true&view=agreement&viewBy=major&viewSendingAgreements=false&viewByKey=76%2F130%2Fto%2F144%2FMajor%2Fbe462cb5-458a-4c3d-5be5-08dd9e07c477,76/130/to/144/Major/be462cb5-458a-4c3d-5be5-08dd9e07c477
low,duplicate_receiving_label,Check whether ASSIST repeats the same receiving course in multiple contexts; usually lower priority than grouping errors.,UCM,University of California Merced,Los Angeles Southwest College,fail,CSE 030,duplicate_merged_row,duplicate ASSIST receiving row,multiple ASSIST articulation rows normalize to the same receiving course,,https://assist.org/transfer/results?year=76&institution=130&agreement=144&agreementType=to&viewAgreementsOptions=true&view=agreement&viewBy=major&viewSendingAgreements=false&viewByKey=76%2F130%2Fto%2F144%2FMajor%2Fbe462cb5-458a-4c3d-5be5-08dd9e07c477,76/130/to/144/Major/be462cb5-458a-4c3d-5be5-08dd9e07c477
low,duplicate_receiving_label,Check whether ASSIST repeats the same receiving course in multiple contexts; usually lower priority than grouping errors.,UCM,University of California Merced,Los Angeles Trade Technical College,fail,CSE 030,duplicate_merged_row,duplicate raw CSV receiving row,2,,https://assist.org/transfer/results?year=76&institution=25&agreement=144&agreementType=to&viewAgreementsOptions=true&view=agreement&viewBy=major&viewSendingAgreements=false&viewByKey=76%2F25%2Fto%2F144%2FMajor%2Fbe462cb5-458a-4c3d-5be5-08dd9e07c477,76/25/to/144/Major/be462cb5-458a-4c3d-5be5-08dd9e07c477
low,duplicate_receiving_label,Check whether ASSIST repeats the same receiving course in multiple contexts; usually lower priority than grouping errors.,UCM,University of California Merced,Los Angeles Valley College,fail,CSE 030,duplicate_merged_row,duplicate raw CSV receiving row,2,,https://assist.org/transfer/results?year=76&institution=44&agreement=144&agreementType=to&viewAgreementsOptions=true&view=agreement&viewBy=major&viewSendingAgreements=false&viewByKey=76%2F44%2Fto%2F144%2FMajor%2Fbe462cb5-458a-4c3d-5be5-08dd9e07c477,76/44/to/144/Major/be462cb5-458a-4c3d-5be5-08dd9e07c477
low,duplicate_receiving_label,Check whether ASSIST repeats the same receiving course in multiple contexts; usually lower priority than grouping errors.,UCM,University of California Merced,Los Angeles Valley College,fail,CSE 030,duplicate_merged_row,duplicate ASSIST receiving row,multiple ASSIST articulation rows normalize to the same receiving course,,https://assist.org/transfer/results?year=76&institution=44&agreement=144&agreementType=to&viewAgreementsOptions=true&view=agreement&viewBy=major&viewSendingAgreements=false&viewByKey=76%2F44%2Fto%2F144%2FMajor%2Fbe462cb5-458a-4c3d-5be5-08dd9e07c477,76/44/to/144/Major/be462cb5-458a-4c3d-5be5-08dd9e07c477
low,duplicate_receiving_label,Check whether ASSIST repeats the same receiving course in multiple contexts; usually lower priority than grouping errors.,UCM,University of California Merced,Los Medanos College,fail,CSE 030,duplicate_merged_row,duplicate raw CSV receiving row,2,,https://assist.org/transfer/results?year=76&institution=61&agreement=144&agreementType=to&viewAgreementsOptions=true&view=agreement&viewBy=major&viewSendingAgreements=false&viewByKey=76%2F61%2Fto%2F144%2FMajor%2Fbe462cb5-458a-4c3d-5be5-08dd9e07c477,76/61/to/144/Major/be462cb5-458a-4c3d-5be5-08dd9e07c477
low,duplicate_receiving_label,Check whether ASSIST repeats the same receiving course in multiple contexts; usually lower priority than grouping errors.,UCM,University of California Merced,Los Medanos College,fail,CSE 030,duplicate_merged_row,duplicate ASSIST receiving row,multiple ASSIST articulation rows normalize to the same receiving course,,https://assist.org/transfer/results?year=76&institution=61&agreement=144&agreementType=to&viewAgreementsOptions=true&view=agreement&viewBy=major&viewSendingAgreements=false&viewByKey=76%2F61%2Fto%2F144%2FMajor%2Fbe462cb5-458a-4c3d-5be5-08dd9e07c477,76/61/to/144/Major/be462cb5-458a-4c3d-5be5-08dd9e07c477
low,duplicate_receiving_label,Check whether ASSIST repeats the same receiving course in multiple contexts; usually lower priority than grouping errors.,UCM,University of California Merced,Madera Community College,fail,CSE 030,duplicate_merged_row,duplicate raw CSV receiving row,2,,https://assist.org/transfer/results?year=76&institution=200&agreement=144&agreementType=to&viewAgreementsOptions=true&view=agreement&viewBy=major&viewSendingAgreements=false&viewByKey=76%2F200%2Fto%2F144%2FMajor%2Fbe462cb5-458a-4c3d-5be5-08dd9e07c477,76/200/to/144/Major/be462cb5-458a-4c3d-5be5-08dd9e07c477
low,duplicate_receiving_label,Check whether ASSIST repeats the same receiving course in multiple contexts; usually lower priority than grouping errors.,UCM,University of California Merced,Madera Community College,fail,CSE 030,duplicate_merged_row,duplicate ASSIST receiving row,multiple ASSIST articulation rows normalize to the same receiving course,,https://assist.org/transfer/results?year=76&institution=200&agreement=144&agreementType=to&viewAgreementsOptions=true&view=agreement&viewBy=major&viewSendingAgreements=false&viewByKey=76%2F200%2Fto%2F144%2FMajor%2Fbe462cb5-458a-4c3d-5be5-08dd9e07c477,76/200/to/144/Major/be462cb5-458a-4c3d-5be5-08dd9e07c477
low,duplicate_receiving_label,Check whether ASSIST repeats the same receiving course in multiple contexts; usually lower priority than grouping errors.,UCM,University of California Merced,Mendocino College,fail,CSE 030,duplicate_merged_row,duplicate raw CSV receiving row,2,,https://assist.org/transfer/results?year=76&institution=100&agreement=144&agreementType=to&viewAgreementsOptions=true&view=agreement&viewBy=major&viewSendingAgreements=false&viewByKey=76%2F100%2Fto%2F144%2FMajor%2Fbe462cb5-458a-4c3d-5be5-08dd9e07c477,76/100/to/144/Major/be462cb5-458a-4c3d-5be5-08dd9e07c477
low,duplicate_receiving_label,Check whether ASSIST repeats the same receiving course in multiple contexts; usually lower priority than grouping errors.,UCM,University of California Merced,Mendocino College,fail,CSE 030,duplicate_merged_row,duplicate ASSIST receiving row,multiple ASSIST articulation rows normalize to the same receiving course,,https://assist.org/transfer/results?year=76&institution=100&agreement=144&agreementType=to&viewAgreementsOptions=true&view=agreement&viewBy=major&viewSendingAgreements=false&viewByKey=76%2F100%2Fto%2F144%2FMajor%2Fbe462cb5-458a-4c3d-5be5-08dd9e07c477,76/100/to/144/Major/be462cb5-458a-4c3d-5be5-08dd9e07c477
low,duplicate_receiving_label,Check whether ASSIST repeats the same receiving course in multiple contexts; usually lower priority than grouping errors.,UCM,University of California Merced,Merced College,fail,CSE 030,duplicate_merged_row,duplicate raw CSV receiving row,2,,https://assist.org/transfer/results?year=76&institution=17&agreement=144&agreementType=to&viewAgreementsOptions=true&view=agreement&viewBy=major&viewSendingAgreements=false&viewByKey=76%2F17%2Fto%2F144%2FMajor%2Fbe462cb5-458a-4c3d-5be5-08dd9e07c477,76/17/to/144/Major/be462cb5-458a-4c3d-5be5-08dd9e07c477
low,duplicate_receiving_label,Check whether ASSIST repeats the same receiving course in multiple contexts; usually lower priority than grouping errors.,UCM,University of California Merced,Merced College,fail,CSE 030,duplicate_merged_row,duplicate ASSIST receiving row,multiple ASSIST articulation rows normalize to the same receiving course,,https://assist.org/transfer/results?year=76&institution=17&agreement=144&agreementType=to&viewAgreementsOptions=true&view=agreement&viewBy=major&viewSendingAgreements=false&viewByKey=76%2F17%2Fto%2F144%2FMajor%2Fbe462cb5-458a-4c3d-5be5-08dd9e07c477,76/17/to/144/Major/be462cb5-458a-4c3d-5be5-08dd9e07c477
low,duplicate_receiving_label,Check whether ASSIST repeats the same receiving course in multiple contexts; usually lower priority than grouping errors.,UCM,University of California Merced,Merritt College,fail,CSE 030,duplicate_merged_row,duplicate raw CSV receiving row,2,,https://assist.org/transfer/results?year=76&institution=13&agreement=144&agreementType=to&viewAgreementsOptions=true&view=agreement&viewBy=major&viewSendingAgreements=false&viewByKey=76%2F13%2Fto%2F144%2FMajor%2Fbe462cb5-458a-4c3d-5be5-08dd9e07c477,76/13/to/144/Major/be462cb5-458a-4c3d-5be5-08dd9e07c477
low,duplicate_receiving_label,Check whether ASSIST repeats the same receiving course in multiple contexts; usually lower priority than grouping errors.,UCM,University of California Merced,MiraCosta College,fail,CSE 030,duplicate_merged_row,duplicate raw CSV receiving row,2,,https://assist.org/transfer/results?year=76&institution=108&agreement=144&agreementType=to&viewAgreementsOptions=true&view=agreement&viewBy=major&viewSendingAgreements=false&viewByKey=76%2F108%2Fto%2F144%2FMajor%2Fbe462cb5-458a-4c3d-5be5-08dd9e07c477,76/108/to/144/Major/be462cb5-458a-4c3d-5be5-08dd9e07c477
low,duplicate_receiving_label,Check whether ASSIST repeats the same receiving course in multiple contexts; usually lower priority than grouping errors.,UCM,University of California Merced,MiraCosta College,fail,CSE 030,duplicate_merged_row,duplicate ASSIST receiving row,multiple ASSIST articulation rows normalize to the same receiving course,,https://assist.org/transfer/results?year=76&institution=108&agreement=144&agreementType=to&viewAgreementsOptions=true&view=agreement&viewBy=major&viewSendingAgreements=false&viewByKey=76%2F108%2Fto%2F144%2FMajor%2Fbe462cb5-458a-4c3d-5be5-08dd9e07c477,76/108/to/144/Major/be462cb5-458a-4c3d-5be5-08dd9e07c477
low,duplicate_receiving_label,Check whether ASSIST repeats the same receiving course in multiple contexts; usually lower priority than grouping errors.,UCM,University of California Merced,Mission College,fail,CSE 030,duplicate_merged_row,duplicate raw CSV receiving row,2,,https://assist.org/transfer/results?year=76&institution=32&agreement=144&agreementType=to&viewAgreementsOptions=true&view=agreement&viewBy=major&viewSendingAgreements=false&viewByKey=76%2F32%2Fto%2F144%2FMajor%2Fbe462cb5-458a-4c3d-5be5-08dd9e07c477,76/32/to/144/Major/be462cb5-458a-4c3d-5be5-08dd9e07c477
low,duplicate_receiving_label,Check whether ASSIST repeats the same receiving course in multiple contexts; usually lower priority than grouping errors.,UCM,University of California Merced,Mission College,fail,CSE 030,duplicate_merged_row,duplicate ASSIST receiving row,multiple ASSIST articulation rows normalize to the same receiving course,,https://assist.org/transfer/results?year=76&institution=32&agreement=144&agreementType=to&viewAgreementsOptions=true&view=agreement&viewBy=major&viewSendingAgreements=false&viewByKey=76%2F32%2Fto%2F144%2FMajor%2Fbe462cb5-458a-4c3d-5be5-08dd9e07c477,76/32/to/144/Major/be462cb5-458a-4c3d-5be5-08dd9e07c477
low,duplicate_receiving_label,Check whether ASSIST repeats the same receiving course in multiple contexts; usually lower priority than grouping errors.,UCM,University of California Merced,Modesto Junior College,fail,CSE 030,duplicate_merged_row,duplicate raw CSV receiving row,2,,https://assist.org/transfer/results?year=76&institution=52&agreement=144&agreementType=to&viewAgreementsOptions=true&view=agreement&viewBy=major&viewSendingAgreements=false&viewByKey=76%2F52%2Fto%2F144%2FMajor%2Fbe462cb5-458a-4c3d-5be5-08dd9e07c477,76/52/to/144/Major/be462cb5-458a-4c3d-5be5-08dd9e07c477
low,duplicate_receiving_label,Check whether ASSIST repeats the same receiving course in multiple contexts; usually lower priority than grouping errors.,UCM,University of California Merced,Modesto Junior College,fail,CSE 030,duplicate_merged_row,duplicate ASSIST receiving row,multiple ASSIST articulation rows normalize to the same receiving course,,https://assist.org/transfer/results?year=76&institution=52&agreement=144&agreementType=to&viewAgreementsOptions=true&view=agreement&viewBy=major&viewSendingAgreements=false&viewByKey=76%2F52%2Fto%2F144%2FMajor%2Fbe462cb5-458a-4c3d-5be5-08dd9e07c477,76/52/to/144/Major/be462cb5-458a-4c3d-5be5-08dd9e07c477
low,duplicate_receiving_label,Check whether ASSIST repeats the same receiving course in multiple contexts; usually lower priority than grouping errors.,UCM,University of California Merced,Monterey Peninsula College,fail,CSE 030,duplicate_merged_row,duplicate raw CSV receiving row,2,,https://assist.org/transfer/results?year=76&institution=133&agreement=144&agreementType=to&viewAgreementsOptions=true&view=agreement&viewBy=major&viewSendingAgreements=false&viewByKey=76%2F133%2Fto%2F144%2FMajor%2Fbe462cb5-458a-4c3d-5be5-08dd9e07c477,76/133/to/144/Major/be462cb5-458a-4c3d-5be5-08dd9e07c477
low,duplicate_receiving_label,Check whether ASSIST repeats the same receiving course in multiple contexts; usually lower priority than grouping errors.,UCM,University of California Merced,Monterey Peninsula College,fail,CSE 030,duplicate_merged_row,duplicate ASSIST receiving row,multiple ASSIST articulation rows normalize to the same receiving course,,https://assist.org/transfer/results?year=76&institution=133&agreement=144&agreementType=to&viewAgreementsOptions=true&view=agreement&viewBy=major&viewSendingAgreements=false&viewByKey=76%2F133%2Fto%2F144%2FMajor%2Fbe462cb5-458a-4c3d-5be5-08dd9e07c477,76/133/to/144/Major/be462cb5-458a-4c3d-5be5-08dd9e07c477
low,duplicate_receiving_label,Check whether ASSIST repeats the same receiving course in multiple contexts; usually lower priority than grouping errors.,UCM,University of California Merced,Moorpark College,fail,CSE 030,duplicate_merged_row,duplicate raw CSV receiving row,2,,https://assist.org/transfer/results?year=76&institution=139&agreement=144&agreementType=to&viewAgreementsOptions=true&view=agreement&viewBy=major&viewSendingAgreements=false&viewByKey=76%2F139%2Fto%2F144%2FMajor%2Fbe462cb5-458a-4c3d-5be5-08dd9e07c477,76/139/to/144/Major/be462cb5-458a-4c3d-5be5-08dd9e07c477
low,duplicate_receiving_label,Check whether ASSIST repeats the same receiving course in multiple contexts; usually lower priority than grouping errors.,UCM,University of California Merced,Moorpark College,fail,CSE 030,duplicate_merged_row,duplicate ASSIST receiving row,multiple ASSIST articulation rows normalize to the same receiving course,,https://assist.org/transfer/results?year=76&institution=139&agreement=144&agreementType=to&viewAgreementsOptions=true&view=agreement&viewBy=major&viewSendingAgreements=false&viewByKey=76%2F139%2Fto%2F144%2FMajor%2Fbe462cb5-458a-4c3d-5be5-08dd9e07c477,76/139/to/144/Major/be462cb5-458a-4c3d-5be5-08dd9e07c477
low,duplicate_receiving_label,Check whether ASSIST repeats the same receiving course in multiple contexts; usually lower priority than grouping errors.,UCM,University of California Merced,Moreno Valley College,fail,CSE 030,duplicate_merged_row,duplicate raw CSV receiving row,2,,https://assist.org/transfer/results?year=76&institution=149&agreement=144&agreementType=to&viewAgreementsOptions=true&view=agreement&viewBy=major&viewSendingAgreements=false&viewByKey=76%2F149%2Fto%2F144%2FMajor%2Fbe462cb5-458a-4c3d-5be5-08dd9e07c477,76/149/to/144/Major/be462cb5-458a-4c3d-5be5-08dd9e07c477
low,duplicate_receiving_label,Check whether ASSIST repeats the same receiving course in multiple contexts; usually lower priority than grouping errors.,UCM,University of California Merced,Moreno Valley College,fail,CSE 030,duplicate_merged_row,duplicate ASSIST receiving row,multiple ASSIST articulation rows normalize to the same receiving course,,https://assist.org/transfer/results?year=76&institution=149&agreement=144&agreementType=to&viewAgreementsOptions=true&view=agreement&viewBy=major&viewSendingAgreements=false&viewByKey=76%2F149%2Fto%2F144%2FMajor%2Fbe462cb5-458a-4c3d-5be5-08dd9e07c477,76/149/to/144/Major/be462cb5-458a-4c3d-5be5-08dd9e07c477
low,duplicate_receiving_label,Check whether ASSIST repeats the same receiving course in multiple contexts; usually lower priority than grouping errors.,UCM,University of California Merced,Mount San Antonio College,fail,CSE 030,duplicate_merged_row,duplicate raw CSV receiving row,2,,https://assist.org/transfer/results?year=76&institution=62&agreement=144&agreementType=to&viewAgreementsOptions=true&view=agreement&viewBy=major&viewSendingAgreements=false&viewByKey=76%2F62%2Fto%2F144%2FMajor%2Fbe462cb5-458a-4c3d-5be5-08dd9e07c477,76/62/to/144/Major/be462cb5-458a-4c3d-5be5-08dd9e07c477
low,duplicate_receiving_label,Check whether ASSIST repeats the same receiving course in multiple contexts; usually lower priority than grouping errors.,UCM,University of California Merced,Mount San Antonio College,fail,CSE 030,duplicate_merged_row,duplicate ASSIST receiving row,multiple ASSIST articulation rows normalize to the same receiving course,,https://assist.org/transfer/results?year=76&institution=62&agreement=144&agreementType=to&viewAgreementsOptions=true&view=agreement&viewBy=major&viewSendingAgreements=false&viewByKey=76%2F62%2Fto%2F144%2FMajor%2Fbe462cb5-458a-4c3d-5be5-08dd9e07c477,76/62/to/144/Major/be462cb5-458a-4c3d-5be5-08dd9e07c477
low,duplicate_receiving_label,Check whether ASSIST repeats the same receiving course in multiple contexts; usually lower priority than grouping errors.,UCM,University of California Merced,Mt. San Jacinto College,fail,CSE 030,duplicate_merged_row,duplicate raw CSV receiving row,2,,https://assist.org/transfer/results?year=76&institution=53&agreement=144&agreementType=to&viewAgreementsOptions=true&view=agreement&viewBy=major&viewSendingAgreements=false&viewByKey=76%2F53%2Fto%2F144%2FMajor%2Fbe462cb5-458a-4c3d-5be5-08dd9e07c477,76/53/to/144/Major/be462cb5-458a-4c3d-5be5-08dd9e07c477
low,duplicate_receiving_label,Check whether ASSIST repeats the same receiving course in multiple contexts; usually lower priority than grouping errors.,UCM,University of California Merced,Mt. San Jacinto College,fail,CSE 030,duplicate_merged_row,duplicate ASSIST receiving row,multiple ASSIST articulation rows normalize to the same receiving course,,https://assist.org/transfer/results?year=76&institution=53&agreement=144&agreementType=to&viewAgreementsOptions=true&view=agreement&viewBy=major&viewSendingAgreements=false&viewByKey=76%2F53%2Fto%2F144%2FMajor%2Fbe462cb5-458a-4c3d-5be5-08dd9e07c477,76/53/to/144/Major/be462cb5-458a-4c3d-5be5-08dd9e07c477
low,duplicate_receiving_label,Check whether ASSIST repeats the same receiving course in multiple contexts; usually lower priority than grouping errors.,UCM,University of California Merced,Napa Valley College,fail,CSE 030,duplicate_merged_row,duplicate raw CSV receiving row,2,,https://assist.org/transfer/results?year=76&institution=73&agreement=144&agreementType=to&viewAgreementsOptions=true&view=agreement&viewBy=major&viewSendingAgreements=false&viewByKey=76%2F73%2Fto%2F144%2FMajor%2Fbe462cb5-458a-4c3d-5be5-08dd9e07c477,76/73/to/144/Major/be462cb5-458a-4c3d-5be5-08dd9e07c477
low,duplicate_receiving_label,Check whether ASSIST repeats the same receiving course in multiple contexts; usually lower priority than grouping errors.,UCM,University of California Merced,Napa Valley College,fail,CSE 030,duplicate_merged_row,duplicate ASSIST receiving row,multiple ASSIST articulation rows normalize to the same receiving course,,https://assist.org/transfer/results?year=76&institution=73&agreement=144&agreementType=to&viewAgreementsOptions=true&view=agreement&viewBy=major&viewSendingAgreements=false&viewByKey=76%2F73%2Fto%2F144%2FMajor%2Fbe462cb5-458a-4c3d-5be5-08dd9e07c477,76/73/to/144/Major/be462cb5-458a-4c3d-5be5-08dd9e07c477
low,duplicate_receiving_label,Check whether ASSIST repeats the same receiving course in multiple contexts; usually lower priority than grouping errors.,UCM,University of California Merced,Norco College,fail,CSE 030,duplicate_merged_row,duplicate raw CSV receiving row,2,,https://assist.org/transfer/results?year=76&institution=148&agreement=144&agreementType=to&viewAgreementsOptions=true&view=agreement&viewBy=major&viewSendingAgreements=false&viewByKey=76%2F148%2Fto%2F144%2FMajor%2Fbe462cb5-458a-4c3d-5be5-08dd9e07c477,76/148/to/144/Major/be462cb5-458a-4c3d-5be5-08dd9e07c477
low,duplicate_receiving_label,Check whether ASSIST repeats the same receiving course in multiple contexts; usually lower priority than grouping errors.,UCM,University of California Merced,Norco College,fail,CSE 030,duplicate_merged_row,duplicate ASSIST receiving row,multiple ASSIST articulation rows normalize to the same receiving course,,https://assist.org/transfer/results?year=76&institution=148&agreement=144&agreementType=to&viewAgreementsOptions=true&view=agreement&viewBy=major&viewSendingAgreements=false&viewByKey=76%2F148%2Fto%2F144%2FMajor%2Fbe462cb5-458a-4c3d-5be5-08dd9e07c477,76/148/to/144/Major/be462cb5-458a-4c3d-5be5-08dd9e07c477
low,duplicate_receiving_label,Check whether ASSIST repeats the same receiving course in multiple contexts; usually lower priority than grouping errors.,UCM,University of California Merced,Ohlone College,fail,CSE 030,duplicate_merged_row,duplicate raw CSV receiving row,2,,https://assist.org/transfer/results?year=76&institution=48&agreement=144&agreementType=to&viewAgreementsOptions=true&view=agreement&viewBy=major&viewSendingAgreements=false&viewByKey=76%2F48%2Fto%2F144%2FMajor%2Fbe462cb5-458a-4c3d-5be5-08dd9e07c477,76/48/to/144/Major/be462cb5-458a-4c3d-5be5-08dd9e07c477
low,duplicate_receiving_label,Check whether ASSIST repeats the same receiving course in multiple contexts; usually lower priority than grouping errors.,UCM,University of California Merced,Ohlone College,fail,CSE 030,duplicate_merged_row,duplicate ASSIST receiving row,multiple ASSIST articulation rows normalize to the same receiving course,,https://assist.org/transfer/results?year=76&institution=48&agreement=144&agreementType=to&viewAgreementsOptions=true&view=agreement&viewBy=major&viewSendingAgreements=false&viewByKey=76%2F48%2Fto%2F144%2FMajor%2Fbe462cb5-458a-4c3d-5be5-08dd9e07c477,76/48/to/144/Major/be462cb5-458a-4c3d-5be5-08dd9e07c477
low,duplicate_receiving_label,Check whether ASSIST repeats the same receiving course in multiple contexts; usually lower priority than grouping errors.,UCM,University of California Merced,Orange Coast College,fail,CSE 030,duplicate_merged_row,duplicate raw CSV receiving row,2,,https://assist.org/transfer/results?year=76&institution=74&agreement=144&agreementType=to&viewAgreementsOptions=true&view=agreement&viewBy=major&viewSendingAgreements=false&viewByKey=76%2F74%2Fto%2F144%2FMajor%2Fbe462cb5-458a-4c3d-5be5-08dd9e07c477,76/74/to/144/Major/be462cb5-458a-4c3d-5be5-08dd9e07c477
low,duplicate_receiving_label,Check whether ASSIST repeats the same receiving course in multiple contexts; usually lower priority than grouping errors.,UCM,University of California Merced,Orange Coast College,fail,CSE 030,duplicate_merged_row,duplicate ASSIST receiving row,multiple ASSIST articulation rows normalize to the same receiving course,,https://assist.org/transfer/results?year=76&institution=74&agreement=144&agreementType=to&viewAgreementsOptions=true&view=agreement&viewBy=major&viewSendingAgreements=false&viewByKey=76%2F74%2Fto%2F144%2FMajor%2Fbe462cb5-458a-4c3d-5be5-08dd9e07c477,76/74/to/144/Major/be462cb5-458a-4c3d-5be5-08dd9e07c477
low,duplicate_receiving_label,Check whether ASSIST repeats the same receiving course in multiple contexts; usually lower priority than grouping errors.,UCM,University of California Merced,Oxnard College,fail,CSE 030,duplicate_merged_row,duplicate raw CSV receiving row,2,,https://assist.org/transfer/results?year=76&institution=87&agreement=144&agreementType=to&viewAgreementsOptions=true&view=agreement&viewBy=major&viewSendingAgreements=false&viewByKey=76%2F87%2Fto%2F144%2FMajor%2Fbe462cb5-458a-4c3d-5be5-08dd9e07c477,76/87/to/144/Major/be462cb5-458a-4c3d-5be5-08dd9e07c477
low,duplicate_receiving_label,Check whether ASSIST repeats the same receiving course in multiple contexts; usually lower priority than grouping errors.,UCM,University of California Merced,Palo Verde College,fail,CSE 030,duplicate_merged_row,duplicate raw CSV receiving row,2,,https://assist.org/transfer/results?year=76&institution=63&agreement=144&agreementType=to&viewAgreementsOptions=true&view=agreement&viewBy=major&viewSendingAgreements=false&viewByKey=76%2F63%2Fto%2F144%2FMajor%2Fbe462cb5-458a-4c3d-5be5-08dd9e07c477,76/63/to/144/Major/be462cb5-458a-4c3d-5be5-08dd9e07c477
low,duplicate_receiving_label,Check whether ASSIST repeats the same receiving course in multiple contexts; usually lower priority than grouping errors.,UCM,University of California Merced,Palomar College,fail,CSE 030,duplicate_merged_row,duplicate raw CSV receiving row,2,,https://assist.org/transfer/results?year=76&institution=56&agreement=144&agreementType=to&viewAgreementsOptions=true&view=agreement&viewBy=major&viewSendingAgreements=false&viewByKey=76%2F56%2Fto%2F144%2FMajor%2Fbe462cb5-458a-4c3d-5be5-08dd9e07c477,76/56/to/144/Major/be462cb5-458a-4c3d-5be5-08dd9e07c477
low,duplicate_receiving_label,Check whether ASSIST repeats the same receiving course in multiple contexts; usually lower priority than grouping errors.,UCM,University of California Merced,Palomar College,fail,CSE 030,duplicate_merged_row,duplicate ASSIST receiving row,multiple ASSIST articulation rows normalize to the same receiving course,,https://assist.org/transfer/results?year=76&institution=56&agreement=144&agreementType=to&viewAgreementsOptions=true&view=agreement&viewBy=major&viewSendingAgreements=false&viewByKey=76%2F56%2Fto%2F144%2FMajor%2Fbe462cb5-458a-4c3d-5be5-08dd9e07c477,76/56/to/144/Major/be462cb5-458a-4c3d-5be5-08dd9e07c477
low,duplicate_receiving_label,Check whether ASSIST repeats the same receiving course in multiple contexts; usually lower priority than grouping errors.,UCM,University of California Merced,Pasadena City College,fail,CSE 030,duplicate_merged_row,duplicate raw CSV receiving row,2,,https://assist.org/transfer/results?year=76&institution=49&agreement=144&agreementType=to&viewAgreementsOptions=true&view=agreement&viewBy=major&viewSendingAgreements=false&viewByKey=76%2F49%2Fto%2F144%2FMajor%2Fbe462cb5-458a-4c3d-5be5-08dd9e07c477,76/49/to/144/Major/be462cb5-458a-4c3d-5be5-08dd9e07c477
low,duplicate_receiving_label,Check whether ASSIST repeats the same receiving course in multiple contexts; usually lower priority than grouping errors.,UCM,University of California Merced,Pasadena City College,fail,CSE 030,duplicate_merged_row,duplicate ASSIST receiving row,multiple ASSIST articulation rows normalize to the same receiving course,,https://assist.org/transfer/results?year=76&institution=49&agreement=144&agreementType=to&viewAgreementsOptions=true&view=agreement&viewBy=major&viewSendingAgreements=false&viewByKey=76%2F49%2Fto%2F144%2FMajor%2Fbe462cb5-458a-4c3d-5be5-08dd9e07c477,76/49/to/144/Major/be462cb5-458a-4c3d-5be5-08dd9e07c477
low,duplicate_receiving_label,Check whether ASSIST repeats the same receiving course in multiple contexts; usually lower priority than grouping errors.,UCM,University of California Merced,Porterville College,fail,CSE 030,duplicate_merged_row,duplicate raw CSV receiving row,2,,https://assist.org/transfer/results?year=76&institution=125&agreement=144&agreementType=to&viewAgreementsOptions=true&view=agreement&viewBy=major&viewSendingAgreements=false&viewByKey=76%2F125%2Fto%2F144%2FMajor%2Fbe462cb5-458a-4c3d-5be5-08dd9e07c477,76/125/to/144/Major/be462cb5-458a-4c3d-5be5-08dd9e07c477
low,duplicate_receiving_label,Check whether ASSIST repeats the same receiving course in multiple contexts; usually lower priority than grouping errors.,UCM,University of California Merced,Reedley College,fail,CSE 030,duplicate_merged_row,duplicate raw CSV receiving row,2,,https://assist.org/transfer/results?year=76&institution=36&agreement=144&agreementType=to&viewAgreementsOptions=true&view=agreement&viewBy=major&viewSendingAgreements=false&viewByKey=76%2F36%2Fto%2F144%2FMajor%2Fbe462cb5-458a-4c3d-5be5-08dd9e07c477,76/36/to/144/Major/be462cb5-458a-4c3d-5be5-08dd9e07c477
low,duplicate_receiving_label,Check whether ASSIST repeats the same receiving course in multiple contexts; usually lower priority than grouping errors.,UCM,University of California Merced,Reedley College,fail,CSE 030,duplicate_merged_row,duplicate ASSIST receiving row,multiple ASSIST articulation rows normalize to the same receiving course,,https://assist.org/transfer/results?year=76&institution=36&agreement=144&agreementType=to&viewAgreementsOptions=true&view=agreement&viewBy=major&viewSendingAgreements=false&viewByKey=76%2F36%2Fto%2F144%2FMajor%2Fbe462cb5-458a-4c3d-5be5-08dd9e07c477,76/36/to/144/Major/be462cb5-458a-4c3d-5be5-08dd9e07c477
low,duplicate_receiving_label,Check whether ASSIST repeats the same receiving course in multiple contexts; usually lower priority than grouping errors.,UCM,University of California Merced,Rio Hondo College,fail,CSE 030,duplicate_merged_row,duplicate raw CSV receiving row,2,,https://assist.org/transfer/results?year=76&institution=64&agreement=144&agreementType=to&viewAgreementsOptions=true&view=agreement&viewBy=major&viewSendingAgreements=false&viewByKey=76%2F64%2Fto%2F144%2FMajor%2Fbe462cb5-458a-4c3d-5be5-08dd9e07c477,76/64/to/144/Major/be462cb5-458a-4c3d-5be5-08dd9e07c477
low,duplicate_receiving_label,Check whether ASSIST repeats the same receiving course in multiple contexts; usually lower priority than grouping errors.,UCM,University of California Merced,Rio Hondo College,fail,CSE 030,duplicate_merged_row,duplicate ASSIST receiving row,multiple ASSIST articulation rows normalize to the same receiving course,,https://assist.org/transfer/results?year=76&institution=64&agreement=144&agreementType=to&viewAgreementsOptions=true&view=agreement&viewBy=major&viewSendingAgreements=false&viewByKey=76%2F64%2Fto%2F144%2FMajor%2Fbe462cb5-458a-4c3d-5be5-08dd9e07c477,76/64/to/144/Major/be462cb5-458a-4c3d-5be5-08dd9e07c477
low,duplicate_receiving_label,Check whether ASSIST repeats the same receiving course in multiple contexts; usually lower priority than grouping errors.,UCM,University of California Merced,Riverside City College,fail,CSE 030,duplicate_merged_row,duplicate raw CSV receiving row,2,,https://assist.org/transfer/results?year=76&institution=78&agreement=144&agreementType=to&viewAgreementsOptions=true&view=agreement&viewBy=major&viewSendingAgreements=false&viewByKey=76%2F78%2Fto%2F144%2FMajor%2Fbe462cb5-458a-4c3d-5be5-08dd9e07c477,76/78/to/144/Major/be462cb5-458a-4c3d-5be5-08dd9e07c477
low,duplicate_receiving_label,Check whether ASSIST repeats the same receiving course in multiple contexts; usually lower priority than grouping errors.,UCM,University of California Merced,Riverside City College,fail,CSE 030,duplicate_merged_row,duplicate ASSIST receiving row,multiple ASSIST articulation rows normalize to the same receiving course,,https://assist.org/transfer/results?year=76&institution=78&agreement=144&agreementType=to&viewAgreementsOptions=true&view=agreement&viewBy=major&viewSendingAgreements=false&viewByKey=76%2F78%2Fto%2F144%2FMajor%2Fbe462cb5-458a-4c3d-5be5-08dd9e07c477,76/78/to/144/Major/be462cb5-458a-4c3d-5be5-08dd9e07c477
low,duplicate_receiving_label,Check whether ASSIST repeats the same receiving course in multiple contexts; usually lower priority than grouping errors.,UCM,University of California Merced,Sacramento City College,fail,CSE 030,duplicate_merged_row,duplicate raw CSV receiving row,2,,https://assist.org/transfer/results?year=76&institution=126&agreement=144&agreementType=to&viewAgreementsOptions=true&view=agreement&viewBy=major&viewSendingAgreements=false&viewByKey=76%2F126%2Fto%2F144%2FMajor%2Fbe462cb5-458a-4c3d-5be5-08dd9e07c477,76/126/to/144/Major/be462cb5-458a-4c3d-5be5-08dd9e07c477
low,duplicate_receiving_label,Check whether ASSIST repeats the same receiving course in multiple contexts; usually lower priority than grouping errors.,UCM,University of California Merced,Sacramento City College,fail,CSE 030,duplicate_merged_row,duplicate ASSIST receiving row,multiple ASSIST articulation rows normalize to the same receiving course,,https://assist.org/transfer/results?year=76&institution=126&agreement=144&agreementType=to&viewAgreementsOptions=true&view=agreement&viewBy=major&viewSendingAgreements=false&viewByKey=76%2F126%2Fto%2F144%2FMajor%2Fbe462cb5-458a-4c3d-5be5-08dd9e07c477,76/126/to/144/Major/be462cb5-458a-4c3d-5be5-08dd9e07c477
low,duplicate_receiving_label,Check whether ASSIST repeats the same receiving course in multiple contexts; usually lower priority than grouping errors.,UCM,University of California Merced,Saddleback College,fail,CSE 030,duplicate_merged_row,duplicate raw CSV receiving row,2,,https://assist.org/transfer/results?year=76&institution=65&agreement=144&agreementType=to&viewAgreementsOptions=true&view=agreement&viewBy=major&viewSendingAgreements=false&viewByKey=76%2F65%2Fto%2F144%2FMajor%2Fbe462cb5-458a-4c3d-5be5-08dd9e07c477,76/65/to/144/Major/be462cb5-458a-4c3d-5be5-08dd9e07c477
low,duplicate_receiving_label,Check whether ASSIST repeats the same receiving course in multiple contexts; usually lower priority than grouping errors.,UCM,University of California Merced,Saddleback College,fail,CSE 030,duplicate_merged_row,duplicate ASSIST receiving row,multiple ASSIST articulation rows normalize to the same receiving course,,https://assist.org/transfer/results?year=76&institution=65&agreement=144&agreementType=to&viewAgreementsOptions=true&view=agreement&viewBy=major&viewSendingAgreements=false&viewByKey=76%2F65%2Fto%2F144%2FMajor%2Fbe462cb5-458a-4c3d-5be5-08dd9e07c477,76/65/to/144/Major/be462cb5-458a-4c3d-5be5-08dd9e07c477
low,duplicate_receiving_label,Check whether ASSIST repeats the same receiving course in multiple contexts; usually lower priority than grouping errors.,UCM,University of California Merced,San Bernardino Valley College,fail,CSE 030,duplicate_merged_row,duplicate raw CSV receiving row,2,,https://assist.org/transfer/results?year=76&institution=131&agreement=144&agreementType=to&viewAgreementsOptions=true&view=agreement&viewBy=major&viewSendingAgreements=false&viewByKey=76%2F131%2Fto%2F144%2FMajor%2Fbe462cb5-458a-4c3d-5be5-08dd9e07c477,76/131/to/144/Major/be462cb5-458a-4c3d-5be5-08dd9e07c477
low,duplicate_receiving_label,Check whether ASSIST repeats the same receiving course in multiple contexts; usually lower priority than grouping errors.,UCM,University of California Merced,San Bernardino Valley College,fail,CSE 030,duplicate_merged_row,duplicate ASSIST receiving row,multiple ASSIST articulation rows normalize to the same receiving course,,https://assist.org/transfer/results?year=76&institution=131&agreement=144&agreementType=to&viewAgreementsOptions=true&view=agreement&viewBy=major&viewSendingAgreements=false&viewByKey=76%2F131%2Fto%2F144%2FMajor%2Fbe462cb5-458a-4c3d-5be5-08dd9e07c477,76/131/to/144/Major/be462cb5-458a-4c3d-5be5-08dd9e07c477
low,duplicate_receiving_label,Check whether ASSIST repeats the same receiving course in multiple contexts; usually lower priority than grouping errors.,UCM,University of California Merced,San Diego City College,fail,CSE 030,duplicate_merged_row,duplicate raw CSV receiving row,2,,https://assist.org/transfer/results?year=76&institution=54&agreement=144&agreementType=to&viewAgreementsOptions=true&view=agreement&viewBy=major&viewSendingAgreements=false&viewByKey=76%2F54%2Fto%2F144%2FMajor%2Fbe462cb5-458a-4c3d-5be5-08dd9e07c477,76/54/to/144/Major/be462cb5-458a-4c3d-5be5-08dd9e07c477
low,duplicate_receiving_label,Check whether ASSIST repeats the same receiving course in multiple contexts; usually lower priority than grouping errors.,UCM,University of California Merced,San Diego City College,fail,CSE 030,duplicate_merged_row,duplicate ASSIST receiving row,multiple ASSIST articulation rows normalize to the same receiving course,,https://assist.org/transfer/results?year=76&institution=54&agreement=144&agreementType=to&viewAgreementsOptions=true&view=agreement&viewBy=major&viewSendingAgreements=false&viewByKey=76%2F54%2Fto%2F144%2FMajor%2Fbe462cb5-458a-4c3d-5be5-08dd9e07c477,76/54/to/144/Major/be462cb5-458a-4c3d-5be5-08dd9e07c477
low,duplicate_receiving_label,Check whether ASSIST repeats the same receiving course in multiple contexts; usually lower priority than grouping errors.,UCM,University of California Merced,San Diego Mesa College,fail,CSE 030,duplicate_merged_row,duplicate raw CSV receiving row,2,,https://assist.org/transfer/results?year=76&institution=101&agreement=144&agreementType=to&viewAgreementsOptions=true&view=agreement&viewBy=major&viewSendingAgreements=false&viewByKey=76%2F101%2Fto%2F144%2FMajor%2Fbe462cb5-458a-4c3d-5be5-08dd9e07c477,76/101/to/144/Major/be462cb5-458a-4c3d-5be5-08dd9e07c477
low,duplicate_receiving_label,Check whether ASSIST repeats the same receiving course in multiple contexts; usually lower priority than grouping errors.,UCM,University of California Merced,San Diego Mesa College,fail,CSE 030,duplicate_merged_row,duplicate ASSIST receiving row,multiple ASSIST articulation rows normalize to the same receiving course,,https://assist.org/transfer/results?year=76&institution=101&agreement=144&agreementType=to&viewAgreementsOptions=true&view=agreement&viewBy=major&viewSendingAgreements=false&viewByKey=76%2F101%2Fto%2F144%2FMajor%2Fbe462cb5-458a-4c3d-5be5-08dd9e07c477,76/101/to/144/Major/be462cb5-458a-4c3d-5be5-08dd9e07c477
low,duplicate_receiving_label,Check whether ASSIST repeats the same receiving course in multiple contexts; usually lower priority than grouping errors.,UCM,University of California Merced,San Diego Miramar College,fail,CSE 030,duplicate_merged_row,duplicate raw CSV receiving row,2,,https://assist.org/transfer/results?year=76&institution=45&agreement=144&agreementType=to&viewAgreementsOptions=true&view=agreement&viewBy=major&viewSendingAgreements=false&viewByKey=76%2F45%2Fto%2F144%2FMajor%2Fbe462cb5-458a-4c3d-5be5-08dd9e07c477,76/45/to/144/Major/be462cb5-458a-4c3d-5be5-08dd9e07c477
low,duplicate_receiving_label,Check whether ASSIST repeats the same receiving course in multiple contexts; usually lower priority than grouping errors.,UCM,University of California Merced,San Diego Miramar College,fail,CSE 030,duplicate_merged_row,duplicate ASSIST receiving row,multiple ASSIST articulation rows normalize to the same receiving course,,https://assist.org/transfer/results?year=76&institution=45&agreement=144&agreementType=to&viewAgreementsOptions=true&view=agreement&viewBy=major&viewSendingAgreements=false&viewByKey=76%2F45%2Fto%2F144%2FMajor%2Fbe462cb5-458a-4c3d-5be5-08dd9e07c477,76/45/to/144/Major/be462cb5-458a-4c3d-5be5-08dd9e07c477
low,duplicate_receiving_label,Check whether ASSIST repeats the same receiving course in multiple contexts; usually lower priority than grouping errors.,UCM,University of California Merced,San Joaquin Delta College,fail,CSE 030,duplicate_merged_row,duplicate raw CSV receiving row,2,,https://assist.org/transfer/results?year=76&institution=109&agreement=144&agreementType=to&viewAgreementsOptions=true&view=agreement&viewBy=major&viewSendingAgreements=false&viewByKey=76%2F109%2Fto%2F144%2FMajor%2Fbe462cb5-458a-4c3d-5be5-08dd9e07c477,76/109/to/144/Major/be462cb5-458a-4c3d-5be5-08dd9e07c477
low,duplicate_receiving_label,Check whether ASSIST repeats the same receiving course in multiple contexts; usually lower priority than grouping errors.,UCM,University of California Merced,San Joaquin Delta College,fail,CSE 030,duplicate_merged_row,duplicate ASSIST receiving row,multiple ASSIST articulation rows normalize to the same receiving course,,https://assist.org/transfer/results?year=76&institution=109&agreement=144&agreementType=to&viewAgreementsOptions=true&view=agreement&viewBy=major&viewSendingAgreements=false&viewByKey=76%2F109%2Fto%2F144%2FMajor%2Fbe462cb5-458a-4c3d-5be5-08dd9e07c477,76/109/to/144/Major/be462cb5-458a-4c3d-5be5-08dd9e07c477
low,duplicate_receiving_label,Check whether ASSIST repeats the same receiving course in multiple contexts; usually lower priority than grouping errors.,UCM,University of California Merced,San Jose City College,fail,CSE 030,duplicate_merged_row,duplicate raw CSV receiving row,2,,https://assist.org/transfer/results?year=76&institution=136&agreement=144&agreementType=to&viewAgreementsOptions=true&view=agreement&viewBy=major&viewSendingAgreements=false&viewByKey=76%2F136%2Fto%2F144%2FMajor%2Fbe462cb5-458a-4c3d-5be5-08dd9e07c477,76/136/to/144/Major/be462cb5-458a-4c3d-5be5-08dd9e07c477
low,duplicate_receiving_label,Check whether ASSIST repeats the same receiving course in multiple contexts; usually lower priority than grouping errors.,UCM,University of California Merced,San Jose City College,fail,CSE 030,duplicate_merged_row,duplicate ASSIST receiving row,multiple ASSIST articulation rows normalize to the same receiving course,,https://assist.org/transfer/results?year=76&institution=136&agreement=144&agreementType=to&viewAgreementsOptions=true&view=agreement&viewBy=major&viewSendingAgreements=false&viewByKey=76%2F136%2Fto%2F144%2FMajor%2Fbe462cb5-458a-4c3d-5be5-08dd9e07c477,76/136/to/144/Major/be462cb5-458a-4c3d-5be5-08dd9e07c477
low,duplicate_receiving_label,Check whether ASSIST repeats the same receiving course in multiple contexts; usually lower priority than grouping errors.,UCM,University of California Merced,Santa Ana College,fail,CSE 030,duplicate_merged_row,duplicate raw CSV receiving row,2,,https://assist.org/transfer/results?year=76&institution=14&agreement=144&agreementType=to&viewAgreementsOptions=true&view=agreement&viewBy=major&viewSendingAgreements=false&viewByKey=76%2F14%2Fto%2F144%2FMajor%2Fbe462cb5-458a-4c3d-5be5-08dd9e07c477,76/14/to/144/Major/be462cb5-458a-4c3d-5be5-08dd9e07c477
low,duplicate_receiving_label,Check whether ASSIST repeats the same receiving course in multiple contexts; usually lower priority than grouping errors.,UCM,University of California Merced,Santa Ana College,fail,CSE 030,duplicate_merged_row,duplicate ASSIST receiving row,multiple ASSIST articulation rows normalize to the same receiving course,,https://assist.org/transfer/results?year=76&institution=14&agreement=144&agreementType=to&viewAgreementsOptions=true&view=agreement&viewBy=major&viewSendingAgreements=false&viewByKey=76%2F14%2Fto%2F144%2FMajor%2Fbe462cb5-458a-4c3d-5be5-08dd9e07c477,76/14/to/144/Major/be462cb5-458a-4c3d-5be5-08dd9e07c477
low,duplicate_receiving_label,Check whether ASSIST repeats the same receiving course in multiple contexts; usually lower priority than grouping errors.,UCM,University of California Merced,Santa Barbara City College,fail,CSE 030,duplicate_merged_row,duplicate raw CSV receiving row,2,,https://assist.org/transfer/results?year=76&institution=92&agreement=144&agreementType=to&viewAgreementsOptions=true&view=agreement&viewBy=major&viewSendingAgreements=false&viewByKey=76%2F92%2Fto%2F144%2FMajor%2Fbe462cb5-458a-4c3d-5be5-08dd9e07c477,76/92/to/144/Major/be462cb5-458a-4c3d-5be5-08dd9e07c477
low,duplicate_receiving_label,Check whether ASSIST repeats the same receiving course in multiple contexts; usually lower priority than grouping errors.,UCM,University of California Merced,Santa Barbara City College,fail,CSE 030,duplicate_merged_row,duplicate ASSIST receiving row,multiple ASSIST articulation rows normalize to the same receiving course,,https://assist.org/transfer/results?year=76&institution=92&agreement=144&agreementType=to&viewAgreementsOptions=true&view=agreement&viewBy=major&viewSendingAgreements=false&viewByKey=76%2F92%2Fto%2F144%2FMajor%2Fbe462cb5-458a-4c3d-5be5-08dd9e07c477,76/92/to/144/Major/be462cb5-458a-4c3d-5be5-08dd9e07c477
low,duplicate_receiving_label,Check whether ASSIST repeats the same receiving course in multiple contexts; usually lower priority than grouping errors.,UCM,University of California Merced,Santa Monica College,fail,CSE 030,duplicate_merged_row,duplicate raw CSV receiving row,2,,https://assist.org/transfer/results?year=76&institution=137&agreement=144&agreementType=to&viewAgreementsOptions=true&view=agreement&viewBy=major&viewSendingAgreements=false&viewByKey=76%2F137%2Fto%2F144%2FMajor%2Fbe462cb5-458a-4c3d-5be5-08dd9e07c477,76/137/to/144/Major/be462cb5-458a-4c3d-5be5-08dd9e07c477
low,duplicate_receiving_label,Check whether ASSIST repeats the same receiving course in multiple contexts; usually lower priority than grouping errors.,UCM,University of California Merced,Santa Monica College,fail,CSE 030,duplicate_merged_row,duplicate ASSIST receiving row,multiple ASSIST articulation rows normalize to the same receiving course,,https://assist.org/transfer/results?year=76&institution=137&agreement=144&agreementType=to&viewAgreementsOptions=true&view=agreement&viewBy=major&viewSendingAgreements=false&viewByKey=76%2F137%2Fto%2F144%2FMajor%2Fbe462cb5-458a-4c3d-5be5-08dd9e07c477,76/137/to/144/Major/be462cb5-458a-4c3d-5be5-08dd9e07c477
low,duplicate_receiving_label,Check whether ASSIST repeats the same receiving course in multiple contexts; usually lower priority than grouping errors.,UCM,University of California Merced,Santa Rosa Junior College,fail,CSE 030,duplicate_merged_row,duplicate raw CSV receiving row,2,,https://assist.org/transfer/results?year=76&institution=57&agreement=144&agreementType=to&viewAgreementsOptions=true&view=agreement&viewBy=major&viewSendingAgreements=false&viewByKey=76%2F57%2Fto%2F144%2FMajor%2Fbe462cb5-458a-4c3d-5be5-08dd9e07c477,76/57/to/144/Major/be462cb5-458a-4c3d-5be5-08dd9e07c477
low,duplicate_receiving_label,Check whether ASSIST repeats the same receiving course in multiple contexts; usually lower priority than grouping errors.,UCM,University of California Merced,Santa Rosa Junior College,fail,CSE 030,duplicate_merged_row,duplicate ASSIST receiving row,multiple ASSIST articulation rows normalize to the same receiving course,,https://assist.org/transfer/results?year=76&institution=57&agreement=144&agreementType=to&viewAgreementsOptions=true&view=agreement&viewBy=major&viewSendingAgreements=false&viewByKey=76%2F57%2Fto%2F144%2FMajor%2Fbe462cb5-458a-4c3d-5be5-08dd9e07c477,76/57/to/144/Major/be462cb5-458a-4c3d-5be5-08dd9e07c477
low,duplicate_receiving_label,Check whether ASSIST repeats the same receiving course in multiple contexts; usually lower priority than grouping errors.,UCM,University of California Merced,Santiago Canyon College,fail,CSE 030,duplicate_merged_row,duplicate raw CSV receiving row,2,,https://assist.org/transfer/results?year=76&institution=66&agreement=144&agreementType=to&viewAgreementsOptions=true&view=agreement&viewBy=major&viewSendingAgreements=false&viewByKey=76%2F66%2Fto%2F144%2FMajor%2Fbe462cb5-458a-4c3d-5be5-08dd9e07c477,76/66/to/144/Major/be462cb5-458a-4c3d-5be5-08dd9e07c477
low,duplicate_receiving_label,Check whether ASSIST repeats the same receiving course in multiple contexts; usually lower priority than grouping errors.,UCM,University of California Merced,Santiago Canyon College,fail,CSE 030,duplicate_merged_row,duplicate ASSIST receiving row,multiple ASSIST articulation rows normalize to the same receiving course,,https://assist.org/transfer/results?year=76&institution=66&agreement=144&agreementType=to&viewAgreementsOptions=true&view=agreement&viewBy=major&viewSendingAgreements=false&viewByKey=76%2F66%2Fto%2F144%2FMajor%2Fbe462cb5-458a-4c3d-5be5-08dd9e07c477,76/66/to/144/Major/be462cb5-458a-4c3d-5be5-08dd9e07c477
low,duplicate_receiving_label,Check whether ASSIST repeats the same receiving course in multiple contexts; usually lower priority than grouping errors.,UCM,University of California Merced,Shasta College,fail,CSE 030,duplicate_merged_row,duplicate raw CSV receiving row,2,,https://assist.org/transfer/results?year=76&institution=38&agreement=144&agreementType=to&viewAgreementsOptions=true&view=agreement&viewBy=major&viewSendingAgreements=false&viewByKey=76%2F38%2Fto%2F144%2FMajor%2Fbe462cb5-458a-4c3d-5be5-08dd9e07c477,76/38/to/144/Major/be462cb5-458a-4c3d-5be5-08dd9e07c477
low,duplicate_receiving_label,Check whether ASSIST repeats the same receiving course in multiple contexts; usually lower priority than grouping errors.,UCM,University of California Merced,Shasta College,fail,CSE 030,duplicate_merged_row,duplicate ASSIST receiving row,multiple ASSIST articulation rows normalize to the same receiving course,,https://assist.org/transfer/results?year=76&institution=38&agreement=144&agreementType=to&viewAgreementsOptions=true&view=agreement&viewBy=major&viewSendingAgreements=false&viewByKey=76%2F38%2Fto%2F144%2FMajor%2Fbe462cb5-458a-4c3d-5be5-08dd9e07c477,76/38/to/144/Major/be462cb5-458a-4c3d-5be5-08dd9e07c477
low,duplicate_receiving_label,Check whether ASSIST repeats the same receiving course in multiple contexts; usually lower priority than grouping errors.,UCM,University of California Merced,Sierra College,fail,CSE 030,duplicate_merged_row,duplicate raw CSV receiving row,2,,https://assist.org/transfer/results?year=76&institution=93&agreement=144&agreementType=to&viewAgreementsOptions=true&view=agreement&viewBy=major&viewSendingAgreements=false&viewByKey=76%2F93%2Fto%2F144%2FMajor%2Fbe462cb5-458a-4c3d-5be5-08dd9e07c477,76/93/to/144/Major/be462cb5-458a-4c3d-5be5-08dd9e07c477
low,duplicate_receiving_label,Check whether ASSIST repeats the same receiving course in multiple contexts; usually lower priority than grouping errors.,UCM,University of California Merced,Sierra College,fail,CSE 030,duplicate_merged_row,duplicate ASSIST receiving row,multiple ASSIST articulation rows normalize to the same receiving course,,https://assist.org/transfer/results?year=76&institution=93&agreement=144&agreementType=to&viewAgreementsOptions=true&view=agreement&viewBy=major&viewSendingAgreements=false&viewByKey=76%2F93%2Fto%2F144%2FMajor%2Fbe462cb5-458a-4c3d-5be5-08dd9e07c477,76/93/to/144/Major/be462cb5-458a-4c3d-5be5-08dd9e07c477
low,duplicate_receiving_label,Check whether ASSIST repeats the same receiving course in multiple contexts; usually lower priority than grouping errors.,UCM,University of California Merced,Skyline College,fail,CSE 030,duplicate_merged_row,duplicate raw CSV receiving row,2,,https://assist.org/transfer/results?year=76&institution=127&agreement=144&agreementType=to&viewAgreementsOptions=true&view=agreement&viewBy=major&viewSendingAgreements=false&viewByKey=76%2F127%2Fto%2F144%2FMajor%2Fbe462cb5-458a-4c3d-5be5-08dd9e07c477,76/127/to/144/Major/be462cb5-458a-4c3d-5be5-08dd9e07c477
low,duplicate_receiving_label,Check whether ASSIST repeats the same receiving course in multiple contexts; usually lower priority than grouping errors.,UCM,University of California Merced,Skyline College,fail,CSE 030,duplicate_merged_row,duplicate ASSIST receiving row,multiple ASSIST articulation rows normalize to the same receiving course,,https://assist.org/transfer/results?year=76&institution=127&agreement=144&agreementType=to&viewAgreementsOptions=true&view=agreement&viewBy=major&viewSendingAgreements=false&viewByKey=76%2F127%2Fto%2F144%2FMajor%2Fbe462cb5-458a-4c3d-5be5-08dd9e07c477,76/127/to/144/Major/be462cb5-458a-4c3d-5be5-08dd9e07c477
low,duplicate_receiving_label,Check whether ASSIST repeats the same receiving course in multiple contexts; usually lower priority than grouping errors.,UCM,University of California Merced,Solano Community College,fail,CSE 030,duplicate_merged_row,duplicate raw CSV receiving row,2,,https://assist.org/transfer/results?year=76&institution=94&agreement=144&agreementType=to&viewAgreementsOptions=true&view=agreement&viewBy=major&viewSendingAgreements=false&viewByKey=76%2F94%2Fto%2F144%2FMajor%2Fbe462cb5-458a-4c3d-5be5-08dd9e07c477,76/94/to/144/Major/be462cb5-458a-4c3d-5be5-08dd9e07c477
low,duplicate_receiving_label,Check whether ASSIST repeats the same receiving course in multiple contexts; usually lower priority than grouping errors.,UCM,University of California Merced,Solano Community College,fail,CSE 030,duplicate_merged_row,duplicate ASSIST receiving row,multiple ASSIST articulation rows normalize to the same receiving course,,https://assist.org/transfer/results?year=76&institution=94&agreement=144&agreementType=to&viewAgreementsOptions=true&view=agreement&viewBy=major&viewSendingAgreements=false&viewByKey=76%2F94%2Fto%2F144%2FMajor%2Fbe462cb5-458a-4c3d-5be5-08dd9e07c477,76/94/to/144/Major/be462cb5-458a-4c3d-5be5-08dd9e07c477
low,duplicate_receiving_label,Check whether ASSIST repeats the same receiving course in multiple contexts; usually lower priority than grouping errors.,UCM,University of California Merced,Southwestern College,fail,CSE 030,duplicate_merged_row,duplicate raw CSV receiving row,2,,https://assist.org/transfer/results?year=76&institution=138&agreement=144&agreementType=to&viewAgreementsOptions=true&view=agreement&viewBy=major&viewSendingAgreements=false&viewByKey=76%2F138%2Fto%2F144%2FMajor%2Fbe462cb5-458a-4c3d-5be5-08dd9e07c477,76/138/to/144/Major/be462cb5-458a-4c3d-5be5-08dd9e07c477
low,duplicate_receiving_label,Check whether ASSIST repeats the same receiving course in multiple contexts; usually lower priority than grouping errors.,UCM,University of California Merced,Southwestern College,fail,CSE 030,duplicate_merged_row,duplicate ASSIST receiving row,multiple ASSIST articulation rows normalize to the same receiving course,,https://assist.org/transfer/results?year=76&institution=138&agreement=144&agreementType=to&viewAgreementsOptions=true&view=agreement&viewBy=major&viewSendingAgreements=false&viewByKey=76%2F138%2Fto%2F144%2FMajor%2Fbe462cb5-458a-4c3d-5be5-08dd9e07c477,76/138/to/144/Major/be462cb5-458a-4c3d-5be5-08dd9e07c477
low,duplicate_receiving_label,Check whether ASSIST repeats the same receiving course in multiple contexts; usually lower priority than grouping errors.,UCM,University of California Merced,Taft College,fail,CSE 030,duplicate_merged_row,duplicate raw CSV receiving row,2,,https://assist.org/transfer/results?year=76&institution=119&agreement=144&agreementType=to&viewAgreementsOptions=true&view=agreement&viewBy=major&viewSendingAgreements=false&viewByKey=76%2F119%2Fto%2F144%2FMajor%2Fbe462cb5-458a-4c3d-5be5-08dd9e07c477,76/119/to/144/Major/be462cb5-458a-4c3d-5be5-08dd9e07c477
low,duplicate_receiving_label,Check whether ASSIST repeats the same receiving course in multiple contexts; usually lower priority than grouping errors.,UCM,University of California Merced,Ventura College,fail,CSE 030,duplicate_merged_row,duplicate raw CSV receiving row,2,,https://assist.org/transfer/results?year=76&institution=95&agreement=144&agreementType=to&viewAgreementsOptions=true&view=agreement&viewBy=major&viewSendingAgreements=false&viewByKey=76%2F95%2Fto%2F144%2FMajor%2Fbe462cb5-458a-4c3d-5be5-08dd9e07c477,76/95/to/144/Major/be462cb5-458a-4c3d-5be5-08dd9e07c477
low,duplicate_receiving_label,Check whether ASSIST repeats the same receiving course in multiple contexts; usually lower priority than grouping errors.,UCM,University of California Merced,Ventura College,fail,CSE 030,duplicate_merged_row,duplicate ASSIST receiving row,multiple ASSIST articulation rows normalize to the same receiving course,,https://assist.org/transfer/results?year=76&institution=95&agreement=144&agreementType=to&viewAgreementsOptions=true&view=agreement&viewBy=major&viewSendingAgreements=false&viewByKey=76%2F95%2Fto%2F144%2FMajor%2Fbe462cb5-458a-4c3d-5be5-08dd9e07c477,76/95/to/144/Major/be462cb5-458a-4c3d-5be5-08dd9e07c477
low,duplicate_receiving_label,Check whether ASSIST repeats the same receiving course in multiple contexts; usually lower priority than grouping errors.,UCM,University of California Merced,Victor Valley College,fail,CSE 030,duplicate_merged_row,duplicate raw CSV receiving row,2,,https://assist.org/transfer/results?year=76&institution=19&agreement=144&agreementType=to&viewAgreementsOptions=true&view=agreement&viewBy=major&viewSendingAgreements=false&viewByKey=76%2F19%2Fto%2F144%2FMajor%2Fbe462cb5-458a-4c3d-5be5-08dd9e07c477,76/19/to/144/Major/be462cb5-458a-4c3d-5be5-08dd9e07c477
low,duplicate_receiving_label,Check whether ASSIST repeats the same receiving course in multiple contexts; usually lower priority than grouping errors.,UCM,University of California Merced,West Hills College Coalinga,fail,CSE 030,duplicate_merged_row,duplicate raw CSV receiving row,2,,https://assist.org/transfer/results?year=76&institution=67&agreement=144&agreementType=to&viewAgreementsOptions=true&view=agreement&viewBy=major&viewSendingAgreements=false&viewByKey=76%2F67%2Fto%2F144%2FMajor%2Fbe462cb5-458a-4c3d-5be5-08dd9e07c477,76/67/to/144/Major/be462cb5-458a-4c3d-5be5-08dd9e07c477
low,duplicate_receiving_label,Check whether ASSIST repeats the same receiving course in multiple contexts; usually lower priority than grouping errors.,UCM,University of California Merced,West Hills College Lemoore,fail,CSE 030,duplicate_merged_row,duplicate raw CSV receiving row,2,,https://assist.org/transfer/results?year=76&institution=146&agreement=144&agreementType=to&viewAgreementsOptions=true&view=agreement&viewBy=major&viewSendingAgreements=false&viewByKey=76%2F146%2Fto%2F144%2FMajor%2Fbe462cb5-458a-4c3d-5be5-08dd9e07c477,76/146/to/144/Major/be462cb5-458a-4c3d-5be5-08dd9e07c477
low,duplicate_receiving_label,Check whether ASSIST repeats the same receiving course in multiple contexts; usually lower priority than grouping errors.,UCM,University of California Merced,West Los Angeles College,fail,CSE 030,duplicate_merged_row,duplicate raw CSV receiving row,2,,https://assist.org/transfer/results?year=76&institution=91&agreement=144&agreementType=to&viewAgreementsOptions=true&view=agreement&viewBy=major&viewSendingAgreements=false&viewByKey=76%2F91%2Fto%2F144%2FMajor%2Fbe462cb5-458a-4c3d-5be5-08dd9e07c477,76/91/to/144/Major/be462cb5-458a-4c3d-5be5-08dd9e07c477
low,duplicate_receiving_label,Check whether ASSIST repeats the same receiving course in multiple contexts; usually lower priority than grouping errors.,UCM,University of California Merced,West Los Angeles College,fail,CSE 030,duplicate_merged_row,duplicate ASSIST receiving row,multiple ASSIST articulation rows normalize to the same receiving course,,https://assist.org/transfer/results?year=76&institution=91&agreement=144&agreementType=to&viewAgreementsOptions=true&view=agreement&viewBy=major&viewSendingAgreements=false&viewByKey=76%2F91%2Fto%2F144%2FMajor%2Fbe462cb5-458a-4c3d-5be5-08dd9e07c477,76/91/to/144/Major/be462cb5-458a-4c3d-5be5-08dd9e07c477
low,duplicate_receiving_label,Check whether ASSIST repeats the same receiving course in multiple contexts; usually lower priority than grouping errors.,UCM,University of California Merced,West Valley College,fail,CSE 030,duplicate_merged_row,duplicate raw CSV receiving row,2,,https://assist.org/transfer/results?year=76&institution=80&agreement=144&agreementType=to&viewAgreementsOptions=true&view=agreement&viewBy=major&viewSendingAgreements=false&viewByKey=76%2F80%2Fto%2F144%2FMajor%2Fbe462cb5-458a-4c3d-5be5-08dd9e07c477,76/80/to/144/Major/be462cb5-458a-4c3d-5be5-08dd9e07c477
low,duplicate_receiving_label,Check whether ASSIST repeats the same receiving course in multiple contexts; usually lower priority than grouping errors.,UCM,University of California Merced,West Valley College,fail,CSE 030,duplicate_merged_row,duplicate ASSIST receiving row,multiple ASSIST articulation rows normalize to the same receiving course,,https://assist.org/transfer/results?year=76&institution=80&agreement=144&agreementType=to&viewAgreementsOptions=true&view=agreement&viewBy=major&viewSendingAgreements=false&viewByKey=76%2F80%2Fto%2F144%2FMajor%2Fbe462cb5-458a-4c3d-5be5-08dd9e07c477,76/80/to/144/Major/be462cb5-458a-4c3d-5be5-08dd9e07c477
low,duplicate_receiving_label,Check whether ASSIST repeats the same receiving course in multiple contexts; usually lower priority than grouping errors.,UCM,University of California Merced,Woodland Community College,fail,CSE 030,duplicate_merged_row,duplicate raw CSV receiving row,2,,https://assist.org/transfer/results?year=76&institution=147&agreement=144&agreementType=to&viewAgreementsOptions=true&view=agreement&viewBy=major&viewSendingAgreements=false&viewByKey=76%2F147%2Fto%2F144%2FMajor%2Fbe462cb5-458a-4c3d-5be5-08dd9e07c477,76/147/to/144/Major/be462cb5-458a-4c3d-5be5-08dd9e07c477
low,duplicate_receiving_label,Check whether ASSIST repeats the same receiving course in multiple contexts; usually lower priority than grouping errors.,UCM,University of California Merced,Yuba College,fail,CSE 030,duplicate_merged_row,duplicate raw CSV receiving row,2,,https://assist.org/transfer/results?year=76&institution=90&agreement=144&agreementType=to&viewAgreementsOptions=true&view=agreement&viewBy=major&viewSendingAgreements=false&viewByKey=76%2F90%2Fto%2F144%2FMajor%2Fbe462cb5-458a-4c3d-5be5-08dd9e07c477,76/90/to/144/Major/be462cb5-458a-4c3d-5be5-08dd9e07c477
low,duplicate_receiving_label,Check whether ASSIST repeats the same receiving course in multiple contexts; usually lower priority than grouping errors.,UCM,University of California Merced,Yuba College,fail,CSE 030,duplicate_merged_row,duplicate ASSIST receiving row,multiple ASSIST articulation rows normalize to the same receiving course,,https://assist.org/transfer/results?year=76&institution=90&agreement=144&agreementType=to&viewAgreementsOptions=true&view=agreement&viewBy=major&viewSendingAgreements=false&viewByKey=76%2F90%2Fto%2F144%2FMajor%2Fbe462cb5-458a-4c3d-5be5-08dd9e07c477,76/90/to/144/Major/be462cb5-458a-4c3d-5be5-08dd9e07c477
low,option_order_only,No articulation meaning change; normalize option order in verifier/exporter if desired.,UCM,University of California Merced,De Anza College,fail,CSE 022,sending_options_mismatch,sending options differ,"[['CIS 22A (4.50)', 'CIS 22B (4.50)'], ['CIS 22A (4.50)', 'CIS 22BH (4.50)'], ['CIS 26A (4.50)'], ['CIS 27 (4.50)'], ['CIS 36A (4.50)', 'CIS 36B (4.50)'], ['CIS 41A (4.50)']]","[['CIS 22A (4.50)', 'CIS 22B (4.50)'], ['CIS 22A (4.50)', 'CIS 22BH (4.50)'], ['CIS 36A (4.50)', 'CIS 36B (4.50)'], ['CIS 26A (4.50)'], ['CIS 27 (4.50)'], ['CIS 41A (4.50)']]",https://assist.org/transfer/results?year=76&institution=113&agreement=144&agreementType=to&viewAgreementsOptions=true&view=agreement&viewBy=major&viewSendingAgreements=false&viewByKey=76%2F113%2Fto%2F144%2FMajor%2Fbe462cb5-458a-4c3d-5be5-08dd9e07c477,76/113/to/144/Major/be462cb5-458a-4c3d-5be5-08dd9e07c477
low,option_order_only,No articulation meaning change; normalize option order in verifier/exporter if desired.,UCM,University of California Merced,City College of San Francisco,fail,MATH 024,sending_options_mismatch,sending options differ,"[['MATH 130 (5.00)'], ['MATH 120 (3.00)', 'MATH 125 (3.00)']]","[['MATH 120 (3.00)', 'MATH 125 (3.00)'], ['MATH 130 (5.00)']]",https://assist.org/transfer/results?year=76&institution=33&agreement=144&agreementType=to&viewAgreementsOptions=true&view=agreement&viewBy=major&viewSendingAgreements=false&viewByKey=76%2F33%2Fto%2F144%2FMajor%2Fbe462cb5-458a-4c3d-5be5-08dd9e07c477,76/33/to/144/Major/be462cb5-458a-4c3d-5be5-08dd9e07c477
low,option_order_only,No articulation meaning change; normalize option order in verifier/exporter if desired.,UCM,University of California Merced,Fullerton College,fail,MATH 024,sending_options_mismatch,sending options differ,"[['MATH 252 F (4.00)'], ['MATH 255 F (3.00)', 'MATH 260 F (3.00)']]","[['MATH 255 F (3.00)', 'MATH 260 F (3.00)'], ['MATH 252 F (4.00)']]",https://assist.org/transfer/results?year=76&institution=134&agreement=144&agreementType=to&viewAgreementsOptions=true&view=agreement&viewBy=major&viewSendingAgreements=false&viewByKey=76%2F134%2Fto%2F144%2FMajor%2Fbe462cb5-458a-4c3d-5be5-08dd9e07c477,76/134/to/144/Major/be462cb5-458a-4c3d-5be5-08dd9e07c477
low,option_order_only,No articulation meaning change; normalize option order in verifier/exporter if desired.,UCM,University of California Merced,Mount San Antonio College,fail,MATH 024,sending_options_mismatch,sending options differ,"[['MATH 285 (5.00)'], ['MATH 260 (3.00)', 'MATH 290 (4.00)']]","[['MATH 260 (3.00)', 'MATH 290 (4.00)'], ['MATH 285 (5.00)']]",https://assist.org/transfer/results?year=76&institution=62&agreement=144&agreementType=to&viewAgreementsOptions=true&view=agreement&viewBy=major&viewSendingAgreements=false&viewByKey=76%2F62%2Fto%2F144%2FMajor%2Fbe462cb5-458a-4c3d-5be5-08dd9e07c477,76/62/to/144/Major/be462cb5-458a-4c3d-5be5-08dd9e07c477
low,option_order_only,No articulation meaning change; normalize option order in verifier/exporter if desired.,UCM,University of California Merced,Rio Hondo College,fail,MATH 024,sending_options_mismatch,sending options differ,"[['MATH 251 (5.00)'], ['MATH 260 (4.00)', 'MATH 270 (4.00)']]","[['MATH 260 (4.00)', 'MATH 270 (4.00)'], ['MATH 251 (5.00)']]",https://assist.org/transfer/results?year=76&institution=64&agreement=144&agreementType=to&viewAgreementsOptions=true&view=agreement&viewBy=major&viewSendingAgreements=false&viewByKey=76%2F64%2Fto%2F144%2FMajor%2Fbe462cb5-458a-4c3d-5be5-08dd9e07c477,76/64/to/144/Major/be462cb5-458a-4c3d-5be5-08dd9e07c477
low,option_order_only,No articulation meaning change; normalize option order in verifier/exporter if desired.,UCM,University of California Merced,Santiago Canyon College,fail,MATH 024,sending_options_mismatch,sending options differ,"[['MATH 287 (5.00)'], ['MATH 290 (3.00)', 'MATH 295 (3.00)']]","[['MATH 290 (3.00)', 'MATH 295 (3.00)'], ['MATH 287 (5.00)']]",https://assist.org/transfer/results?year=76&institution=66&agreement=144&agreementType=to&viewAgreementsOptions=true&view=agreement&viewBy=major&viewSendingAgreements=false&viewByKey=76%2F66%2Fto%2F144%2FMajor%2Fbe462cb5-458a-4c3d-5be5-08dd9e07c477,76/66/to/144/Major/be462cb5-458a-4c3d-5be5-08dd9e07c477
low,option_order_only,No articulation meaning change; normalize option order in verifier/exporter if desired.,UCM,University of California Merced,Chabot College,fail,PHYS 008; PHYS 008L,sending_options_mismatch,sending options differ,"[['PHYS 4A (5.00)'], ['PHYS 7A (5.00)', 'PHYS 7B (5.00)']]","[['PHYS 7A (5.00)', 'PHYS 7B (5.00)'], ['PHYS 4A (5.00)']]",https://assist.org/transfer/results?year=76&institution=96&agreement=144&agreementType=to&viewAgreementsOptions=true&view=agreement&viewBy=major&viewSendingAgreements=false&viewByKey=76%2F96%2Fto%2F144%2FMajor%2Fbe462cb5-458a-4c3d-5be5-08dd9e07c477,76/96/to/144/Major/be462cb5-458a-4c3d-5be5-08dd9e07c477
low,option_order_only,No articulation meaning change; normalize option order in verifier/exporter if desired.,UCM,University of California Merced,Compton College,fail,PHYS 008; PHYS 008L,sending_options_mismatch,sending options differ,"[['PHYS 101 (5.00)'], ['PHYS 150 (4.00)', 'PHYS 152 (4.00)']]","[['PHYS 150 (4.00)', 'PHYS 152 (4.00)'], ['PHYS 101 (5.00)']]",https://assist.org/transfer/results?year=76&institution=153&agreement=144&agreementType=to&viewAgreementsOptions=true&view=agreement&viewBy=major&viewSendingAgreements=false&viewByKey=76%2F153%2Fto%2F144%2FMajor%2Fbe462cb5-458a-4c3d-5be5-08dd9e07c477,76/153/to/144/Major/be462cb5-458a-4c3d-5be5-08dd9e07c477
low,option_order_only,No articulation meaning change; normalize option order in verifier/exporter if desired.,UCM,University of California Merced,Santa Monica College,fail,PHYS 008; PHYS 008L,sending_options_mismatch,sending options differ,"[['PHYSCS 8 (4.00)'], ['PHYSCS 21 (5.00)', 'PHYSCS 23 (5.00)']]","[['PHYSCS 21 (5.00)', 'PHYSCS 23 (5.00)'], ['PHYSCS 8 (4.00)']]",https://assist.org/transfer/results?year=76&institution=137&agreement=144&agreementType=to&viewAgreementsOptions=true&view=agreement&viewBy=major&viewSendingAgreements=false&viewByKey=76%2F137%2Fto%2F144%2FMajor%2Fbe462cb5-458a-4c3d-5be5-08dd9e07c477,76/137/to/144/Major/be462cb5-458a-4c3d-5be5-08dd9e07c477
low,option_order_only,No articulation meaning change; normalize option order in verifier/exporter if desired.,UCM,University of California Merced,Compton College,fail,PHYS 009; PHYS 009L,sending_options_mismatch,sending options differ,"[['PHYS 102 (5.00)'], ['PHYS 152 (4.00)', 'PHYS 250 (4.00)']]","[['PHYS 152 (4.00)', 'PHYS 250 (4.00)'], ['PHYS 102 (5.00)']]",https://assist.org/transfer/results?year=76&institution=153&agreement=144&agreementType=to&viewAgreementsOptions=true&view=agreement&viewBy=major&viewSendingAgreements=false&viewByKey=76%2F153%2Fto%2F144%2FMajor%2Fbe462cb5-458a-4c3d-5be5-08dd9e07c477,76/153/to/144/Major/be462cb5-458a-4c3d-5be5-08dd9e07c477
low,option_order_only,No articulation meaning change; normalize option order in verifier/exporter if desired.,UCM,University of California Merced,Santa Monica College,fail,PHYS 009; PHYS 009L,sending_options_mismatch,sending options differ,"[['PHYSCS 9 (4.00)'], ['PHYSCS 22 (5.00)', 'PHYSCS 23 (5.00)']]","[['PHYSCS 22 (5.00)', 'PHYSCS 23 (5.00)'], ['PHYSCS 9 (4.00)']]",https://assist.org/transfer/results?year=76&institution=137&agreement=144&agreementType=to&viewAgreementsOptions=true&view=agreement&viewBy=major&viewSendingAgreements=false&viewByKey=76%2F137%2Fto%2F144%2FMajor%2Fbe462cb5-458a-4c3d-5be5-08dd9e07c477,76/137/to/144/Major/be462cb5-458a-4c3d-5be5-08dd9e07c477
low,option_order_only,No articulation meaning change; normalize option order in verifier/exporter if desired.,UCR,University of California Riverside,De Anza College,fail,CS 10A,sending_options_mismatch,sending options differ,"[['CIS 22A (4.50)'], ['CIS 26A (4.50)'], ['CIS 26B (4.50)'], ['CIS 36A (4.50)', 'CIS 36B (4.50)']]","[['CIS 36A (4.50)', 'CIS 36B (4.50)'], ['CIS 22A (4.50)'], ['CIS 26A (4.50)'], ['CIS 26B (4.50)']]",https://assist.org/transfer/results?year=76&institution=113&agreement=46&agreementType=to&viewAgreementsOptions=true&view=agreement&viewBy=major&viewSendingAgreements=false&viewByKey=76%2F113%2Fto%2F46%2FMajor%2Fb3f7557b-47c0-4486-4ece-08de050a3a5e,76/113/to/46/Major/b3f7557b-47c0-4486-4ece-08de050a3a5e
low,option_order_only,No articulation meaning change; normalize option order in verifier/exporter if desired.,UCR,University of California Riverside,Mount San Antonio College,fail,CS 10A,sending_options_mismatch,sending options differ,"[['CSCI 110 (3.50)'], ['CSCI 140 (4.00)'], ['CSCI 145 (4.00)'], ['CISP 31 (3.00)', 'CISP 31L (0.50)'], ['CISP 34 (3.00)', 'CISP 34L (0.50)']]","[['CISP 31 (3.00)', 'CISP 31L (0.50)'], ['CISP 34 (3.00)', 'CISP 34L (0.50)'], ['CSCI 110 (3.50)'], ['CSCI 140 (4.00)'], ['CSCI 145 (4.00)']]",https://assist.org/transfer/results?year=76&institution=62&agreement=46&agreementType=to&viewAgreementsOptions=true&view=agreement&viewBy=major&viewSendingAgreements=false&viewByKey=76%2F62%2Fto%2F46%2FMajor%2Fb3f7557b-47c0-4486-4ece-08de050a3a5e,76/62/to/46/Major/b3f7557b-47c0-4486-4ece-08de050a3a5e
low,option_order_only,No articulation meaning change; normalize option order in verifier/exporter if desired.,UCR,University of California Riverside,De Anza College,fail,CS 10B,sending_options_mismatch,sending options differ,"[['CIS 22B (4.50)'], ['CIS 27 (4.50)'], ['CIS 28 (4.50)'], ['CIS 29 (4.50)'], ['CIS 36A (4.50)', 'CIS 36B (4.50)']]","[['CIS 36A (4.50)', 'CIS 36B (4.50)'], ['CIS 22B (4.50)'], ['CIS 27 (4.50)'], ['CIS 28 (4.50)'], ['CIS 29 (4.50)']]",https://assist.org/transfer/results?year=76&institution=113&agreement=46&agreementType=to&viewAgreementsOptions=true&view=agreement&viewBy=major&viewSendingAgreements=false&viewByKey=76%2F113%2Fto%2F46%2FMajor%2Fb3f7557b-47c0-4486-4ece-08de050a3a5e,76/113/to/46/Major/b3f7557b-47c0-4486-4ece-08de050a3a5e
low,option_order_only,No articulation meaning change; normalize option order in verifier/exporter if desired.,UCR,University of California Riverside,Fullerton College,fail,CS 10B,sending_options_mismatch,sending options differ,"[['CIS 223 F (3.00)'], ['CSCI 123 F (4.00)', 'CSCI 133 F (4.00)']]","[['CSCI 123 F (4.00)', 'CSCI 133 F (4.00)'], ['CIS 223 F (3.00)']]",https://assist.org/transfer/results?year=76&institution=134&agreement=46&agreementType=to&viewAgreementsOptions=true&view=agreement&viewBy=major&viewSendingAgreements=false&viewByKey=76%2F134%2Fto%2F46%2FMajor%2Fb3f7557b-47c0-4486-4ece-08de050a3a5e,76/134/to/46/Major/b3f7557b-47c0-4486-4ece-08de050a3a5e
low,option_order_only,No articulation meaning change; normalize option order in verifier/exporter if desired.,UCR,University of California Riverside,Santa Monica College,fail,CS 61,sending_options_mismatch,sending options differ,"[['CS 18 (3.00)'], ['CS 17 (3.00)', 'CS 42 (3.00)']]","[['CS 17 (3.00)', 'CS 42 (3.00)'], ['CS 18 (3.00)']]",https://assist.org/transfer/results?year=76&institution=137&agreement=46&agreementType=to&viewAgreementsOptions=true&view=agreement&viewBy=major&viewSendingAgreements=false&viewByKey=76%2F137%2Fto%2F46%2FMajor%2Fb3f7557b-47c0-4486-4ece-08de050a3a5e,76/137/to/46/Major/b3f7557b-47c0-4486-4ece-08de050a3a5e
low,option_order_only,No articulation meaning change; normalize option order in verifier/exporter if desired.,UCR,University of California Riverside,Pasadena City College,fail,PHYS 40B,sending_options_mismatch,sending options differ,"[['PHYS 001B (5.00)'], ['PHYS 008A (5.00)', 'PHYS 008B (5.00)', 'PHYS 008C (5.00)']]","[['PHYS 008A (5.00)', 'PHYS 008B (5.00)', 'PHYS 008C (5.00)'], ['PHYS 001B (5.00)']]",https://assist.org/transfer/results?year=76&institution=49&agreement=46&agreementType=to&viewAgreementsOptions=true&view=agreement&viewBy=major&viewSendingAgreements=false&viewByKey=76%2F49%2Fto%2F46%2FMajor%2Fb3f7557b-47c0-4486-4ece-08de050a3a5e,76/49/to/46/Major/b3f7557b-47c0-4486-4ece-08de050a3a5e
low,option_order_only,No articulation meaning change; normalize option order in verifier/exporter if desired.,UCSB,University of California Santa Barbara,Madera Community College,fail,MATH 3A,sending_options_mismatch,sending options differ,"[['MATH 5A (5.00)'], ['MATH 75A (2.00)', 'MATH 75B (3.00)']]","[['MATH 75A (2.00)', 'MATH 75B (3.00)'], ['MATH 5A (5.00)']]",https://assist.org/transfer/results?year=76&institution=200&agreement=128&agreementType=to&viewAgreementsOptions=true&view=agreement&viewBy=major&viewSendingAgreements=false&viewByKey=76%2F200%2Fto%2F128%2FMajor%2F9b98e159-1754-4eb0-33c4-08ddf001012b,76/200/to/128/Major/9b98e159-1754-4eb0-33c4-08ddf001012b
low,option_order_only,No articulation meaning change; normalize option order in verifier/exporter if desired.,UCSC,University of California Santa Cruz,Santa Monica College,fail,CSE 12,sending_options_mismatch,sending options differ,"[['CS 18 (3.00)'], ['CS 17 (3.00)', 'CS 42 (3.00)']]","[['CS 17 (3.00)', 'CS 42 (3.00)'], ['CS 18 (3.00)']]",https://assist.org/transfer/results?year=76&institution=137&agreement=132&agreementType=to&viewAgreementsOptions=true&view=agreement&viewBy=major&viewSendingAgreements=false&viewByKey=76%2F137%2Fto%2F132%2FMajor%2Fe9fc6b47-5b0e-45b7-2015-08ddcb96df9e,76/137/to/132/Major/e9fc6b47-5b0e-45b7-2015-08ddcb96df9e
low,option_order_only,No articulation meaning change; normalize option order in verifier/exporter if desired.,UCSC,University of California Santa Cruz,Orange Coast College,fail,CSE 16,sending_options_mismatch,sending options differ,"[['MATH A230 (5.00)'], ['CS A257 (3.00)', 'CS A262 (3.00)']]","[['CS A257 (3.00)', 'CS A262 (3.00)'], ['MATH A230 (5.00)']]",https://assist.org/transfer/results?year=76&institution=74&agreement=132&agreementType=to&viewAgreementsOptions=true&view=agreement&viewBy=major&viewSendingAgreements=false&viewByKey=76%2F74%2Fto%2F132%2FMajor%2Fe9fc6b47-5b0e-45b7-2015-08ddcb96df9e,76/74/to/132/Major/e9fc6b47-5b0e-45b7-2015-08ddcb96df9e
low,option_order_only,No articulation meaning change; normalize option order in verifier/exporter if desired.,UCSC,University of California Santa Cruz,Santa Monica College,fail,CSE 30,sending_options_mismatch,sending options differ,"[['CS 20A (3.00)'], ['CS 20B (3.00)', 'CS 50 (3.00)']]","[['CS 20B (3.00)', 'CS 50 (3.00)'], ['CS 20A (3.00)']]",https://assist.org/transfer/results?year=76&institution=137&agreement=132&agreementType=to&viewAgreementsOptions=true&view=agreement&viewBy=major&viewSendingAgreements=false&viewByKey=76%2F137%2Fto%2F132%2FMajor%2Fe9fc6b47-5b0e-45b7-2015-08ddcb96df9e,76/137/to/132/Major/e9fc6b47-5b0e-45b7-2015-08ddcb96df9e
low,option_order_only,No articulation meaning change; normalize option order in verifier/exporter if desired.,UCSD,University of California San Diego,Cerro Coso Community College,fail,BILD 1,sending_options_mismatch,sending options differ,"[['BIOL C111 (5.00)'], ['BIOL C111H (6.00)', 'BIOL C112 (5.00)'], ['BIOL C112H (6.00)']]","[['BIOL C111H (6.00)', 'BIOL C112 (5.00)'], ['BIOL C111 (5.00)'], ['BIOL C112H (6.00)']]",https://assist.org/transfer/results?year=76&institution=9&agreement=7&agreementType=to&viewAgreementsOptions=true&view=agreement&viewBy=major&viewSendingAgreements=false&viewByKey=76%2F9%2Fto%2F7%2FMajor%2F76ab1c59-2dcf-4c6f-f364-08ddd3b241a4,76/9/to/7/Major/76ab1c59-2dcf-4c6f-f364-08ddd3b241a4
low,option_order_only,No articulation meaning change; normalize option order in verifier/exporter if desired.,UCSD,University of California San Diego,Cerro Coso Community College,fail,BILD 2,sending_options_mismatch,sending options differ,"[['BIOL C111 (5.00)'], ['BIOL C111H (6.00)', 'BIOL C112 (5.00)'], ['BIOL C112H (6.00)']]","[['BIOL C111H (6.00)', 'BIOL C112 (5.00)'], ['BIOL C111 (5.00)'], ['BIOL C112H (6.00)']]",https://assist.org/transfer/results?year=76&institution=9&agreement=7&agreementType=to&viewAgreementsOptions=true&view=agreement&viewBy=major&viewSendingAgreements=false&viewByKey=76%2F9%2Fto%2F7%2FMajor%2F76ab1c59-2dcf-4c6f-f364-08ddd3b241a4,76/9/to/7/Major/76ab1c59-2dcf-4c6f-f364-08ddd3b241a4
low,option_order_only,No articulation meaning change; normalize option order in verifier/exporter if desired.,UCSD,University of California San Diego,Cerro Coso Community College,fail,BILD 3,sending_options_mismatch,sending options differ,"[['BIOL C111 (5.00)'], ['BIOL C111H (6.00)', 'BIOL C112 (5.00)'], ['BIOL C112H (6.00)']]","[['BIOL C111H (6.00)', 'BIOL C112 (5.00)'], ['BIOL C111 (5.00)'], ['BIOL C112H (6.00)']]",https://assist.org/transfer/results?year=76&institution=9&agreement=7&agreementType=to&viewAgreementsOptions=true&view=agreement&viewBy=major&viewSendingAgreements=false&viewByKey=76%2F9%2Fto%2F7%2FMajor%2F76ab1c59-2dcf-4c6f-f364-08ddd3b241a4,76/9/to/7/Major/76ab1c59-2dcf-4c6f-f364-08ddd3b241a4
low,option_order_only,No articulation meaning change; normalize option order in verifier/exporter if desired.,UCSD,University of California San Diego,Sierra College,fail,CHEM 6A,sending_options_mismatch,sending options differ,"[['CHEM 1A (5.00)'], ['CHEM 3A (3.00)', 'CHEM 3B (3.00)']]","[['CHEM 3A (3.00)', 'CHEM 3B (3.00)'], ['CHEM 1A (5.00)']]",https://assist.org/transfer/results?year=76&institution=93&agreement=7&agreementType=to&viewAgreementsOptions=true&view=agreement&viewBy=major&viewSendingAgreements=false&viewByKey=76%2F93%2Fto%2F7%2FMajor%2F76ab1c59-2dcf-4c6f-f364-08ddd3b241a4,76/93/to/7/Major/76ab1c59-2dcf-4c6f-f364-08ddd3b241a4
low,option_order_only,No articulation meaning change; normalize option order in verifier/exporter if desired.,UCSD,University of California San Diego,Glendale Community College,fail,CSE 11,sending_options_mismatch,sending options differ,"[['CS/IS 139 (3.00)'], ['CS/IS 135 (3.00)', 'CS/IS 211 (4.00)']]","[['CS/IS 135 (3.00)', 'CS/IS 211 (4.00)'], ['CS/IS 139 (3.00)']]",https://assist.org/transfer/results?year=76&institution=43&agreement=7&agreementType=to&viewAgreementsOptions=true&view=agreement&viewBy=major&viewSendingAgreements=false&viewByKey=76%2F43%2Fto%2F7%2FMajor%2F76ab1c59-2dcf-4c6f-f364-08ddd3b241a4,76/43/to/7/Major/76ab1c59-2dcf-4c6f-f364-08ddd3b241a4
low,option_order_only,No articulation meaning change; normalize option order in verifier/exporter if desired.,UCSD,University of California San Diego,West Los Angeles College,fail,CSE 11,sending_options_mismatch,sending options differ,"[['CS 216 (3.00)'], ['CS 119 (3.00)', 'CS 136 (3.00)']]","[['CS 119 (3.00)', 'CS 136 (3.00)'], ['CS 216 (3.00)']]",https://assist.org/transfer/results?year=76&institution=91&agreement=7&agreementType=to&viewAgreementsOptions=true&view=agreement&viewBy=major&viewSendingAgreements=false&viewByKey=76%2F91%2Fto%2F7%2FMajor%2F76ab1c59-2dcf-4c6f-f364-08ddd3b241a4,76/91/to/7/Major/76ab1c59-2dcf-4c6f-f364-08ddd3b241a4
low,option_order_only,No articulation meaning change; normalize option order in verifier/exporter if desired.,UCSD,University of California San Diego,Mount San Antonio College,fail,CSE 12,sending_options_mismatch,sending options differ,"[['CSCI 140 (4.00)'], ['CSCI 220 (3.50)', 'CSCI 230 (3.50)']]","[['CSCI 220 (3.50)', 'CSCI 230 (3.50)'], ['CSCI 140 (4.00)']]",https://assist.org/transfer/results?year=76&institution=62&agreement=7&agreementType=to&viewAgreementsOptions=true&view=agreement&viewBy=major&viewSendingAgreements=false&viewByKey=76%2F62%2Fto%2F7%2FMajor%2F76ab1c59-2dcf-4c6f-f364-08ddd3b241a4,76/62/to/7/Major/76ab1c59-2dcf-4c6f-f364-08ddd3b241a4
info,non_course_requirement_duplicate,Treat as raw audit noise from repeated non-course requirement labels.,UCB,University of California Berkeley,Allan Hancock College,fail,<blank>,duplicate_merged_row,duplicate raw CSV receiving row,2,,https://assist.org/transfer/results?year=76&institution=110&agreement=79&agreementType=to&viewAgreementsOptions=true&view=agreement&viewBy=major&viewSendingAgreements=false&viewByKey=76%2F110%2Fto%2F79%2FMajor%2F7d01fb7b-2afa-460e-ace0-08ddbf3f4ee7,76/110/to/79/Major/7d01fb7b-2afa-460e-ace0-08ddbf3f4ee7
info,non_course_requirement_duplicate,Treat as raw audit noise from repeated non-course requirement labels.,UCB,University of California Berkeley,American River College,fail,<blank>,duplicate_merged_row,duplicate raw CSV receiving row,2,,https://assist.org/transfer/results?year=76&institution=27&agreement=79&agreementType=to&viewAgreementsOptions=true&view=agreement&viewBy=major&viewSendingAgreements=false&viewByKey=76%2F27%2Fto%2F79%2FMajor%2F7d01fb7b-2afa-460e-ace0-08ddbf3f4ee7,76/27/to/79/Major/7d01fb7b-2afa-460e-ace0-08ddbf3f4ee7
info,non_course_requirement_duplicate,Treat as raw audit noise from repeated non-course requirement labels.,UCB,University of California Berkeley,Antelope Valley College,fail,<blank>,duplicate_merged_row,duplicate raw CSV receiving row,2,,https://assist.org/transfer/results?year=76&institution=121&agreement=79&agreementType=to&viewAgreementsOptions=true&view=agreement&viewBy=major&viewSendingAgreements=false&viewByKey=76%2F121%2Fto%2F79%2FMajor%2F7d01fb7b-2afa-460e-ace0-08ddbf3f4ee7,76/121/to/79/Major/7d01fb7b-2afa-460e-ace0-08ddbf3f4ee7
info,non_course_requirement_duplicate,Treat as raw audit noise from repeated non-course requirement labels.,UCB,University of California Berkeley,Bakersfield College,fail,<blank>,duplicate_merged_row,duplicate raw CSV receiving row,2,,https://assist.org/transfer/results?year=76&institution=84&agreement=79&agreementType=to&viewAgreementsOptions=true&view=agreement&viewBy=major&viewSendingAgreements=false&viewByKey=76%2F84%2Fto%2F79%2FMajor%2F7d01fb7b-2afa-460e-ace0-08ddbf3f4ee7,76/84/to/79/Major/7d01fb7b-2afa-460e-ace0-08ddbf3f4ee7
info,non_course_requirement_duplicate,Treat as raw audit noise from repeated non-course requirement labels.,UCB,University of California Berkeley,Barstow Community College,fail,<blank>,duplicate_merged_row,duplicate raw CSV receiving row,2,,https://assist.org/transfer/results?year=76&institution=20&agreement=79&agreementType=to&viewAgreementsOptions=true&view=agreement&viewBy=major&viewSendingAgreements=false&viewByKey=76%2F20%2Fto%2F79%2FMajor%2F7d01fb7b-2afa-460e-ace0-08ddbf3f4ee7,76/20/to/79/Major/7d01fb7b-2afa-460e-ace0-08ddbf3f4ee7
info,non_course_requirement_duplicate,Treat as raw audit noise from repeated non-course requirement labels.,UCB,University of California Berkeley,Berkeley City College,fail,<blank>,duplicate_merged_row,duplicate raw CSV receiving row,2,,https://assist.org/transfer/results?year=76&institution=58&agreement=79&agreementType=to&viewAgreementsOptions=true&view=agreement&viewBy=major&viewSendingAgreements=false&viewByKey=76%2F58%2Fto%2F79%2FMajor%2F7d01fb7b-2afa-460e-ace0-08ddbf3f4ee7,76/58/to/79/Major/7d01fb7b-2afa-460e-ace0-08ddbf3f4ee7
info,non_course_requirement_duplicate,Treat as raw audit noise from repeated non-course requirement labels.,UCB,University of California Berkeley,Butte College,fail,<blank>,duplicate_merged_row,duplicate raw CSV receiving row,2,,https://assist.org/transfer/results?year=76&institution=8&agreement=79&agreementType=to&viewAgreementsOptions=true&view=agreement&viewBy=major&viewSendingAgreements=false&viewByKey=76%2F8%2Fto%2F79%2FMajor%2F7d01fb7b-2afa-460e-ace0-08ddbf3f4ee7,76/8/to/79/Major/7d01fb7b-2afa-460e-ace0-08ddbf3f4ee7
info,non_course_requirement_duplicate,Treat as raw audit noise from repeated non-course requirement labels.,UCB,University of California Berkeley,Cabrillo College,fail,<blank>,duplicate_merged_row,duplicate raw CSV receiving row,2,,https://assist.org/transfer/results?year=76&institution=41&agreement=79&agreementType=to&viewAgreementsOptions=true&view=agreement&viewBy=major&viewSendingAgreements=false&viewByKey=76%2F41%2Fto%2F79%2FMajor%2F7d01fb7b-2afa-460e-ace0-08ddbf3f4ee7,76/41/to/79/Major/7d01fb7b-2afa-460e-ace0-08ddbf3f4ee7
info,non_course_requirement_duplicate,Treat as raw audit noise from repeated non-course requirement labels.,UCB,University of California Berkeley,Canada College,fail,<blank>,duplicate_merged_row,duplicate raw CSV receiving row,2,,https://assist.org/transfer/results?year=76&institution=68&agreement=79&agreementType=to&viewAgreementsOptions=true&view=agreement&viewBy=major&viewSendingAgreements=false&viewByKey=76%2F68%2Fto%2F79%2FMajor%2F7d01fb7b-2afa-460e-ace0-08ddbf3f4ee7,76/68/to/79/Major/7d01fb7b-2afa-460e-ace0-08ddbf3f4ee7
info,non_course_requirement_duplicate,Treat as raw audit noise from repeated non-course requirement labels.,UCB,University of California Berkeley,Cerritos College,fail,<blank>,duplicate_merged_row,duplicate raw CSV receiving row,2,,https://assist.org/transfer/results?year=76&institution=104&agreement=79&agreementType=to&viewAgreementsOptions=true&view=agreement&viewBy=major&viewSendingAgreements=false&viewByKey=76%2F104%2Fto%2F79%2FMajor%2F7d01fb7b-2afa-460e-ace0-08ddbf3f4ee7,76/104/to/79/Major/7d01fb7b-2afa-460e-ace0-08ddbf3f4ee7
info,non_course_requirement_duplicate,Treat as raw audit noise from repeated non-course requirement labels.,UCB,University of California Berkeley,Cerro Coso Community College,fail,<blank>,duplicate_merged_row,duplicate raw CSV receiving row,2,,https://assist.org/transfer/results?year=76&institution=9&agreement=79&agreementType=to&viewAgreementsOptions=true&view=agreement&viewBy=major&viewSendingAgreements=false&viewByKey=76%2F9%2Fto%2F79%2FMajor%2F7d01fb7b-2afa-460e-ace0-08ddbf3f4ee7,76/9/to/79/Major/7d01fb7b-2afa-460e-ace0-08ddbf3f4ee7
info,non_course_requirement_duplicate,Treat as raw audit noise from repeated non-course requirement labels.,UCB,University of California Berkeley,Chabot College,fail,<blank>,duplicate_merged_row,duplicate raw CSV receiving row,2,,https://assist.org/transfer/results?year=76&institution=96&agreement=79&agreementType=to&viewAgreementsOptions=true&view=agreement&viewBy=major&viewSendingAgreements=false&viewByKey=76%2F96%2Fto%2F79%2FMajor%2F7d01fb7b-2afa-460e-ace0-08ddbf3f4ee7,76/96/to/79/Major/7d01fb7b-2afa-460e-ace0-08ddbf3f4ee7
info,non_course_requirement_duplicate,Treat as raw audit noise from repeated non-course requirement labels.,UCB,University of California Berkeley,Chaffey College,fail,<blank>,duplicate_merged_row,duplicate raw CSV receiving row,2,,https://assist.org/transfer/results?year=76&institution=69&agreement=79&agreementType=to&viewAgreementsOptions=true&view=agreement&viewBy=major&viewSendingAgreements=false&viewByKey=76%2F69%2Fto%2F79%2FMajor%2F7d01fb7b-2afa-460e-ace0-08ddbf3f4ee7,76/69/to/79/Major/7d01fb7b-2afa-460e-ace0-08ddbf3f4ee7
info,non_course_requirement_duplicate,Treat as raw audit noise from repeated non-course requirement labels.,UCB,University of California Berkeley,Citrus College,fail,<blank>,duplicate_merged_row,duplicate raw CSV receiving row,2,,https://assist.org/transfer/results?year=76&institution=97&agreement=79&agreementType=to&viewAgreementsOptions=true&view=agreement&viewBy=major&viewSendingAgreements=false&viewByKey=76%2F97%2Fto%2F79%2FMajor%2F7d01fb7b-2afa-460e-ace0-08ddbf3f4ee7,76/97/to/79/Major/7d01fb7b-2afa-460e-ace0-08ddbf3f4ee7
info,non_course_requirement_duplicate,Treat as raw audit noise from repeated non-course requirement labels.,UCB,University of California Berkeley,City College of San Francisco,fail,<blank>,duplicate_merged_row,duplicate raw CSV receiving row,2,,https://assist.org/transfer/results?year=76&institution=33&agreement=79&agreementType=to&viewAgreementsOptions=true&view=agreement&viewBy=major&viewSendingAgreements=false&viewByKey=76%2F33%2Fto%2F79%2FMajor%2F7d01fb7b-2afa-460e-ace0-08ddbf3f4ee7,76/33/to/79/Major/7d01fb7b-2afa-460e-ace0-08ddbf3f4ee7
info,non_course_requirement_duplicate,Treat as raw audit noise from repeated non-course requirement labels.,UCB,University of California Berkeley,Clovis Community College,fail,<blank>,duplicate_merged_row,duplicate raw CSV receiving row,2,,https://assist.org/transfer/results?year=76&institution=150&agreement=79&agreementType=to&viewAgreementsOptions=true&view=agreement&viewBy=major&viewSendingAgreements=false&viewByKey=76%2F150%2Fto%2F79%2FMajor%2F7d01fb7b-2afa-460e-ace0-08ddbf3f4ee7,76/150/to/79/Major/7d01fb7b-2afa-460e-ace0-08ddbf3f4ee7
info,non_course_requirement_duplicate,Treat as raw audit noise from repeated non-course requirement labels.,UCB,University of California Berkeley,Coastline Community College,fail,<blank>,duplicate_merged_row,duplicate raw CSV receiving row,2,,https://assist.org/transfer/results?year=76&institution=105&agreement=79&agreementType=to&viewAgreementsOptions=true&view=agreement&viewBy=major&viewSendingAgreements=false&viewByKey=76%2F105%2Fto%2F79%2FMajor%2F7d01fb7b-2afa-460e-ace0-08ddbf3f4ee7,76/105/to/79/Major/7d01fb7b-2afa-460e-ace0-08ddbf3f4ee7
info,non_course_requirement_duplicate,Treat as raw audit noise from repeated non-course requirement labels.,UCB,University of California Berkeley,College of Alameda,fail,<blank>,duplicate_merged_row,duplicate raw CSV receiving row,2,,https://assist.org/transfer/results?year=76&institution=111&agreement=79&agreementType=to&viewAgreementsOptions=true&view=agreement&viewBy=major&viewSendingAgreements=false&viewByKey=76%2F111%2Fto%2F79%2FMajor%2F7d01fb7b-2afa-460e-ace0-08ddbf3f4ee7,76/111/to/79/Major/7d01fb7b-2afa-460e-ace0-08ddbf3f4ee7
info,non_course_requirement_duplicate,Treat as raw audit noise from repeated non-course requirement labels.,UCB,University of California Berkeley,College of Marin,fail,<blank>,duplicate_merged_row,duplicate raw CSV receiving row,2,,https://assist.org/transfer/results?year=76&institution=4&agreement=79&agreementType=to&viewAgreementsOptions=true&view=agreement&viewBy=major&viewSendingAgreements=false&viewByKey=76%2F4%2Fto%2F79%2FMajor%2F7d01fb7b-2afa-460e-ace0-08ddbf3f4ee7,76/4/to/79/Major/7d01fb7b-2afa-460e-ace0-08ddbf3f4ee7
info,non_course_requirement_duplicate,Treat as raw audit noise from repeated non-course requirement labels.,UCB,University of California Berkeley,College of San Mateo,fail,<blank>,duplicate_merged_row,duplicate raw CSV receiving row,2,,https://assist.org/transfer/results?year=76&institution=5&agreement=79&agreementType=to&viewAgreementsOptions=true&view=agreement&viewBy=major&viewSendingAgreements=false&viewByKey=76%2F5%2Fto%2F79%2FMajor%2F7d01fb7b-2afa-460e-ace0-08ddbf3f4ee7,76/5/to/79/Major/7d01fb7b-2afa-460e-ace0-08ddbf3f4ee7
info,non_course_requirement_duplicate,Treat as raw audit noise from repeated non-course requirement labels.,UCB,University of California Berkeley,College of the Canyons,fail,<blank>,duplicate_merged_row,duplicate raw CSV receiving row,2,,https://assist.org/transfer/results?year=76&institution=140&agreement=79&agreementType=to&viewAgreementsOptions=true&view=agreement&viewBy=major&viewSendingAgreements=false&viewByKey=76%2F140%2Fto%2F79%2FMajor%2F7d01fb7b-2afa-460e-ace0-08ddbf3f4ee7,76/140/to/79/Major/7d01fb7b-2afa-460e-ace0-08ddbf3f4ee7
info,non_course_requirement_duplicate,Treat as raw audit noise from repeated non-course requirement labels.,UCB,University of California Berkeley,College of the Desert,fail,<blank>,duplicate_merged_row,duplicate raw CSV receiving row,2,,https://assist.org/transfer/results?year=76&institution=30&agreement=79&agreementType=to&viewAgreementsOptions=true&view=agreement&viewBy=major&viewSendingAgreements=false&viewByKey=76%2F30%2Fto%2F79%2FMajor%2F7d01fb7b-2afa-460e-ace0-08ddbf3f4ee7,76/30/to/79/Major/7d01fb7b-2afa-460e-ace0-08ddbf3f4ee7
info,non_course_requirement_duplicate,Treat as raw audit noise from repeated non-course requirement labels.,UCB,University of California Berkeley,College of the Redwoods,fail,<blank>,duplicate_merged_row,duplicate raw CSV receiving row,2,,https://assist.org/transfer/results?year=76&institution=83&agreement=79&agreementType=to&viewAgreementsOptions=true&view=agreement&viewBy=major&viewSendingAgreements=false&viewByKey=76%2F83%2Fto%2F79%2FMajor%2F7d01fb7b-2afa-460e-ace0-08ddbf3f4ee7,76/83/to/79/Major/7d01fb7b-2afa-460e-ace0-08ddbf3f4ee7
info,non_course_requirement_duplicate,Treat as raw audit noise from repeated non-course requirement labels.,UCB,University of California Berkeley,College of the Sequoias,fail,<blank>,duplicate_merged_row,duplicate raw CSV receiving row,2,,https://assist.org/transfer/results?year=76&institution=6&agreement=79&agreementType=to&viewAgreementsOptions=true&view=agreement&viewBy=major&viewSendingAgreements=false&viewByKey=76%2F6%2Fto%2F79%2FMajor%2F7d01fb7b-2afa-460e-ace0-08ddbf3f4ee7,76/6/to/79/Major/7d01fb7b-2afa-460e-ace0-08ddbf3f4ee7
info,non_course_requirement_duplicate,Treat as raw audit noise from repeated non-course requirement labels.,UCB,University of California Berkeley,College of the Siskiyous,fail,<blank>,duplicate_merged_row,duplicate raw CSV receiving row,2,,https://assist.org/transfer/results?year=76&institution=102&agreement=79&agreementType=to&viewAgreementsOptions=true&view=agreement&viewBy=major&viewSendingAgreements=false&viewByKey=76%2F102%2Fto%2F79%2FMajor%2F7d01fb7b-2afa-460e-ace0-08ddbf3f4ee7,76/102/to/79/Major/7d01fb7b-2afa-460e-ace0-08ddbf3f4ee7
info,non_course_requirement_duplicate,Treat as raw audit noise from repeated non-course requirement labels.,UCB,University of California Berkeley,Columbia College,fail,<blank>,duplicate_merged_row,duplicate raw CSV receiving row,2,,https://assist.org/transfer/results?year=76&institution=10&agreement=79&agreementType=to&viewAgreementsOptions=true&view=agreement&viewBy=major&viewSendingAgreements=false&viewByKey=76%2F10%2Fto%2F79%2FMajor%2F7d01fb7b-2afa-460e-ace0-08ddbf3f4ee7,76/10/to/79/Major/7d01fb7b-2afa-460e-ace0-08ddbf3f4ee7
info,non_course_requirement_duplicate,Treat as raw audit noise from repeated non-course requirement labels.,UCB,University of California Berkeley,Compton College,fail,<blank>,duplicate_merged_row,duplicate raw CSV receiving row,2,,https://assist.org/transfer/results?year=76&institution=153&agreement=79&agreementType=to&viewAgreementsOptions=true&view=agreement&viewBy=major&viewSendingAgreements=false&viewByKey=76%2F153%2Fto%2F79%2FMajor%2F7d01fb7b-2afa-460e-ace0-08ddbf3f4ee7,76/153/to/79/Major/7d01fb7b-2afa-460e-ace0-08ddbf3f4ee7
info,non_course_requirement_duplicate,Treat as raw audit noise from repeated non-course requirement labels.,UCB,University of California Berkeley,Contra Costa College,fail,<blank>,duplicate_merged_row,duplicate raw CSV receiving row,2,,https://assist.org/transfer/results?year=76&institution=28&agreement=79&agreementType=to&viewAgreementsOptions=true&view=agreement&viewBy=major&viewSendingAgreements=false&viewByKey=76%2F28%2Fto%2F79%2FMajor%2F7d01fb7b-2afa-460e-ace0-08ddbf3f4ee7,76/28/to/79/Major/7d01fb7b-2afa-460e-ace0-08ddbf3f4ee7
info,non_course_requirement_duplicate,Treat as raw audit noise from repeated non-course requirement labels.,UCB,University of California Berkeley,Copper Mountain College,fail,<blank>,duplicate_merged_row,duplicate raw CSV receiving row,2,,https://assist.org/transfer/results?year=76&institution=112&agreement=79&agreementType=to&viewAgreementsOptions=true&view=agreement&viewBy=major&viewSendingAgreements=false&viewByKey=76%2F112%2Fto%2F79%2FMajor%2F7d01fb7b-2afa-460e-ace0-08ddbf3f4ee7,76/112/to/79/Major/7d01fb7b-2afa-460e-ace0-08ddbf3f4ee7
info,non_course_requirement_duplicate,Treat as raw audit noise from repeated non-course requirement labels.,UCB,University of California Berkeley,Cosumnes River College,fail,<blank>,duplicate_merged_row,duplicate raw CSV receiving row,2,,https://assist.org/transfer/results?year=76&institution=142&agreement=79&agreementType=to&viewAgreementsOptions=true&view=agreement&viewBy=major&viewSendingAgreements=false&viewByKey=76%2F142%2Fto%2F79%2FMajor%2F7d01fb7b-2afa-460e-ace0-08ddbf3f4ee7,76/142/to/79/Major/7d01fb7b-2afa-460e-ace0-08ddbf3f4ee7
info,non_course_requirement_duplicate,Treat as raw audit noise from repeated non-course requirement labels.,UCB,University of California Berkeley,Crafton Hills College,fail,<blank>,duplicate_merged_row,duplicate raw CSV receiving row,4,,https://assist.org/transfer/results?year=76&institution=70&agreement=79&agreementType=to&viewAgreementsOptions=true&view=agreement&viewBy=major&viewSendingAgreements=false&viewByKey=76%2F70%2Fto%2F79%2FMajor%2F7d01fb7b-2afa-460e-ace0-08ddbf3f4ee7,76/70/to/79/Major/7d01fb7b-2afa-460e-ace0-08ddbf3f4ee7
info,non_course_requirement_duplicate,Treat as raw audit noise from repeated non-course requirement labels.,UCB,University of California Berkeley,Cuesta College,fail,<blank>,duplicate_merged_row,duplicate raw CSV receiving row,2,,https://assist.org/transfer/results?year=76&institution=16&agreement=79&agreementType=to&viewAgreementsOptions=true&view=agreement&viewBy=major&viewSendingAgreements=false&viewByKey=76%2F16%2Fto%2F79%2FMajor%2F7d01fb7b-2afa-460e-ace0-08ddbf3f4ee7,76/16/to/79/Major/7d01fb7b-2afa-460e-ace0-08ddbf3f4ee7
info,non_course_requirement_duplicate,Treat as raw audit noise from repeated non-course requirement labels.,UCB,University of California Berkeley,Cuyamaca College,fail,<blank>,duplicate_merged_row,duplicate raw CSV receiving row,5,,https://assist.org/transfer/results?year=76&institution=99&agreement=79&agreementType=to&viewAgreementsOptions=true&view=agreement&viewBy=major&viewSendingAgreements=false&viewByKey=76%2F99%2Fto%2F79%2FMajor%2F7d01fb7b-2afa-460e-ace0-08ddbf3f4ee7,76/99/to/79/Major/7d01fb7b-2afa-460e-ace0-08ddbf3f4ee7
info,non_course_requirement_duplicate,Treat as raw audit noise from repeated non-course requirement labels.,UCB,University of California Berkeley,Cypress College,fail,<blank>,duplicate_merged_row,duplicate raw CSV receiving row,2,,https://assist.org/transfer/results?year=76&institution=71&agreement=79&agreementType=to&viewAgreementsOptions=true&view=agreement&viewBy=major&viewSendingAgreements=false&viewByKey=76%2F71%2Fto%2F79%2FMajor%2F7d01fb7b-2afa-460e-ace0-08ddbf3f4ee7,76/71/to/79/Major/7d01fb7b-2afa-460e-ace0-08ddbf3f4ee7
info,non_course_requirement_duplicate,Treat as raw audit noise from repeated non-course requirement labels.,UCB,University of California Berkeley,De Anza College,fail,<blank>,duplicate_merged_row,duplicate raw CSV receiving row,2,,https://assist.org/transfer/results?year=76&institution=113&agreement=79&agreementType=to&viewAgreementsOptions=true&view=agreement&viewBy=major&viewSendingAgreements=false&viewByKey=76%2F113%2Fto%2F79%2FMajor%2F7d01fb7b-2afa-460e-ace0-08ddbf3f4ee7,76/113/to/79/Major/7d01fb7b-2afa-460e-ace0-08ddbf3f4ee7
info,non_course_requirement_duplicate,Treat as raw audit noise from repeated non-course requirement labels.,UCB,University of California Berkeley,Diablo Valley College,fail,<blank>,duplicate_merged_row,duplicate raw CSV receiving row,2,,https://assist.org/transfer/results?year=76&institution=114&agreement=79&agreementType=to&viewAgreementsOptions=true&view=agreement&viewBy=major&viewSendingAgreements=false&viewByKey=76%2F114%2Fto%2F79%2FMajor%2F7d01fb7b-2afa-460e-ace0-08ddbf3f4ee7,76/114/to/79/Major/7d01fb7b-2afa-460e-ace0-08ddbf3f4ee7
info,non_course_requirement_duplicate,Treat as raw audit noise from repeated non-course requirement labels.,UCB,University of California Berkeley,East Los Angeles College,fail,<blank>,duplicate_merged_row,duplicate raw CSV receiving row,5,,https://assist.org/transfer/results?year=76&institution=118&agreement=79&agreementType=to&viewAgreementsOptions=true&view=agreement&viewBy=major&viewSendingAgreements=false&viewByKey=76%2F118%2Fto%2F79%2FMajor%2F7d01fb7b-2afa-460e-ace0-08ddbf3f4ee7,76/118/to/79/Major/7d01fb7b-2afa-460e-ace0-08ddbf3f4ee7
info,non_course_requirement_duplicate,Treat as raw audit noise from repeated non-course requirement labels.,UCB,University of California Berkeley,El Camino College,fail,<blank>,duplicate_merged_row,duplicate raw CSV receiving row,2,,https://assist.org/transfer/results?year=76&institution=103&agreement=79&agreementType=to&viewAgreementsOptions=true&view=agreement&viewBy=major&viewSendingAgreements=false&viewByKey=76%2F103%2Fto%2F79%2FMajor%2F7d01fb7b-2afa-460e-ace0-08ddbf3f4ee7,76/103/to/79/Major/7d01fb7b-2afa-460e-ace0-08ddbf3f4ee7
info,non_course_requirement_duplicate,Treat as raw audit noise from repeated non-course requirement labels.,UCB,University of California Berkeley,Evergreen Valley College,fail,<blank>,duplicate_merged_row,duplicate raw CSV receiving row,2,,https://assist.org/transfer/results?year=76&institution=2&agreement=79&agreementType=to&viewAgreementsOptions=true&view=agreement&viewBy=major&viewSendingAgreements=false&viewByKey=76%2F2%2Fto%2F79%2FMajor%2F7d01fb7b-2afa-460e-ace0-08ddbf3f4ee7,76/2/to/79/Major/7d01fb7b-2afa-460e-ace0-08ddbf3f4ee7
info,non_course_requirement_duplicate,Treat as raw audit noise from repeated non-course requirement labels.,UCB,University of California Berkeley,Feather River College,fail,<blank>,duplicate_merged_row,duplicate raw CSV receiving row,4,,https://assist.org/transfer/results?year=76&institution=122&agreement=79&agreementType=to&viewAgreementsOptions=true&view=agreement&viewBy=major&viewSendingAgreements=false&viewByKey=76%2F122%2Fto%2F79%2FMajor%2F7d01fb7b-2afa-460e-ace0-08ddbf3f4ee7,76/122/to/79/Major/7d01fb7b-2afa-460e-ace0-08ddbf3f4ee7
info,non_course_requirement_duplicate,Treat as raw audit noise from repeated non-course requirement labels.,UCB,University of California Berkeley,Folsom Lake College,fail,<blank>,duplicate_merged_row,duplicate raw CSV receiving row,2,,https://assist.org/transfer/results?year=76&institution=145&agreement=79&agreementType=to&viewAgreementsOptions=true&view=agreement&viewBy=major&viewSendingAgreements=false&viewByKey=76%2F145%2Fto%2F79%2FMajor%2F7d01fb7b-2afa-460e-ace0-08ddbf3f4ee7,76/145/to/79/Major/7d01fb7b-2afa-460e-ace0-08ddbf3f4ee7
info,non_course_requirement_duplicate,Treat as raw audit noise from repeated non-course requirement labels.,UCB,University of California Berkeley,Foothill College,fail,<blank>,duplicate_merged_row,duplicate raw CSV receiving row,2,,https://assist.org/transfer/results?year=76&institution=51&agreement=79&agreementType=to&viewAgreementsOptions=true&view=agreement&viewBy=major&viewSendingAgreements=false&viewByKey=76%2F51%2Fto%2F79%2FMajor%2F7d01fb7b-2afa-460e-ace0-08ddbf3f4ee7,76/51/to/79/Major/7d01fb7b-2afa-460e-ace0-08ddbf3f4ee7
info,non_course_requirement_duplicate,Treat as raw audit noise from repeated non-course requirement labels.,UCB,University of California Berkeley,Fresno City College,fail,<blank>,duplicate_merged_row,duplicate raw CSV receiving row,2,,https://assist.org/transfer/results?year=76&institution=35&agreement=79&agreementType=to&viewAgreementsOptions=true&view=agreement&viewBy=major&viewSendingAgreements=false&viewByKey=76%2F35%2Fto%2F79%2FMajor%2F7d01fb7b-2afa-460e-ace0-08ddbf3f4ee7,76/35/to/79/Major/7d01fb7b-2afa-460e-ace0-08ddbf3f4ee7
info,non_course_requirement_duplicate,Treat as raw audit noise from repeated non-course requirement labels.,UCB,University of California Berkeley,Fullerton College,fail,<blank>,duplicate_merged_row,duplicate raw CSV receiving row,2,,https://assist.org/transfer/results?year=76&institution=134&agreement=79&agreementType=to&viewAgreementsOptions=true&view=agreement&viewBy=major&viewSendingAgreements=false&viewByKey=76%2F134%2Fto%2F79%2FMajor%2F7d01fb7b-2afa-460e-ace0-08ddbf3f4ee7,76/134/to/79/Major/7d01fb7b-2afa-460e-ace0-08ddbf3f4ee7
info,non_course_requirement_duplicate,Treat as raw audit noise from repeated non-course requirement labels.,UCB,University of California Berkeley,Gavilan College,fail,<blank>,duplicate_merged_row,duplicate raw CSV receiving row,2,,https://assist.org/transfer/results?year=76&institution=72&agreement=79&agreementType=to&viewAgreementsOptions=true&view=agreement&viewBy=major&viewSendingAgreements=false&viewByKey=76%2F72%2Fto%2F79%2FMajor%2F7d01fb7b-2afa-460e-ace0-08ddbf3f4ee7,76/72/to/79/Major/7d01fb7b-2afa-460e-ace0-08ddbf3f4ee7
info,non_course_requirement_duplicate,Treat as raw audit noise from repeated non-course requirement labels.,UCB,University of California Berkeley,Glendale Community College,fail,<blank>,duplicate_merged_row,duplicate raw CSV receiving row,2,,https://assist.org/transfer/results?year=76&institution=43&agreement=79&agreementType=to&viewAgreementsOptions=true&view=agreement&viewBy=major&viewSendingAgreements=false&viewByKey=76%2F43%2Fto%2F79%2FMajor%2F7d01fb7b-2afa-460e-ace0-08ddbf3f4ee7,76/43/to/79/Major/7d01fb7b-2afa-460e-ace0-08ddbf3f4ee7
info,non_course_requirement_duplicate,Treat as raw audit noise from repeated non-course requirement labels.,UCB,University of California Berkeley,Golden West College,fail,<blank>,duplicate_merged_row,duplicate raw CSV receiving row,2,,https://assist.org/transfer/results?year=76&institution=55&agreement=79&agreementType=to&viewAgreementsOptions=true&view=agreement&viewBy=major&viewSendingAgreements=false&viewByKey=76%2F55%2Fto%2F79%2FMajor%2F7d01fb7b-2afa-460e-ace0-08ddbf3f4ee7,76/55/to/79/Major/7d01fb7b-2afa-460e-ace0-08ddbf3f4ee7
info,non_course_requirement_duplicate,Treat as raw audit noise from repeated non-course requirement labels.,UCB,University of California Berkeley,Grossmont College,fail,<blank>,duplicate_merged_row,duplicate raw CSV receiving row,5,,https://assist.org/transfer/results?year=76&institution=106&agreement=79&agreementType=to&viewAgreementsOptions=true&view=agreement&viewBy=major&viewSendingAgreements=false&viewByKey=76%2F106%2Fto%2F79%2FMajor%2F7d01fb7b-2afa-460e-ace0-08ddbf3f4ee7,76/106/to/79/Major/7d01fb7b-2afa-460e-ace0-08ddbf3f4ee7
info,non_course_requirement_duplicate,Treat as raw audit noise from repeated non-course requirement labels.,UCB,University of California Berkeley,Hartnell College,fail,<blank>,duplicate_merged_row,duplicate raw CSV receiving row,2,,https://assist.org/transfer/results?year=76&institution=123&agreement=79&agreementType=to&viewAgreementsOptions=true&view=agreement&viewBy=major&viewSendingAgreements=false&viewByKey=76%2F123%2Fto%2F79%2FMajor%2F7d01fb7b-2afa-460e-ace0-08ddbf3f4ee7,76/123/to/79/Major/7d01fb7b-2afa-460e-ace0-08ddbf3f4ee7
info,non_course_requirement_duplicate,Treat as raw audit noise from repeated non-course requirement labels.,UCB,University of California Berkeley,Imperial Valley College,fail,<blank>,duplicate_merged_row,duplicate raw CSV receiving row,2,,https://assist.org/transfer/results?year=76&institution=107&agreement=79&agreementType=to&viewAgreementsOptions=true&view=agreement&viewBy=major&viewSendingAgreements=false&viewByKey=76%2F107%2Fto%2F79%2FMajor%2F7d01fb7b-2afa-460e-ace0-08ddbf3f4ee7,76/107/to/79/Major/7d01fb7b-2afa-460e-ace0-08ddbf3f4ee7
info,non_course_requirement_duplicate,Treat as raw audit noise from repeated non-course requirement labels.,UCB,University of California Berkeley,Irvine Valley College,fail,<blank>,duplicate_merged_row,duplicate raw CSV receiving row,2,,https://assist.org/transfer/results?year=76&institution=124&agreement=79&agreementType=to&viewAgreementsOptions=true&view=agreement&viewBy=major&viewSendingAgreements=false&viewByKey=76%2F124%2Fto%2F79%2FMajor%2F7d01fb7b-2afa-460e-ace0-08ddbf3f4ee7,76/124/to/79/Major/7d01fb7b-2afa-460e-ace0-08ddbf3f4ee7
info,non_course_requirement_duplicate,Treat as raw audit noise from repeated non-course requirement labels.,UCB,University of California Berkeley,Lake Tahoe Community College,fail,<blank>,duplicate_merged_row,duplicate raw CSV receiving row,2,,https://assist.org/transfer/results?year=76&institution=40&agreement=79&agreementType=to&viewAgreementsOptions=true&view=agreement&viewBy=major&viewSendingAgreements=false&viewByKey=76%2F40%2Fto%2F79%2FMajor%2F7d01fb7b-2afa-460e-ace0-08ddbf3f4ee7,76/40/to/79/Major/7d01fb7b-2afa-460e-ace0-08ddbf3f4ee7
info,non_course_requirement_duplicate,Treat as raw audit noise from repeated non-course requirement labels.,UCB,University of California Berkeley,Laney College,fail,<blank>,duplicate_merged_row,duplicate raw CSV receiving row,2,,https://assist.org/transfer/results?year=76&institution=77&agreement=79&agreementType=to&viewAgreementsOptions=true&view=agreement&viewBy=major&viewSendingAgreements=false&viewByKey=76%2F77%2Fto%2F79%2FMajor%2F7d01fb7b-2afa-460e-ace0-08ddbf3f4ee7,76/77/to/79/Major/7d01fb7b-2afa-460e-ace0-08ddbf3f4ee7
info,non_course_requirement_duplicate,Treat as raw audit noise from repeated non-course requirement labels.,UCB,University of California Berkeley,Las Positas College,fail,<blank>,duplicate_merged_row,duplicate raw CSV receiving row,2,,https://assist.org/transfer/results?year=76&institution=18&agreement=79&agreementType=to&viewAgreementsOptions=true&view=agreement&viewBy=major&viewSendingAgreements=false&viewByKey=76%2F18%2Fto%2F79%2FMajor%2F7d01fb7b-2afa-460e-ace0-08ddbf3f4ee7,76/18/to/79/Major/7d01fb7b-2afa-460e-ace0-08ddbf3f4ee7
info,non_course_requirement_duplicate,Treat as raw audit noise from repeated non-course requirement labels.,UCB,University of California Berkeley,Lassen Community College,fail,<blank>,duplicate_merged_row,duplicate raw CSV receiving row,2,,https://assist.org/transfer/results?year=76&institution=82&agreement=79&agreementType=to&viewAgreementsOptions=true&view=agreement&viewBy=major&viewSendingAgreements=false&viewByKey=76%2F82%2Fto%2F79%2FMajor%2F7d01fb7b-2afa-460e-ace0-08ddbf3f4ee7,76/82/to/79/Major/7d01fb7b-2afa-460e-ace0-08ddbf3f4ee7
info,non_course_requirement_duplicate,Treat as raw audit noise from repeated non-course requirement labels.,UCB,University of California Berkeley,Long Beach City College,fail,<blank>,duplicate_merged_row,duplicate raw CSV receiving row,2,,https://assist.org/transfer/results?year=76&institution=135&agreement=79&agreementType=to&viewAgreementsOptions=true&view=agreement&viewBy=major&viewSendingAgreements=false&viewByKey=76%2F135%2Fto%2F79%2FMajor%2F7d01fb7b-2afa-460e-ace0-08ddbf3f4ee7,76/135/to/79/Major/7d01fb7b-2afa-460e-ace0-08ddbf3f4ee7
info,non_course_requirement_duplicate,Treat as raw audit noise from repeated non-course requirement labels.,UCB,University of California Berkeley,Los Angeles City College,fail,<blank>,duplicate_merged_row,duplicate raw CSV receiving row,2,,https://assist.org/transfer/results?year=76&institution=3&agreement=79&agreementType=to&viewAgreementsOptions=true&view=agreement&viewBy=major&viewSendingAgreements=false&viewByKey=76%2F3%2Fto%2F79%2FMajor%2F7d01fb7b-2afa-460e-ace0-08ddbf3f4ee7,76/3/to/79/Major/7d01fb7b-2afa-460e-ace0-08ddbf3f4ee7
info,non_course_requirement_duplicate,Treat as raw audit noise from repeated non-course requirement labels.,UCB,University of California Berkeley,Los Angeles Harbor College,fail,<blank>,duplicate_merged_row,duplicate raw CSV receiving row,2,,https://assist.org/transfer/results?year=76&institution=31&agreement=79&agreementType=to&viewAgreementsOptions=true&view=agreement&viewBy=major&viewSendingAgreements=false&viewByKey=76%2F31%2Fto%2F79%2FMajor%2F7d01fb7b-2afa-460e-ace0-08ddbf3f4ee7,76/31/to/79/Major/7d01fb7b-2afa-460e-ace0-08ddbf3f4ee7
info,non_course_requirement_duplicate,Treat as raw audit noise from repeated non-course requirement labels.,UCB,University of California Berkeley,Los Angeles Mission College,fail,<blank>,duplicate_merged_row,duplicate raw CSV receiving row,2,,https://assist.org/transfer/results?year=76&institution=47&agreement=79&agreementType=to&viewAgreementsOptions=true&view=agreement&viewBy=major&viewSendingAgreements=false&viewByKey=76%2F47%2Fto%2F79%2FMajor%2F7d01fb7b-2afa-460e-ace0-08ddbf3f4ee7,76/47/to/79/Major/7d01fb7b-2afa-460e-ace0-08ddbf3f4ee7
info,non_course_requirement_duplicate,Treat as raw audit noise from repeated non-course requirement labels.,UCB,University of California Berkeley,Los Angeles Pierce College,fail,<blank>,duplicate_merged_row,duplicate raw CSV receiving row,2,,https://assist.org/transfer/results?year=76&institution=86&agreement=79&agreementType=to&viewAgreementsOptions=true&view=agreement&viewBy=major&viewSendingAgreements=false&viewByKey=76%2F86%2Fto%2F79%2FMajor%2F7d01fb7b-2afa-460e-ace0-08ddbf3f4ee7,76/86/to/79/Major/7d01fb7b-2afa-460e-ace0-08ddbf3f4ee7
info,non_course_requirement_duplicate,Treat as raw audit noise from repeated non-course requirement labels.,UCB,University of California Berkeley,Los Angeles Southwest College,fail,<blank>,duplicate_merged_row,duplicate raw CSV receiving row,2,,https://assist.org/transfer/results?year=76&institution=130&agreement=79&agreementType=to&viewAgreementsOptions=true&view=agreement&viewBy=major&viewSendingAgreements=false&viewByKey=76%2F130%2Fto%2F79%2FMajor%2F7d01fb7b-2afa-460e-ace0-08ddbf3f4ee7,76/130/to/79/Major/7d01fb7b-2afa-460e-ace0-08ddbf3f4ee7
info,non_course_requirement_duplicate,Treat as raw audit noise from repeated non-course requirement labels.,UCB,University of California Berkeley,Los Angeles Trade Technical College,fail,<blank>,duplicate_merged_row,duplicate raw CSV receiving row,3,,https://assist.org/transfer/results?year=76&institution=25&agreement=79&agreementType=to&viewAgreementsOptions=true&view=agreement&viewBy=major&viewSendingAgreements=false&viewByKey=76%2F25%2Fto%2F79%2FMajor%2F7d01fb7b-2afa-460e-ace0-08ddbf3f4ee7,76/25/to/79/Major/7d01fb7b-2afa-460e-ace0-08ddbf3f4ee7
info,non_course_requirement_duplicate,Treat as raw audit noise from repeated non-course requirement labels.,UCB,University of California Berkeley,Los Angeles Valley College,fail,<blank>,duplicate_merged_row,duplicate raw CSV receiving row,2,,https://assist.org/transfer/results?year=76&institution=44&agreement=79&agreementType=to&viewAgreementsOptions=true&view=agreement&viewBy=major&viewSendingAgreements=false&viewByKey=76%2F44%2Fto%2F79%2FMajor%2F7d01fb7b-2afa-460e-ace0-08ddbf3f4ee7,76/44/to/79/Major/7d01fb7b-2afa-460e-ace0-08ddbf3f4ee7
info,non_course_requirement_duplicate,Treat as raw audit noise from repeated non-course requirement labels.,UCB,University of California Berkeley,Los Medanos College,fail,<blank>,duplicate_merged_row,duplicate raw CSV receiving row,2,,https://assist.org/transfer/results?year=76&institution=61&agreement=79&agreementType=to&viewAgreementsOptions=true&view=agreement&viewBy=major&viewSendingAgreements=false&viewByKey=76%2F61%2Fto%2F79%2FMajor%2F7d01fb7b-2afa-460e-ace0-08ddbf3f4ee7,76/61/to/79/Major/7d01fb7b-2afa-460e-ace0-08ddbf3f4ee7
info,non_course_requirement_duplicate,Treat as raw audit noise from repeated non-course requirement labels.,UCB,University of California Berkeley,Madera Community College,fail,<blank>,duplicate_merged_row,duplicate raw CSV receiving row,2,,https://assist.org/transfer/results?year=76&institution=200&agreement=79&agreementType=to&viewAgreementsOptions=true&view=agreement&viewBy=major&viewSendingAgreements=false&viewByKey=76%2F200%2Fto%2F79%2FMajor%2F7d01fb7b-2afa-460e-ace0-08ddbf3f4ee7,76/200/to/79/Major/7d01fb7b-2afa-460e-ace0-08ddbf3f4ee7
info,non_course_requirement_duplicate,Treat as raw audit noise from repeated non-course requirement labels.,UCB,University of California Berkeley,Mendocino College,fail,<blank>,duplicate_merged_row,duplicate raw CSV receiving row,5,,https://assist.org/transfer/results?year=76&institution=100&agreement=79&agreementType=to&viewAgreementsOptions=true&view=agreement&viewBy=major&viewSendingAgreements=false&viewByKey=76%2F100%2Fto%2F79%2FMajor%2F7d01fb7b-2afa-460e-ace0-08ddbf3f4ee7,76/100/to/79/Major/7d01fb7b-2afa-460e-ace0-08ddbf3f4ee7
info,non_course_requirement_duplicate,Treat as raw audit noise from repeated non-course requirement labels.,UCB,University of California Berkeley,Merced College,fail,<blank>,duplicate_merged_row,duplicate raw CSV receiving row,2,,https://assist.org/transfer/results?year=76&institution=17&agreement=79&agreementType=to&viewAgreementsOptions=true&view=agreement&viewBy=major&viewSendingAgreements=false&viewByKey=76%2F17%2Fto%2F79%2FMajor%2F7d01fb7b-2afa-460e-ace0-08ddbf3f4ee7,76/17/to/79/Major/7d01fb7b-2afa-460e-ace0-08ddbf3f4ee7
info,non_course_requirement_duplicate,Treat as raw audit noise from repeated non-course requirement labels.,UCB,University of California Berkeley,Merritt College,fail,<blank>,duplicate_merged_row,duplicate raw CSV receiving row,2,,https://assist.org/transfer/results?year=76&institution=13&agreement=79&agreementType=to&viewAgreementsOptions=true&view=agreement&viewBy=major&viewSendingAgreements=false&viewByKey=76%2F13%2Fto%2F79%2FMajor%2F7d01fb7b-2afa-460e-ace0-08ddbf3f4ee7,76/13/to/79/Major/7d01fb7b-2afa-460e-ace0-08ddbf3f4ee7
info,non_course_requirement_duplicate,Treat as raw audit noise from repeated non-course requirement labels.,UCB,University of California Berkeley,MiraCosta College,fail,<blank>,duplicate_merged_row,duplicate raw CSV receiving row,2,,https://assist.org/transfer/results?year=76&institution=108&agreement=79&agreementType=to&viewAgreementsOptions=true&view=agreement&viewBy=major&viewSendingAgreements=false&viewByKey=76%2F108%2Fto%2F79%2FMajor%2F7d01fb7b-2afa-460e-ace0-08ddbf3f4ee7,76/108/to/79/Major/7d01fb7b-2afa-460e-ace0-08ddbf3f4ee7
info,non_course_requirement_duplicate,Treat as raw audit noise from repeated non-course requirement labels.,UCB,University of California Berkeley,Mission College,fail,<blank>,duplicate_merged_row,duplicate raw CSV receiving row,2,,https://assist.org/transfer/results?year=76&institution=32&agreement=79&agreementType=to&viewAgreementsOptions=true&view=agreement&viewBy=major&viewSendingAgreements=false&viewByKey=76%2F32%2Fto%2F79%2FMajor%2F7d01fb7b-2afa-460e-ace0-08ddbf3f4ee7,76/32/to/79/Major/7d01fb7b-2afa-460e-ace0-08ddbf3f4ee7
info,non_course_requirement_duplicate,Treat as raw audit noise from repeated non-course requirement labels.,UCB,University of California Berkeley,Modesto Junior College,fail,<blank>,duplicate_merged_row,duplicate raw CSV receiving row,2,,https://assist.org/transfer/results?year=76&institution=52&agreement=79&agreementType=to&viewAgreementsOptions=true&view=agreement&viewBy=major&viewSendingAgreements=false&viewByKey=76%2F52%2Fto%2F79%2FMajor%2F7d01fb7b-2afa-460e-ace0-08ddbf3f4ee7,76/52/to/79/Major/7d01fb7b-2afa-460e-ace0-08ddbf3f4ee7
info,non_course_requirement_duplicate,Treat as raw audit noise from repeated non-course requirement labels.,UCB,University of California Berkeley,Monterey Peninsula College,fail,<blank>,duplicate_merged_row,duplicate raw CSV receiving row,2,,https://assist.org/transfer/results?year=76&institution=133&agreement=79&agreementType=to&viewAgreementsOptions=true&view=agreement&viewBy=major&viewSendingAgreements=false&viewByKey=76%2F133%2Fto%2F79%2FMajor%2F7d01fb7b-2afa-460e-ace0-08ddbf3f4ee7,76/133/to/79/Major/7d01fb7b-2afa-460e-ace0-08ddbf3f4ee7
info,non_course_requirement_duplicate,Treat as raw audit noise from repeated non-course requirement labels.,UCB,University of California Berkeley,Moorpark College,fail,<blank>,duplicate_merged_row,duplicate raw CSV receiving row,2,,https://assist.org/transfer/results?year=76&institution=139&agreement=79&agreementType=to&viewAgreementsOptions=true&view=agreement&viewBy=major&viewSendingAgreements=false&viewByKey=76%2F139%2Fto%2F79%2FMajor%2F7d01fb7b-2afa-460e-ace0-08ddbf3f4ee7,76/139/to/79/Major/7d01fb7b-2afa-460e-ace0-08ddbf3f4ee7
info,non_course_requirement_duplicate,Treat as raw audit noise from repeated non-course requirement labels.,UCB,University of California Berkeley,Moreno Valley College,fail,<blank>,duplicate_merged_row,duplicate raw CSV receiving row,2,,https://assist.org/transfer/results?year=76&institution=149&agreement=79&agreementType=to&viewAgreementsOptions=true&view=agreement&viewBy=major&viewSendingAgreements=false&viewByKey=76%2F149%2Fto%2F79%2FMajor%2F7d01fb7b-2afa-460e-ace0-08ddbf3f4ee7,76/149/to/79/Major/7d01fb7b-2afa-460e-ace0-08ddbf3f4ee7
info,non_course_requirement_duplicate,Treat as raw audit noise from repeated non-course requirement labels.,UCB,University of California Berkeley,Mount San Antonio College,fail,<blank>,duplicate_merged_row,duplicate raw CSV receiving row,2,,https://assist.org/transfer/results?year=76&institution=62&agreement=79&agreementType=to&viewAgreementsOptions=true&view=agreement&viewBy=major&viewSendingAgreements=false&viewByKey=76%2F62%2Fto%2F79%2FMajor%2F7d01fb7b-2afa-460e-ace0-08ddbf3f4ee7,76/62/to/79/Major/7d01fb7b-2afa-460e-ace0-08ddbf3f4ee7
info,non_course_requirement_duplicate,Treat as raw audit noise from repeated non-course requirement labels.,UCB,University of California Berkeley,Mt. San Jacinto College,fail,<blank>,duplicate_merged_row,duplicate raw CSV receiving row,2,,https://assist.org/transfer/results?year=76&institution=53&agreement=79&agreementType=to&viewAgreementsOptions=true&view=agreement&viewBy=major&viewSendingAgreements=false&viewByKey=76%2F53%2Fto%2F79%2FMajor%2F7d01fb7b-2afa-460e-ace0-08ddbf3f4ee7,76/53/to/79/Major/7d01fb7b-2afa-460e-ace0-08ddbf3f4ee7
info,non_course_requirement_duplicate,Treat as raw audit noise from repeated non-course requirement labels.,UCB,University of California Berkeley,Napa Valley College,fail,<blank>,duplicate_merged_row,duplicate raw CSV receiving row,2,,https://assist.org/transfer/results?year=76&institution=73&agreement=79&agreementType=to&viewAgreementsOptions=true&view=agreement&viewBy=major&viewSendingAgreements=false&viewByKey=76%2F73%2Fto%2F79%2FMajor%2F7d01fb7b-2afa-460e-ace0-08ddbf3f4ee7,76/73/to/79/Major/7d01fb7b-2afa-460e-ace0-08ddbf3f4ee7
info,non_course_requirement_duplicate,Treat as raw audit noise from repeated non-course requirement labels.,UCB,University of California Berkeley,Norco College,fail,<blank>,duplicate_merged_row,duplicate raw CSV receiving row,2,,https://assist.org/transfer/results?year=76&institution=148&agreement=79&agreementType=to&viewAgreementsOptions=true&view=agreement&viewBy=major&viewSendingAgreements=false&viewByKey=76%2F148%2Fto%2F79%2FMajor%2F7d01fb7b-2afa-460e-ace0-08ddbf3f4ee7,76/148/to/79/Major/7d01fb7b-2afa-460e-ace0-08ddbf3f4ee7
info,non_course_requirement_duplicate,Treat as raw audit noise from repeated non-course requirement labels.,UCB,University of California Berkeley,Ohlone College,fail,<blank>,duplicate_merged_row,duplicate raw CSV receiving row,2,,https://assist.org/transfer/results?year=76&institution=48&agreement=79&agreementType=to&viewAgreementsOptions=true&view=agreement&viewBy=major&viewSendingAgreements=false&viewByKey=76%2F48%2Fto%2F79%2FMajor%2F7d01fb7b-2afa-460e-ace0-08ddbf3f4ee7,76/48/to/79/Major/7d01fb7b-2afa-460e-ace0-08ddbf3f4ee7
info,non_course_requirement_duplicate,Treat as raw audit noise from repeated non-course requirement labels.,UCB,University of California Berkeley,Orange Coast College,fail,<blank>,duplicate_merged_row,duplicate raw CSV receiving row,2,,https://assist.org/transfer/results?year=76&institution=74&agreement=79&agreementType=to&viewAgreementsOptions=true&view=agreement&viewBy=major&viewSendingAgreements=false&viewByKey=76%2F74%2Fto%2F79%2FMajor%2F7d01fb7b-2afa-460e-ace0-08ddbf3f4ee7,76/74/to/79/Major/7d01fb7b-2afa-460e-ace0-08ddbf3f4ee7
info,non_course_requirement_duplicate,Treat as raw audit noise from repeated non-course requirement labels.,UCB,University of California Berkeley,Oxnard College,fail,<blank>,duplicate_merged_row,duplicate raw CSV receiving row,2,,https://assist.org/transfer/results?year=76&institution=87&agreement=79&agreementType=to&viewAgreementsOptions=true&view=agreement&viewBy=major&viewSendingAgreements=false&viewByKey=76%2F87%2Fto%2F79%2FMajor%2F7d01fb7b-2afa-460e-ace0-08ddbf3f4ee7,76/87/to/79/Major/7d01fb7b-2afa-460e-ace0-08ddbf3f4ee7
info,non_course_requirement_duplicate,Treat as raw audit noise from repeated non-course requirement labels.,UCB,University of California Berkeley,Palo Verde College,fail,<blank>,duplicate_merged_row,duplicate raw CSV receiving row,2,,https://assist.org/transfer/results?year=76&institution=63&agreement=79&agreementType=to&viewAgreementsOptions=true&view=agreement&viewBy=major&viewSendingAgreements=false&viewByKey=76%2F63%2Fto%2F79%2FMajor%2F7d01fb7b-2afa-460e-ace0-08ddbf3f4ee7,76/63/to/79/Major/7d01fb7b-2afa-460e-ace0-08ddbf3f4ee7
info,non_course_requirement_duplicate,Treat as raw audit noise from repeated non-course requirement labels.,UCB,University of California Berkeley,Palomar College,fail,<blank>,duplicate_merged_row,duplicate raw CSV receiving row,2,,https://assist.org/transfer/results?year=76&institution=56&agreement=79&agreementType=to&viewAgreementsOptions=true&view=agreement&viewBy=major&viewSendingAgreements=false&viewByKey=76%2F56%2Fto%2F79%2FMajor%2F7d01fb7b-2afa-460e-ace0-08ddbf3f4ee7,76/56/to/79/Major/7d01fb7b-2afa-460e-ace0-08ddbf3f4ee7
info,non_course_requirement_duplicate,Treat as raw audit noise from repeated non-course requirement labels.,UCB,University of California Berkeley,Pasadena City College,fail,<blank>,duplicate_merged_row,duplicate raw CSV receiving row,2,,https://assist.org/transfer/results?year=76&institution=49&agreement=79&agreementType=to&viewAgreementsOptions=true&view=agreement&viewBy=major&viewSendingAgreements=false&viewByKey=76%2F49%2Fto%2F79%2FMajor%2F7d01fb7b-2afa-460e-ace0-08ddbf3f4ee7,76/49/to/79/Major/7d01fb7b-2afa-460e-ace0-08ddbf3f4ee7
info,non_course_requirement_duplicate,Treat as raw audit noise from repeated non-course requirement labels.,UCB,University of California Berkeley,Porterville College,fail,<blank>,duplicate_merged_row,duplicate raw CSV receiving row,5,,https://assist.org/transfer/results?year=76&institution=125&agreement=79&agreementType=to&viewAgreementsOptions=true&view=agreement&viewBy=major&viewSendingAgreements=false&viewByKey=76%2F125%2Fto%2F79%2FMajor%2F7d01fb7b-2afa-460e-ace0-08ddbf3f4ee7,76/125/to/79/Major/7d01fb7b-2afa-460e-ace0-08ddbf3f4ee7
info,non_course_requirement_duplicate,Treat as raw audit noise from repeated non-course requirement labels.,UCB,University of California Berkeley,Reedley College,fail,<blank>,duplicate_merged_row,duplicate raw CSV receiving row,2,,https://assist.org/transfer/results?year=76&institution=36&agreement=79&agreementType=to&viewAgreementsOptions=true&view=agreement&viewBy=major&viewSendingAgreements=false&viewByKey=76%2F36%2Fto%2F79%2FMajor%2F7d01fb7b-2afa-460e-ace0-08ddbf3f4ee7,76/36/to/79/Major/7d01fb7b-2afa-460e-ace0-08ddbf3f4ee7
info,non_course_requirement_duplicate,Treat as raw audit noise from repeated non-course requirement labels.,UCB,University of California Berkeley,Rio Hondo College,fail,<blank>,duplicate_merged_row,duplicate raw CSV receiving row,2,,https://assist.org/transfer/results?year=76&institution=64&agreement=79&agreementType=to&viewAgreementsOptions=true&view=agreement&viewBy=major&viewSendingAgreements=false&viewByKey=76%2F64%2Fto%2F79%2FMajor%2F7d01fb7b-2afa-460e-ace0-08ddbf3f4ee7,76/64/to/79/Major/7d01fb7b-2afa-460e-ace0-08ddbf3f4ee7
info,non_course_requirement_duplicate,Treat as raw audit noise from repeated non-course requirement labels.,UCB,University of California Berkeley,Riverside City College,fail,<blank>,duplicate_merged_row,duplicate raw CSV receiving row,2,,https://assist.org/transfer/results?year=76&institution=78&agreement=79&agreementType=to&viewAgreementsOptions=true&view=agreement&viewBy=major&viewSendingAgreements=false&viewByKey=76%2F78%2Fto%2F79%2FMajor%2F7d01fb7b-2afa-460e-ace0-08ddbf3f4ee7,76/78/to/79/Major/7d01fb7b-2afa-460e-ace0-08ddbf3f4ee7
info,non_course_requirement_duplicate,Treat as raw audit noise from repeated non-course requirement labels.,UCB,University of California Berkeley,Sacramento City College,fail,<blank>,duplicate_merged_row,duplicate raw CSV receiving row,2,,https://assist.org/transfer/results?year=76&institution=126&agreement=79&agreementType=to&viewAgreementsOptions=true&view=agreement&viewBy=major&viewSendingAgreements=false&viewByKey=76%2F126%2Fto%2F79%2FMajor%2F7d01fb7b-2afa-460e-ace0-08ddbf3f4ee7,76/126/to/79/Major/7d01fb7b-2afa-460e-ace0-08ddbf3f4ee7
info,non_course_requirement_duplicate,Treat as raw audit noise from repeated non-course requirement labels.,UCB,University of California Berkeley,Saddleback College,fail,<blank>,duplicate_merged_row,duplicate raw CSV receiving row,2,,https://assist.org/transfer/results?year=76&institution=65&agreement=79&agreementType=to&viewAgreementsOptions=true&view=agreement&viewBy=major&viewSendingAgreements=false&viewByKey=76%2F65%2Fto%2F79%2FMajor%2F7d01fb7b-2afa-460e-ace0-08ddbf3f4ee7,76/65/to/79/Major/7d01fb7b-2afa-460e-ace0-08ddbf3f4ee7
info,non_course_requirement_duplicate,Treat as raw audit noise from repeated non-course requirement labels.,UCB,University of California Berkeley,San Bernardino Valley College,fail,<blank>,duplicate_merged_row,duplicate raw CSV receiving row,2,,https://assist.org/transfer/results?year=76&institution=131&agreement=79&agreementType=to&viewAgreementsOptions=true&view=agreement&viewBy=major&viewSendingAgreements=false&viewByKey=76%2F131%2Fto%2F79%2FMajor%2F7d01fb7b-2afa-460e-ace0-08ddbf3f4ee7,76/131/to/79/Major/7d01fb7b-2afa-460e-ace0-08ddbf3f4ee7
info,non_course_requirement_duplicate,Treat as raw audit noise from repeated non-course requirement labels.,UCB,University of California Berkeley,San Diego City College,fail,<blank>,duplicate_merged_row,duplicate raw CSV receiving row,2,,https://assist.org/transfer/results?year=76&institution=54&agreement=79&agreementType=to&viewAgreementsOptions=true&view=agreement&viewBy=major&viewSendingAgreements=false&viewByKey=76%2F54%2Fto%2F79%2FMajor%2F7d01fb7b-2afa-460e-ace0-08ddbf3f4ee7,76/54/to/79/Major/7d01fb7b-2afa-460e-ace0-08ddbf3f4ee7
info,non_course_requirement_duplicate,Treat as raw audit noise from repeated non-course requirement labels.,UCB,University of California Berkeley,San Diego Mesa College,fail,<blank>,duplicate_merged_row,duplicate raw CSV receiving row,2,,https://assist.org/transfer/results?year=76&institution=101&agreement=79&agreementType=to&viewAgreementsOptions=true&view=agreement&viewBy=major&viewSendingAgreements=false&viewByKey=76%2F101%2Fto%2F79%2FMajor%2F7d01fb7b-2afa-460e-ace0-08ddbf3f4ee7,76/101/to/79/Major/7d01fb7b-2afa-460e-ace0-08ddbf3f4ee7
info,non_course_requirement_duplicate,Treat as raw audit noise from repeated non-course requirement labels.,UCB,University of California Berkeley,San Diego Miramar College,fail,<blank>,duplicate_merged_row,duplicate raw CSV receiving row,2,,https://assist.org/transfer/results?year=76&institution=45&agreement=79&agreementType=to&viewAgreementsOptions=true&view=agreement&viewBy=major&viewSendingAgreements=false&viewByKey=76%2F45%2Fto%2F79%2FMajor%2F7d01fb7b-2afa-460e-ace0-08ddbf3f4ee7,76/45/to/79/Major/7d01fb7b-2afa-460e-ace0-08ddbf3f4ee7
info,non_course_requirement_duplicate,Treat as raw audit noise from repeated non-course requirement labels.,UCB,University of California Berkeley,San Joaquin Delta College,fail,<blank>,duplicate_merged_row,duplicate raw CSV receiving row,2,,https://assist.org/transfer/results?year=76&institution=109&agreement=79&agreementType=to&viewAgreementsOptions=true&view=agreement&viewBy=major&viewSendingAgreements=false&viewByKey=76%2F109%2Fto%2F79%2FMajor%2F7d01fb7b-2afa-460e-ace0-08ddbf3f4ee7,76/109/to/79/Major/7d01fb7b-2afa-460e-ace0-08ddbf3f4ee7
info,non_course_requirement_duplicate,Treat as raw audit noise from repeated non-course requirement labels.,UCB,University of California Berkeley,San Jose City College,fail,<blank>,duplicate_merged_row,duplicate raw CSV receiving row,2,,https://assist.org/transfer/results?year=76&institution=136&agreement=79&agreementType=to&viewAgreementsOptions=true&view=agreement&viewBy=major&viewSendingAgreements=false&viewByKey=76%2F136%2Fto%2F79%2FMajor%2F7d01fb7b-2afa-460e-ace0-08ddbf3f4ee7,76/136/to/79/Major/7d01fb7b-2afa-460e-ace0-08ddbf3f4ee7
info,non_course_requirement_duplicate,Treat as raw audit noise from repeated non-course requirement labels.,UCB,University of California Berkeley,Santa Ana College,fail,<blank>,duplicate_merged_row,duplicate raw CSV receiving row,2,,https://assist.org/transfer/results?year=76&institution=14&agreement=79&agreementType=to&viewAgreementsOptions=true&view=agreement&viewBy=major&viewSendingAgreements=false&viewByKey=76%2F14%2Fto%2F79%2FMajor%2F7d01fb7b-2afa-460e-ace0-08ddbf3f4ee7,76/14/to/79/Major/7d01fb7b-2afa-460e-ace0-08ddbf3f4ee7
info,non_course_requirement_duplicate,Treat as raw audit noise from repeated non-course requirement labels.,UCB,University of California Berkeley,Santa Barbara City College,fail,<blank>,duplicate_merged_row,duplicate raw CSV receiving row,2,,https://assist.org/transfer/results?year=76&institution=92&agreement=79&agreementType=to&viewAgreementsOptions=true&view=agreement&viewBy=major&viewSendingAgreements=false&viewByKey=76%2F92%2Fto%2F79%2FMajor%2F7d01fb7b-2afa-460e-ace0-08ddbf3f4ee7,76/92/to/79/Major/7d01fb7b-2afa-460e-ace0-08ddbf3f4ee7
info,non_course_requirement_duplicate,Treat as raw audit noise from repeated non-course requirement labels.,UCB,University of California Berkeley,Santa Monica College,fail,<blank>,duplicate_merged_row,duplicate raw CSV receiving row,2,,https://assist.org/transfer/results?year=76&institution=137&agreement=79&agreementType=to&viewAgreementsOptions=true&view=agreement&viewBy=major&viewSendingAgreements=false&viewByKey=76%2F137%2Fto%2F79%2FMajor%2F7d01fb7b-2afa-460e-ace0-08ddbf3f4ee7,76/137/to/79/Major/7d01fb7b-2afa-460e-ace0-08ddbf3f4ee7
info,non_course_requirement_duplicate,Treat as raw audit noise from repeated non-course requirement labels.,UCB,University of California Berkeley,Santa Rosa Junior College,fail,<blank>,duplicate_merged_row,duplicate raw CSV receiving row,2,,https://assist.org/transfer/results?year=76&institution=57&agreement=79&agreementType=to&viewAgreementsOptions=true&view=agreement&viewBy=major&viewSendingAgreements=false&viewByKey=76%2F57%2Fto%2F79%2FMajor%2F7d01fb7b-2afa-460e-ace0-08ddbf3f4ee7,76/57/to/79/Major/7d01fb7b-2afa-460e-ace0-08ddbf3f4ee7
info,non_course_requirement_duplicate,Treat as raw audit noise from repeated non-course requirement labels.,UCB,University of California Berkeley,Santiago Canyon College,fail,<blank>,duplicate_merged_row,duplicate raw CSV receiving row,2,,https://assist.org/transfer/results?year=76&institution=66&agreement=79&agreementType=to&viewAgreementsOptions=true&view=agreement&viewBy=major&viewSendingAgreements=false&viewByKey=76%2F66%2Fto%2F79%2FMajor%2F7d01fb7b-2afa-460e-ace0-08ddbf3f4ee7,76/66/to/79/Major/7d01fb7b-2afa-460e-ace0-08ddbf3f4ee7
info,non_course_requirement_duplicate,Treat as raw audit noise from repeated non-course requirement labels.,UCB,University of California Berkeley,Shasta College,fail,<blank>,duplicate_merged_row,duplicate raw CSV receiving row,2,,https://assist.org/transfer/results?year=76&institution=38&agreement=79&agreementType=to&viewAgreementsOptions=true&view=agreement&viewBy=major&viewSendingAgreements=false&viewByKey=76%2F38%2Fto%2F79%2FMajor%2F7d01fb7b-2afa-460e-ace0-08ddbf3f4ee7,76/38/to/79/Major/7d01fb7b-2afa-460e-ace0-08ddbf3f4ee7
info,non_course_requirement_duplicate,Treat as raw audit noise from repeated non-course requirement labels.,UCB,University of California Berkeley,Sierra College,fail,<blank>,duplicate_merged_row,duplicate raw CSV receiving row,2,,https://assist.org/transfer/results?year=76&institution=93&agreement=79&agreementType=to&viewAgreementsOptions=true&view=agreement&viewBy=major&viewSendingAgreements=false&viewByKey=76%2F93%2Fto%2F79%2FMajor%2F7d01fb7b-2afa-460e-ace0-08ddbf3f4ee7,76/93/to/79/Major/7d01fb7b-2afa-460e-ace0-08ddbf3f4ee7
info,non_course_requirement_duplicate,Treat as raw audit noise from repeated non-course requirement labels.,UCB,University of California Berkeley,Skyline College,fail,<blank>,duplicate_merged_row,duplicate raw CSV receiving row,2,,https://assist.org/transfer/results?year=76&institution=127&agreement=79&agreementType=to&viewAgreementsOptions=true&view=agreement&viewBy=major&viewSendingAgreements=false&viewByKey=76%2F127%2Fto%2F79%2FMajor%2F7d01fb7b-2afa-460e-ace0-08ddbf3f4ee7,76/127/to/79/Major/7d01fb7b-2afa-460e-ace0-08ddbf3f4ee7
info,non_course_requirement_duplicate,Treat as raw audit noise from repeated non-course requirement labels.,UCB,University of California Berkeley,Solano Community College,fail,<blank>,duplicate_merged_row,duplicate raw CSV receiving row,2,,https://assist.org/transfer/results?year=76&institution=94&agreement=79&agreementType=to&viewAgreementsOptions=true&view=agreement&viewBy=major&viewSendingAgreements=false&viewByKey=76%2F94%2Fto%2F79%2FMajor%2F7d01fb7b-2afa-460e-ace0-08ddbf3f4ee7,76/94/to/79/Major/7d01fb7b-2afa-460e-ace0-08ddbf3f4ee7
info,non_course_requirement_duplicate,Treat as raw audit noise from repeated non-course requirement labels.,UCB,University of California Berkeley,Southwestern College,fail,<blank>,duplicate_merged_row,duplicate raw CSV receiving row,2,,https://assist.org/transfer/results?year=76&institution=138&agreement=79&agreementType=to&viewAgreementsOptions=true&view=agreement&viewBy=major&viewSendingAgreements=false&viewByKey=76%2F138%2Fto%2F79%2FMajor%2F7d01fb7b-2afa-460e-ace0-08ddbf3f4ee7,76/138/to/79/Major/7d01fb7b-2afa-460e-ace0-08ddbf3f4ee7
info,non_course_requirement_duplicate,Treat as raw audit noise from repeated non-course requirement labels.,UCB,University of California Berkeley,Taft College,fail,<blank>,duplicate_merged_row,duplicate raw CSV receiving row,2,,https://assist.org/transfer/results?year=76&institution=119&agreement=79&agreementType=to&viewAgreementsOptions=true&view=agreement&viewBy=major&viewSendingAgreements=false&viewByKey=76%2F119%2Fto%2F79%2FMajor%2F7d01fb7b-2afa-460e-ace0-08ddbf3f4ee7,76/119/to/79/Major/7d01fb7b-2afa-460e-ace0-08ddbf3f4ee7
info,non_course_requirement_duplicate,Treat as raw audit noise from repeated non-course requirement labels.,UCB,University of California Berkeley,Ventura College,fail,<blank>,duplicate_merged_row,duplicate raw CSV receiving row,2,,https://assist.org/transfer/results?year=76&institution=95&agreement=79&agreementType=to&viewAgreementsOptions=true&view=agreement&viewBy=major&viewSendingAgreements=false&viewByKey=76%2F95%2Fto%2F79%2FMajor%2F7d01fb7b-2afa-460e-ace0-08ddbf3f4ee7,76/95/to/79/Major/7d01fb7b-2afa-460e-ace0-08ddbf3f4ee7
info,non_course_requirement_duplicate,Treat as raw audit noise from repeated non-course requirement labels.,UCB,University of California Berkeley,Victor Valley College,fail,<blank>,duplicate_merged_row,duplicate raw CSV receiving row,2,,https://assist.org/transfer/results?year=76&institution=19&agreement=79&agreementType=to&viewAgreementsOptions=true&view=agreement&viewBy=major&viewSendingAgreements=false&viewByKey=76%2F19%2Fto%2F79%2FMajor%2F7d01fb7b-2afa-460e-ace0-08ddbf3f4ee7,76/19/to/79/Major/7d01fb7b-2afa-460e-ace0-08ddbf3f4ee7
info,non_course_requirement_duplicate,Treat as raw audit noise from repeated non-course requirement labels.,UCB,University of California Berkeley,West Hills College Coalinga,fail,<blank>,duplicate_merged_row,duplicate raw CSV receiving row,4,,https://assist.org/transfer/results?year=76&institution=67&agreement=79&agreementType=to&viewAgreementsOptions=true&view=agreement&viewBy=major&viewSendingAgreements=false&viewByKey=76%2F67%2Fto%2F79%2FMajor%2F7d01fb7b-2afa-460e-ace0-08ddbf3f4ee7,76/67/to/79/Major/7d01fb7b-2afa-460e-ace0-08ddbf3f4ee7
info,non_course_requirement_duplicate,Treat as raw audit noise from repeated non-course requirement labels.,UCB,University of California Berkeley,West Hills College Lemoore,fail,<blank>,duplicate_merged_row,duplicate raw CSV receiving row,2,,https://assist.org/transfer/results?year=76&institution=146&agreement=79&agreementType=to&viewAgreementsOptions=true&view=agreement&viewBy=major&viewSendingAgreements=false&viewByKey=76%2F146%2Fto%2F79%2FMajor%2F7d01fb7b-2afa-460e-ace0-08ddbf3f4ee7,76/146/to/79/Major/7d01fb7b-2afa-460e-ace0-08ddbf3f4ee7
info,non_course_requirement_duplicate,Treat as raw audit noise from repeated non-course requirement labels.,UCB,University of California Berkeley,West Los Angeles College,fail,<blank>,duplicate_merged_row,duplicate raw CSV receiving row,2,,https://assist.org/transfer/results?year=76&institution=91&agreement=79&agreementType=to&viewAgreementsOptions=true&view=agreement&viewBy=major&viewSendingAgreements=false&viewByKey=76%2F91%2Fto%2F79%2FMajor%2F7d01fb7b-2afa-460e-ace0-08ddbf3f4ee7,76/91/to/79/Major/7d01fb7b-2afa-460e-ace0-08ddbf3f4ee7
info,non_course_requirement_duplicate,Treat as raw audit noise from repeated non-course requirement labels.,UCB,University of California Berkeley,West Valley College,fail,<blank>,duplicate_merged_row,duplicate raw CSV receiving row,2,,https://assist.org/transfer/results?year=76&institution=80&agreement=79&agreementType=to&viewAgreementsOptions=true&view=agreement&viewBy=major&viewSendingAgreements=false&viewByKey=76%2F80%2Fto%2F79%2FMajor%2F7d01fb7b-2afa-460e-ace0-08ddbf3f4ee7,76/80/to/79/Major/7d01fb7b-2afa-460e-ace0-08ddbf3f4ee7
info,non_course_requirement_duplicate,Treat as raw audit noise from repeated non-course requirement labels.,UCB,University of California Berkeley,Woodland Community College,fail,<blank>,duplicate_merged_row,duplicate raw CSV receiving row,2,,https://assist.org/transfer/results?year=76&institution=147&agreement=79&agreementType=to&viewAgreementsOptions=true&view=agreement&viewBy=major&viewSendingAgreements=false&viewByKey=76%2F147%2Fto%2F79%2FMajor%2F7d01fb7b-2afa-460e-ace0-08ddbf3f4ee7,76/147/to/79/Major/7d01fb7b-2afa-460e-ace0-08ddbf3f4ee7
info,non_course_requirement_duplicate,Treat as raw audit noise from repeated non-course requirement labels.,UCB,University of California Berkeley,Yuba College,fail,<blank>,duplicate_merged_row,duplicate raw CSV receiving row,2,,https://assist.org/transfer/results?year=76&institution=90&agreement=79&agreementType=to&viewAgreementsOptions=true&view=agreement&viewBy=major&viewSendingAgreements=false&viewByKey=76%2F90%2Fto%2F79%2FMajor%2F7d01fb7b-2afa-460e-ace0-08ddbf3f4ee7,76/90/to/79/Major/7d01fb7b-2afa-460e-ace0-08ddbf3f4ee7
info,non_course_requirement_duplicate,Treat as raw audit noise from repeated non-course requirement labels.,UCB,University of California Berkeley,Allan Hancock College,fail,Requirement,duplicate_merged_row,duplicate ASSIST receiving row,multiple ASSIST articulation rows normalize to the same receiving course,,https://assist.org/transfer/results?year=76&institution=110&agreement=79&agreementType=to&viewAgreementsOptions=true&view=agreement&viewBy=major&viewSendingAgreements=false&viewByKey=76%2F110%2Fto%2F79%2FMajor%2F7d01fb7b-2afa-460e-ace0-08ddbf3f4ee7,76/110/to/79/Major/7d01fb7b-2afa-460e-ace0-08ddbf3f4ee7
info,non_course_requirement_duplicate,Treat as raw audit noise from repeated non-course requirement labels.,UCB,University of California Berkeley,American River College,fail,Requirement,duplicate_merged_row,duplicate ASSIST receiving row,multiple ASSIST articulation rows normalize to the same receiving course,,https://assist.org/transfer/results?year=76&institution=27&agreement=79&agreementType=to&viewAgreementsOptions=true&view=agreement&viewBy=major&viewSendingAgreements=false&viewByKey=76%2F27%2Fto%2F79%2FMajor%2F7d01fb7b-2afa-460e-ace0-08ddbf3f4ee7,76/27/to/79/Major/7d01fb7b-2afa-460e-ace0-08ddbf3f4ee7
info,non_course_requirement_duplicate,Treat as raw audit noise from repeated non-course requirement labels.,UCB,University of California Berkeley,Antelope Valley College,fail,Requirement,duplicate_merged_row,duplicate ASSIST receiving row,multiple ASSIST articulation rows normalize to the same receiving course,,https://assist.org/transfer/results?year=76&institution=121&agreement=79&agreementType=to&viewAgreementsOptions=true&view=agreement&viewBy=major&viewSendingAgreements=false&viewByKey=76%2F121%2Fto%2F79%2FMajor%2F7d01fb7b-2afa-460e-ace0-08ddbf3f4ee7,76/121/to/79/Major/7d01fb7b-2afa-460e-ace0-08ddbf3f4ee7
info,non_course_requirement_duplicate,Treat as raw audit noise from repeated non-course requirement labels.,UCB,University of California Berkeley,Bakersfield College,fail,Requirement,duplicate_merged_row,duplicate ASSIST receiving row,multiple ASSIST articulation rows normalize to the same receiving course,,https://assist.org/transfer/results?year=76&institution=84&agreement=79&agreementType=to&viewAgreementsOptions=true&view=agreement&viewBy=major&viewSendingAgreements=false&viewByKey=76%2F84%2Fto%2F79%2FMajor%2F7d01fb7b-2afa-460e-ace0-08ddbf3f4ee7,76/84/to/79/Major/7d01fb7b-2afa-460e-ace0-08ddbf3f4ee7
info,non_course_requirement_duplicate,Treat as raw audit noise from repeated non-course requirement labels.,UCB,University of California Berkeley,Barstow Community College,fail,Requirement,duplicate_merged_row,duplicate ASSIST receiving row,multiple ASSIST articulation rows normalize to the same receiving course,,https://assist.org/transfer/results?year=76&institution=20&agreement=79&agreementType=to&viewAgreementsOptions=true&view=agreement&viewBy=major&viewSendingAgreements=false&viewByKey=76%2F20%2Fto%2F79%2FMajor%2F7d01fb7b-2afa-460e-ace0-08ddbf3f4ee7,76/20/to/79/Major/7d01fb7b-2afa-460e-ace0-08ddbf3f4ee7
info,non_course_requirement_duplicate,Treat as raw audit noise from repeated non-course requirement labels.,UCB,University of California Berkeley,Berkeley City College,fail,Requirement,duplicate_merged_row,duplicate ASSIST receiving row,multiple ASSIST articulation rows normalize to the same receiving course,,https://assist.org/transfer/results?year=76&institution=58&agreement=79&agreementType=to&viewAgreementsOptions=true&view=agreement&viewBy=major&viewSendingAgreements=false&viewByKey=76%2F58%2Fto%2F79%2FMajor%2F7d01fb7b-2afa-460e-ace0-08ddbf3f4ee7,76/58/to/79/Major/7d01fb7b-2afa-460e-ace0-08ddbf3f4ee7
info,non_course_requirement_duplicate,Treat as raw audit noise from repeated non-course requirement labels.,UCB,University of California Berkeley,Butte College,fail,Requirement,duplicate_merged_row,duplicate ASSIST receiving row,multiple ASSIST articulation rows normalize to the same receiving course,,https://assist.org/transfer/results?year=76&institution=8&agreement=79&agreementType=to&viewAgreementsOptions=true&view=agreement&viewBy=major&viewSendingAgreements=false&viewByKey=76%2F8%2Fto%2F79%2FMajor%2F7d01fb7b-2afa-460e-ace0-08ddbf3f4ee7,76/8/to/79/Major/7d01fb7b-2afa-460e-ace0-08ddbf3f4ee7
info,non_course_requirement_duplicate,Treat as raw audit noise from repeated non-course requirement labels.,UCB,University of California Berkeley,Cabrillo College,fail,Requirement,duplicate_merged_row,duplicate ASSIST receiving row,multiple ASSIST articulation rows normalize to the same receiving course,,https://assist.org/transfer/results?year=76&institution=41&agreement=79&agreementType=to&viewAgreementsOptions=true&view=agreement&viewBy=major&viewSendingAgreements=false&viewByKey=76%2F41%2Fto%2F79%2FMajor%2F7d01fb7b-2afa-460e-ace0-08ddbf3f4ee7,76/41/to/79/Major/7d01fb7b-2afa-460e-ace0-08ddbf3f4ee7
info,non_course_requirement_duplicate,Treat as raw audit noise from repeated non-course requirement labels.,UCB,University of California Berkeley,Canada College,fail,Requirement,duplicate_merged_row,duplicate ASSIST receiving row,multiple ASSIST articulation rows normalize to the same receiving course,,https://assist.org/transfer/results?year=76&institution=68&agreement=79&agreementType=to&viewAgreementsOptions=true&view=agreement&viewBy=major&viewSendingAgreements=false&viewByKey=76%2F68%2Fto%2F79%2FMajor%2F7d01fb7b-2afa-460e-ace0-08ddbf3f4ee7,76/68/to/79/Major/7d01fb7b-2afa-460e-ace0-08ddbf3f4ee7
info,non_course_requirement_duplicate,Treat as raw audit noise from repeated non-course requirement labels.,UCB,University of California Berkeley,Cerritos College,fail,Requirement,duplicate_merged_row,duplicate ASSIST receiving row,multiple ASSIST articulation rows normalize to the same receiving course,,https://assist.org/transfer/results?year=76&institution=104&agreement=79&agreementType=to&viewAgreementsOptions=true&view=agreement&viewBy=major&viewSendingAgreements=false&viewByKey=76%2F104%2Fto%2F79%2FMajor%2F7d01fb7b-2afa-460e-ace0-08ddbf3f4ee7,76/104/to/79/Major/7d01fb7b-2afa-460e-ace0-08ddbf3f4ee7
info,non_course_requirement_duplicate,Treat as raw audit noise from repeated non-course requirement labels.,UCB,University of California Berkeley,Cerro Coso Community College,fail,Requirement,duplicate_merged_row,duplicate ASSIST receiving row,multiple ASSIST articulation rows normalize to the same receiving course,,https://assist.org/transfer/results?year=76&institution=9&agreement=79&agreementType=to&viewAgreementsOptions=true&view=agreement&viewBy=major&viewSendingAgreements=false&viewByKey=76%2F9%2Fto%2F79%2FMajor%2F7d01fb7b-2afa-460e-ace0-08ddbf3f4ee7,76/9/to/79/Major/7d01fb7b-2afa-460e-ace0-08ddbf3f4ee7
info,non_course_requirement_duplicate,Treat as raw audit noise from repeated non-course requirement labels.,UCB,University of California Berkeley,Chabot College,fail,Requirement,duplicate_merged_row,duplicate ASSIST receiving row,multiple ASSIST articulation rows normalize to the same receiving course,,https://assist.org/transfer/results?year=76&institution=96&agreement=79&agreementType=to&viewAgreementsOptions=true&view=agreement&viewBy=major&viewSendingAgreements=false&viewByKey=76%2F96%2Fto%2F79%2FMajor%2F7d01fb7b-2afa-460e-ace0-08ddbf3f4ee7,76/96/to/79/Major/7d01fb7b-2afa-460e-ace0-08ddbf3f4ee7
info,non_course_requirement_duplicate,Treat as raw audit noise from repeated non-course requirement labels.,UCB,University of California Berkeley,Chaffey College,fail,Requirement,duplicate_merged_row,duplicate ASSIST receiving row,multiple ASSIST articulation rows normalize to the same receiving course,,https://assist.org/transfer/results?year=76&institution=69&agreement=79&agreementType=to&viewAgreementsOptions=true&view=agreement&viewBy=major&viewSendingAgreements=false&viewByKey=76%2F69%2Fto%2F79%2FMajor%2F7d01fb7b-2afa-460e-ace0-08ddbf3f4ee7,76/69/to/79/Major/7d01fb7b-2afa-460e-ace0-08ddbf3f4ee7
info,non_course_requirement_duplicate,Treat as raw audit noise from repeated non-course requirement labels.,UCB,University of California Berkeley,Citrus College,fail,Requirement,duplicate_merged_row,duplicate ASSIST receiving row,multiple ASSIST articulation rows normalize to the same receiving course,,https://assist.org/transfer/results?year=76&institution=97&agreement=79&agreementType=to&viewAgreementsOptions=true&view=agreement&viewBy=major&viewSendingAgreements=false&viewByKey=76%2F97%2Fto%2F79%2FMajor%2F7d01fb7b-2afa-460e-ace0-08ddbf3f4ee7,76/97/to/79/Major/7d01fb7b-2afa-460e-ace0-08ddbf3f4ee7
info,non_course_requirement_duplicate,Treat as raw audit noise from repeated non-course requirement labels.,UCB,University of California Berkeley,City College of San Francisco,fail,Requirement,duplicate_merged_row,duplicate ASSIST receiving row,multiple ASSIST articulation rows normalize to the same receiving course,,https://assist.org/transfer/results?year=76&institution=33&agreement=79&agreementType=to&viewAgreementsOptions=true&view=agreement&viewBy=major&viewSendingAgreements=false&viewByKey=76%2F33%2Fto%2F79%2FMajor%2F7d01fb7b-2afa-460e-ace0-08ddbf3f4ee7,76/33/to/79/Major/7d01fb7b-2afa-460e-ace0-08ddbf3f4ee7
info,non_course_requirement_duplicate,Treat as raw audit noise from repeated non-course requirement labels.,UCB,University of California Berkeley,Clovis Community College,fail,Requirement,duplicate_merged_row,duplicate ASSIST receiving row,multiple ASSIST articulation rows normalize to the same receiving course,,https://assist.org/transfer/results?year=76&institution=150&agreement=79&agreementType=to&viewAgreementsOptions=true&view=agreement&viewBy=major&viewSendingAgreements=false&viewByKey=76%2F150%2Fto%2F79%2FMajor%2F7d01fb7b-2afa-460e-ace0-08ddbf3f4ee7,76/150/to/79/Major/7d01fb7b-2afa-460e-ace0-08ddbf3f4ee7
info,non_course_requirement_duplicate,Treat as raw audit noise from repeated non-course requirement labels.,UCB,University of California Berkeley,Coastline Community College,fail,Requirement,duplicate_merged_row,duplicate ASSIST receiving row,multiple ASSIST articulation rows normalize to the same receiving course,,https://assist.org/transfer/results?year=76&institution=105&agreement=79&agreementType=to&viewAgreementsOptions=true&view=agreement&viewBy=major&viewSendingAgreements=false&viewByKey=76%2F105%2Fto%2F79%2FMajor%2F7d01fb7b-2afa-460e-ace0-08ddbf3f4ee7,76/105/to/79/Major/7d01fb7b-2afa-460e-ace0-08ddbf3f4ee7
info,non_course_requirement_duplicate,Treat as raw audit noise from repeated non-course requirement labels.,UCB,University of California Berkeley,College of Alameda,fail,Requirement,duplicate_merged_row,duplicate ASSIST receiving row,multiple ASSIST articulation rows normalize to the same receiving course,,https://assist.org/transfer/results?year=76&institution=111&agreement=79&agreementType=to&viewAgreementsOptions=true&view=agreement&viewBy=major&viewSendingAgreements=false&viewByKey=76%2F111%2Fto%2F79%2FMajor%2F7d01fb7b-2afa-460e-ace0-08ddbf3f4ee7,76/111/to/79/Major/7d01fb7b-2afa-460e-ace0-08ddbf3f4ee7
info,non_course_requirement_duplicate,Treat as raw audit noise from repeated non-course requirement labels.,UCB,University of California Berkeley,College of Marin,fail,Requirement,duplicate_merged_row,duplicate ASSIST receiving row,multiple ASSIST articulation rows normalize to the same receiving course,,https://assist.org/transfer/results?year=76&institution=4&agreement=79&agreementType=to&viewAgreementsOptions=true&view=agreement&viewBy=major&viewSendingAgreements=false&viewByKey=76%2F4%2Fto%2F79%2FMajor%2F7d01fb7b-2afa-460e-ace0-08ddbf3f4ee7,76/4/to/79/Major/7d01fb7b-2afa-460e-ace0-08ddbf3f4ee7
info,non_course_requirement_duplicate,Treat as raw audit noise from repeated non-course requirement labels.,UCB,University of California Berkeley,College of San Mateo,fail,Requirement,duplicate_merged_row,duplicate ASSIST receiving row,multiple ASSIST articulation rows normalize to the same receiving course,,https://assist.org/transfer/results?year=76&institution=5&agreement=79&agreementType=to&viewAgreementsOptions=true&view=agreement&viewBy=major&viewSendingAgreements=false&viewByKey=76%2F5%2Fto%2F79%2FMajor%2F7d01fb7b-2afa-460e-ace0-08ddbf3f4ee7,76/5/to/79/Major/7d01fb7b-2afa-460e-ace0-08ddbf3f4ee7
info,non_course_requirement_duplicate,Treat as raw audit noise from repeated non-course requirement labels.,UCB,University of California Berkeley,College of the Canyons,fail,Requirement,duplicate_merged_row,duplicate ASSIST receiving row,multiple ASSIST articulation rows normalize to the same receiving course,,https://assist.org/transfer/results?year=76&institution=140&agreement=79&agreementType=to&viewAgreementsOptions=true&view=agreement&viewBy=major&viewSendingAgreements=false&viewByKey=76%2F140%2Fto%2F79%2FMajor%2F7d01fb7b-2afa-460e-ace0-08ddbf3f4ee7,76/140/to/79/Major/7d01fb7b-2afa-460e-ace0-08ddbf3f4ee7
info,non_course_requirement_duplicate,Treat as raw audit noise from repeated non-course requirement labels.,UCB,University of California Berkeley,College of the Desert,fail,Requirement,duplicate_merged_row,duplicate ASSIST receiving row,multiple ASSIST articulation rows normalize to the same receiving course,,https://assist.org/transfer/results?year=76&institution=30&agreement=79&agreementType=to&viewAgreementsOptions=true&view=agreement&viewBy=major&viewSendingAgreements=false&viewByKey=76%2F30%2Fto%2F79%2FMajor%2F7d01fb7b-2afa-460e-ace0-08ddbf3f4ee7,76/30/to/79/Major/7d01fb7b-2afa-460e-ace0-08ddbf3f4ee7
info,non_course_requirement_duplicate,Treat as raw audit noise from repeated non-course requirement labels.,UCB,University of California Berkeley,College of the Redwoods,fail,Requirement,duplicate_merged_row,duplicate ASSIST receiving row,multiple ASSIST articulation rows normalize to the same receiving course,,https://assist.org/transfer/results?year=76&institution=83&agreement=79&agreementType=to&viewAgreementsOptions=true&view=agreement&viewBy=major&viewSendingAgreements=false&viewByKey=76%2F83%2Fto%2F79%2FMajor%2F7d01fb7b-2afa-460e-ace0-08ddbf3f4ee7,76/83/to/79/Major/7d01fb7b-2afa-460e-ace0-08ddbf3f4ee7
info,non_course_requirement_duplicate,Treat as raw audit noise from repeated non-course requirement labels.,UCB,University of California Berkeley,College of the Sequoias,fail,Requirement,duplicate_merged_row,duplicate ASSIST receiving row,multiple ASSIST articulation rows normalize to the same receiving course,,https://assist.org/transfer/results?year=76&institution=6&agreement=79&agreementType=to&viewAgreementsOptions=true&view=agreement&viewBy=major&viewSendingAgreements=false&viewByKey=76%2F6%2Fto%2F79%2FMajor%2F7d01fb7b-2afa-460e-ace0-08ddbf3f4ee7,76/6/to/79/Major/7d01fb7b-2afa-460e-ace0-08ddbf3f4ee7
info,non_course_requirement_duplicate,Treat as raw audit noise from repeated non-course requirement labels.,UCB,University of California Berkeley,College of the Siskiyous,fail,Requirement,duplicate_merged_row,duplicate ASSIST receiving row,multiple ASSIST articulation rows normalize to the same receiving course,,https://assist.org/transfer/results?year=76&institution=102&agreement=79&agreementType=to&viewAgreementsOptions=true&view=agreement&viewBy=major&viewSendingAgreements=false&viewByKey=76%2F102%2Fto%2F79%2FMajor%2F7d01fb7b-2afa-460e-ace0-08ddbf3f4ee7,76/102/to/79/Major/7d01fb7b-2afa-460e-ace0-08ddbf3f4ee7
info,non_course_requirement_duplicate,Treat as raw audit noise from repeated non-course requirement labels.,UCB,University of California Berkeley,Columbia College,fail,Requirement,duplicate_merged_row,duplicate ASSIST receiving row,multiple ASSIST articulation rows normalize to the same receiving course,,https://assist.org/transfer/results?year=76&institution=10&agreement=79&agreementType=to&viewAgreementsOptions=true&view=agreement&viewBy=major&viewSendingAgreements=false&viewByKey=76%2F10%2Fto%2F79%2FMajor%2F7d01fb7b-2afa-460e-ace0-08ddbf3f4ee7,76/10/to/79/Major/7d01fb7b-2afa-460e-ace0-08ddbf3f4ee7
info,non_course_requirement_duplicate,Treat as raw audit noise from repeated non-course requirement labels.,UCB,University of California Berkeley,Compton College,fail,Requirement,duplicate_merged_row,duplicate ASSIST receiving row,multiple ASSIST articulation rows normalize to the same receiving course,,https://assist.org/transfer/results?year=76&institution=153&agreement=79&agreementType=to&viewAgreementsOptions=true&view=agreement&viewBy=major&viewSendingAgreements=false&viewByKey=76%2F153%2Fto%2F79%2FMajor%2F7d01fb7b-2afa-460e-ace0-08ddbf3f4ee7,76/153/to/79/Major/7d01fb7b-2afa-460e-ace0-08ddbf3f4ee7
info,non_course_requirement_duplicate,Treat as raw audit noise from repeated non-course requirement labels.,UCB,University of California Berkeley,Contra Costa College,fail,Requirement,duplicate_merged_row,duplicate ASSIST receiving row,multiple ASSIST articulation rows normalize to the same receiving course,,https://assist.org/transfer/results?year=76&institution=28&agreement=79&agreementType=to&viewAgreementsOptions=true&view=agreement&viewBy=major&viewSendingAgreements=false&viewByKey=76%2F28%2Fto%2F79%2FMajor%2F7d01fb7b-2afa-460e-ace0-08ddbf3f4ee7,76/28/to/79/Major/7d01fb7b-2afa-460e-ace0-08ddbf3f4ee7
info,non_course_requirement_duplicate,Treat as raw audit noise from repeated non-course requirement labels.,UCB,University of California Berkeley,Copper Mountain College,fail,Requirement,duplicate_merged_row,duplicate ASSIST receiving row,multiple ASSIST articulation rows normalize to the same receiving course,,https://assist.org/transfer/results?year=76&institution=112&agreement=79&agreementType=to&viewAgreementsOptions=true&view=agreement&viewBy=major&viewSendingAgreements=false&viewByKey=76%2F112%2Fto%2F79%2FMajor%2F7d01fb7b-2afa-460e-ace0-08ddbf3f4ee7,76/112/to/79/Major/7d01fb7b-2afa-460e-ace0-08ddbf3f4ee7
info,non_course_requirement_duplicate,Treat as raw audit noise from repeated non-course requirement labels.,UCB,University of California Berkeley,Cosumnes River College,fail,Requirement,duplicate_merged_row,duplicate ASSIST receiving row,multiple ASSIST articulation rows normalize to the same receiving course,,https://assist.org/transfer/results?year=76&institution=142&agreement=79&agreementType=to&viewAgreementsOptions=true&view=agreement&viewBy=major&viewSendingAgreements=false&viewByKey=76%2F142%2Fto%2F79%2FMajor%2F7d01fb7b-2afa-460e-ace0-08ddbf3f4ee7,76/142/to/79/Major/7d01fb7b-2afa-460e-ace0-08ddbf3f4ee7
info,non_course_requirement_duplicate,Treat as raw audit noise from repeated non-course requirement labels.,UCB,University of California Berkeley,Crafton Hills College,fail,Requirement,duplicate_merged_row,duplicate ASSIST receiving row,multiple ASSIST articulation rows normalize to the same receiving course,,https://assist.org/transfer/results?year=76&institution=70&agreement=79&agreementType=to&viewAgreementsOptions=true&view=agreement&viewBy=major&viewSendingAgreements=false&viewByKey=76%2F70%2Fto%2F79%2FMajor%2F7d01fb7b-2afa-460e-ace0-08ddbf3f4ee7,76/70/to/79/Major/7d01fb7b-2afa-460e-ace0-08ddbf3f4ee7
info,non_course_requirement_duplicate,Treat as raw audit noise from repeated non-course requirement labels.,UCB,University of California Berkeley,Cuesta College,fail,Requirement,duplicate_merged_row,duplicate ASSIST receiving row,multiple ASSIST articulation rows normalize to the same receiving course,,https://assist.org/transfer/results?year=76&institution=16&agreement=79&agreementType=to&viewAgreementsOptions=true&view=agreement&viewBy=major&viewSendingAgreements=false&viewByKey=76%2F16%2Fto%2F79%2FMajor%2F7d01fb7b-2afa-460e-ace0-08ddbf3f4ee7,76/16/to/79/Major/7d01fb7b-2afa-460e-ace0-08ddbf3f4ee7
info,non_course_requirement_duplicate,Treat as raw audit noise from repeated non-course requirement labels.,UCB,University of California Berkeley,Cuyamaca College,fail,Requirement,duplicate_merged_row,duplicate ASSIST receiving row,multiple ASSIST articulation rows normalize to the same receiving course,,https://assist.org/transfer/results?year=76&institution=99&agreement=79&agreementType=to&viewAgreementsOptions=true&view=agreement&viewBy=major&viewSendingAgreements=false&viewByKey=76%2F99%2Fto%2F79%2FMajor%2F7d01fb7b-2afa-460e-ace0-08ddbf3f4ee7,76/99/to/79/Major/7d01fb7b-2afa-460e-ace0-08ddbf3f4ee7
info,non_course_requirement_duplicate,Treat as raw audit noise from repeated non-course requirement labels.,UCB,University of California Berkeley,Cypress College,fail,Requirement,duplicate_merged_row,duplicate ASSIST receiving row,multiple ASSIST articulation rows normalize to the same receiving course,,https://assist.org/transfer/results?year=76&institution=71&agreement=79&agreementType=to&viewAgreementsOptions=true&view=agreement&viewBy=major&viewSendingAgreements=false&viewByKey=76%2F71%2Fto%2F79%2FMajor%2F7d01fb7b-2afa-460e-ace0-08ddbf3f4ee7,76/71/to/79/Major/7d01fb7b-2afa-460e-ace0-08ddbf3f4ee7
info,non_course_requirement_duplicate,Treat as raw audit noise from repeated non-course requirement labels.,UCB,University of California Berkeley,De Anza College,fail,Requirement,duplicate_merged_row,duplicate ASSIST receiving row,multiple ASSIST articulation rows normalize to the same receiving course,,https://assist.org/transfer/results?year=76&institution=113&agreement=79&agreementType=to&viewAgreementsOptions=true&view=agreement&viewBy=major&viewSendingAgreements=false&viewByKey=76%2F113%2Fto%2F79%2FMajor%2F7d01fb7b-2afa-460e-ace0-08ddbf3f4ee7,76/113/to/79/Major/7d01fb7b-2afa-460e-ace0-08ddbf3f4ee7
info,non_course_requirement_duplicate,Treat as raw audit noise from repeated non-course requirement labels.,UCB,University of California Berkeley,Diablo Valley College,fail,Requirement,duplicate_merged_row,duplicate ASSIST receiving row,multiple ASSIST articulation rows normalize to the same receiving course,,https://assist.org/transfer/results?year=76&institution=114&agreement=79&agreementType=to&viewAgreementsOptions=true&view=agreement&viewBy=major&viewSendingAgreements=false&viewByKey=76%2F114%2Fto%2F79%2FMajor%2F7d01fb7b-2afa-460e-ace0-08ddbf3f4ee7,76/114/to/79/Major/7d01fb7b-2afa-460e-ace0-08ddbf3f4ee7
info,non_course_requirement_duplicate,Treat as raw audit noise from repeated non-course requirement labels.,UCB,University of California Berkeley,East Los Angeles College,fail,Requirement,duplicate_merged_row,duplicate ASSIST receiving row,multiple ASSIST articulation rows normalize to the same receiving course,,https://assist.org/transfer/results?year=76&institution=118&agreement=79&agreementType=to&viewAgreementsOptions=true&view=agreement&viewBy=major&viewSendingAgreements=false&viewByKey=76%2F118%2Fto%2F79%2FMajor%2F7d01fb7b-2afa-460e-ace0-08ddbf3f4ee7,76/118/to/79/Major/7d01fb7b-2afa-460e-ace0-08ddbf3f4ee7
info,non_course_requirement_duplicate,Treat as raw audit noise from repeated non-course requirement labels.,UCB,University of California Berkeley,El Camino College,fail,Requirement,duplicate_merged_row,duplicate ASSIST receiving row,multiple ASSIST articulation rows normalize to the same receiving course,,https://assist.org/transfer/results?year=76&institution=103&agreement=79&agreementType=to&viewAgreementsOptions=true&view=agreement&viewBy=major&viewSendingAgreements=false&viewByKey=76%2F103%2Fto%2F79%2FMajor%2F7d01fb7b-2afa-460e-ace0-08ddbf3f4ee7,76/103/to/79/Major/7d01fb7b-2afa-460e-ace0-08ddbf3f4ee7
info,non_course_requirement_duplicate,Treat as raw audit noise from repeated non-course requirement labels.,UCB,University of California Berkeley,Evergreen Valley College,fail,Requirement,duplicate_merged_row,duplicate ASSIST receiving row,multiple ASSIST articulation rows normalize to the same receiving course,,https://assist.org/transfer/results?year=76&institution=2&agreement=79&agreementType=to&viewAgreementsOptions=true&view=agreement&viewBy=major&viewSendingAgreements=false&viewByKey=76%2F2%2Fto%2F79%2FMajor%2F7d01fb7b-2afa-460e-ace0-08ddbf3f4ee7,76/2/to/79/Major/7d01fb7b-2afa-460e-ace0-08ddbf3f4ee7
info,non_course_requirement_duplicate,Treat as raw audit noise from repeated non-course requirement labels.,UCB,University of California Berkeley,Feather River College,fail,Requirement,duplicate_merged_row,duplicate ASSIST receiving row,multiple ASSIST articulation rows normalize to the same receiving course,,https://assist.org/transfer/results?year=76&institution=122&agreement=79&agreementType=to&viewAgreementsOptions=true&view=agreement&viewBy=major&viewSendingAgreements=false&viewByKey=76%2F122%2Fto%2F79%2FMajor%2F7d01fb7b-2afa-460e-ace0-08ddbf3f4ee7,76/122/to/79/Major/7d01fb7b-2afa-460e-ace0-08ddbf3f4ee7
info,non_course_requirement_duplicate,Treat as raw audit noise from repeated non-course requirement labels.,UCB,University of California Berkeley,Folsom Lake College,fail,Requirement,duplicate_merged_row,duplicate ASSIST receiving row,multiple ASSIST articulation rows normalize to the same receiving course,,https://assist.org/transfer/results?year=76&institution=145&agreement=79&agreementType=to&viewAgreementsOptions=true&view=agreement&viewBy=major&viewSendingAgreements=false&viewByKey=76%2F145%2Fto%2F79%2FMajor%2F7d01fb7b-2afa-460e-ace0-08ddbf3f4ee7,76/145/to/79/Major/7d01fb7b-2afa-460e-ace0-08ddbf3f4ee7
info,non_course_requirement_duplicate,Treat as raw audit noise from repeated non-course requirement labels.,UCB,University of California Berkeley,Foothill College,fail,Requirement,duplicate_merged_row,duplicate ASSIST receiving row,multiple ASSIST articulation rows normalize to the same receiving course,,https://assist.org/transfer/results?year=76&institution=51&agreement=79&agreementType=to&viewAgreementsOptions=true&view=agreement&viewBy=major&viewSendingAgreements=false&viewByKey=76%2F51%2Fto%2F79%2FMajor%2F7d01fb7b-2afa-460e-ace0-08ddbf3f4ee7,76/51/to/79/Major/7d01fb7b-2afa-460e-ace0-08ddbf3f4ee7
info,non_course_requirement_duplicate,Treat as raw audit noise from repeated non-course requirement labels.,UCB,University of California Berkeley,Fresno City College,fail,Requirement,duplicate_merged_row,duplicate ASSIST receiving row,multiple ASSIST articulation rows normalize to the same receiving course,,https://assist.org/transfer/results?year=76&institution=35&agreement=79&agreementType=to&viewAgreementsOptions=true&view=agreement&viewBy=major&viewSendingAgreements=false&viewByKey=76%2F35%2Fto%2F79%2FMajor%2F7d01fb7b-2afa-460e-ace0-08ddbf3f4ee7,76/35/to/79/Major/7d01fb7b-2afa-460e-ace0-08ddbf3f4ee7
info,non_course_requirement_duplicate,Treat as raw audit noise from repeated non-course requirement labels.,UCB,University of California Berkeley,Fullerton College,fail,Requirement,duplicate_merged_row,duplicate ASSIST receiving row,multiple ASSIST articulation rows normalize to the same receiving course,,https://assist.org/transfer/results?year=76&institution=134&agreement=79&agreementType=to&viewAgreementsOptions=true&view=agreement&viewBy=major&viewSendingAgreements=false&viewByKey=76%2F134%2Fto%2F79%2FMajor%2F7d01fb7b-2afa-460e-ace0-08ddbf3f4ee7,76/134/to/79/Major/7d01fb7b-2afa-460e-ace0-08ddbf3f4ee7
info,non_course_requirement_duplicate,Treat as raw audit noise from repeated non-course requirement labels.,UCB,University of California Berkeley,Gavilan College,fail,Requirement,duplicate_merged_row,duplicate ASSIST receiving row,multiple ASSIST articulation rows normalize to the same receiving course,,https://assist.org/transfer/results?year=76&institution=72&agreement=79&agreementType=to&viewAgreementsOptions=true&view=agreement&viewBy=major&viewSendingAgreements=false&viewByKey=76%2F72%2Fto%2F79%2FMajor%2F7d01fb7b-2afa-460e-ace0-08ddbf3f4ee7,76/72/to/79/Major/7d01fb7b-2afa-460e-ace0-08ddbf3f4ee7
info,non_course_requirement_duplicate,Treat as raw audit noise from repeated non-course requirement labels.,UCB,University of California Berkeley,Glendale Community College,fail,Requirement,duplicate_merged_row,duplicate ASSIST receiving row,multiple ASSIST articulation rows normalize to the same receiving course,,https://assist.org/transfer/results?year=76&institution=43&agreement=79&agreementType=to&viewAgreementsOptions=true&view=agreement&viewBy=major&viewSendingAgreements=false&viewByKey=76%2F43%2Fto%2F79%2FMajor%2F7d01fb7b-2afa-460e-ace0-08ddbf3f4ee7,76/43/to/79/Major/7d01fb7b-2afa-460e-ace0-08ddbf3f4ee7
info,non_course_requirement_duplicate,Treat as raw audit noise from repeated non-course requirement labels.,UCB,University of California Berkeley,Golden West College,fail,Requirement,duplicate_merged_row,duplicate ASSIST receiving row,multiple ASSIST articulation rows normalize to the same receiving course,,https://assist.org/transfer/results?year=76&institution=55&agreement=79&agreementType=to&viewAgreementsOptions=true&view=agreement&viewBy=major&viewSendingAgreements=false&viewByKey=76%2F55%2Fto%2F79%2FMajor%2F7d01fb7b-2afa-460e-ace0-08ddbf3f4ee7,76/55/to/79/Major/7d01fb7b-2afa-460e-ace0-08ddbf3f4ee7
info,non_course_requirement_duplicate,Treat as raw audit noise from repeated non-course requirement labels.,UCB,University of California Berkeley,Grossmont College,fail,Requirement,duplicate_merged_row,duplicate ASSIST receiving row,multiple ASSIST articulation rows normalize to the same receiving course,,https://assist.org/transfer/results?year=76&institution=106&agreement=79&agreementType=to&viewAgreementsOptions=true&view=agreement&viewBy=major&viewSendingAgreements=false&viewByKey=76%2F106%2Fto%2F79%2FMajor%2F7d01fb7b-2afa-460e-ace0-08ddbf3f4ee7,76/106/to/79/Major/7d01fb7b-2afa-460e-ace0-08ddbf3f4ee7
info,non_course_requirement_duplicate,Treat as raw audit noise from repeated non-course requirement labels.,UCB,University of California Berkeley,Hartnell College,fail,Requirement,duplicate_merged_row,duplicate ASSIST receiving row,multiple ASSIST articulation rows normalize to the same receiving course,,https://assist.org/transfer/results?year=76&institution=123&agreement=79&agreementType=to&viewAgreementsOptions=true&view=agreement&viewBy=major&viewSendingAgreements=false&viewByKey=76%2F123%2Fto%2F79%2FMajor%2F7d01fb7b-2afa-460e-ace0-08ddbf3f4ee7,76/123/to/79/Major/7d01fb7b-2afa-460e-ace0-08ddbf3f4ee7
info,non_course_requirement_duplicate,Treat as raw audit noise from repeated non-course requirement labels.,UCB,University of California Berkeley,Imperial Valley College,fail,Requirement,duplicate_merged_row,duplicate ASSIST receiving row,multiple ASSIST articulation rows normalize to the same receiving course,,https://assist.org/transfer/results?year=76&institution=107&agreement=79&agreementType=to&viewAgreementsOptions=true&view=agreement&viewBy=major&viewSendingAgreements=false&viewByKey=76%2F107%2Fto%2F79%2FMajor%2F7d01fb7b-2afa-460e-ace0-08ddbf3f4ee7,76/107/to/79/Major/7d01fb7b-2afa-460e-ace0-08ddbf3f4ee7
info,non_course_requirement_duplicate,Treat as raw audit noise from repeated non-course requirement labels.,UCB,University of California Berkeley,Irvine Valley College,fail,Requirement,duplicate_merged_row,duplicate ASSIST receiving row,multiple ASSIST articulation rows normalize to the same receiving course,,https://assist.org/transfer/results?year=76&institution=124&agreement=79&agreementType=to&viewAgreementsOptions=true&view=agreement&viewBy=major&viewSendingAgreements=false&viewByKey=76%2F124%2Fto%2F79%2FMajor%2F7d01fb7b-2afa-460e-ace0-08ddbf3f4ee7,76/124/to/79/Major/7d01fb7b-2afa-460e-ace0-08ddbf3f4ee7
info,non_course_requirement_duplicate,Treat as raw audit noise from repeated non-course requirement labels.,UCB,University of California Berkeley,Lake Tahoe Community College,fail,Requirement,duplicate_merged_row,duplicate ASSIST receiving row,multiple ASSIST articulation rows normalize to the same receiving course,,https://assist.org/transfer/results?year=76&institution=40&agreement=79&agreementType=to&viewAgreementsOptions=true&view=agreement&viewBy=major&viewSendingAgreements=false&viewByKey=76%2F40%2Fto%2F79%2FMajor%2F7d01fb7b-2afa-460e-ace0-08ddbf3f4ee7,76/40/to/79/Major/7d01fb7b-2afa-460e-ace0-08ddbf3f4ee7
info,non_course_requirement_duplicate,Treat as raw audit noise from repeated non-course requirement labels.,UCB,University of California Berkeley,Laney College,fail,Requirement,duplicate_merged_row,duplicate ASSIST receiving row,multiple ASSIST articulation rows normalize to the same receiving course,,https://assist.org/transfer/results?year=76&institution=77&agreement=79&agreementType=to&viewAgreementsOptions=true&view=agreement&viewBy=major&viewSendingAgreements=false&viewByKey=76%2F77%2Fto%2F79%2FMajor%2F7d01fb7b-2afa-460e-ace0-08ddbf3f4ee7,76/77/to/79/Major/7d01fb7b-2afa-460e-ace0-08ddbf3f4ee7
info,non_course_requirement_duplicate,Treat as raw audit noise from repeated non-course requirement labels.,UCB,University of California Berkeley,Las Positas College,fail,Requirement,duplicate_merged_row,duplicate ASSIST receiving row,multiple ASSIST articulation rows normalize to the same receiving course,,https://assist.org/transfer/results?year=76&institution=18&agreement=79&agreementType=to&viewAgreementsOptions=true&view=agreement&viewBy=major&viewSendingAgreements=false&viewByKey=76%2F18%2Fto%2F79%2FMajor%2F7d01fb7b-2afa-460e-ace0-08ddbf3f4ee7,76/18/to/79/Major/7d01fb7b-2afa-460e-ace0-08ddbf3f4ee7
info,non_course_requirement_duplicate,Treat as raw audit noise from repeated non-course requirement labels.,UCB,University of California Berkeley,Lassen Community College,fail,Requirement,duplicate_merged_row,duplicate ASSIST receiving row,multiple ASSIST articulation rows normalize to the same receiving course,,https://assist.org/transfer/results?year=76&institution=82&agreement=79&agreementType=to&viewAgreementsOptions=true&view=agreement&viewBy=major&viewSendingAgreements=false&viewByKey=76%2F82%2Fto%2F79%2FMajor%2F7d01fb7b-2afa-460e-ace0-08ddbf3f4ee7,76/82/to/79/Major/7d01fb7b-2afa-460e-ace0-08ddbf3f4ee7
info,non_course_requirement_duplicate,Treat as raw audit noise from repeated non-course requirement labels.,UCB,University of California Berkeley,Long Beach City College,fail,Requirement,duplicate_merged_row,duplicate ASSIST receiving row,multiple ASSIST articulation rows normalize to the same receiving course,,https://assist.org/transfer/results?year=76&institution=135&agreement=79&agreementType=to&viewAgreementsOptions=true&view=agreement&viewBy=major&viewSendingAgreements=false&viewByKey=76%2F135%2Fto%2F79%2FMajor%2F7d01fb7b-2afa-460e-ace0-08ddbf3f4ee7,76/135/to/79/Major/7d01fb7b-2afa-460e-ace0-08ddbf3f4ee7
info,non_course_requirement_duplicate,Treat as raw audit noise from repeated non-course requirement labels.,UCB,University of California Berkeley,Los Angeles City College,fail,Requirement,duplicate_merged_row,duplicate ASSIST receiving row,multiple ASSIST articulation rows normalize to the same receiving course,,https://assist.org/transfer/results?year=76&institution=3&agreement=79&agreementType=to&viewAgreementsOptions=true&view=agreement&viewBy=major&viewSendingAgreements=false&viewByKey=76%2F3%2Fto%2F79%2FMajor%2F7d01fb7b-2afa-460e-ace0-08ddbf3f4ee7,76/3/to/79/Major/7d01fb7b-2afa-460e-ace0-08ddbf3f4ee7
info,non_course_requirement_duplicate,Treat as raw audit noise from repeated non-course requirement labels.,UCB,University of California Berkeley,Los Angeles Harbor College,fail,Requirement,duplicate_merged_row,duplicate ASSIST receiving row,multiple ASSIST articulation rows normalize to the same receiving course,,https://assist.org/transfer/results?year=76&institution=31&agreement=79&agreementType=to&viewAgreementsOptions=true&view=agreement&viewBy=major&viewSendingAgreements=false&viewByKey=76%2F31%2Fto%2F79%2FMajor%2F7d01fb7b-2afa-460e-ace0-08ddbf3f4ee7,76/31/to/79/Major/7d01fb7b-2afa-460e-ace0-08ddbf3f4ee7
info,non_course_requirement_duplicate,Treat as raw audit noise from repeated non-course requirement labels.,UCB,University of California Berkeley,Los Angeles Mission College,fail,Requirement,duplicate_merged_row,duplicate ASSIST receiving row,multiple ASSIST articulation rows normalize to the same receiving course,,https://assist.org/transfer/results?year=76&institution=47&agreement=79&agreementType=to&viewAgreementsOptions=true&view=agreement&viewBy=major&viewSendingAgreements=false&viewByKey=76%2F47%2Fto%2F79%2FMajor%2F7d01fb7b-2afa-460e-ace0-08ddbf3f4ee7,76/47/to/79/Major/7d01fb7b-2afa-460e-ace0-08ddbf3f4ee7
info,non_course_requirement_duplicate,Treat as raw audit noise from repeated non-course requirement labels.,UCB,University of California Berkeley,Los Angeles Pierce College,fail,Requirement,duplicate_merged_row,duplicate ASSIST receiving row,multiple ASSIST articulation rows normalize to the same receiving course,,https://assist.org/transfer/results?year=76&institution=86&agreement=79&agreementType=to&viewAgreementsOptions=true&view=agreement&viewBy=major&viewSendingAgreements=false&viewByKey=76%2F86%2Fto%2F79%2FMajor%2F7d01fb7b-2afa-460e-ace0-08ddbf3f4ee7,76/86/to/79/Major/7d01fb7b-2afa-460e-ace0-08ddbf3f4ee7
info,non_course_requirement_duplicate,Treat as raw audit noise from repeated non-course requirement labels.,UCB,University of California Berkeley,Los Angeles Southwest College,fail,Requirement,duplicate_merged_row,duplicate ASSIST receiving row,multiple ASSIST articulation rows normalize to the same receiving course,,https://assist.org/transfer/results?year=76&institution=130&agreement=79&agreementType=to&viewAgreementsOptions=true&view=agreement&viewBy=major&viewSendingAgreements=false&viewByKey=76%2F130%2Fto%2F79%2FMajor%2F7d01fb7b-2afa-460e-ace0-08ddbf3f4ee7,76/130/to/79/Major/7d01fb7b-2afa-460e-ace0-08ddbf3f4ee7
info,non_course_requirement_duplicate,Treat as raw audit noise from repeated non-course requirement labels.,UCB,University of California Berkeley,Los Angeles Trade Technical College,fail,Requirement,duplicate_merged_row,duplicate ASSIST receiving row,multiple ASSIST articulation rows normalize to the same receiving course,,https://assist.org/transfer/results?year=76&institution=25&agreement=79&agreementType=to&viewAgreementsOptions=true&view=agreement&viewBy=major&viewSendingAgreements=false&viewByKey=76%2F25%2Fto%2F79%2FMajor%2F7d01fb7b-2afa-460e-ace0-08ddbf3f4ee7,76/25/to/79/Major/7d01fb7b-2afa-460e-ace0-08ddbf3f4ee7
info,non_course_requirement_duplicate,Treat as raw audit noise from repeated non-course requirement labels.,UCB,University of California Berkeley,Los Angeles Valley College,fail,Requirement,duplicate_merged_row,duplicate ASSIST receiving row,multiple ASSIST articulation rows normalize to the same receiving course,,https://assist.org/transfer/results?year=76&institution=44&agreement=79&agreementType=to&viewAgreementsOptions=true&view=agreement&viewBy=major&viewSendingAgreements=false&viewByKey=76%2F44%2Fto%2F79%2FMajor%2F7d01fb7b-2afa-460e-ace0-08ddbf3f4ee7,76/44/to/79/Major/7d01fb7b-2afa-460e-ace0-08ddbf3f4ee7
info,non_course_requirement_duplicate,Treat as raw audit noise from repeated non-course requirement labels.,UCB,University of California Berkeley,Los Medanos College,fail,Requirement,duplicate_merged_row,duplicate ASSIST receiving row,multiple ASSIST articulation rows normalize to the same receiving course,,https://assist.org/transfer/results?year=76&institution=61&agreement=79&agreementType=to&viewAgreementsOptions=true&view=agreement&viewBy=major&viewSendingAgreements=false&viewByKey=76%2F61%2Fto%2F79%2FMajor%2F7d01fb7b-2afa-460e-ace0-08ddbf3f4ee7,76/61/to/79/Major/7d01fb7b-2afa-460e-ace0-08ddbf3f4ee7
info,non_course_requirement_duplicate,Treat as raw audit noise from repeated non-course requirement labels.,UCB,University of California Berkeley,Madera Community College,fail,Requirement,duplicate_merged_row,duplicate ASSIST receiving row,multiple ASSIST articulation rows normalize to the same receiving course,,https://assist.org/transfer/results?year=76&institution=200&agreement=79&agreementType=to&viewAgreementsOptions=true&view=agreement&viewBy=major&viewSendingAgreements=false&viewByKey=76%2F200%2Fto%2F79%2FMajor%2F7d01fb7b-2afa-460e-ace0-08ddbf3f4ee7,76/200/to/79/Major/7d01fb7b-2afa-460e-ace0-08ddbf3f4ee7
info,non_course_requirement_duplicate,Treat as raw audit noise from repeated non-course requirement labels.,UCB,University of California Berkeley,Mendocino College,fail,Requirement,duplicate_merged_row,duplicate ASSIST receiving row,multiple ASSIST articulation rows normalize to the same receiving course,,https://assist.org/transfer/results?year=76&institution=100&agreement=79&agreementType=to&viewAgreementsOptions=true&view=agreement&viewBy=major&viewSendingAgreements=false&viewByKey=76%2F100%2Fto%2F79%2FMajor%2F7d01fb7b-2afa-460e-ace0-08ddbf3f4ee7,76/100/to/79/Major/7d01fb7b-2afa-460e-ace0-08ddbf3f4ee7
info,non_course_requirement_duplicate,Treat as raw audit noise from repeated non-course requirement labels.,UCB,University of California Berkeley,Merced College,fail,Requirement,duplicate_merged_row,duplicate ASSIST receiving row,multiple ASSIST articulation rows normalize to the same receiving course,,https://assist.org/transfer/results?year=76&institution=17&agreement=79&agreementType=to&viewAgreementsOptions=true&view=agreement&viewBy=major&viewSendingAgreements=false&viewByKey=76%2F17%2Fto%2F79%2FMajor%2F7d01fb7b-2afa-460e-ace0-08ddbf3f4ee7,76/17/to/79/Major/7d01fb7b-2afa-460e-ace0-08ddbf3f4ee7
info,non_course_requirement_duplicate,Treat as raw audit noise from repeated non-course requirement labels.,UCB,University of California Berkeley,Merritt College,fail,Requirement,duplicate_merged_row,duplicate ASSIST receiving row,multiple ASSIST articulation rows normalize to the same receiving course,,https://assist.org/transfer/results?year=76&institution=13&agreement=79&agreementType=to&viewAgreementsOptions=true&view=agreement&viewBy=major&viewSendingAgreements=false&viewByKey=76%2F13%2Fto%2F79%2FMajor%2F7d01fb7b-2afa-460e-ace0-08ddbf3f4ee7,76/13/to/79/Major/7d01fb7b-2afa-460e-ace0-08ddbf3f4ee7
info,non_course_requirement_duplicate,Treat as raw audit noise from repeated non-course requirement labels.,UCB,University of California Berkeley,MiraCosta College,fail,Requirement,duplicate_merged_row,duplicate ASSIST receiving row,multiple ASSIST articulation rows normalize to the same receiving course,,https://assist.org/transfer/results?year=76&institution=108&agreement=79&agreementType=to&viewAgreementsOptions=true&view=agreement&viewBy=major&viewSendingAgreements=false&viewByKey=76%2F108%2Fto%2F79%2FMajor%2F7d01fb7b-2afa-460e-ace0-08ddbf3f4ee7,76/108/to/79/Major/7d01fb7b-2afa-460e-ace0-08ddbf3f4ee7
info,non_course_requirement_duplicate,Treat as raw audit noise from repeated non-course requirement labels.,UCB,University of California Berkeley,Mission College,fail,Requirement,duplicate_merged_row,duplicate ASSIST receiving row,multiple ASSIST articulation rows normalize to the same receiving course,,https://assist.org/transfer/results?year=76&institution=32&agreement=79&agreementType=to&viewAgreementsOptions=true&view=agreement&viewBy=major&viewSendingAgreements=false&viewByKey=76%2F32%2Fto%2F79%2FMajor%2F7d01fb7b-2afa-460e-ace0-08ddbf3f4ee7,76/32/to/79/Major/7d01fb7b-2afa-460e-ace0-08ddbf3f4ee7
info,non_course_requirement_duplicate,Treat as raw audit noise from repeated non-course requirement labels.,UCB,University of California Berkeley,Modesto Junior College,fail,Requirement,duplicate_merged_row,duplicate ASSIST receiving row,multiple ASSIST articulation rows normalize to the same receiving course,,https://assist.org/transfer/results?year=76&institution=52&agreement=79&agreementType=to&viewAgreementsOptions=true&view=agreement&viewBy=major&viewSendingAgreements=false&viewByKey=76%2F52%2Fto%2F79%2FMajor%2F7d01fb7b-2afa-460e-ace0-08ddbf3f4ee7,76/52/to/79/Major/7d01fb7b-2afa-460e-ace0-08ddbf3f4ee7
info,non_course_requirement_duplicate,Treat as raw audit noise from repeated non-course requirement labels.,UCB,University of California Berkeley,Monterey Peninsula College,fail,Requirement,duplicate_merged_row,duplicate ASSIST receiving row,multiple ASSIST articulation rows normalize to the same receiving course,,https://assist.org/transfer/results?year=76&institution=133&agreement=79&agreementType=to&viewAgreementsOptions=true&view=agreement&viewBy=major&viewSendingAgreements=false&viewByKey=76%2F133%2Fto%2F79%2FMajor%2F7d01fb7b-2afa-460e-ace0-08ddbf3f4ee7,76/133/to/79/Major/7d01fb7b-2afa-460e-ace0-08ddbf3f4ee7
info,non_course_requirement_duplicate,Treat as raw audit noise from repeated non-course requirement labels.,UCB,University of California Berkeley,Moorpark College,fail,Requirement,duplicate_merged_row,duplicate ASSIST receiving row,multiple ASSIST articulation rows normalize to the same receiving course,,https://assist.org/transfer/results?year=76&institution=139&agreement=79&agreementType=to&viewAgreementsOptions=true&view=agreement&viewBy=major&viewSendingAgreements=false&viewByKey=76%2F139%2Fto%2F79%2FMajor%2F7d01fb7b-2afa-460e-ace0-08ddbf3f4ee7,76/139/to/79/Major/7d01fb7b-2afa-460e-ace0-08ddbf3f4ee7
info,non_course_requirement_duplicate,Treat as raw audit noise from repeated non-course requirement labels.,UCB,University of California Berkeley,Moreno Valley College,fail,Requirement,duplicate_merged_row,duplicate ASSIST receiving row,multiple ASSIST articulation rows normalize to the same receiving course,,https://assist.org/transfer/results?year=76&institution=149&agreement=79&agreementType=to&viewAgreementsOptions=true&view=agreement&viewBy=major&viewSendingAgreements=false&viewByKey=76%2F149%2Fto%2F79%2FMajor%2F7d01fb7b-2afa-460e-ace0-08ddbf3f4ee7,76/149/to/79/Major/7d01fb7b-2afa-460e-ace0-08ddbf3f4ee7
info,non_course_requirement_duplicate,Treat as raw audit noise from repeated non-course requirement labels.,UCB,University of California Berkeley,Mount San Antonio College,fail,Requirement,duplicate_merged_row,duplicate ASSIST receiving row,multiple ASSIST articulation rows normalize to the same receiving course,,https://assist.org/transfer/results?year=76&institution=62&agreement=79&agreementType=to&viewAgreementsOptions=true&view=agreement&viewBy=major&viewSendingAgreements=false&viewByKey=76%2F62%2Fto%2F79%2FMajor%2F7d01fb7b-2afa-460e-ace0-08ddbf3f4ee7,76/62/to/79/Major/7d01fb7b-2afa-460e-ace0-08ddbf3f4ee7
info,non_course_requirement_duplicate,Treat as raw audit noise from repeated non-course requirement labels.,UCB,University of California Berkeley,Mt. San Jacinto College,fail,Requirement,duplicate_merged_row,duplicate ASSIST receiving row,multiple ASSIST articulation rows normalize to the same receiving course,,https://assist.org/transfer/results?year=76&institution=53&agreement=79&agreementType=to&viewAgreementsOptions=true&view=agreement&viewBy=major&viewSendingAgreements=false&viewByKey=76%2F53%2Fto%2F79%2FMajor%2F7d01fb7b-2afa-460e-ace0-08ddbf3f4ee7,76/53/to/79/Major/7d01fb7b-2afa-460e-ace0-08ddbf3f4ee7
info,non_course_requirement_duplicate,Treat as raw audit noise from repeated non-course requirement labels.,UCB,University of California Berkeley,Napa Valley College,fail,Requirement,duplicate_merged_row,duplicate ASSIST receiving row,multiple ASSIST articulation rows normalize to the same receiving course,,https://assist.org/transfer/results?year=76&institution=73&agreement=79&agreementType=to&viewAgreementsOptions=true&view=agreement&viewBy=major&viewSendingAgreements=false&viewByKey=76%2F73%2Fto%2F79%2FMajor%2F7d01fb7b-2afa-460e-ace0-08ddbf3f4ee7,76/73/to/79/Major/7d01fb7b-2afa-460e-ace0-08ddbf3f4ee7
info,non_course_requirement_duplicate,Treat as raw audit noise from repeated non-course requirement labels.,UCB,University of California Berkeley,Norco College,fail,Requirement,duplicate_merged_row,duplicate ASSIST receiving row,multiple ASSIST articulation rows normalize to the same receiving course,,https://assist.org/transfer/results?year=76&institution=148&agreement=79&agreementType=to&viewAgreementsOptions=true&view=agreement&viewBy=major&viewSendingAgreements=false&viewByKey=76%2F148%2Fto%2F79%2FMajor%2F7d01fb7b-2afa-460e-ace0-08ddbf3f4ee7,76/148/to/79/Major/7d01fb7b-2afa-460e-ace0-08ddbf3f4ee7
info,non_course_requirement_duplicate,Treat as raw audit noise from repeated non-course requirement labels.,UCB,University of California Berkeley,Ohlone College,fail,Requirement,duplicate_merged_row,duplicate ASSIST receiving row,multiple ASSIST articulation rows normalize to the same receiving course,,https://assist.org/transfer/results?year=76&institution=48&agreement=79&agreementType=to&viewAgreementsOptions=true&view=agreement&viewBy=major&viewSendingAgreements=false&viewByKey=76%2F48%2Fto%2F79%2FMajor%2F7d01fb7b-2afa-460e-ace0-08ddbf3f4ee7,76/48/to/79/Major/7d01fb7b-2afa-460e-ace0-08ddbf3f4ee7
info,non_course_requirement_duplicate,Treat as raw audit noise from repeated non-course requirement labels.,UCB,University of California Berkeley,Orange Coast College,fail,Requirement,duplicate_merged_row,duplicate ASSIST receiving row,multiple ASSIST articulation rows normalize to the same receiving course,,https://assist.org/transfer/results?year=76&institution=74&agreement=79&agreementType=to&viewAgreementsOptions=true&view=agreement&viewBy=major&viewSendingAgreements=false&viewByKey=76%2F74%2Fto%2F79%2FMajor%2F7d01fb7b-2afa-460e-ace0-08ddbf3f4ee7,76/74/to/79/Major/7d01fb7b-2afa-460e-ace0-08ddbf3f4ee7
info,non_course_requirement_duplicate,Treat as raw audit noise from repeated non-course requirement labels.,UCB,University of California Berkeley,Oxnard College,fail,Requirement,duplicate_merged_row,duplicate ASSIST receiving row,multiple ASSIST articulation rows normalize to the same receiving course,,https://assist.org/transfer/results?year=76&institution=87&agreement=79&agreementType=to&viewAgreementsOptions=true&view=agreement&viewBy=major&viewSendingAgreements=false&viewByKey=76%2F87%2Fto%2F79%2FMajor%2F7d01fb7b-2afa-460e-ace0-08ddbf3f4ee7,76/87/to/79/Major/7d01fb7b-2afa-460e-ace0-08ddbf3f4ee7
info,non_course_requirement_duplicate,Treat as raw audit noise from repeated non-course requirement labels.,UCB,University of California Berkeley,Palo Verde College,fail,Requirement,duplicate_merged_row,duplicate ASSIST receiving row,multiple ASSIST articulation rows normalize to the same receiving course,,https://assist.org/transfer/results?year=76&institution=63&agreement=79&agreementType=to&viewAgreementsOptions=true&view=agreement&viewBy=major&viewSendingAgreements=false&viewByKey=76%2F63%2Fto%2F79%2FMajor%2F7d01fb7b-2afa-460e-ace0-08ddbf3f4ee7,76/63/to/79/Major/7d01fb7b-2afa-460e-ace0-08ddbf3f4ee7
info,non_course_requirement_duplicate,Treat as raw audit noise from repeated non-course requirement labels.,UCB,University of California Berkeley,Palomar College,fail,Requirement,duplicate_merged_row,duplicate ASSIST receiving row,multiple ASSIST articulation rows normalize to the same receiving course,,https://assist.org/transfer/results?year=76&institution=56&agreement=79&agreementType=to&viewAgreementsOptions=true&view=agreement&viewBy=major&viewSendingAgreements=false&viewByKey=76%2F56%2Fto%2F79%2FMajor%2F7d01fb7b-2afa-460e-ace0-08ddbf3f4ee7,76/56/to/79/Major/7d01fb7b-2afa-460e-ace0-08ddbf3f4ee7
info,non_course_requirement_duplicate,Treat as raw audit noise from repeated non-course requirement labels.,UCB,University of California Berkeley,Pasadena City College,fail,Requirement,duplicate_merged_row,duplicate ASSIST receiving row,multiple ASSIST articulation rows normalize to the same receiving course,,https://assist.org/transfer/results?year=76&institution=49&agreement=79&agreementType=to&viewAgreementsOptions=true&view=agreement&viewBy=major&viewSendingAgreements=false&viewByKey=76%2F49%2Fto%2F79%2FMajor%2F7d01fb7b-2afa-460e-ace0-08ddbf3f4ee7,76/49/to/79/Major/7d01fb7b-2afa-460e-ace0-08ddbf3f4ee7
info,non_course_requirement_duplicate,Treat as raw audit noise from repeated non-course requirement labels.,UCB,University of California Berkeley,Porterville College,fail,Requirement,duplicate_merged_row,duplicate ASSIST receiving row,multiple ASSIST articulation rows normalize to the same receiving course,,https://assist.org/transfer/results?year=76&institution=125&agreement=79&agreementType=to&viewAgreementsOptions=true&view=agreement&viewBy=major&viewSendingAgreements=false&viewByKey=76%2F125%2Fto%2F79%2FMajor%2F7d01fb7b-2afa-460e-ace0-08ddbf3f4ee7,76/125/to/79/Major/7d01fb7b-2afa-460e-ace0-08ddbf3f4ee7
info,non_course_requirement_duplicate,Treat as raw audit noise from repeated non-course requirement labels.,UCB,University of California Berkeley,Reedley College,fail,Requirement,duplicate_merged_row,duplicate ASSIST receiving row,multiple ASSIST articulation rows normalize to the same receiving course,,https://assist.org/transfer/results?year=76&institution=36&agreement=79&agreementType=to&viewAgreementsOptions=true&view=agreement&viewBy=major&viewSendingAgreements=false&viewByKey=76%2F36%2Fto%2F79%2FMajor%2F7d01fb7b-2afa-460e-ace0-08ddbf3f4ee7,76/36/to/79/Major/7d01fb7b-2afa-460e-ace0-08ddbf3f4ee7
info,non_course_requirement_duplicate,Treat as raw audit noise from repeated non-course requirement labels.,UCB,University of California Berkeley,Rio Hondo College,fail,Requirement,duplicate_merged_row,duplicate ASSIST receiving row,multiple ASSIST articulation rows normalize to the same receiving course,,https://assist.org/transfer/results?year=76&institution=64&agreement=79&agreementType=to&viewAgreementsOptions=true&view=agreement&viewBy=major&viewSendingAgreements=false&viewByKey=76%2F64%2Fto%2F79%2FMajor%2F7d01fb7b-2afa-460e-ace0-08ddbf3f4ee7,76/64/to/79/Major/7d01fb7b-2afa-460e-ace0-08ddbf3f4ee7
info,non_course_requirement_duplicate,Treat as raw audit noise from repeated non-course requirement labels.,UCB,University of California Berkeley,Riverside City College,fail,Requirement,duplicate_merged_row,duplicate ASSIST receiving row,multiple ASSIST articulation rows normalize to the same receiving course,,https://assist.org/transfer/results?year=76&institution=78&agreement=79&agreementType=to&viewAgreementsOptions=true&view=agreement&viewBy=major&viewSendingAgreements=false&viewByKey=76%2F78%2Fto%2F79%2FMajor%2F7d01fb7b-2afa-460e-ace0-08ddbf3f4ee7,76/78/to/79/Major/7d01fb7b-2afa-460e-ace0-08ddbf3f4ee7
info,non_course_requirement_duplicate,Treat as raw audit noise from repeated non-course requirement labels.,UCB,University of California Berkeley,Sacramento City College,fail,Requirement,duplicate_merged_row,duplicate ASSIST receiving row,multiple ASSIST articulation rows normalize to the same receiving course,,https://assist.org/transfer/results?year=76&institution=126&agreement=79&agreementType=to&viewAgreementsOptions=true&view=agreement&viewBy=major&viewSendingAgreements=false&viewByKey=76%2F126%2Fto%2F79%2FMajor%2F7d01fb7b-2afa-460e-ace0-08ddbf3f4ee7,76/126/to/79/Major/7d01fb7b-2afa-460e-ace0-08ddbf3f4ee7
info,non_course_requirement_duplicate,Treat as raw audit noise from repeated non-course requirement labels.,UCB,University of California Berkeley,Saddleback College,fail,Requirement,duplicate_merged_row,duplicate ASSIST receiving row,multiple ASSIST articulation rows normalize to the same receiving course,,https://assist.org/transfer/results?year=76&institution=65&agreement=79&agreementType=to&viewAgreementsOptions=true&view=agreement&viewBy=major&viewSendingAgreements=false&viewByKey=76%2F65%2Fto%2F79%2FMajor%2F7d01fb7b-2afa-460e-ace0-08ddbf3f4ee7,76/65/to/79/Major/7d01fb7b-2afa-460e-ace0-08ddbf3f4ee7
info,non_course_requirement_duplicate,Treat as raw audit noise from repeated non-course requirement labels.,UCB,University of California Berkeley,San Bernardino Valley College,fail,Requirement,duplicate_merged_row,duplicate ASSIST receiving row,multiple ASSIST articulation rows normalize to the same receiving course,,https://assist.org/transfer/results?year=76&institution=131&agreement=79&agreementType=to&viewAgreementsOptions=true&view=agreement&viewBy=major&viewSendingAgreements=false&viewByKey=76%2F131%2Fto%2F79%2FMajor%2F7d01fb7b-2afa-460e-ace0-08ddbf3f4ee7,76/131/to/79/Major/7d01fb7b-2afa-460e-ace0-08ddbf3f4ee7
info,non_course_requirement_duplicate,Treat as raw audit noise from repeated non-course requirement labels.,UCB,University of California Berkeley,San Diego City College,fail,Requirement,duplicate_merged_row,duplicate ASSIST receiving row,multiple ASSIST articulation rows normalize to the same receiving course,,https://assist.org/transfer/results?year=76&institution=54&agreement=79&agreementType=to&viewAgreementsOptions=true&view=agreement&viewBy=major&viewSendingAgreements=false&viewByKey=76%2F54%2Fto%2F79%2FMajor%2F7d01fb7b-2afa-460e-ace0-08ddbf3f4ee7,76/54/to/79/Major/7d01fb7b-2afa-460e-ace0-08ddbf3f4ee7
info,non_course_requirement_duplicate,Treat as raw audit noise from repeated non-course requirement labels.,UCB,University of California Berkeley,San Diego Mesa College,fail,Requirement,duplicate_merged_row,duplicate ASSIST receiving row,multiple ASSIST articulation rows normalize to the same receiving course,,https://assist.org/transfer/results?year=76&institution=101&agreement=79&agreementType=to&viewAgreementsOptions=true&view=agreement&viewBy=major&viewSendingAgreements=false&viewByKey=76%2F101%2Fto%2F79%2FMajor%2F7d01fb7b-2afa-460e-ace0-08ddbf3f4ee7,76/101/to/79/Major/7d01fb7b-2afa-460e-ace0-08ddbf3f4ee7
info,non_course_requirement_duplicate,Treat as raw audit noise from repeated non-course requirement labels.,UCB,University of California Berkeley,San Diego Miramar College,fail,Requirement,duplicate_merged_row,duplicate ASSIST receiving row,multiple ASSIST articulation rows normalize to the same receiving course,,https://assist.org/transfer/results?year=76&institution=45&agreement=79&agreementType=to&viewAgreementsOptions=true&view=agreement&viewBy=major&viewSendingAgreements=false&viewByKey=76%2F45%2Fto%2F79%2FMajor%2F7d01fb7b-2afa-460e-ace0-08ddbf3f4ee7,76/45/to/79/Major/7d01fb7b-2afa-460e-ace0-08ddbf3f4ee7
info,non_course_requirement_duplicate,Treat as raw audit noise from repeated non-course requirement labels.,UCB,University of California Berkeley,San Joaquin Delta College,fail,Requirement,duplicate_merged_row,duplicate ASSIST receiving row,multiple ASSIST articulation rows normalize to the same receiving course,,https://assist.org/transfer/results?year=76&institution=109&agreement=79&agreementType=to&viewAgreementsOptions=true&view=agreement&viewBy=major&viewSendingAgreements=false&viewByKey=76%2F109%2Fto%2F79%2FMajor%2F7d01fb7b-2afa-460e-ace0-08ddbf3f4ee7,76/109/to/79/Major/7d01fb7b-2afa-460e-ace0-08ddbf3f4ee7
info,non_course_requirement_duplicate,Treat as raw audit noise from repeated non-course requirement labels.,UCB,University of California Berkeley,San Jose City College,fail,Requirement,duplicate_merged_row,duplicate ASSIST receiving row,multiple ASSIST articulation rows normalize to the same receiving course,,https://assist.org/transfer/results?year=76&institution=136&agreement=79&agreementType=to&viewAgreementsOptions=true&view=agreement&viewBy=major&viewSendingAgreements=false&viewByKey=76%2F136%2Fto%2F79%2FMajor%2F7d01fb7b-2afa-460e-ace0-08ddbf3f4ee7,76/136/to/79/Major/7d01fb7b-2afa-460e-ace0-08ddbf3f4ee7
info,non_course_requirement_duplicate,Treat as raw audit noise from repeated non-course requirement labels.,UCB,University of California Berkeley,Santa Ana College,fail,Requirement,duplicate_merged_row,duplicate ASSIST receiving row,multiple ASSIST articulation rows normalize to the same receiving course,,https://assist.org/transfer/results?year=76&institution=14&agreement=79&agreementType=to&viewAgreementsOptions=true&view=agreement&viewBy=major&viewSendingAgreements=false&viewByKey=76%2F14%2Fto%2F79%2FMajor%2F7d01fb7b-2afa-460e-ace0-08ddbf3f4ee7,76/14/to/79/Major/7d01fb7b-2afa-460e-ace0-08ddbf3f4ee7
info,non_course_requirement_duplicate,Treat as raw audit noise from repeated non-course requirement labels.,UCB,University of California Berkeley,Santa Barbara City College,fail,Requirement,duplicate_merged_row,duplicate ASSIST receiving row,multiple ASSIST articulation rows normalize to the same receiving course,,https://assist.org/transfer/results?year=76&institution=92&agreement=79&agreementType=to&viewAgreementsOptions=true&view=agreement&viewBy=major&viewSendingAgreements=false&viewByKey=76%2F92%2Fto%2F79%2FMajor%2F7d01fb7b-2afa-460e-ace0-08ddbf3f4ee7,76/92/to/79/Major/7d01fb7b-2afa-460e-ace0-08ddbf3f4ee7
info,non_course_requirement_duplicate,Treat as raw audit noise from repeated non-course requirement labels.,UCB,University of California Berkeley,Santa Monica College,fail,Requirement,duplicate_merged_row,duplicate ASSIST receiving row,multiple ASSIST articulation rows normalize to the same receiving course,,https://assist.org/transfer/results?year=76&institution=137&agreement=79&agreementType=to&viewAgreementsOptions=true&view=agreement&viewBy=major&viewSendingAgreements=false&viewByKey=76%2F137%2Fto%2F79%2FMajor%2F7d01fb7b-2afa-460e-ace0-08ddbf3f4ee7,76/137/to/79/Major/7d01fb7b-2afa-460e-ace0-08ddbf3f4ee7
info,non_course_requirement_duplicate,Treat as raw audit noise from repeated non-course requirement labels.,UCB,University of California Berkeley,Santa Rosa Junior College,fail,Requirement,duplicate_merged_row,duplicate ASSIST receiving row,multiple ASSIST articulation rows normalize to the same receiving course,,https://assist.org/transfer/results?year=76&institution=57&agreement=79&agreementType=to&viewAgreementsOptions=true&view=agreement&viewBy=major&viewSendingAgreements=false&viewByKey=76%2F57%2Fto%2F79%2FMajor%2F7d01fb7b-2afa-460e-ace0-08ddbf3f4ee7,76/57/to/79/Major/7d01fb7b-2afa-460e-ace0-08ddbf3f4ee7
info,non_course_requirement_duplicate,Treat as raw audit noise from repeated non-course requirement labels.,UCB,University of California Berkeley,Santiago Canyon College,fail,Requirement,duplicate_merged_row,duplicate ASSIST receiving row,multiple ASSIST articulation rows normalize to the same receiving course,,https://assist.org/transfer/results?year=76&institution=66&agreement=79&agreementType=to&viewAgreementsOptions=true&view=agreement&viewBy=major&viewSendingAgreements=false&viewByKey=76%2F66%2Fto%2F79%2FMajor%2F7d01fb7b-2afa-460e-ace0-08ddbf3f4ee7,76/66/to/79/Major/7d01fb7b-2afa-460e-ace0-08ddbf3f4ee7
info,non_course_requirement_duplicate,Treat as raw audit noise from repeated non-course requirement labels.,UCB,University of California Berkeley,Shasta College,fail,Requirement,duplicate_merged_row,duplicate ASSIST receiving row,multiple ASSIST articulation rows normalize to the same receiving course,,https://assist.org/transfer/results?year=76&institution=38&agreement=79&agreementType=to&viewAgreementsOptions=true&view=agreement&viewBy=major&viewSendingAgreements=false&viewByKey=76%2F38%2Fto%2F79%2FMajor%2F7d01fb7b-2afa-460e-ace0-08ddbf3f4ee7,76/38/to/79/Major/7d01fb7b-2afa-460e-ace0-08ddbf3f4ee7
info,non_course_requirement_duplicate,Treat as raw audit noise from repeated non-course requirement labels.,UCB,University of California Berkeley,Sierra College,fail,Requirement,duplicate_merged_row,duplicate ASSIST receiving row,multiple ASSIST articulation rows normalize to the same receiving course,,https://assist.org/transfer/results?year=76&institution=93&agreement=79&agreementType=to&viewAgreementsOptions=true&view=agreement&viewBy=major&viewSendingAgreements=false&viewByKey=76%2F93%2Fto%2F79%2FMajor%2F7d01fb7b-2afa-460e-ace0-08ddbf3f4ee7,76/93/to/79/Major/7d01fb7b-2afa-460e-ace0-08ddbf3f4ee7
info,non_course_requirement_duplicate,Treat as raw audit noise from repeated non-course requirement labels.,UCB,University of California Berkeley,Skyline College,fail,Requirement,duplicate_merged_row,duplicate ASSIST receiving row,multiple ASSIST articulation rows normalize to the same receiving course,,https://assist.org/transfer/results?year=76&institution=127&agreement=79&agreementType=to&viewAgreementsOptions=true&view=agreement&viewBy=major&viewSendingAgreements=false&viewByKey=76%2F127%2Fto%2F79%2FMajor%2F7d01fb7b-2afa-460e-ace0-08ddbf3f4ee7,76/127/to/79/Major/7d01fb7b-2afa-460e-ace0-08ddbf3f4ee7
info,non_course_requirement_duplicate,Treat as raw audit noise from repeated non-course requirement labels.,UCB,University of California Berkeley,Solano Community College,fail,Requirement,duplicate_merged_row,duplicate ASSIST receiving row,multiple ASSIST articulation rows normalize to the same receiving course,,https://assist.org/transfer/results?year=76&institution=94&agreement=79&agreementType=to&viewAgreementsOptions=true&view=agreement&viewBy=major&viewSendingAgreements=false&viewByKey=76%2F94%2Fto%2F79%2FMajor%2F7d01fb7b-2afa-460e-ace0-08ddbf3f4ee7,76/94/to/79/Major/7d01fb7b-2afa-460e-ace0-08ddbf3f4ee7
info,non_course_requirement_duplicate,Treat as raw audit noise from repeated non-course requirement labels.,UCB,University of California Berkeley,Southwestern College,fail,Requirement,duplicate_merged_row,duplicate ASSIST receiving row,multiple ASSIST articulation rows normalize to the same receiving course,,https://assist.org/transfer/results?year=76&institution=138&agreement=79&agreementType=to&viewAgreementsOptions=true&view=agreement&viewBy=major&viewSendingAgreements=false&viewByKey=76%2F138%2Fto%2F79%2FMajor%2F7d01fb7b-2afa-460e-ace0-08ddbf3f4ee7,76/138/to/79/Major/7d01fb7b-2afa-460e-ace0-08ddbf3f4ee7
info,non_course_requirement_duplicate,Treat as raw audit noise from repeated non-course requirement labels.,UCB,University of California Berkeley,Taft College,fail,Requirement,duplicate_merged_row,duplicate ASSIST receiving row,multiple ASSIST articulation rows normalize to the same receiving course,,https://assist.org/transfer/results?year=76&institution=119&agreement=79&agreementType=to&viewAgreementsOptions=true&view=agreement&viewBy=major&viewSendingAgreements=false&viewByKey=76%2F119%2Fto%2F79%2FMajor%2F7d01fb7b-2afa-460e-ace0-08ddbf3f4ee7,76/119/to/79/Major/7d01fb7b-2afa-460e-ace0-08ddbf3f4ee7
info,non_course_requirement_duplicate,Treat as raw audit noise from repeated non-course requirement labels.,UCB,University of California Berkeley,Ventura College,fail,Requirement,duplicate_merged_row,duplicate ASSIST receiving row,multiple ASSIST articulation rows normalize to the same receiving course,,https://assist.org/transfer/results?year=76&institution=95&agreement=79&agreementType=to&viewAgreementsOptions=true&view=agreement&viewBy=major&viewSendingAgreements=false&viewByKey=76%2F95%2Fto%2F79%2FMajor%2F7d01fb7b-2afa-460e-ace0-08ddbf3f4ee7,76/95/to/79/Major/7d01fb7b-2afa-460e-ace0-08ddbf3f4ee7
info,non_course_requirement_duplicate,Treat as raw audit noise from repeated non-course requirement labels.,UCB,University of California Berkeley,Victor Valley College,fail,Requirement,duplicate_merged_row,duplicate ASSIST receiving row,multiple ASSIST articulation rows normalize to the same receiving course,,https://assist.org/transfer/results?year=76&institution=19&agreement=79&agreementType=to&viewAgreementsOptions=true&view=agreement&viewBy=major&viewSendingAgreements=false&viewByKey=76%2F19%2Fto%2F79%2FMajor%2F7d01fb7b-2afa-460e-ace0-08ddbf3f4ee7,76/19/to/79/Major/7d01fb7b-2afa-460e-ace0-08ddbf3f4ee7
info,non_course_requirement_duplicate,Treat as raw audit noise from repeated non-course requirement labels.,UCB,University of California Berkeley,West Hills College Coalinga,fail,Requirement,duplicate_merged_row,duplicate ASSIST receiving row,multiple ASSIST articulation rows normalize to the same receiving course,,https://assist.org/transfer/results?year=76&institution=67&agreement=79&agreementType=to&viewAgreementsOptions=true&view=agreement&viewBy=major&viewSendingAgreements=false&viewByKey=76%2F67%2Fto%2F79%2FMajor%2F7d01fb7b-2afa-460e-ace0-08ddbf3f4ee7,76/67/to/79/Major/7d01fb7b-2afa-460e-ace0-08ddbf3f4ee7
info,non_course_requirement_duplicate,Treat as raw audit noise from repeated non-course requirement labels.,UCB,University of California Berkeley,West Hills College Lemoore,fail,Requirement,duplicate_merged_row,duplicate ASSIST receiving row,multiple ASSIST articulation rows normalize to the same receiving course,,https://assist.org/transfer/results?year=76&institution=146&agreement=79&agreementType=to&viewAgreementsOptions=true&view=agreement&viewBy=major&viewSendingAgreements=false&viewByKey=76%2F146%2Fto%2F79%2FMajor%2F7d01fb7b-2afa-460e-ace0-08ddbf3f4ee7,76/146/to/79/Major/7d01fb7b-2afa-460e-ace0-08ddbf3f4ee7
info,non_course_requirement_duplicate,Treat as raw audit noise from repeated non-course requirement labels.,UCB,University of California Berkeley,West Los Angeles College,fail,Requirement,duplicate_merged_row,duplicate ASSIST receiving row,multiple ASSIST articulation rows normalize to the same receiving course,,https://assist.org/transfer/results?year=76&institution=91&agreement=79&agreementType=to&viewAgreementsOptions=true&view=agreement&viewBy=major&viewSendingAgreements=false&viewByKey=76%2F91%2Fto%2F79%2FMajor%2F7d01fb7b-2afa-460e-ace0-08ddbf3f4ee7,76/91/to/79/Major/7d01fb7b-2afa-460e-ace0-08ddbf3f4ee7
info,non_course_requirement_duplicate,Treat as raw audit noise from repeated non-course requirement labels.,UCB,University of California Berkeley,West Valley College,fail,Requirement,duplicate_merged_row,duplicate ASSIST receiving row,multiple ASSIST articulation rows normalize to the same receiving course,,https://assist.org/transfer/results?year=76&institution=80&agreement=79&agreementType=to&viewAgreementsOptions=true&view=agreement&viewBy=major&viewSendingAgreements=false&viewByKey=76%2F80%2Fto%2F79%2FMajor%2F7d01fb7b-2afa-460e-ace0-08ddbf3f4ee7,76/80/to/79/Major/7d01fb7b-2afa-460e-ace0-08ddbf3f4ee7
info,non_course_requirement_duplicate,Treat as raw audit noise from repeated non-course requirement labels.,UCB,University of California Berkeley,Woodland Community College,fail,Requirement,duplicate_merged_row,duplicate ASSIST receiving row,multiple ASSIST articulation rows normalize to the same receiving course,,https://assist.org/transfer/results?year=76&institution=147&agreement=79&agreementType=to&viewAgreementsOptions=true&view=agreement&viewBy=major&viewSendingAgreements=false&viewByKey=76%2F147%2Fto%2F79%2FMajor%2F7d01fb7b-2afa-460e-ace0-08ddbf3f4ee7,76/147/to/79/Major/7d01fb7b-2afa-460e-ace0-08ddbf3f4ee7
info,non_course_requirement_duplicate,Treat as raw audit noise from repeated non-course requirement labels.,UCB,University of California Berkeley,Yuba College,fail,Requirement,duplicate_merged_row,duplicate ASSIST receiving row,multiple ASSIST articulation rows normalize to the same receiving course,,https://assist.org/transfer/results?year=76&institution=90&agreement=79&agreementType=to&viewAgreementsOptions=true&view=agreement&viewBy=major&viewSendingAgreements=false&viewByKey=76%2F90%2Fto%2F79%2FMajor%2F7d01fb7b-2afa-460e-ace0-08ddbf3f4ee7,76/90/to/79/Major/7d01fb7b-2afa-460e-ace0-08ddbf3f4ee7
info,non_course_requirement_placeholder,Treat as raw audit noise unless it maps to a CS requirement used downstream.,UCB,University of California Berkeley,Allan Hancock College,fail,<blank>,unexpected_row,unexpected raw CSV row,,[['ENGL 102 (3.00)']],https://assist.org/transfer/results?year=76&institution=110&agreement=79&agreementType=to&viewAgreementsOptions=true&view=agreement&viewBy=major&viewSendingAgreements=false&viewByKey=76%2F110%2Fto%2F79%2FMajor%2F7d01fb7b-2afa-460e-ace0-08ddbf3f4ee7,76/110/to/79/Major/7d01fb7b-2afa-460e-ace0-08ddbf3f4ee7
info,non_course_requirement_placeholder,Treat as raw audit noise unless it maps to a CS requirement used downstream.,UCB,University of California Berkeley,American River College,fail,<blank>,unexpected_row,unexpected raw CSV row,,"[['ENGWR 301 (3.00)', 'ENGWR 303 (4.00)', 'ENGWR 481 (3.00)', 'ENGL C1001 (3.00)', 'ENGL C1000H (3.00)']]",https://assist.org/transfer/results?year=76&institution=27&agreement=79&agreementType=to&viewAgreementsOptions=true&view=agreement&viewBy=major&viewSendingAgreements=false&viewByKey=76%2F27%2Fto%2F79%2FMajor%2F7d01fb7b-2afa-460e-ace0-08ddbf3f4ee7,76/27/to/79/Major/7d01fb7b-2afa-460e-ace0-08ddbf3f4ee7
info,non_course_requirement_placeholder,Treat as raw audit noise unless it maps to a CS requirement used downstream.,UCB,University of California Berkeley,Antelope Valley College,fail,<blank>,unexpected_row,unexpected raw CSV row,,[['ENGL C1001 (3.00)']],https://assist.org/transfer/results?year=76&institution=121&agreement=79&agreementType=to&viewAgreementsOptions=true&view=agreement&viewBy=major&viewSendingAgreements=false&viewByKey=76%2F121%2Fto%2F79%2FMajor%2F7d01fb7b-2afa-460e-ace0-08ddbf3f4ee7,76/121/to/79/Major/7d01fb7b-2afa-460e-ace0-08ddbf3f4ee7
info,non_course_requirement_placeholder,Treat as raw audit noise unless it maps to a CS requirement used downstream.,UCB,University of California Berkeley,Bakersfield College,fail,<blank>,unexpected_row,unexpected raw CSV row,,"[['ENGL B3 (4.00)', 'ENGL C1001 (4.00)']]",https://assist.org/transfer/results?year=76&institution=84&agreement=79&agreementType=to&viewAgreementsOptions=true&view=agreement&viewBy=major&viewSendingAgreements=false&viewByKey=76%2F84%2Fto%2F79%2FMajor%2F7d01fb7b-2afa-460e-ace0-08ddbf3f4ee7,76/84/to/79/Major/7d01fb7b-2afa-460e-ace0-08ddbf3f4ee7
info,non_course_requirement_placeholder,Treat as raw audit noise unless it maps to a CS requirement used downstream.,UCB,University of California Berkeley,Barstow Community College,fail,<blank>,unexpected_row,unexpected raw CSV row,,"[['ENGL 1B (3.00)', 'ENGL C1001 (4.00)']]",https://assist.org/transfer/results?year=76&institution=20&agreement=79&agreementType=to&viewAgreementsOptions=true&view=agreement&viewBy=major&viewSendingAgreements=false&viewByKey=76%2F20%2Fto%2F79%2FMajor%2F7d01fb7b-2afa-460e-ace0-08ddbf3f4ee7,76/20/to/79/Major/7d01fb7b-2afa-460e-ace0-08ddbf3f4ee7
info,non_course_requirement_placeholder,Treat as raw audit noise unless it maps to a CS requirement used downstream.,UCB,University of California Berkeley,Berkeley City College,fail,<blank>,unexpected_row,unexpected raw CSV row,,[['ENGL 1B (4.00)']],https://assist.org/transfer/results?year=76&institution=58&agreement=79&agreementType=to&viewAgreementsOptions=true&view=agreement&viewBy=major&viewSendingAgreements=false&viewByKey=76%2F58%2Fto%2F79%2FMajor%2F7d01fb7b-2afa-460e-ace0-08ddbf3f4ee7,76/58/to/79/Major/7d01fb7b-2afa-460e-ace0-08ddbf3f4ee7
info,non_course_requirement_placeholder,Treat as raw audit noise unless it maps to a CS requirement used downstream.,UCB,University of California Berkeley,Butte College,fail,<blank>,unexpected_row,unexpected raw CSV row,,"[['ENGL 4 (3.00)', 'ENGL C1001 (3.00)']]",https://assist.org/transfer/results?year=76&institution=8&agreement=79&agreementType=to&viewAgreementsOptions=true&view=agreement&viewBy=major&viewSendingAgreements=false&viewByKey=76%2F8%2Fto%2F79%2FMajor%2F7d01fb7b-2afa-460e-ace0-08ddbf3f4ee7,76/8/to/79/Major/7d01fb7b-2afa-460e-ace0-08ddbf3f4ee7
info,non_course_requirement_placeholder,Treat as raw audit noise unless it maps to a CS requirement used downstream.,UCB,University of California Berkeley,Cabrillo College,fail,<blank>,unexpected_row,unexpected raw CSV row,,"[['ENGL 1B (3.00)', 'ENGL 1BH (3.00)', 'ENGL 1BMC (3.00)', 'ENGL C1001 (3.00)', 'ENGL C1001H (3.00)']]",https://assist.org/transfer/results?year=76&institution=41&agreement=79&agreementType=to&viewAgreementsOptions=true&view=agreement&viewBy=major&viewSendingAgreements=false&viewByKey=76%2F41%2Fto%2F79%2FMajor%2F7d01fb7b-2afa-460e-ace0-08ddbf3f4ee7,76/41/to/79/Major/7d01fb7b-2afa-460e-ace0-08ddbf3f4ee7
info,non_course_requirement_placeholder,Treat as raw audit noise unless it maps to a CS requirement used downstream.,UCB,University of California Berkeley,Canada College,fail,<blank>,unexpected_row,unexpected raw CSV row,,"[['ENGL 110 (3.00)', 'ENGL C1001 (3.00)']]",https://assist.org/transfer/results?year=76&institution=68&agreement=79&agreementType=to&viewAgreementsOptions=true&view=agreement&viewBy=major&viewSendingAgreements=false&viewByKey=76%2F68%2Fto%2F79%2FMajor%2F7d01fb7b-2afa-460e-ace0-08ddbf3f4ee7,76/68/to/79/Major/7d01fb7b-2afa-460e-ace0-08ddbf3f4ee7
info,non_course_requirement_placeholder,Treat as raw audit noise unless it maps to a CS requirement used downstream.,UCB,University of California Berkeley,Cerritos College,fail,<blank>,unexpected_row,unexpected raw CSV row,,"[['ENGL 102 (3.00)', 'ENGL C1001 (4.00)', 'ENGL 110 (4.00)', 'READ 103 (3.00)']]",https://assist.org/transfer/results?year=76&institution=104&agreement=79&agreementType=to&viewAgreementsOptions=true&view=agreement&viewBy=major&viewSendingAgreements=false&viewByKey=76%2F104%2Fto%2F79%2FMajor%2F7d01fb7b-2afa-460e-ace0-08ddbf3f4ee7,76/104/to/79/Major/7d01fb7b-2afa-460e-ace0-08ddbf3f4ee7
info,non_course_requirement_placeholder,Treat as raw audit noise unless it maps to a CS requirement used downstream.,UCB,University of California Berkeley,Cerro Coso Community College,fail,<blank>,unexpected_row,unexpected raw CSV row,,"[['ENGL C102 (4.00)', 'ENGL C102H (5.00)']]",https://assist.org/transfer/results?year=76&institution=9&agreement=79&agreementType=to&viewAgreementsOptions=true&view=agreement&viewBy=major&viewSendingAgreements=false&viewByKey=76%2F9%2Fto%2F79%2FMajor%2F7d01fb7b-2afa-460e-ace0-08ddbf3f4ee7,76/9/to/79/Major/7d01fb7b-2afa-460e-ace0-08ddbf3f4ee7
info,non_course_requirement_placeholder,Treat as raw audit noise unless it maps to a CS requirement used downstream.,UCB,University of California Berkeley,Chabot College,fail,<blank>,unexpected_row,unexpected raw CSV row,,"[['ENGL 4A (4.00)', 'ENGL C1001 (4.00)']]",https://assist.org/transfer/results?year=76&institution=96&agreement=79&agreementType=to&viewAgreementsOptions=true&view=agreement&viewBy=major&viewSendingAgreements=false&viewByKey=76%2F96%2Fto%2F79%2FMajor%2F7d01fb7b-2afa-460e-ace0-08ddbf3f4ee7,76/96/to/79/Major/7d01fb7b-2afa-460e-ace0-08ddbf3f4ee7
info,non_course_requirement_placeholder,Treat as raw audit noise unless it maps to a CS requirement used downstream.,UCB,University of California Berkeley,Chaffey College,fail,<blank>,unexpected_row,unexpected raw CSV row,,[['ENGL 1B (3.00)']],https://assist.org/transfer/results?year=76&institution=69&agreement=79&agreementType=to&viewAgreementsOptions=true&view=agreement&viewBy=major&viewSendingAgreements=false&viewByKey=76%2F69%2Fto%2F79%2FMajor%2F7d01fb7b-2afa-460e-ace0-08ddbf3f4ee7,76/69/to/79/Major/7d01fb7b-2afa-460e-ace0-08ddbf3f4ee7
info,non_course_requirement_placeholder,Treat as raw audit noise unless it maps to a CS requirement used downstream.,UCB,University of California Berkeley,Citrus College,fail,<blank>,unexpected_row,unexpected raw CSV row,,"[['ENGL 103 (3.00)', 'ENGL 103H (3.00)', 'ENGL C1001 (3.00)', 'ENGL C1001 H (3.00)']]",https://assist.org/transfer/results?year=76&institution=97&agreement=79&agreementType=to&viewAgreementsOptions=true&view=agreement&viewBy=major&viewSendingAgreements=false&viewByKey=76%2F97%2Fto%2F79%2FMajor%2F7d01fb7b-2afa-460e-ace0-08ddbf3f4ee7,76/97/to/79/Major/7d01fb7b-2afa-460e-ace0-08ddbf3f4ee7
info,non_course_requirement_placeholder,Treat as raw audit noise unless it maps to a CS requirement used downstream.,UCB,University of California Berkeley,City College of San Francisco,fail,<blank>,unexpected_row,unexpected raw CSV row,,"[['ENGL C1001 (4.00)', 'ENGL 1B (4.00)', 'CMST 2 (3.00)']]",https://assist.org/transfer/results?year=76&institution=33&agreement=79&agreementType=to&viewAgreementsOptions=true&view=agreement&viewBy=major&viewSendingAgreements=false&viewByKey=76%2F33%2Fto%2F79%2FMajor%2F7d01fb7b-2afa-460e-ace0-08ddbf3f4ee7,76/33/to/79/Major/7d01fb7b-2afa-460e-ace0-08ddbf3f4ee7
info,non_course_requirement_placeholder,Treat as raw audit noise unless it maps to a CS requirement used downstream.,UCB,University of California Berkeley,Clovis Community College,fail,<blank>,unexpected_row,unexpected raw CSV row,,"[['ENGL 1B (3.00)', 'ENGL 1BH (3.00)', 'ENGL C1001 (3.00)', 'ENGL C1001H (3.00)']]",https://assist.org/transfer/results?year=76&institution=150&agreement=79&agreementType=to&viewAgreementsOptions=true&view=agreement&viewBy=major&viewSendingAgreements=false&viewByKey=76%2F150%2Fto%2F79%2FMajor%2F7d01fb7b-2afa-460e-ace0-08ddbf3f4ee7,76/150/to/79/Major/7d01fb7b-2afa-460e-ace0-08ddbf3f4ee7
info,non_course_requirement_placeholder,Treat as raw audit noise unless it maps to a CS requirement used downstream.,UCB,University of California Berkeley,Coastline Community College,fail,<blank>,unexpected_row,unexpected raw CSV row,,"[['ENGL C101 (4.00)', 'ENGL C1001 (3.00)']]",https://assist.org/transfer/results?year=76&institution=105&agreement=79&agreementType=to&viewAgreementsOptions=true&view=agreement&viewBy=major&viewSendingAgreements=false&viewByKey=76%2F105%2Fto%2F79%2FMajor%2F7d01fb7b-2afa-460e-ace0-08ddbf3f4ee7,76/105/to/79/Major/7d01fb7b-2afa-460e-ace0-08ddbf3f4ee7
info,non_course_requirement_placeholder,Treat as raw audit noise unless it maps to a CS requirement used downstream.,UCB,University of California Berkeley,College of Alameda,fail,<blank>,unexpected_row,unexpected raw CSV row,,[['ENGL 1B (4.00)']],https://assist.org/transfer/results?year=76&institution=111&agreement=79&agreementType=to&viewAgreementsOptions=true&view=agreement&viewBy=major&viewSendingAgreements=false&viewByKey=76%2F111%2Fto%2F79%2FMajor%2F7d01fb7b-2afa-460e-ace0-08ddbf3f4ee7,76/111/to/79/Major/7d01fb7b-2afa-460e-ace0-08ddbf3f4ee7
info,non_course_requirement_placeholder,Treat as raw audit noise unless it maps to a CS requirement used downstream.,UCB,University of California Berkeley,College of Marin,fail,<blank>,unexpected_row,unexpected raw CSV row,,"[['ENGL 151 (4.00)', 'ENGL C1001 (4.00)']]",https://assist.org/transfer/results?year=76&institution=4&agreement=79&agreementType=to&viewAgreementsOptions=true&view=agreement&viewBy=major&viewSendingAgreements=false&viewByKey=76%2F4%2Fto%2F79%2FMajor%2F7d01fb7b-2afa-460e-ace0-08ddbf3f4ee7,76/4/to/79/Major/7d01fb7b-2afa-460e-ace0-08ddbf3f4ee7
info,non_course_requirement_placeholder,Treat as raw audit noise unless it maps to a CS requirement used downstream.,UCB,University of California Berkeley,College of San Mateo,fail,<blank>,unexpected_row,unexpected raw CSV row,,"[['ENGL 110 (3.00)', 'ENGL C1001 (3.00)']]",https://assist.org/transfer/results?year=76&institution=5&agreement=79&agreementType=to&viewAgreementsOptions=true&view=agreement&viewBy=major&viewSendingAgreements=false&viewByKey=76%2F5%2Fto%2F79%2FMajor%2F7d01fb7b-2afa-460e-ace0-08ddbf3f4ee7,76/5/to/79/Major/7d01fb7b-2afa-460e-ace0-08ddbf3f4ee7
info,non_course_requirement_placeholder,Treat as raw audit noise unless it maps to a CS requirement used downstream.,UCB,University of California Berkeley,College of the Canyons,fail,<blank>,unexpected_row,unexpected raw CSV row,,"[['ENGL C1001 (3.00)', 'ENGL C1001H (3.00)']]",https://assist.org/transfer/results?year=76&institution=140&agreement=79&agreementType=to&viewAgreementsOptions=true&view=agreement&viewBy=major&viewSendingAgreements=false&viewByKey=76%2F140%2Fto%2F79%2FMajor%2F7d01fb7b-2afa-460e-ace0-08ddbf3f4ee7,76/140/to/79/Major/7d01fb7b-2afa-460e-ace0-08ddbf3f4ee7
info,non_course_requirement_placeholder,Treat as raw audit noise unless it maps to a CS requirement used downstream.,UCB,University of California Berkeley,College of the Desert,fail,<blank>,unexpected_row,unexpected raw CSV row,,[['ENG 2 (4.00)']],https://assist.org/transfer/results?year=76&institution=30&agreement=79&agreementType=to&viewAgreementsOptions=true&view=agreement&viewBy=major&viewSendingAgreements=false&viewByKey=76%2F30%2Fto%2F79%2FMajor%2F7d01fb7b-2afa-460e-ace0-08ddbf3f4ee7,76/30/to/79/Major/7d01fb7b-2afa-460e-ace0-08ddbf3f4ee7
info,non_course_requirement_placeholder,Treat as raw audit noise unless it maps to a CS requirement used downstream.,UCB,University of California Berkeley,College of the Redwoods,fail,<blank>,unexpected_row,unexpected raw CSV row,,"[['ENGL 1B (3.00)', 'ENGL 2B (4.00)', 'ENGL C1001 (3.00)']]",https://assist.org/transfer/results?year=76&institution=83&agreement=79&agreementType=to&viewAgreementsOptions=true&view=agreement&viewBy=major&viewSendingAgreements=false&viewByKey=76%2F83%2Fto%2F79%2FMajor%2F7d01fb7b-2afa-460e-ace0-08ddbf3f4ee7,76/83/to/79/Major/7d01fb7b-2afa-460e-ace0-08ddbf3f4ee7
info,non_course_requirement_placeholder,Treat as raw audit noise unless it maps to a CS requirement used downstream.,UCB,University of California Berkeley,College of the Sequoias,fail,<blank>,unexpected_row,unexpected raw CSV row,,[['ENGL C1001 (3.00)']],https://assist.org/transfer/results?year=76&institution=6&agreement=79&agreementType=to&viewAgreementsOptions=true&view=agreement&viewBy=major&viewSendingAgreements=false&viewByKey=76%2F6%2Fto%2F79%2FMajor%2F7d01fb7b-2afa-460e-ace0-08ddbf3f4ee7,76/6/to/79/Major/7d01fb7b-2afa-460e-ace0-08ddbf3f4ee7
info,non_course_requirement_placeholder,Treat as raw audit noise unless it maps to a CS requirement used downstream.,UCB,University of California Berkeley,College of the Siskiyous,fail,<blank>,unexpected_row,unexpected raw CSV row,,"[['ENGL C1001 (3.00)', 'ENGL 1501 (3.00)']]",https://assist.org/transfer/results?year=76&institution=102&agreement=79&agreementType=to&viewAgreementsOptions=true&view=agreement&viewBy=major&viewSendingAgreements=false&viewByKey=76%2F102%2Fto%2F79%2FMajor%2F7d01fb7b-2afa-460e-ace0-08ddbf3f4ee7,76/102/to/79/Major/7d01fb7b-2afa-460e-ace0-08ddbf3f4ee7
info,non_course_requirement_placeholder,Treat as raw audit noise unless it maps to a CS requirement used downstream.,UCB,University of California Berkeley,Columbia College,fail,<blank>,unexpected_row,unexpected raw CSV row,,[['ENGL 1B (3.00)']],https://assist.org/transfer/results?year=76&institution=10&agreement=79&agreementType=to&viewAgreementsOptions=true&view=agreement&viewBy=major&viewSendingAgreements=false&viewByKey=76%2F10%2Fto%2F79%2FMajor%2F7d01fb7b-2afa-460e-ace0-08ddbf3f4ee7,76/10/to/79/Major/7d01fb7b-2afa-460e-ace0-08ddbf3f4ee7
info,non_course_requirement_placeholder,Treat as raw audit noise unless it maps to a CS requirement used downstream.,UCB,University of California Berkeley,Compton College,fail,<blank>,unexpected_row,unexpected raw CSV row,,"[['ENGL 102 (3.00)', 'ENGL 102H (3.00)']]",https://assist.org/transfer/results?year=76&institution=153&agreement=79&agreementType=to&viewAgreementsOptions=true&view=agreement&viewBy=major&viewSendingAgreements=false&viewByKey=76%2F153%2Fto%2F79%2FMajor%2F7d01fb7b-2afa-460e-ace0-08ddbf3f4ee7,76/153/to/79/Major/7d01fb7b-2afa-460e-ace0-08ddbf3f4ee7
info,non_course_requirement_placeholder,Treat as raw audit noise unless it maps to a CS requirement used downstream.,UCB,University of California Berkeley,Contra Costa College,fail,<blank>,unexpected_row,unexpected raw CSV row,,"[['ENGL 002B (4.00)', 'ENGL C1001 (3.00)', 'PHILO 130 (3.00)']]",https://assist.org/transfer/results?year=76&institution=28&agreement=79&agreementType=to&viewAgreementsOptions=true&view=agreement&viewBy=major&viewSendingAgreements=false&viewByKey=76%2F28%2Fto%2F79%2FMajor%2F7d01fb7b-2afa-460e-ace0-08ddbf3f4ee7,76/28/to/79/Major/7d01fb7b-2afa-460e-ace0-08ddbf3f4ee7
info,non_course_requirement_placeholder,Treat as raw audit noise unless it maps to a CS requirement used downstream.,UCB,University of California Berkeley,Copper Mountain College,fail,<blank>,unexpected_row,unexpected raw CSV row,,"[['ENG 001B (3.00)', 'ENGL C1001 (3.00)']]",https://assist.org/transfer/results?year=76&institution=112&agreement=79&agreementType=to&viewAgreementsOptions=true&view=agreement&viewBy=major&viewSendingAgreements=false&viewByKey=76%2F112%2Fto%2F79%2FMajor%2F7d01fb7b-2afa-460e-ace0-08ddbf3f4ee7,76/112/to/79/Major/7d01fb7b-2afa-460e-ace0-08ddbf3f4ee7
info,non_course_requirement_placeholder,Treat as raw audit noise unless it maps to a CS requirement used downstream.,UCB,University of California Berkeley,Cosumnes River College,fail,<blank>,unexpected_row,unexpected raw CSV row,,"[['ENGWR 301 (3.00)', 'ENGL C1001 (3.00)']]",https://assist.org/transfer/results?year=76&institution=142&agreement=79&agreementType=to&viewAgreementsOptions=true&view=agreement&viewBy=major&viewSendingAgreements=false&viewByKey=76%2F142%2Fto%2F79%2FMajor%2F7d01fb7b-2afa-460e-ace0-08ddbf3f4ee7,76/142/to/79/Major/7d01fb7b-2afa-460e-ace0-08ddbf3f4ee7
info,non_course_requirement_placeholder,Treat as raw audit noise unless it maps to a CS requirement used downstream.,UCB,University of California Berkeley,Crafton Hills College,fail,<blank>,unexpected_row,unexpected raw CSV row,,"[['PHYSIC 251 (4.00)', 'PHYSIC 252 (4.00)']]",https://assist.org/transfer/results?year=76&institution=70&agreement=79&agreementType=to&viewAgreementsOptions=true&view=agreement&viewBy=major&viewSendingAgreements=false&viewByKey=76%2F70%2Fto%2F79%2FMajor%2F7d01fb7b-2afa-460e-ace0-08ddbf3f4ee7,76/70/to/79/Major/7d01fb7b-2afa-460e-ace0-08ddbf3f4ee7
info,non_course_requirement_placeholder,Treat as raw audit noise unless it maps to a CS requirement used downstream.,UCB,University of California Berkeley,Cuesta College,fail,<blank>,unexpected_row,unexpected raw CSV row,,"[['ENGL 201B (4.00)', 'ENGL C1001 (4.00)']]",https://assist.org/transfer/results?year=76&institution=16&agreement=79&agreementType=to&viewAgreementsOptions=true&view=agreement&viewBy=major&viewSendingAgreements=false&viewByKey=76%2F16%2Fto%2F79%2FMajor%2F7d01fb7b-2afa-460e-ace0-08ddbf3f4ee7,76/16/to/79/Major/7d01fb7b-2afa-460e-ace0-08ddbf3f4ee7
info,non_course_requirement_placeholder,Treat as raw audit noise unless it maps to a CS requirement used downstream.,UCB,University of California Berkeley,Cuyamaca College,fail,<blank>,unexpected_row,unexpected raw CSV row,,[['PHYC 203 (5.00)']],https://assist.org/transfer/results?year=76&institution=99&agreement=79&agreementType=to&viewAgreementsOptions=true&view=agreement&viewBy=major&viewSendingAgreements=false&viewByKey=76%2F99%2Fto%2F79%2FMajor%2F7d01fb7b-2afa-460e-ace0-08ddbf3f4ee7,76/99/to/79/Major/7d01fb7b-2afa-460e-ace0-08ddbf3f4ee7
info,non_course_requirement_placeholder,Treat as raw audit noise unless it maps to a CS requirement used downstream.,UCB,University of California Berkeley,Cypress College,fail,<blank>,unexpected_row,unexpected raw CSV row,,"[['ENGL 102 C (3.00)', 'ENGL 102HC (3.00)', 'ENGL 104 C (4.00)', 'ENGL 104HC (4.00)', 'ENGL C1001 (4.00)', 'ENGL C1001H (4.00)']]",https://assist.org/transfer/results?year=76&institution=71&agreement=79&agreementType=to&viewAgreementsOptions=true&view=agreement&viewBy=major&viewSendingAgreements=false&viewByKey=76%2F71%2Fto%2F79%2FMajor%2F7d01fb7b-2afa-460e-ace0-08ddbf3f4ee7,76/71/to/79/Major/7d01fb7b-2afa-460e-ace0-08ddbf3f4ee7
info,non_course_requirement_placeholder,Treat as raw audit noise unless it maps to a CS requirement used downstream.,UCB,University of California Berkeley,De Anza College,fail,<blank>,unexpected_row,unexpected raw CSV row,,"[['ENGL C1001 (5.00)', 'ENGL C1001H (5.00)', 'EWRT 1B (5.00)', 'EWRT 1BH (5.00)']]",https://assist.org/transfer/results?year=76&institution=113&agreement=79&agreementType=to&viewAgreementsOptions=true&view=agreement&viewBy=major&viewSendingAgreements=false&viewByKey=76%2F113%2Fto%2F79%2FMajor%2F7d01fb7b-2afa-460e-ace0-08ddbf3f4ee7,76/113/to/79/Major/7d01fb7b-2afa-460e-ace0-08ddbf3f4ee7
info,non_course_requirement_placeholder,Treat as raw audit noise unless it maps to a CS requirement used downstream.,UCB,University of California Berkeley,Diablo Valley College,fail,<blank>,unexpected_row,unexpected raw CSV row,,"[['ARTHS 191 (3.00)', 'COMM 121 (3.00)', 'DANCE 201 (3.00)', 'ENGL 123 (3.00)', 'ENGL 123A (4.00)', 'ENGL 126A (4.00)', 'ENGL C1001 (3.00)', 'HIST 122 (3.00)', 'KINES 249 (3.00)', 'PHILO 130 (3.00)', 'PSYC 145 (3.00)', 'SOCIO 122 (3.00)']]",https://assist.org/transfer/results?year=76&institution=114&agreement=79&agreementType=to&viewAgreementsOptions=true&view=agreement&viewBy=major&viewSendingAgreements=false&viewByKey=76%2F114%2Fto%2F79%2FMajor%2F7d01fb7b-2afa-460e-ace0-08ddbf3f4ee7,76/114/to/79/Major/7d01fb7b-2afa-460e-ace0-08ddbf3f4ee7
info,non_course_requirement_placeholder,Treat as raw audit noise unless it maps to a CS requirement used downstream.,UCB,University of California Berkeley,East Los Angeles College,fail,<blank>,unexpected_row,unexpected raw CSV row,,"[['PHYSICS 101 (5.00)', 'PHYSICS 102 (5.00)', 'PHYSICS 103 (5.00)']]",https://assist.org/transfer/results?year=76&institution=118&agreement=79&agreementType=to&viewAgreementsOptions=true&view=agreement&viewBy=major&viewSendingAgreements=false&viewByKey=76%2F118%2Fto%2F79%2FMajor%2F7d01fb7b-2afa-460e-ace0-08ddbf3f4ee7,76/118/to/79/Major/7d01fb7b-2afa-460e-ace0-08ddbf3f4ee7
info,non_course_requirement_placeholder,Treat as raw audit noise unless it maps to a CS requirement used downstream.,UCB,University of California Berkeley,El Camino College,fail,<blank>,unexpected_row,unexpected raw CSV row,,"[['ENGL 1B (3.00)', 'ENGL 1BH (3.00)']]",https://assist.org/transfer/results?year=76&institution=103&agreement=79&agreementType=to&viewAgreementsOptions=true&view=agreement&viewBy=major&viewSendingAgreements=false&viewByKey=76%2F103%2Fto%2F79%2FMajor%2F7d01fb7b-2afa-460e-ace0-08ddbf3f4ee7,76/103/to/79/Major/7d01fb7b-2afa-460e-ace0-08ddbf3f4ee7
info,non_course_requirement_placeholder,Treat as raw audit noise unless it maps to a CS requirement used downstream.,UCB,University of California Berkeley,Evergreen Valley College,fail,<blank>,unexpected_row,unexpected raw CSV row,,"[['ENGL 001B (3.00)', 'ENGL C1001 (3.00)']]",https://assist.org/transfer/results?year=76&institution=2&agreement=79&agreementType=to&viewAgreementsOptions=true&view=agreement&viewBy=major&viewSendingAgreements=false&viewByKey=76%2F2%2Fto%2F79%2FMajor%2F7d01fb7b-2afa-460e-ace0-08ddbf3f4ee7,76/2/to/79/Major/7d01fb7b-2afa-460e-ace0-08ddbf3f4ee7
info,non_course_requirement_placeholder,Treat as raw audit noise unless it maps to a CS requirement used downstream.,UCB,University of California Berkeley,Feather River College,fail,<blank>,unexpected_row,unexpected raw CSV row,,"[['PHYS 204 (4.00)', 'PHYS 206 (4.00)']]",https://assist.org/transfer/results?year=76&institution=122&agreement=79&agreementType=to&viewAgreementsOptions=true&view=agreement&viewBy=major&viewSendingAgreements=false&viewByKey=76%2F122%2Fto%2F79%2FMajor%2F7d01fb7b-2afa-460e-ace0-08ddbf3f4ee7,76/122/to/79/Major/7d01fb7b-2afa-460e-ace0-08ddbf3f4ee7
info,non_course_requirement_placeholder,Treat as raw audit noise unless it maps to a CS requirement used downstream.,UCB,University of California Berkeley,Folsom Lake College,fail,<blank>,unexpected_row,unexpected raw CSV row,,"[['ENGWR 301 (3.00)', 'ENGWR 481 (3.00)', 'ENGL C1001 (3.00)', 'ENGL C1001H (3.00)']]",https://assist.org/transfer/results?year=76&institution=145&agreement=79&agreementType=to&viewAgreementsOptions=true&view=agreement&viewBy=major&viewSendingAgreements=false&viewByKey=76%2F145%2Fto%2F79%2FMajor%2F7d01fb7b-2afa-460e-ace0-08ddbf3f4ee7,76/145/to/79/Major/7d01fb7b-2afa-460e-ace0-08ddbf3f4ee7
info,non_course_requirement_placeholder,Treat as raw audit noise unless it maps to a CS requirement used downstream.,UCB,University of California Berkeley,Foothill College,fail,<blank>,unexpected_row,unexpected raw CSV row,,"[['ENGL 1B (5.00)', 'ENGL C1001 (5.00)'], ['ENGL 1BH (5.00)', 'ENGL C1001H (5.00)']]",https://assist.org/transfer/results?year=76&institution=51&agreement=79&agreementType=to&viewAgreementsOptions=true&view=agreement&viewBy=major&viewSendingAgreements=false&viewByKey=76%2F51%2Fto%2F79%2FMajor%2F7d01fb7b-2afa-460e-ace0-08ddbf3f4ee7,76/51/to/79/Major/7d01fb7b-2afa-460e-ace0-08ddbf3f4ee7
info,non_course_requirement_placeholder,Treat as raw audit noise unless it maps to a CS requirement used downstream.,UCB,University of California Berkeley,Fresno City College,fail,<blank>,unexpected_row,unexpected raw CSV row,,"[['ENGL 1B (3.00)', 'ENGL C1001 (3.00)', 'ENGL C1001H (3.00)']]",https://assist.org/transfer/results?year=76&institution=35&agreement=79&agreementType=to&viewAgreementsOptions=true&view=agreement&viewBy=major&viewSendingAgreements=false&viewByKey=76%2F35%2Fto%2F79%2FMajor%2F7d01fb7b-2afa-460e-ace0-08ddbf3f4ee7,76/35/to/79/Major/7d01fb7b-2afa-460e-ace0-08ddbf3f4ee7
info,non_course_requirement_placeholder,Treat as raw audit noise unless it maps to a CS requirement used downstream.,UCB,University of California Berkeley,Fullerton College,fail,<blank>,unexpected_row,unexpected raw CSV row,,"[['ENGL C1001 (4.00)', 'ENGL C1001H (4.00)']]",https://assist.org/transfer/results?year=76&institution=134&agreement=79&agreementType=to&viewAgreementsOptions=true&view=agreement&viewBy=major&viewSendingAgreements=false&viewByKey=76%2F134%2Fto%2F79%2FMajor%2F7d01fb7b-2afa-460e-ace0-08ddbf3f4ee7,76/134/to/79/Major/7d01fb7b-2afa-460e-ace0-08ddbf3f4ee7
info,non_course_requirement_placeholder,Treat as raw audit noise unless it maps to a CS requirement used downstream.,UCB,University of California Berkeley,Gavilan College,fail,<blank>,unexpected_row,unexpected raw CSV row,,[['ENGL 1B (3.00)']],https://assist.org/transfer/results?year=76&institution=72&agreement=79&agreementType=to&viewAgreementsOptions=true&view=agreement&viewBy=major&viewSendingAgreements=false&viewByKey=76%2F72%2Fto%2F79%2FMajor%2F7d01fb7b-2afa-460e-ace0-08ddbf3f4ee7,76/72/to/79/Major/7d01fb7b-2afa-460e-ace0-08ddbf3f4ee7
info,non_course_requirement_placeholder,Treat as raw audit noise unless it maps to a CS requirement used downstream.,UCB,University of California Berkeley,Glendale Community College,fail,<blank>,unexpected_row,unexpected raw CSV row,,"[['ENGL 102 (3.00)', 'ENGL 102H (3.00)', 'ENGL C1001 (3.00)']]",https://assist.org/transfer/results?year=76&institution=43&agreement=79&agreementType=to&viewAgreementsOptions=true&view=agreement&viewBy=major&viewSendingAgreements=false&viewByKey=76%2F43%2Fto%2F79%2FMajor%2F7d01fb7b-2afa-460e-ace0-08ddbf3f4ee7,76/43/to/79/Major/7d01fb7b-2afa-460e-ace0-08ddbf3f4ee7
info,non_course_requirement_placeholder,Treat as raw audit noise unless it maps to a CS requirement used downstream.,UCB,University of California Berkeley,Golden West College,fail,<blank>,unexpected_row,unexpected raw CSV row,,"[['ENGL G110 (4.00)', 'PSYC G130 (3.00)']]",https://assist.org/transfer/results?year=76&institution=55&agreement=79&agreementType=to&viewAgreementsOptions=true&view=agreement&viewBy=major&viewSendingAgreements=false&viewByKey=76%2F55%2Fto%2F79%2FMajor%2F7d01fb7b-2afa-460e-ace0-08ddbf3f4ee7,76/55/to/79/Major/7d01fb7b-2afa-460e-ace0-08ddbf3f4ee7
info,non_course_requirement_placeholder,Treat as raw audit noise unless it maps to a CS requirement used downstream.,UCB,University of California Berkeley,Grossmont College,fail,<blank>,unexpected_row,unexpected raw CSV row,,[['PHYC 203 (5.00)']],https://assist.org/transfer/results?year=76&institution=106&agreement=79&agreementType=to&viewAgreementsOptions=true&view=agreement&viewBy=major&viewSendingAgreements=false&viewByKey=76%2F106%2Fto%2F79%2FMajor%2F7d01fb7b-2afa-460e-ace0-08ddbf3f4ee7,76/106/to/79/Major/7d01fb7b-2afa-460e-ace0-08ddbf3f4ee7
info,non_course_requirement_placeholder,Treat as raw audit noise unless it maps to a CS requirement used downstream.,UCB,University of California Berkeley,Hartnell College,fail,<blank>,unexpected_row,unexpected raw CSV row,,"[['ENG 1B (3.00)', 'ENGL C1001 (3.00)']]",https://assist.org/transfer/results?year=76&institution=123&agreement=79&agreementType=to&viewAgreementsOptions=true&view=agreement&viewBy=major&viewSendingAgreements=false&viewByKey=76%2F123%2Fto%2F79%2FMajor%2F7d01fb7b-2afa-460e-ace0-08ddbf3f4ee7,76/123/to/79/Major/7d01fb7b-2afa-460e-ace0-08ddbf3f4ee7
info,non_course_requirement_placeholder,Treat as raw audit noise unless it maps to a CS requirement used downstream.,UCB,University of California Berkeley,Imperial Valley College,fail,<blank>,unexpected_row,unexpected raw CSV row,,[['ENGL C1001 (3.00)']],https://assist.org/transfer/results?year=76&institution=107&agreement=79&agreementType=to&viewAgreementsOptions=true&view=agreement&viewBy=major&viewSendingAgreements=false&viewByKey=76%2F107%2Fto%2F79%2FMajor%2F7d01fb7b-2afa-460e-ace0-08ddbf3f4ee7,76/107/to/79/Major/7d01fb7b-2afa-460e-ace0-08ddbf3f4ee7
info,non_course_requirement_placeholder,Treat as raw audit noise unless it maps to a CS requirement used downstream.,UCB,University of California Berkeley,Irvine Valley College,fail,<blank>,unexpected_row,unexpected raw CSV row,,"[['ENGL C1001 (4.00)', 'ENGL C1001H (4.00)', 'LIB 20 (3.00)', 'LIB 20H (3.00)']]",https://assist.org/transfer/results?year=76&institution=124&agreement=79&agreementType=to&viewAgreementsOptions=true&view=agreement&viewBy=major&viewSendingAgreements=false&viewByKey=76%2F124%2Fto%2F79%2FMajor%2F7d01fb7b-2afa-460e-ace0-08ddbf3f4ee7,76/124/to/79/Major/7d01fb7b-2afa-460e-ace0-08ddbf3f4ee7
info,non_course_requirement_placeholder,Treat as raw audit noise unless it maps to a CS requirement used downstream.,UCB,University of California Berkeley,Lake Tahoe Community College,fail,<blank>,unexpected_row,unexpected raw CSV row,,"[['ENG 102 (4.00)', 'ENGL C1001 (5.00)']]",https://assist.org/transfer/results?year=76&institution=40&agreement=79&agreementType=to&viewAgreementsOptions=true&view=agreement&viewBy=major&viewSendingAgreements=false&viewByKey=76%2F40%2Fto%2F79%2FMajor%2F7d01fb7b-2afa-460e-ace0-08ddbf3f4ee7,76/40/to/79/Major/7d01fb7b-2afa-460e-ace0-08ddbf3f4ee7
info,non_course_requirement_placeholder,Treat as raw audit noise unless it maps to a CS requirement used downstream.,UCB,University of California Berkeley,Laney College,fail,<blank>,unexpected_row,unexpected raw CSV row,,[['ENGL 1B (4.00)']],https://assist.org/transfer/results?year=76&institution=77&agreement=79&agreementType=to&viewAgreementsOptions=true&view=agreement&viewBy=major&viewSendingAgreements=false&viewByKey=76%2F77%2Fto%2F79%2FMajor%2F7d01fb7b-2afa-460e-ace0-08ddbf3f4ee7,76/77/to/79/Major/7d01fb7b-2afa-460e-ace0-08ddbf3f4ee7
info,non_course_requirement_placeholder,Treat as raw audit noise unless it maps to a CS requirement used downstream.,UCB,University of California Berkeley,Las Positas College,fail,<blank>,unexpected_row,unexpected raw CSV row,,"[['ENG 4 (3.00)', 'ENGL C1001 (3.00)']]",https://assist.org/transfer/results?year=76&institution=18&agreement=79&agreementType=to&viewAgreementsOptions=true&view=agreement&viewBy=major&viewSendingAgreements=false&viewByKey=76%2F18%2Fto%2F79%2FMajor%2F7d01fb7b-2afa-460e-ace0-08ddbf3f4ee7,76/18/to/79/Major/7d01fb7b-2afa-460e-ace0-08ddbf3f4ee7
info,non_course_requirement_placeholder,Treat as raw audit noise unless it maps to a CS requirement used downstream.,UCB,University of California Berkeley,Lassen Community College,fail,<blank>,unexpected_row,unexpected raw CSV row,,[['ENGL C1001 (3.00)']],https://assist.org/transfer/results?year=76&institution=82&agreement=79&agreementType=to&viewAgreementsOptions=true&view=agreement&viewBy=major&viewSendingAgreements=false&viewByKey=76%2F82%2Fto%2F79%2FMajor%2F7d01fb7b-2afa-460e-ace0-08ddbf3f4ee7,76/82/to/79/Major/7d01fb7b-2afa-460e-ace0-08ddbf3f4ee7
info,non_course_requirement_placeholder,Treat as raw audit noise unless it maps to a CS requirement used downstream.,UCB,University of California Berkeley,Long Beach City College,fail,<blank>,unexpected_row,unexpected raw CSV row,,"[['ENGL C1001 (4.00)', 'ENGL C1001H (4.00)']]",https://assist.org/transfer/results?year=76&institution=135&agreement=79&agreementType=to&viewAgreementsOptions=true&view=agreement&viewBy=major&viewSendingAgreements=false&viewByKey=76%2F135%2Fto%2F79%2FMajor%2F7d01fb7b-2afa-460e-ace0-08ddbf3f4ee7,76/135/to/79/Major/7d01fb7b-2afa-460e-ace0-08ddbf3f4ee7
info,non_course_requirement_placeholder,Treat as raw audit noise unless it maps to a CS requirement used downstream.,UCB,University of California Berkeley,Los Angeles City College,fail,<blank>,unexpected_row,unexpected raw CSV row,,"[['ENGL C1001 (3.00)', 'ENGLISH 102 (3.00)']]",https://assist.org/transfer/results?year=76&institution=3&agreement=79&agreementType=to&viewAgreementsOptions=true&view=agreement&viewBy=major&viewSendingAgreements=false&viewByKey=76%2F3%2Fto%2F79%2FMajor%2F7d01fb7b-2afa-460e-ace0-08ddbf3f4ee7,76/3/to/79/Major/7d01fb7b-2afa-460e-ace0-08ddbf3f4ee7
info,non_course_requirement_placeholder,Treat as raw audit noise unless it maps to a CS requirement used downstream.,UCB,University of California Berkeley,Los Angeles Harbor College,fail,<blank>,unexpected_row,unexpected raw CSV row,,"[['ENGLISH 102 (3.00)', 'ENGL C1001 (3.00)']]",https://assist.org/transfer/results?year=76&institution=31&agreement=79&agreementType=to&viewAgreementsOptions=true&view=agreement&viewBy=major&viewSendingAgreements=false&viewByKey=76%2F31%2Fto%2F79%2FMajor%2F7d01fb7b-2afa-460e-ace0-08ddbf3f4ee7,76/31/to/79/Major/7d01fb7b-2afa-460e-ace0-08ddbf3f4ee7
info,non_course_requirement_placeholder,Treat as raw audit noise unless it maps to a CS requirement used downstream.,UCB,University of California Berkeley,Los Angeles Mission College,fail,<blank>,unexpected_row,unexpected raw CSV row,,"[['ENGL C1001 (3.00)', 'ENGLISH 102 (3.00)']]",https://assist.org/transfer/results?year=76&institution=47&agreement=79&agreementType=to&viewAgreementsOptions=true&view=agreement&viewBy=major&viewSendingAgreements=false&viewByKey=76%2F47%2Fto%2F79%2FMajor%2F7d01fb7b-2afa-460e-ace0-08ddbf3f4ee7,76/47/to/79/Major/7d01fb7b-2afa-460e-ace0-08ddbf3f4ee7
info,non_course_requirement_placeholder,Treat as raw audit noise unless it maps to a CS requirement used downstream.,UCB,University of California Berkeley,Los Angeles Pierce College,fail,<blank>,unexpected_row,unexpected raw CSV row,,"[['ENGL C1001 (3.00)', 'ENGLISH 102 (3.00)', 'JOURNAL 109 (3.00)', 'PHILOS 005 (3.00)']]",https://assist.org/transfer/results?year=76&institution=86&agreement=79&agreementType=to&viewAgreementsOptions=true&view=agreement&viewBy=major&viewSendingAgreements=false&viewByKey=76%2F86%2Fto%2F79%2FMajor%2F7d01fb7b-2afa-460e-ace0-08ddbf3f4ee7,76/86/to/79/Major/7d01fb7b-2afa-460e-ace0-08ddbf3f4ee7
info,non_course_requirement_placeholder,Treat as raw audit noise unless it maps to a CS requirement used downstream.,UCB,University of California Berkeley,Los Angeles Southwest College,fail,<blank>,unexpected_row,unexpected raw CSV row,,[['ENGLISH 102 (3.00)']],https://assist.org/transfer/results?year=76&institution=130&agreement=79&agreementType=to&viewAgreementsOptions=true&view=agreement&viewBy=major&viewSendingAgreements=false&viewByKey=76%2F130%2Fto%2F79%2FMajor%2F7d01fb7b-2afa-460e-ace0-08ddbf3f4ee7,76/130/to/79/Major/7d01fb7b-2afa-460e-ace0-08ddbf3f4ee7
info,non_course_requirement_placeholder,Treat as raw audit noise unless it maps to a CS requirement used downstream.,UCB,University of California Berkeley,Los Angeles Trade Technical College,fail,<blank>,unexpected_row,unexpected raw CSV row,,"[['PHYSICS 101 (5.00)', 'PHYSICS 102 (5.00)', 'PHYSICS 103 (5.00)']]",https://assist.org/transfer/results?year=76&institution=25&agreement=79&agreementType=to&viewAgreementsOptions=true&view=agreement&viewBy=major&viewSendingAgreements=false&viewByKey=76%2F25%2Fto%2F79%2FMajor%2F7d01fb7b-2afa-460e-ace0-08ddbf3f4ee7,76/25/to/79/Major/7d01fb7b-2afa-460e-ace0-08ddbf3f4ee7
info,non_course_requirement_placeholder,Treat as raw audit noise unless it maps to a CS requirement used downstream.,UCB,University of California Berkeley,Los Angeles Valley College,fail,<blank>,unexpected_row,unexpected raw CSV row,,[['ENGLISH 102 (3.00)']],https://assist.org/transfer/results?year=76&institution=44&agreement=79&agreementType=to&viewAgreementsOptions=true&view=agreement&viewBy=major&viewSendingAgreements=false&viewByKey=76%2F44%2Fto%2F79%2FMajor%2F7d01fb7b-2afa-460e-ace0-08ddbf3f4ee7,76/44/to/79/Major/7d01fb7b-2afa-460e-ace0-08ddbf3f4ee7
info,non_course_requirement_placeholder,Treat as raw audit noise unless it maps to a CS requirement used downstream.,UCB,University of California Berkeley,Los Medanos College,fail,<blank>,unexpected_row,unexpected raw CSV row,,"[['ENGL 230 (3.00)', 'ENGL C1001 (3.00)']]",https://assist.org/transfer/results?year=76&institution=61&agreement=79&agreementType=to&viewAgreementsOptions=true&view=agreement&viewBy=major&viewSendingAgreements=false&viewByKey=76%2F61%2Fto%2F79%2FMajor%2F7d01fb7b-2afa-460e-ace0-08ddbf3f4ee7,76/61/to/79/Major/7d01fb7b-2afa-460e-ace0-08ddbf3f4ee7
info,non_course_requirement_placeholder,Treat as raw audit noise unless it maps to a CS requirement used downstream.,UCB,University of California Berkeley,Madera Community College,fail,<blank>,unexpected_row,unexpected raw CSV row,,"[['ENGL 1B (3.00)', 'ENGL 1BH (3.00)', 'ENGL 2 (3.00)', 'ENGL 2H (3.00)', 'ENGL C1001 (3.00)', 'ENGL C1001H (3.00)']]",https://assist.org/transfer/results?year=76&institution=200&agreement=79&agreementType=to&viewAgreementsOptions=true&view=agreement&viewBy=major&viewSendingAgreements=false&viewByKey=76%2F200%2Fto%2F79%2FMajor%2F7d01fb7b-2afa-460e-ace0-08ddbf3f4ee7,76/200/to/79/Major/7d01fb7b-2afa-460e-ace0-08ddbf3f4ee7
info,non_course_requirement_placeholder,Treat as raw audit noise unless it maps to a CS requirement used downstream.,UCB,University of California Berkeley,Mendocino College,fail,<blank>,unexpected_row,unexpected raw CSV row,,"[['PHY 221 (4.00)', 'PHY 222 (4.00)']]",https://assist.org/transfer/results?year=76&institution=100&agreement=79&agreementType=to&viewAgreementsOptions=true&view=agreement&viewBy=major&viewSendingAgreements=false&viewByKey=76%2F100%2Fto%2F79%2FMajor%2F7d01fb7b-2afa-460e-ace0-08ddbf3f4ee7,76/100/to/79/Major/7d01fb7b-2afa-460e-ace0-08ddbf3f4ee7
info,non_course_requirement_placeholder,Treat as raw audit noise unless it maps to a CS requirement used downstream.,UCB,University of California Berkeley,Merced College,fail,<blank>,unexpected_row,unexpected raw CSV row,,[['ENGL -01B (3.00)']],https://assist.org/transfer/results?year=76&institution=17&agreement=79&agreementType=to&viewAgreementsOptions=true&view=agreement&viewBy=major&viewSendingAgreements=false&viewByKey=76%2F17%2Fto%2F79%2FMajor%2F7d01fb7b-2afa-460e-ace0-08ddbf3f4ee7,76/17/to/79/Major/7d01fb7b-2afa-460e-ace0-08ddbf3f4ee7
info,non_course_requirement_placeholder,Treat as raw audit noise unless it maps to a CS requirement used downstream.,UCB,University of California Berkeley,Merritt College,fail,<blank>,unexpected_row,unexpected raw CSV row,,[['ENGL 1B (4.00)']],https://assist.org/transfer/results?year=76&institution=13&agreement=79&agreementType=to&viewAgreementsOptions=true&view=agreement&viewBy=major&viewSendingAgreements=false&viewByKey=76%2F13%2Fto%2F79%2FMajor%2F7d01fb7b-2afa-460e-ace0-08ddbf3f4ee7,76/13/to/79/Major/7d01fb7b-2afa-460e-ace0-08ddbf3f4ee7
info,non_course_requirement_placeholder,Treat as raw audit noise unless it maps to a CS requirement used downstream.,UCB,University of California Berkeley,MiraCosta College,fail,<blank>,unexpected_row,unexpected raw CSV row,,"[['ENGL 201 (4.00)', 'ENGL 201H (4.00)', 'ENGL C1001 (4.00)', 'ENGL C1001H (4.00)']]",https://assist.org/transfer/results?year=76&institution=108&agreement=79&agreementType=to&viewAgreementsOptions=true&view=agreement&viewBy=major&viewSendingAgreements=false&viewByKey=76%2F108%2Fto%2F79%2FMajor%2F7d01fb7b-2afa-460e-ace0-08ddbf3f4ee7,76/108/to/79/Major/7d01fb7b-2afa-460e-ace0-08ddbf3f4ee7
info,non_course_requirement_placeholder,Treat as raw audit noise unless it maps to a CS requirement used downstream.,UCB,University of California Berkeley,Mission College,fail,<blank>,unexpected_row,unexpected raw CSV row,,"[['ENG 001B (3.00)', 'ENGL C1001 (3.00)']]",https://assist.org/transfer/results?year=76&institution=32&agreement=79&agreementType=to&viewAgreementsOptions=true&view=agreement&viewBy=major&viewSendingAgreements=false&viewByKey=76%2F32%2Fto%2F79%2FMajor%2F7d01fb7b-2afa-460e-ace0-08ddbf3f4ee7,76/32/to/79/Major/7d01fb7b-2afa-460e-ace0-08ddbf3f4ee7
info,non_course_requirement_placeholder,Treat as raw audit noise unless it maps to a CS requirement used downstream.,UCB,University of California Berkeley,Modesto Junior College,fail,<blank>,unexpected_row,unexpected raw CSV row,,"[['ENGL 102 (3.00)', 'ENGL C1001 (3.00)']]",https://assist.org/transfer/results?year=76&institution=52&agreement=79&agreementType=to&viewAgreementsOptions=true&view=agreement&viewBy=major&viewSendingAgreements=false&viewByKey=76%2F52%2Fto%2F79%2FMajor%2F7d01fb7b-2afa-460e-ace0-08ddbf3f4ee7,76/52/to/79/Major/7d01fb7b-2afa-460e-ace0-08ddbf3f4ee7
info,non_course_requirement_placeholder,Treat as raw audit noise unless it maps to a CS requirement used downstream.,UCB,University of California Berkeley,Monterey Peninsula College,fail,<blank>,unexpected_row,unexpected raw CSV row,,[['ENGL 1B (3.00)']],https://assist.org/transfer/results?year=76&institution=133&agreement=79&agreementType=to&viewAgreementsOptions=true&view=agreement&viewBy=major&viewSendingAgreements=false&viewByKey=76%2F133%2Fto%2F79%2FMajor%2F7d01fb7b-2afa-460e-ace0-08ddbf3f4ee7,76/133/to/79/Major/7d01fb7b-2afa-460e-ace0-08ddbf3f4ee7
info,non_course_requirement_placeholder,Treat as raw audit noise unless it maps to a CS requirement used downstream.,UCB,University of California Berkeley,Moorpark College,fail,<blank>,unexpected_row,unexpected raw CSV row,,"[['ENGL M01B (4.00)', 'ENGL M01BH (4.00)', 'ENGL C1001 (3.00)', 'ENGL C1001H (3.00)']]",https://assist.org/transfer/results?year=76&institution=139&agreement=79&agreementType=to&viewAgreementsOptions=true&view=agreement&viewBy=major&viewSendingAgreements=false&viewByKey=76%2F139%2Fto%2F79%2FMajor%2F7d01fb7b-2afa-460e-ace0-08ddbf3f4ee7,76/139/to/79/Major/7d01fb7b-2afa-460e-ace0-08ddbf3f4ee7
info,non_course_requirement_placeholder,Treat as raw audit noise unless it maps to a CS requirement used downstream.,UCB,University of California Berkeley,Moreno Valley College,fail,<blank>,unexpected_row,unexpected raw CSV row,,"[['ENGL 1B (4.00)', 'ENGL 1BH (4.00)']]",https://assist.org/transfer/results?year=76&institution=149&agreement=79&agreementType=to&viewAgreementsOptions=true&view=agreement&viewBy=major&viewSendingAgreements=false&viewByKey=76%2F149%2Fto%2F79%2FMajor%2F7d01fb7b-2afa-460e-ace0-08ddbf3f4ee7,76/149/to/79/Major/7d01fb7b-2afa-460e-ace0-08ddbf3f4ee7
info,non_course_requirement_placeholder,Treat as raw audit noise unless it maps to a CS requirement used downstream.,UCB,University of California Berkeley,Mount San Antonio College,fail,<blank>,unexpected_row,unexpected raw CSV row,,"[['ENGL C1001 (4.00)', 'ENGL C1001H (4.00)']]",https://assist.org/transfer/results?year=76&institution=62&agreement=79&agreementType=to&viewAgreementsOptions=true&view=agreement&viewBy=major&viewSendingAgreements=false&viewByKey=76%2F62%2Fto%2F79%2FMajor%2F7d01fb7b-2afa-460e-ace0-08ddbf3f4ee7,76/62/to/79/Major/7d01fb7b-2afa-460e-ace0-08ddbf3f4ee7
info,non_course_requirement_placeholder,Treat as raw audit noise unless it maps to a CS requirement used downstream.,UCB,University of California Berkeley,Mt. San Jacinto College,fail,<blank>,unexpected_row,unexpected raw CSV row,,"[['ENGL C1001 (3.00)', 'ENGL C1001H (3.00)']]",https://assist.org/transfer/results?year=76&institution=53&agreement=79&agreementType=to&viewAgreementsOptions=true&view=agreement&viewBy=major&viewSendingAgreements=false&viewByKey=76%2F53%2Fto%2F79%2FMajor%2F7d01fb7b-2afa-460e-ace0-08ddbf3f4ee7,76/53/to/79/Major/7d01fb7b-2afa-460e-ace0-08ddbf3f4ee7
info,non_course_requirement_placeholder,Treat as raw audit noise unless it maps to a CS requirement used downstream.,UCB,University of California Berkeley,Napa Valley College,fail,<blank>,unexpected_row,unexpected raw CSV row,,"[['ENGL 121 (3.00)', 'ENGL C1001 (3.00)']]",https://assist.org/transfer/results?year=76&institution=73&agreement=79&agreementType=to&viewAgreementsOptions=true&view=agreement&viewBy=major&viewSendingAgreements=false&viewByKey=76%2F73%2Fto%2F79%2FMajor%2F7d01fb7b-2afa-460e-ace0-08ddbf3f4ee7,76/73/to/79/Major/7d01fb7b-2afa-460e-ace0-08ddbf3f4ee7
info,non_course_requirement_placeholder,Treat as raw audit noise unless it maps to a CS requirement used downstream.,UCB,University of California Berkeley,Norco College,fail,<blank>,unexpected_row,unexpected raw CSV row,,"[['ENGL 1B (4.00)', 'ENGL 1BH (4.00)']]",https://assist.org/transfer/results?year=76&institution=148&agreement=79&agreementType=to&viewAgreementsOptions=true&view=agreement&viewBy=major&viewSendingAgreements=false&viewByKey=76%2F148%2Fto%2F79%2FMajor%2F7d01fb7b-2afa-460e-ace0-08ddbf3f4ee7,76/148/to/79/Major/7d01fb7b-2afa-460e-ace0-08ddbf3f4ee7
info,non_course_requirement_placeholder,Treat as raw audit noise unless it maps to a CS requirement used downstream.,UCB,University of California Berkeley,Ohlone College,fail,<blank>,unexpected_row,unexpected raw CSV row,,[['ENGL 101B (4.00)']],https://assist.org/transfer/results?year=76&institution=48&agreement=79&agreementType=to&viewAgreementsOptions=true&view=agreement&viewBy=major&viewSendingAgreements=false&viewByKey=76%2F48%2Fto%2F79%2FMajor%2F7d01fb7b-2afa-460e-ace0-08ddbf3f4ee7,76/48/to/79/Major/7d01fb7b-2afa-460e-ace0-08ddbf3f4ee7
info,non_course_requirement_placeholder,Treat as raw audit noise unless it maps to a CS requirement used downstream.,UCB,University of California Berkeley,Orange Coast College,fail,<blank>,unexpected_row,unexpected raw CSV row,,"[['ENGL A101 (4.00)', 'ENGL A101H (4.00)', 'ENGL A109 (4.00)', 'ENGL C1001 (4.00)', 'ENGL C1001H (4.00)']]",https://assist.org/transfer/results?year=76&institution=74&agreement=79&agreementType=to&viewAgreementsOptions=true&view=agreement&viewBy=major&viewSendingAgreements=false&viewByKey=76%2F74%2Fto%2F79%2FMajor%2F7d01fb7b-2afa-460e-ace0-08ddbf3f4ee7,76/74/to/79/Major/7d01fb7b-2afa-460e-ace0-08ddbf3f4ee7
info,non_course_requirement_placeholder,Treat as raw audit noise unless it maps to a CS requirement used downstream.,UCB,University of California Berkeley,Oxnard College,fail,<blank>,unexpected_row,unexpected raw CSV row,,"[['ENGL R102 (4.00)', 'ENGL R102H (4.00)']]",https://assist.org/transfer/results?year=76&institution=87&agreement=79&agreementType=to&viewAgreementsOptions=true&view=agreement&viewBy=major&viewSendingAgreements=false&viewByKey=76%2F87%2Fto%2F79%2FMajor%2F7d01fb7b-2afa-460e-ace0-08ddbf3f4ee7,76/87/to/79/Major/7d01fb7b-2afa-460e-ace0-08ddbf3f4ee7
info,non_course_requirement_placeholder,Treat as raw audit noise unless it maps to a CS requirement used downstream.,UCB,University of California Berkeley,Palo Verde College,fail,<blank>,unexpected_row,unexpected raw CSV row,,"[['ENG 102 (3.00)', 'ENGL C1001 (3.00)']]",https://assist.org/transfer/results?year=76&institution=63&agreement=79&agreementType=to&viewAgreementsOptions=true&view=agreement&viewBy=major&viewSendingAgreements=false&viewByKey=76%2F63%2Fto%2F79%2FMajor%2F7d01fb7b-2afa-460e-ace0-08ddbf3f4ee7,76/63/to/79/Major/7d01fb7b-2afa-460e-ace0-08ddbf3f4ee7
info,non_course_requirement_placeholder,Treat as raw audit noise unless it maps to a CS requirement used downstream.,UCB,University of California Berkeley,Palomar College,fail,<blank>,unexpected_row,unexpected raw CSV row,,"[['ENG 203 (4.00)', 'ENGL C1001 (4.00)']]",https://assist.org/transfer/results?year=76&institution=56&agreement=79&agreementType=to&viewAgreementsOptions=true&view=agreement&viewBy=major&viewSendingAgreements=false&viewByKey=76%2F56%2Fto%2F79%2FMajor%2F7d01fb7b-2afa-460e-ace0-08ddbf3f4ee7,76/56/to/79/Major/7d01fb7b-2afa-460e-ace0-08ddbf3f4ee7
info,non_course_requirement_placeholder,Treat as raw audit noise unless it maps to a CS requirement used downstream.,UCB,University of California Berkeley,Pasadena City College,fail,<blank>,unexpected_row,unexpected raw CSV row,,"[['ENGL 001B (4.00)', 'ENGL 001BH (4.00)']]",https://assist.org/transfer/results?year=76&institution=49&agreement=79&agreementType=to&viewAgreementsOptions=true&view=agreement&viewBy=major&viewSendingAgreements=false&viewByKey=76%2F49%2Fto%2F79%2FMajor%2F7d01fb7b-2afa-460e-ace0-08ddbf3f4ee7,76/49/to/79/Major/7d01fb7b-2afa-460e-ace0-08ddbf3f4ee7
info,non_course_requirement_placeholder,Treat as raw audit noise unless it maps to a CS requirement used downstream.,UCB,University of California Berkeley,Porterville College,fail,<blank>,unexpected_row,unexpected raw CSV row,,"[['PHYS P102A (4.00)', 'PHYS P102B (4.00)']]",https://assist.org/transfer/results?year=76&institution=125&agreement=79&agreementType=to&viewAgreementsOptions=true&view=agreement&viewBy=major&viewSendingAgreements=false&viewByKey=76%2F125%2Fto%2F79%2FMajor%2F7d01fb7b-2afa-460e-ace0-08ddbf3f4ee7,76/125/to/79/Major/7d01fb7b-2afa-460e-ace0-08ddbf3f4ee7
info,non_course_requirement_placeholder,Treat as raw audit noise unless it maps to a CS requirement used downstream.,UCB,University of California Berkeley,Reedley College,fail,<blank>,unexpected_row,unexpected raw CSV row,,"[['ENGL 1B (3.00)', 'ENGL 1BH (3.00)', 'ENGL 2 (3.00)', 'ENGL 2H (3.00)', 'ENGL C1001 (3.00)', 'ENGL C1001H (3.00)']]",https://assist.org/transfer/results?year=76&institution=36&agreement=79&agreementType=to&viewAgreementsOptions=true&view=agreement&viewBy=major&viewSendingAgreements=false&viewByKey=76%2F36%2Fto%2F79%2FMajor%2F7d01fb7b-2afa-460e-ace0-08ddbf3f4ee7,76/36/to/79/Major/7d01fb7b-2afa-460e-ace0-08ddbf3f4ee7
info,non_course_requirement_placeholder,Treat as raw audit noise unless it maps to a CS requirement used downstream.,UCB,University of California Berkeley,Rio Hondo College,fail,<blank>,unexpected_row,unexpected raw CSV row,,"[['ENGL C1001 (3.50)', 'ENGL C1001H (3.50)']]",https://assist.org/transfer/results?year=76&institution=64&agreement=79&agreementType=to&viewAgreementsOptions=true&view=agreement&viewBy=major&viewSendingAgreements=false&viewByKey=76%2F64%2Fto%2F79%2FMajor%2F7d01fb7b-2afa-460e-ace0-08ddbf3f4ee7,76/64/to/79/Major/7d01fb7b-2afa-460e-ace0-08ddbf3f4ee7
info,non_course_requirement_placeholder,Treat as raw audit noise unless it maps to a CS requirement used downstream.,UCB,University of California Berkeley,Riverside City College,fail,<blank>,unexpected_row,unexpected raw CSV row,,"[['ENGL 1B (4.00)', 'ENGL 1BH (4.00)']]",https://assist.org/transfer/results?year=76&institution=78&agreement=79&agreementType=to&viewAgreementsOptions=true&view=agreement&viewBy=major&viewSendingAgreements=false&viewByKey=76%2F78%2Fto%2F79%2FMajor%2F7d01fb7b-2afa-460e-ace0-08ddbf3f4ee7,76/78/to/79/Major/7d01fb7b-2afa-460e-ace0-08ddbf3f4ee7
info,non_course_requirement_placeholder,Treat as raw audit noise unless it maps to a CS requirement used downstream.,UCB,University of California Berkeley,Sacramento City College,fail,<blank>,unexpected_row,unexpected raw CSV row,,"[['ENGWR 301 (3.00)', 'ENGWR 303 (4.00)', 'ENGL C1001 (3.00)', 'ENGL C1001H (3.00)']]",https://assist.org/transfer/results?year=76&institution=126&agreement=79&agreementType=to&viewAgreementsOptions=true&view=agreement&viewBy=major&viewSendingAgreements=false&viewByKey=76%2F126%2Fto%2F79%2FMajor%2F7d01fb7b-2afa-460e-ace0-08ddbf3f4ee7,76/126/to/79/Major/7d01fb7b-2afa-460e-ace0-08ddbf3f4ee7
info,non_course_requirement_placeholder,Treat as raw audit noise unless it maps to a CS requirement used downstream.,UCB,University of California Berkeley,Saddleback College,fail,<blank>,unexpected_row,unexpected raw CSV row,,"[['ENGL C1001 (3.00)', 'ENGL C1001H (3.00)']]",https://assist.org/transfer/results?year=76&institution=65&agreement=79&agreementType=to&viewAgreementsOptions=true&view=agreement&viewBy=major&viewSendingAgreements=false&viewByKey=76%2F65%2Fto%2F79%2FMajor%2F7d01fb7b-2afa-460e-ace0-08ddbf3f4ee7,76/65/to/79/Major/7d01fb7b-2afa-460e-ace0-08ddbf3f4ee7
info,non_course_requirement_placeholder,Treat as raw audit noise unless it maps to a CS requirement used downstream.,UCB,University of California Berkeley,San Bernardino Valley College,fail,<blank>,unexpected_row,unexpected raw CSV row,,"[['ENGL C1001 (4.00)', 'ENGL C1001H (4.00)']]",https://assist.org/transfer/results?year=76&institution=131&agreement=79&agreementType=to&viewAgreementsOptions=true&view=agreement&viewBy=major&viewSendingAgreements=false&viewByKey=76%2F131%2Fto%2F79%2FMajor%2F7d01fb7b-2afa-460e-ace0-08ddbf3f4ee7,76/131/to/79/Major/7d01fb7b-2afa-460e-ace0-08ddbf3f4ee7
info,non_course_requirement_placeholder,Treat as raw audit noise unless it maps to a CS requirement used downstream.,UCB,University of California Berkeley,San Diego City College,fail,<blank>,unexpected_row,unexpected raw CSV row,,[['ENGL C1001 (3.00)']],https://assist.org/transfer/results?year=76&institution=54&agreement=79&agreementType=to&viewAgreementsOptions=true&view=agreement&viewBy=major&viewSendingAgreements=false&viewByKey=76%2F54%2Fto%2F79%2FMajor%2F7d01fb7b-2afa-460e-ace0-08ddbf3f4ee7,76/54/to/79/Major/7d01fb7b-2afa-460e-ace0-08ddbf3f4ee7
info,non_course_requirement_placeholder,Treat as raw audit noise unless it maps to a CS requirement used downstream.,UCB,University of California Berkeley,San Diego Mesa College,fail,<blank>,unexpected_row,unexpected raw CSV row,,[['ENGL C1001 (3.00)']],https://assist.org/transfer/results?year=76&institution=101&agreement=79&agreementType=to&viewAgreementsOptions=true&view=agreement&viewBy=major&viewSendingAgreements=false&viewByKey=76%2F101%2Fto%2F79%2FMajor%2F7d01fb7b-2afa-460e-ace0-08ddbf3f4ee7,76/101/to/79/Major/7d01fb7b-2afa-460e-ace0-08ddbf3f4ee7
info,non_course_requirement_placeholder,Treat as raw audit noise unless it maps to a CS requirement used downstream.,UCB,University of California Berkeley,San Diego Miramar College,fail,<blank>,unexpected_row,unexpected raw CSV row,,[['ENGL C1001 (3.00)']],https://assist.org/transfer/results?year=76&institution=45&agreement=79&agreementType=to&viewAgreementsOptions=true&view=agreement&viewBy=major&viewSendingAgreements=false&viewByKey=76%2F45%2Fto%2F79%2FMajor%2F7d01fb7b-2afa-460e-ace0-08ddbf3f4ee7,76/45/to/79/Major/7d01fb7b-2afa-460e-ace0-08ddbf3f4ee7
info,non_course_requirement_placeholder,Treat as raw audit noise unless it maps to a CS requirement used downstream.,UCB,University of California Berkeley,San Joaquin Delta College,fail,<blank>,unexpected_row,unexpected raw CSV row,,"[['ENGL 1B (3.00)', 'ENGL C1001 (3.00)']]",https://assist.org/transfer/results?year=76&institution=109&agreement=79&agreementType=to&viewAgreementsOptions=true&view=agreement&viewBy=major&viewSendingAgreements=false&viewByKey=76%2F109%2Fto%2F79%2FMajor%2F7d01fb7b-2afa-460e-ace0-08ddbf3f4ee7,76/109/to/79/Major/7d01fb7b-2afa-460e-ace0-08ddbf3f4ee7
info,non_course_requirement_placeholder,Treat as raw audit noise unless it maps to a CS requirement used downstream.,UCB,University of California Berkeley,San Jose City College,fail,<blank>,unexpected_row,unexpected raw CSV row,,"[['ENGL 001B (3.00)', 'ENGL C1001 (3.00)']]",https://assist.org/transfer/results?year=76&institution=136&agreement=79&agreementType=to&viewAgreementsOptions=true&view=agreement&viewBy=major&viewSendingAgreements=false&viewByKey=76%2F136%2Fto%2F79%2FMajor%2F7d01fb7b-2afa-460e-ace0-08ddbf3f4ee7,76/136/to/79/Major/7d01fb7b-2afa-460e-ace0-08ddbf3f4ee7
info,non_course_requirement_placeholder,Treat as raw audit noise unless it maps to a CS requirement used downstream.,UCB,University of California Berkeley,Santa Ana College,fail,<blank>,unexpected_row,unexpected raw CSV row,,"[['ENGL 102 (4.00)', 'ENGL 102H (4.00)', 'ENGL C1001 (4.00)', 'ENGL C1001H (4.00)']]",https://assist.org/transfer/results?year=76&institution=14&agreement=79&agreementType=to&viewAgreementsOptions=true&view=agreement&viewBy=major&viewSendingAgreements=false&viewByKey=76%2F14%2Fto%2F79%2FMajor%2F7d01fb7b-2afa-460e-ace0-08ddbf3f4ee7,76/14/to/79/Major/7d01fb7b-2afa-460e-ace0-08ddbf3f4ee7
info,non_course_requirement_placeholder,Treat as raw audit noise unless it maps to a CS requirement used downstream.,UCB,University of California Berkeley,Santa Barbara City College,fail,<blank>,unexpected_row,unexpected raw CSV row,,"[['COMM 235 (3.00)', 'ENG 111 (3.00)', 'ENG 111H (3.00)', 'ENGL C1001 (3.00)', 'PHIL 111 (3.00)']]",https://assist.org/transfer/results?year=76&institution=92&agreement=79&agreementType=to&viewAgreementsOptions=true&view=agreement&viewBy=major&viewSendingAgreements=false&viewByKey=76%2F92%2Fto%2F79%2FMajor%2F7d01fb7b-2afa-460e-ace0-08ddbf3f4ee7,76/92/to/79/Major/7d01fb7b-2afa-460e-ace0-08ddbf3f4ee7
info,non_course_requirement_placeholder,Treat as raw audit noise unless it maps to a CS requirement used downstream.,UCB,University of California Berkeley,Santa Monica College,fail,<blank>,unexpected_row,unexpected raw CSV row,,"[['ENGL 31 (3.00)', 'ENGL C1001 (3.00)']]",https://assist.org/transfer/results?year=76&institution=137&agreement=79&agreementType=to&viewAgreementsOptions=true&view=agreement&viewBy=major&viewSendingAgreements=false&viewByKey=76%2F137%2Fto%2F79%2FMajor%2F7d01fb7b-2afa-460e-ace0-08ddbf3f4ee7,76/137/to/79/Major/7d01fb7b-2afa-460e-ace0-08ddbf3f4ee7
info,non_course_requirement_placeholder,Treat as raw audit noise unless it maps to a CS requirement used downstream.,UCB,University of California Berkeley,Santa Rosa Junior College,fail,<blank>,unexpected_row,unexpected raw CSV row,,[['ENGL C1001 (3.00)']],https://assist.org/transfer/results?year=76&institution=57&agreement=79&agreementType=to&viewAgreementsOptions=true&view=agreement&viewBy=major&viewSendingAgreements=false&viewByKey=76%2F57%2Fto%2F79%2FMajor%2F7d01fb7b-2afa-460e-ace0-08ddbf3f4ee7,76/57/to/79/Major/7d01fb7b-2afa-460e-ace0-08ddbf3f4ee7
info,non_course_requirement_placeholder,Treat as raw audit noise unless it maps to a CS requirement used downstream.,UCB,University of California Berkeley,Santiago Canyon College,fail,<blank>,unexpected_row,unexpected raw CSV row,,"[['ENGL 102 (4.00)', 'ENGL 102H (4.00)', 'ENGL C1001 (4.00)', 'ENGL C1001H (4.00)']]",https://assist.org/transfer/results?year=76&institution=66&agreement=79&agreementType=to&viewAgreementsOptions=true&view=agreement&viewBy=major&viewSendingAgreements=false&viewByKey=76%2F66%2Fto%2F79%2FMajor%2F7d01fb7b-2afa-460e-ace0-08ddbf3f4ee7,76/66/to/79/Major/7d01fb7b-2afa-460e-ace0-08ddbf3f4ee7
info,non_course_requirement_placeholder,Treat as raw audit noise unless it maps to a CS requirement used downstream.,UCB,University of California Berkeley,Shasta College,fail,<blank>,unexpected_row,unexpected raw CSV row,,"[['ENGL 1B (3.00)', 'ENGL C1001 (3.00)']]",https://assist.org/transfer/results?year=76&institution=38&agreement=79&agreementType=to&viewAgreementsOptions=true&view=agreement&viewBy=major&viewSendingAgreements=false&viewByKey=76%2F38%2Fto%2F79%2FMajor%2F7d01fb7b-2afa-460e-ace0-08ddbf3f4ee7,76/38/to/79/Major/7d01fb7b-2afa-460e-ace0-08ddbf3f4ee7
info,non_course_requirement_placeholder,Treat as raw audit noise unless it maps to a CS requirement used downstream.,UCB,University of California Berkeley,Sierra College,fail,<blank>,unexpected_row,unexpected raw CSV row,,"[['ENGL 1B (3.00)', 'ENGL C1001 (3.00)']]",https://assist.org/transfer/results?year=76&institution=93&agreement=79&agreementType=to&viewAgreementsOptions=true&view=agreement&viewBy=major&viewSendingAgreements=false&viewByKey=76%2F93%2Fto%2F79%2FMajor%2F7d01fb7b-2afa-460e-ace0-08ddbf3f4ee7,76/93/to/79/Major/7d01fb7b-2afa-460e-ace0-08ddbf3f4ee7
info,non_course_requirement_placeholder,Treat as raw audit noise unless it maps to a CS requirement used downstream.,UCB,University of California Berkeley,Skyline College,fail,<blank>,unexpected_row,unexpected raw CSV row,,"[['ENGL 110 (3.00)', 'ENGL C1001 (3.00)']]",https://assist.org/transfer/results?year=76&institution=127&agreement=79&agreementType=to&viewAgreementsOptions=true&view=agreement&viewBy=major&viewSendingAgreements=false&viewByKey=76%2F127%2Fto%2F79%2FMajor%2F7d01fb7b-2afa-460e-ace0-08ddbf3f4ee7,76/127/to/79/Major/7d01fb7b-2afa-460e-ace0-08ddbf3f4ee7
info,non_course_requirement_placeholder,Treat as raw audit noise unless it maps to a CS requirement used downstream.,UCB,University of California Berkeley,Solano Community College,fail,<blank>,unexpected_row,unexpected raw CSV row,,"[['ENGL 002 (4.00)', 'ENGL C1001 (4.00)']]",https://assist.org/transfer/results?year=76&institution=94&agreement=79&agreementType=to&viewAgreementsOptions=true&view=agreement&viewBy=major&viewSendingAgreements=false&viewByKey=76%2F94%2Fto%2F79%2FMajor%2F7d01fb7b-2afa-460e-ace0-08ddbf3f4ee7,76/94/to/79/Major/7d01fb7b-2afa-460e-ace0-08ddbf3f4ee7
info,non_course_requirement_placeholder,Treat as raw audit noise unless it maps to a CS requirement used downstream.,UCB,University of California Berkeley,Southwestern College,fail,<blank>,unexpected_row,unexpected raw CSV row,,[['ENGL C1001 (4.00)']],https://assist.org/transfer/results?year=76&institution=138&agreement=79&agreementType=to&viewAgreementsOptions=true&view=agreement&viewBy=major&viewSendingAgreements=false&viewByKey=76%2F138%2Fto%2F79%2FMajor%2F7d01fb7b-2afa-460e-ace0-08ddbf3f4ee7,76/138/to/79/Major/7d01fb7b-2afa-460e-ace0-08ddbf3f4ee7
info,non_course_requirement_placeholder,Treat as raw audit noise unless it maps to a CS requirement used downstream.,UCB,University of California Berkeley,Taft College,fail,<blank>,unexpected_row,unexpected raw CSV row,,[['ENGL 1600 (4.00)']],https://assist.org/transfer/results?year=76&institution=119&agreement=79&agreementType=to&viewAgreementsOptions=true&view=agreement&viewBy=major&viewSendingAgreements=false&viewByKey=76%2F119%2Fto%2F79%2FMajor%2F7d01fb7b-2afa-460e-ace0-08ddbf3f4ee7,76/119/to/79/Major/7d01fb7b-2afa-460e-ace0-08ddbf3f4ee7
info,non_course_requirement_placeholder,Treat as raw audit noise unless it maps to a CS requirement used downstream.,UCB,University of California Berkeley,Ventura College,fail,<blank>,unexpected_row,unexpected raw CSV row,,[['ENGL V01B (4.00)']],https://assist.org/transfer/results?year=76&institution=95&agreement=79&agreementType=to&viewAgreementsOptions=true&view=agreement&viewBy=major&viewSendingAgreements=false&viewByKey=76%2F95%2Fto%2F79%2FMajor%2F7d01fb7b-2afa-460e-ace0-08ddbf3f4ee7,76/95/to/79/Major/7d01fb7b-2afa-460e-ace0-08ddbf3f4ee7
info,non_course_requirement_placeholder,Treat as raw audit noise unless it maps to a CS requirement used downstream.,UCB,University of California Berkeley,Victor Valley College,fail,<blank>,unexpected_row,unexpected raw CSV row,,"[['ENGL 102 (3.00)', 'ENGL 102H (4.00)', 'ENGL C1001 (4.00)']]",https://assist.org/transfer/results?year=76&institution=19&agreement=79&agreementType=to&viewAgreementsOptions=true&view=agreement&viewBy=major&viewSendingAgreements=false&viewByKey=76%2F19%2Fto%2F79%2FMajor%2F7d01fb7b-2afa-460e-ace0-08ddbf3f4ee7,76/19/to/79/Major/7d01fb7b-2afa-460e-ace0-08ddbf3f4ee7
info,non_course_requirement_placeholder,Treat as raw audit noise unless it maps to a CS requirement used downstream.,UCB,University of California Berkeley,West Hills College Coalinga,fail,<blank>,unexpected_row,unexpected raw CSV row,,"[['PHYSICS 004B (4.00)', 'PHYSICS 004C (4.00)']]",https://assist.org/transfer/results?year=76&institution=67&agreement=79&agreementType=to&viewAgreementsOptions=true&view=agreement&viewBy=major&viewSendingAgreements=false&viewByKey=76%2F67%2Fto%2F79%2FMajor%2F7d01fb7b-2afa-460e-ace0-08ddbf3f4ee7,76/67/to/79/Major/7d01fb7b-2afa-460e-ace0-08ddbf3f4ee7
info,non_course_requirement_placeholder,Treat as raw audit noise unless it maps to a CS requirement used downstream.,UCB,University of California Berkeley,West Hills College Lemoore,fail,<blank>,unexpected_row,unexpected raw CSV row,,[['ENGL C1001 (3.00)']],https://assist.org/transfer/results?year=76&institution=146&agreement=79&agreementType=to&viewAgreementsOptions=true&view=agreement&viewBy=major&viewSendingAgreements=false&viewByKey=76%2F146%2Fto%2F79%2FMajor%2F7d01fb7b-2afa-460e-ace0-08ddbf3f4ee7,76/146/to/79/Major/7d01fb7b-2afa-460e-ace0-08ddbf3f4ee7
info,non_course_requirement_placeholder,Treat as raw audit noise unless it maps to a CS requirement used downstream.,UCB,University of California Berkeley,West Los Angeles College,fail,<blank>,unexpected_row,unexpected raw CSV row,,[['ENGLISH 102 (3.00)']],https://assist.org/transfer/results?year=76&institution=91&agreement=79&agreementType=to&viewAgreementsOptions=true&view=agreement&viewBy=major&viewSendingAgreements=false&viewByKey=76%2F91%2Fto%2F79%2FMajor%2F7d01fb7b-2afa-460e-ace0-08ddbf3f4ee7,76/91/to/79/Major/7d01fb7b-2afa-460e-ace0-08ddbf3f4ee7
info,non_course_requirement_placeholder,Treat as raw audit noise unless it maps to a CS requirement used downstream.,UCB,University of California Berkeley,West Valley College,fail,<blank>,unexpected_row,unexpected raw CSV row,,"[['ENGL 001B (3.00)', 'ENGL C1001 (3.00)', 'ENGL C1001H (3.00)']]",https://assist.org/transfer/results?year=76&institution=80&agreement=79&agreementType=to&viewAgreementsOptions=true&view=agreement&viewBy=major&viewSendingAgreements=false&viewByKey=76%2F80%2Fto%2F79%2FMajor%2F7d01fb7b-2afa-460e-ace0-08ddbf3f4ee7,76/80/to/79/Major/7d01fb7b-2afa-460e-ace0-08ddbf3f4ee7
info,non_course_requirement_placeholder,Treat as raw audit noise unless it maps to a CS requirement used downstream.,UCB,University of California Berkeley,Woodland Community College,fail,<blank>,unexpected_row,unexpected raw CSV row,,[['ENGL 1B (4.00)']],https://assist.org/transfer/results?year=76&institution=147&agreement=79&agreementType=to&viewAgreementsOptions=true&view=agreement&viewBy=major&viewSendingAgreements=false&viewByKey=76%2F147%2Fto%2F79%2FMajor%2F7d01fb7b-2afa-460e-ace0-08ddbf3f4ee7,76/147/to/79/Major/7d01fb7b-2afa-460e-ace0-08ddbf3f4ee7
info,non_course_requirement_placeholder,Treat as raw audit noise unless it maps to a CS requirement used downstream.,UCB,University of California Berkeley,Yuba College,fail,<blank>,unexpected_row,unexpected raw CSV row,,[['ENGL 1B (4.00)']],https://assist.org/transfer/results?year=76&institution=90&agreement=79&agreementType=to&viewAgreementsOptions=true&view=agreement&viewBy=major&viewSendingAgreements=false&viewByKey=76%2F90%2Fto%2F79%2FMajor%2F7d01fb7b-2afa-460e-ace0-08ddbf3f4ee7,76/90/to/79/Major/7d01fb7b-2afa-460e-ace0-08ddbf3f4ee7
info,non_course_requirement_placeholder,Treat as raw audit noise unless it maps to a CS requirement used downstream.,UCB,University of California Berkeley,Allan Hancock College,fail,Requirement,missing_row,missing raw CSV row,[['ENGL 102 (3.00)']],,https://assist.org/transfer/results?year=76&institution=110&agreement=79&agreementType=to&viewAgreementsOptions=true&view=agreement&viewBy=major&viewSendingAgreements=false&viewByKey=76%2F110%2Fto%2F79%2FMajor%2F7d01fb7b-2afa-460e-ace0-08ddbf3f4ee7,76/110/to/79/Major/7d01fb7b-2afa-460e-ace0-08ddbf3f4ee7
info,non_course_requirement_placeholder,Treat as raw audit noise unless it maps to a CS requirement used downstream.,UCB,University of California Berkeley,American River College,fail,Requirement,missing_row,missing raw CSV row,"[['ENGWR 301 (3.00)'], ['ENGWR 303 (4.00)'], ['ENGWR 481 (3.00)'], ['ENGL C1001 (3.00)'], ['ENGL C1000H (3.00)']]",,https://assist.org/transfer/results?year=76&institution=27&agreement=79&agreementType=to&viewAgreementsOptions=true&view=agreement&viewBy=major&viewSendingAgreements=false&viewByKey=76%2F27%2Fto%2F79%2FMajor%2F7d01fb7b-2afa-460e-ace0-08ddbf3f4ee7,76/27/to/79/Major/7d01fb7b-2afa-460e-ace0-08ddbf3f4ee7
info,non_course_requirement_placeholder,Treat as raw audit noise unless it maps to a CS requirement used downstream.,UCB,University of California Berkeley,Antelope Valley College,fail,Requirement,missing_row,missing raw CSV row,[['ENGL C1001 (3.00)']],,https://assist.org/transfer/results?year=76&institution=121&agreement=79&agreementType=to&viewAgreementsOptions=true&view=agreement&viewBy=major&viewSendingAgreements=false&viewByKey=76%2F121%2Fto%2F79%2FMajor%2F7d01fb7b-2afa-460e-ace0-08ddbf3f4ee7,76/121/to/79/Major/7d01fb7b-2afa-460e-ace0-08ddbf3f4ee7
info,non_course_requirement_placeholder,Treat as raw audit noise unless it maps to a CS requirement used downstream.,UCB,University of California Berkeley,Bakersfield College,fail,Requirement,missing_row,missing raw CSV row,"[['ENGL B3 (4.00)'], ['ENGL C1001 (4.00)']]",,https://assist.org/transfer/results?year=76&institution=84&agreement=79&agreementType=to&viewAgreementsOptions=true&view=agreement&viewBy=major&viewSendingAgreements=false&viewByKey=76%2F84%2Fto%2F79%2FMajor%2F7d01fb7b-2afa-460e-ace0-08ddbf3f4ee7,76/84/to/79/Major/7d01fb7b-2afa-460e-ace0-08ddbf3f4ee7
info,non_course_requirement_placeholder,Treat as raw audit noise unless it maps to a CS requirement used downstream.,UCB,University of California Berkeley,Barstow Community College,fail,Requirement,missing_row,missing raw CSV row,"[['ENGL 1B (3.00)', 'ENGL C1001 (4.00)']]",,https://assist.org/transfer/results?year=76&institution=20&agreement=79&agreementType=to&viewAgreementsOptions=true&view=agreement&viewBy=major&viewSendingAgreements=false&viewByKey=76%2F20%2Fto%2F79%2FMajor%2F7d01fb7b-2afa-460e-ace0-08ddbf3f4ee7,76/20/to/79/Major/7d01fb7b-2afa-460e-ace0-08ddbf3f4ee7
info,non_course_requirement_placeholder,Treat as raw audit noise unless it maps to a CS requirement used downstream.,UCB,University of California Berkeley,Berkeley City College,fail,Requirement,missing_row,missing raw CSV row,[['ENGL 1B (4.00)']],,https://assist.org/transfer/results?year=76&institution=58&agreement=79&agreementType=to&viewAgreementsOptions=true&view=agreement&viewBy=major&viewSendingAgreements=false&viewByKey=76%2F58%2Fto%2F79%2FMajor%2F7d01fb7b-2afa-460e-ace0-08ddbf3f4ee7,76/58/to/79/Major/7d01fb7b-2afa-460e-ace0-08ddbf3f4ee7
info,non_course_requirement_placeholder,Treat as raw audit noise unless it maps to a CS requirement used downstream.,UCB,University of California Berkeley,Butte College,fail,Requirement,missing_row,missing raw CSV row,"[['ENGL 4 (3.00)'], ['ENGL C1001 (3.00)']]",,https://assist.org/transfer/results?year=76&institution=8&agreement=79&agreementType=to&viewAgreementsOptions=true&view=agreement&viewBy=major&viewSendingAgreements=false&viewByKey=76%2F8%2Fto%2F79%2FMajor%2F7d01fb7b-2afa-460e-ace0-08ddbf3f4ee7,76/8/to/79/Major/7d01fb7b-2afa-460e-ace0-08ddbf3f4ee7
info,non_course_requirement_placeholder,Treat as raw audit noise unless it maps to a CS requirement used downstream.,UCB,University of California Berkeley,Cabrillo College,fail,Requirement,missing_row,missing raw CSV row,"[['ENGL 1B (3.00)'], ['ENGL 1BH (3.00)'], ['ENGL 1BMC (3.00)'], ['ENGL C1001 (3.00)'], ['ENGL C1001H (3.00)']]",,https://assist.org/transfer/results?year=76&institution=41&agreement=79&agreementType=to&viewAgreementsOptions=true&view=agreement&viewBy=major&viewSendingAgreements=false&viewByKey=76%2F41%2Fto%2F79%2FMajor%2F7d01fb7b-2afa-460e-ace0-08ddbf3f4ee7,76/41/to/79/Major/7d01fb7b-2afa-460e-ace0-08ddbf3f4ee7
info,non_course_requirement_placeholder,Treat as raw audit noise unless it maps to a CS requirement used downstream.,UCB,University of California Berkeley,Canada College,fail,Requirement,missing_row,missing raw CSV row,"[['ENGL 110 (3.00)'], ['ENGL C1001 (3.00)']]",,https://assist.org/transfer/results?year=76&institution=68&agreement=79&agreementType=to&viewAgreementsOptions=true&view=agreement&viewBy=major&viewSendingAgreements=false&viewByKey=76%2F68%2Fto%2F79%2FMajor%2F7d01fb7b-2afa-460e-ace0-08ddbf3f4ee7,76/68/to/79/Major/7d01fb7b-2afa-460e-ace0-08ddbf3f4ee7
info,non_course_requirement_placeholder,Treat as raw audit noise unless it maps to a CS requirement used downstream.,UCB,University of California Berkeley,Cerritos College,fail,Requirement,missing_row,missing raw CSV row,"[['ENGL 102 (3.00)'], ['ENGL C1001 (4.00)'], ['ENGL 110 (4.00)'], ['READ 103 (3.00)']]",,https://assist.org/transfer/results?year=76&institution=104&agreement=79&agreementType=to&viewAgreementsOptions=true&view=agreement&viewBy=major&viewSendingAgreements=false&viewByKey=76%2F104%2Fto%2F79%2FMajor%2F7d01fb7b-2afa-460e-ace0-08ddbf3f4ee7,76/104/to/79/Major/7d01fb7b-2afa-460e-ace0-08ddbf3f4ee7
info,non_course_requirement_placeholder,Treat as raw audit noise unless it maps to a CS requirement used downstream.,UCB,University of California Berkeley,Cerro Coso Community College,fail,Requirement,missing_row,missing raw CSV row,"[['ENGL C102 (4.00)'], ['ENGL C102H (5.00)']]",,https://assist.org/transfer/results?year=76&institution=9&agreement=79&agreementType=to&viewAgreementsOptions=true&view=agreement&viewBy=major&viewSendingAgreements=false&viewByKey=76%2F9%2Fto%2F79%2FMajor%2F7d01fb7b-2afa-460e-ace0-08ddbf3f4ee7,76/9/to/79/Major/7d01fb7b-2afa-460e-ace0-08ddbf3f4ee7
info,non_course_requirement_placeholder,Treat as raw audit noise unless it maps to a CS requirement used downstream.,UCB,University of California Berkeley,Chabot College,fail,Requirement,missing_row,missing raw CSV row,"[['ENGL 4A (4.00)'], ['ENGL C1001 (4.00)']]",,https://assist.org/transfer/results?year=76&institution=96&agreement=79&agreementType=to&viewAgreementsOptions=true&view=agreement&viewBy=major&viewSendingAgreements=false&viewByKey=76%2F96%2Fto%2F79%2FMajor%2F7d01fb7b-2afa-460e-ace0-08ddbf3f4ee7,76/96/to/79/Major/7d01fb7b-2afa-460e-ace0-08ddbf3f4ee7
info,non_course_requirement_placeholder,Treat as raw audit noise unless it maps to a CS requirement used downstream.,UCB,University of California Berkeley,Chaffey College,fail,Requirement,missing_row,missing raw CSV row,[['ENGL 1B (3.00)']],,https://assist.org/transfer/results?year=76&institution=69&agreement=79&agreementType=to&viewAgreementsOptions=true&view=agreement&viewBy=major&viewSendingAgreements=false&viewByKey=76%2F69%2Fto%2F79%2FMajor%2F7d01fb7b-2afa-460e-ace0-08ddbf3f4ee7,76/69/to/79/Major/7d01fb7b-2afa-460e-ace0-08ddbf3f4ee7
info,non_course_requirement_placeholder,Treat as raw audit noise unless it maps to a CS requirement used downstream.,UCB,University of California Berkeley,Citrus College,fail,Requirement,missing_row,missing raw CSV row,"[['ENGL 103 (3.00)'], ['ENGL 103H (3.00)'], ['ENGL C1001 (3.00)'], ['ENGL C1001 H (3.00)']]",,https://assist.org/transfer/results?year=76&institution=97&agreement=79&agreementType=to&viewAgreementsOptions=true&view=agreement&viewBy=major&viewSendingAgreements=false&viewByKey=76%2F97%2Fto%2F79%2FMajor%2F7d01fb7b-2afa-460e-ace0-08ddbf3f4ee7,76/97/to/79/Major/7d01fb7b-2afa-460e-ace0-08ddbf3f4ee7
info,non_course_requirement_placeholder,Treat as raw audit noise unless it maps to a CS requirement used downstream.,UCB,University of California Berkeley,City College of San Francisco,fail,Requirement,missing_row,missing raw CSV row,"[['ENGL C1001 (4.00)'], ['ENGL 1B (4.00)'], ['CMST 2 (3.00)']]",,https://assist.org/transfer/results?year=76&institution=33&agreement=79&agreementType=to&viewAgreementsOptions=true&view=agreement&viewBy=major&viewSendingAgreements=false&viewByKey=76%2F33%2Fto%2F79%2FMajor%2F7d01fb7b-2afa-460e-ace0-08ddbf3f4ee7,76/33/to/79/Major/7d01fb7b-2afa-460e-ace0-08ddbf3f4ee7
info,non_course_requirement_placeholder,Treat as raw audit noise unless it maps to a CS requirement used downstream.,UCB,University of California Berkeley,Clovis Community College,fail,Requirement,missing_row,missing raw CSV row,"[['ENGL 1B (3.00)'], ['ENGL 1BH (3.00)'], ['ENGL C1001 (3.00)'], ['ENGL C1001H (3.00)']]",,https://assist.org/transfer/results?year=76&institution=150&agreement=79&agreementType=to&viewAgreementsOptions=true&view=agreement&viewBy=major&viewSendingAgreements=false&viewByKey=76%2F150%2Fto%2F79%2FMajor%2F7d01fb7b-2afa-460e-ace0-08ddbf3f4ee7,76/150/to/79/Major/7d01fb7b-2afa-460e-ace0-08ddbf3f4ee7
info,non_course_requirement_placeholder,Treat as raw audit noise unless it maps to a CS requirement used downstream.,UCB,University of California Berkeley,Coastline Community College,fail,Requirement,missing_row,missing raw CSV row,"[['ENGL C101 (4.00)'], ['ENGL C1001 (3.00)']]",,https://assist.org/transfer/results?year=76&institution=105&agreement=79&agreementType=to&viewAgreementsOptions=true&view=agreement&viewBy=major&viewSendingAgreements=false&viewByKey=76%2F105%2Fto%2F79%2FMajor%2F7d01fb7b-2afa-460e-ace0-08ddbf3f4ee7,76/105/to/79/Major/7d01fb7b-2afa-460e-ace0-08ddbf3f4ee7
info,non_course_requirement_placeholder,Treat as raw audit noise unless it maps to a CS requirement used downstream.,UCB,University of California Berkeley,College of Alameda,fail,Requirement,missing_row,missing raw CSV row,[['ENGL 1B (4.00)']],,https://assist.org/transfer/results?year=76&institution=111&agreement=79&agreementType=to&viewAgreementsOptions=true&view=agreement&viewBy=major&viewSendingAgreements=false&viewByKey=76%2F111%2Fto%2F79%2FMajor%2F7d01fb7b-2afa-460e-ace0-08ddbf3f4ee7,76/111/to/79/Major/7d01fb7b-2afa-460e-ace0-08ddbf3f4ee7
info,non_course_requirement_placeholder,Treat as raw audit noise unless it maps to a CS requirement used downstream.,UCB,University of California Berkeley,College of Marin,fail,Requirement,missing_row,missing raw CSV row,"[['ENGL 151 (4.00)'], ['ENGL C1001 (4.00)']]",,https://assist.org/transfer/results?year=76&institution=4&agreement=79&agreementType=to&viewAgreementsOptions=true&view=agreement&viewBy=major&viewSendingAgreements=false&viewByKey=76%2F4%2Fto%2F79%2FMajor%2F7d01fb7b-2afa-460e-ace0-08ddbf3f4ee7,76/4/to/79/Major/7d01fb7b-2afa-460e-ace0-08ddbf3f4ee7
info,non_course_requirement_placeholder,Treat as raw audit noise unless it maps to a CS requirement used downstream.,UCB,University of California Berkeley,College of San Mateo,fail,Requirement,missing_row,missing raw CSV row,"[['ENGL 110 (3.00)'], ['ENGL C1001 (3.00)']]",,https://assist.org/transfer/results?year=76&institution=5&agreement=79&agreementType=to&viewAgreementsOptions=true&view=agreement&viewBy=major&viewSendingAgreements=false&viewByKey=76%2F5%2Fto%2F79%2FMajor%2F7d01fb7b-2afa-460e-ace0-08ddbf3f4ee7,76/5/to/79/Major/7d01fb7b-2afa-460e-ace0-08ddbf3f4ee7
info,non_course_requirement_placeholder,Treat as raw audit noise unless it maps to a CS requirement used downstream.,UCB,University of California Berkeley,College of the Canyons,fail,Requirement,missing_row,missing raw CSV row,"[['ENGL C1001 (3.00)'], ['ENGL C1001H (3.00)']]",,https://assist.org/transfer/results?year=76&institution=140&agreement=79&agreementType=to&viewAgreementsOptions=true&view=agreement&viewBy=major&viewSendingAgreements=false&viewByKey=76%2F140%2Fto%2F79%2FMajor%2F7d01fb7b-2afa-460e-ace0-08ddbf3f4ee7,76/140/to/79/Major/7d01fb7b-2afa-460e-ace0-08ddbf3f4ee7
info,non_course_requirement_placeholder,Treat as raw audit noise unless it maps to a CS requirement used downstream.,UCB,University of California Berkeley,College of the Desert,fail,Requirement,missing_row,missing raw CSV row,[['ENG 2 (4.00)']],,https://assist.org/transfer/results?year=76&institution=30&agreement=79&agreementType=to&viewAgreementsOptions=true&view=agreement&viewBy=major&viewSendingAgreements=false&viewByKey=76%2F30%2Fto%2F79%2FMajor%2F7d01fb7b-2afa-460e-ace0-08ddbf3f4ee7,76/30/to/79/Major/7d01fb7b-2afa-460e-ace0-08ddbf3f4ee7
info,non_course_requirement_placeholder,Treat as raw audit noise unless it maps to a CS requirement used downstream.,UCB,University of California Berkeley,College of the Redwoods,fail,Requirement,missing_row,missing raw CSV row,"[['ENGL 1B (3.00)'], ['ENGL 2B (4.00)'], ['ENGL C1001 (3.00)']]",,https://assist.org/transfer/results?year=76&institution=83&agreement=79&agreementType=to&viewAgreementsOptions=true&view=agreement&viewBy=major&viewSendingAgreements=false&viewByKey=76%2F83%2Fto%2F79%2FMajor%2F7d01fb7b-2afa-460e-ace0-08ddbf3f4ee7,76/83/to/79/Major/7d01fb7b-2afa-460e-ace0-08ddbf3f4ee7
info,non_course_requirement_placeholder,Treat as raw audit noise unless it maps to a CS requirement used downstream.,UCB,University of California Berkeley,College of the Sequoias,fail,Requirement,missing_row,missing raw CSV row,[['ENGL C1001 (3.00)']],,https://assist.org/transfer/results?year=76&institution=6&agreement=79&agreementType=to&viewAgreementsOptions=true&view=agreement&viewBy=major&viewSendingAgreements=false&viewByKey=76%2F6%2Fto%2F79%2FMajor%2F7d01fb7b-2afa-460e-ace0-08ddbf3f4ee7,76/6/to/79/Major/7d01fb7b-2afa-460e-ace0-08ddbf3f4ee7
info,non_course_requirement_placeholder,Treat as raw audit noise unless it maps to a CS requirement used downstream.,UCB,University of California Berkeley,College of the Siskiyous,fail,Requirement,missing_row,missing raw CSV row,"[['ENGL C1001 (3.00)'], ['ENGL 1501 (3.00)']]",,https://assist.org/transfer/results?year=76&institution=102&agreement=79&agreementType=to&viewAgreementsOptions=true&view=agreement&viewBy=major&viewSendingAgreements=false&viewByKey=76%2F102%2Fto%2F79%2FMajor%2F7d01fb7b-2afa-460e-ace0-08ddbf3f4ee7,76/102/to/79/Major/7d01fb7b-2afa-460e-ace0-08ddbf3f4ee7
info,non_course_requirement_placeholder,Treat as raw audit noise unless it maps to a CS requirement used downstream.,UCB,University of California Berkeley,Columbia College,fail,Requirement,missing_row,missing raw CSV row,[['ENGL 1B (3.00)']],,https://assist.org/transfer/results?year=76&institution=10&agreement=79&agreementType=to&viewAgreementsOptions=true&view=agreement&viewBy=major&viewSendingAgreements=false&viewByKey=76%2F10%2Fto%2F79%2FMajor%2F7d01fb7b-2afa-460e-ace0-08ddbf3f4ee7,76/10/to/79/Major/7d01fb7b-2afa-460e-ace0-08ddbf3f4ee7
info,non_course_requirement_placeholder,Treat as raw audit noise unless it maps to a CS requirement used downstream.,UCB,University of California Berkeley,Compton College,fail,Requirement,missing_row,missing raw CSV row,"[['ENGL 102 (3.00)'], ['ENGL 102H (3.00)']]",,https://assist.org/transfer/results?year=76&institution=153&agreement=79&agreementType=to&viewAgreementsOptions=true&view=agreement&viewBy=major&viewSendingAgreements=false&viewByKey=76%2F153%2Fto%2F79%2FMajor%2F7d01fb7b-2afa-460e-ace0-08ddbf3f4ee7,76/153/to/79/Major/7d01fb7b-2afa-460e-ace0-08ddbf3f4ee7
info,non_course_requirement_placeholder,Treat as raw audit noise unless it maps to a CS requirement used downstream.,UCB,University of California Berkeley,Contra Costa College,fail,Requirement,missing_row,missing raw CSV row,"[['ENGL 002B (4.00)'], ['ENGL C1001 (3.00)'], ['PHILO 130 (3.00)']]",,https://assist.org/transfer/results?year=76&institution=28&agreement=79&agreementType=to&viewAgreementsOptions=true&view=agreement&viewBy=major&viewSendingAgreements=false&viewByKey=76%2F28%2Fto%2F79%2FMajor%2F7d01fb7b-2afa-460e-ace0-08ddbf3f4ee7,76/28/to/79/Major/7d01fb7b-2afa-460e-ace0-08ddbf3f4ee7
info,non_course_requirement_placeholder,Treat as raw audit noise unless it maps to a CS requirement used downstream.,UCB,University of California Berkeley,Copper Mountain College,fail,Requirement,missing_row,missing raw CSV row,"[['ENG 001B (3.00)'], ['ENGL C1001 (3.00)']]",,https://assist.org/transfer/results?year=76&institution=112&agreement=79&agreementType=to&viewAgreementsOptions=true&view=agreement&viewBy=major&viewSendingAgreements=false&viewByKey=76%2F112%2Fto%2F79%2FMajor%2F7d01fb7b-2afa-460e-ace0-08ddbf3f4ee7,76/112/to/79/Major/7d01fb7b-2afa-460e-ace0-08ddbf3f4ee7
info,non_course_requirement_placeholder,Treat as raw audit noise unless it maps to a CS requirement used downstream.,UCB,University of California Berkeley,Cosumnes River College,fail,Requirement,missing_row,missing raw CSV row,"[['ENGWR 301 (3.00)'], ['ENGL C1001 (3.00)']]",,https://assist.org/transfer/results?year=76&institution=142&agreement=79&agreementType=to&viewAgreementsOptions=true&view=agreement&viewBy=major&viewSendingAgreements=false&viewByKey=76%2F142%2Fto%2F79%2FMajor%2F7d01fb7b-2afa-460e-ace0-08ddbf3f4ee7,76/142/to/79/Major/7d01fb7b-2afa-460e-ace0-08ddbf3f4ee7
info,non_course_requirement_placeholder,Treat as raw audit noise unless it maps to a CS requirement used downstream.,UCB,University of California Berkeley,Crafton Hills College,fail,Requirement,missing_row,missing raw CSV row,"[['ENGL C1001 (4.00)'], ['ENGL C1001H (4.00)']]",,https://assist.org/transfer/results?year=76&institution=70&agreement=79&agreementType=to&viewAgreementsOptions=true&view=agreement&viewBy=major&viewSendingAgreements=false&viewByKey=76%2F70%2Fto%2F79%2FMajor%2F7d01fb7b-2afa-460e-ace0-08ddbf3f4ee7,76/70/to/79/Major/7d01fb7b-2afa-460e-ace0-08ddbf3f4ee7
info,non_course_requirement_placeholder,Treat as raw audit noise unless it maps to a CS requirement used downstream.,UCB,University of California Berkeley,Cuesta College,fail,Requirement,missing_row,missing raw CSV row,"[['ENGL 201B (4.00)'], ['ENGL C1001 (4.00)']]",,https://assist.org/transfer/results?year=76&institution=16&agreement=79&agreementType=to&viewAgreementsOptions=true&view=agreement&viewBy=major&viewSendingAgreements=false&viewByKey=76%2F16%2Fto%2F79%2FMajor%2F7d01fb7b-2afa-460e-ace0-08ddbf3f4ee7,76/16/to/79/Major/7d01fb7b-2afa-460e-ace0-08ddbf3f4ee7
info,non_course_requirement_placeholder,Treat as raw audit noise unless it maps to a CS requirement used downstream.,UCB,University of California Berkeley,Cuyamaca College,fail,Requirement,missing_row,missing raw CSV row,[['PHYC 202 (5.00)']],,https://assist.org/transfer/results?year=76&institution=99&agreement=79&agreementType=to&viewAgreementsOptions=true&view=agreement&viewBy=major&viewSendingAgreements=false&viewByKey=76%2F99%2Fto%2F79%2FMajor%2F7d01fb7b-2afa-460e-ace0-08ddbf3f4ee7,76/99/to/79/Major/7d01fb7b-2afa-460e-ace0-08ddbf3f4ee7
info,non_course_requirement_placeholder,Treat as raw audit noise unless it maps to a CS requirement used downstream.,UCB,University of California Berkeley,Cypress College,fail,Requirement,missing_row,missing raw CSV row,"[['ENGL 102 C (3.00)'], ['ENGL 102HC (3.00)'], ['ENGL 104 C (4.00)'], ['ENGL 104HC (4.00)'], ['ENGL C1001 (4.00)'], ['ENGL C1001H (4.00)']]",,https://assist.org/transfer/results?year=76&institution=71&agreement=79&agreementType=to&viewAgreementsOptions=true&view=agreement&viewBy=major&viewSendingAgreements=false&viewByKey=76%2F71%2Fto%2F79%2FMajor%2F7d01fb7b-2afa-460e-ace0-08ddbf3f4ee7,76/71/to/79/Major/7d01fb7b-2afa-460e-ace0-08ddbf3f4ee7
info,non_course_requirement_placeholder,Treat as raw audit noise unless it maps to a CS requirement used downstream.,UCB,University of California Berkeley,De Anza College,fail,Requirement,missing_row,missing raw CSV row,"[['ENGL C1001 (5.00)'], ['ENGL C1001H (5.00)'], ['EWRT 1B (5.00)'], ['EWRT 1BH (5.00)']]",,https://assist.org/transfer/results?year=76&institution=113&agreement=79&agreementType=to&viewAgreementsOptions=true&view=agreement&viewBy=major&viewSendingAgreements=false&viewByKey=76%2F113%2Fto%2F79%2FMajor%2F7d01fb7b-2afa-460e-ace0-08ddbf3f4ee7,76/113/to/79/Major/7d01fb7b-2afa-460e-ace0-08ddbf3f4ee7
info,non_course_requirement_placeholder,Treat as raw audit noise unless it maps to a CS requirement used downstream.,UCB,University of California Berkeley,Diablo Valley College,fail,Requirement,missing_row,missing raw CSV row,"[['ARTHS 191 (3.00)'], ['COMM 121 (3.00)'], ['DANCE 201 (3.00)'], ['ENGL 123 (3.00)'], ['ENGL 123A (4.00)'], ['ENGL 126A (4.00)'], ['ENGL C1001 (3.00)'], ['HIST 122 (3.00)'], ['KINES 249 (3.00)'], ['PHILO 130 (3.00)'], ['PSYC 145 (3.00)'], ['SOCIO 122 (3.00)']]",,https://assist.org/transfer/results?year=76&institution=114&agreement=79&agreementType=to&viewAgreementsOptions=true&view=agreement&viewBy=major&viewSendingAgreements=false&viewByKey=76%2F114%2Fto%2F79%2FMajor%2F7d01fb7b-2afa-460e-ace0-08ddbf3f4ee7,76/114/to/79/Major/7d01fb7b-2afa-460e-ace0-08ddbf3f4ee7
info,non_course_requirement_placeholder,Treat as raw audit noise unless it maps to a CS requirement used downstream.,UCB,University of California Berkeley,East Los Angeles College,fail,Requirement,missing_row,missing raw CSV row,"[['PHYSICS 101 (5.00)', 'PHYSICS 102 (5.00)', 'PHYSICS 103 (5.00)']]",,https://assist.org/transfer/results?year=76&institution=118&agreement=79&agreementType=to&viewAgreementsOptions=true&view=agreement&viewBy=major&viewSendingAgreements=false&viewByKey=76%2F118%2Fto%2F79%2FMajor%2F7d01fb7b-2afa-460e-ace0-08ddbf3f4ee7,76/118/to/79/Major/7d01fb7b-2afa-460e-ace0-08ddbf3f4ee7
info,non_course_requirement_placeholder,Treat as raw audit noise unless it maps to a CS requirement used downstream.,UCB,University of California Berkeley,El Camino College,fail,Requirement,missing_row,missing raw CSV row,"[['ENGL 1B (3.00)'], ['ENGL 1BH (3.00)']]",,https://assist.org/transfer/results?year=76&institution=103&agreement=79&agreementType=to&viewAgreementsOptions=true&view=agreement&viewBy=major&viewSendingAgreements=false&viewByKey=76%2F103%2Fto%2F79%2FMajor%2F7d01fb7b-2afa-460e-ace0-08ddbf3f4ee7,76/103/to/79/Major/7d01fb7b-2afa-460e-ace0-08ddbf3f4ee7
info,non_course_requirement_placeholder,Treat as raw audit noise unless it maps to a CS requirement used downstream.,UCB,University of California Berkeley,Evergreen Valley College,fail,Requirement,missing_row,missing raw CSV row,"[['ENGL 001B (3.00)'], ['ENGL C1001 (3.00)']]",,https://assist.org/transfer/results?year=76&institution=2&agreement=79&agreementType=to&viewAgreementsOptions=true&view=agreement&viewBy=major&viewSendingAgreements=false&viewByKey=76%2F2%2Fto%2F79%2FMajor%2F7d01fb7b-2afa-460e-ace0-08ddbf3f4ee7,76/2/to/79/Major/7d01fb7b-2afa-460e-ace0-08ddbf3f4ee7
info,non_course_requirement_placeholder,Treat as raw audit noise unless it maps to a CS requirement used downstream.,UCB,University of California Berkeley,Feather River College,fail,Requirement,missing_row,missing raw CSV row,"[['ENGL 102 (3.00)'], ['ENGL C1001 (3.00)']]",,https://assist.org/transfer/results?year=76&institution=122&agreement=79&agreementType=to&viewAgreementsOptions=true&view=agreement&viewBy=major&viewSendingAgreements=false&viewByKey=76%2F122%2Fto%2F79%2FMajor%2F7d01fb7b-2afa-460e-ace0-08ddbf3f4ee7,76/122/to/79/Major/7d01fb7b-2afa-460e-ace0-08ddbf3f4ee7
info,non_course_requirement_placeholder,Treat as raw audit noise unless it maps to a CS requirement used downstream.,UCB,University of California Berkeley,Folsom Lake College,fail,Requirement,missing_row,missing raw CSV row,"[['ENGWR 301 (3.00)'], ['ENGWR 481 (3.00)'], ['ENGL C1001 (3.00)'], ['ENGL C1001H (3.00)']]",,https://assist.org/transfer/results?year=76&institution=145&agreement=79&agreementType=to&viewAgreementsOptions=true&view=agreement&viewBy=major&viewSendingAgreements=false&viewByKey=76%2F145%2Fto%2F79%2FMajor%2F7d01fb7b-2afa-460e-ace0-08ddbf3f4ee7,76/145/to/79/Major/7d01fb7b-2afa-460e-ace0-08ddbf3f4ee7
info,non_course_requirement_placeholder,Treat as raw audit noise unless it maps to a CS requirement used downstream.,UCB,University of California Berkeley,Foothill College,fail,Requirement,missing_row,missing raw CSV row,"[['ENGL 1B (5.00)', 'ENGL C1001 (5.00)'], ['ENGL 1BH (5.00)', 'ENGL C1001H (5.00)']]",,https://assist.org/transfer/results?year=76&institution=51&agreement=79&agreementType=to&viewAgreementsOptions=true&view=agreement&viewBy=major&viewSendingAgreements=false&viewByKey=76%2F51%2Fto%2F79%2FMajor%2F7d01fb7b-2afa-460e-ace0-08ddbf3f4ee7,76/51/to/79/Major/7d01fb7b-2afa-460e-ace0-08ddbf3f4ee7
info,non_course_requirement_placeholder,Treat as raw audit noise unless it maps to a CS requirement used downstream.,UCB,University of California Berkeley,Fresno City College,fail,Requirement,missing_row,missing raw CSV row,"[['ENGL 1B (3.00)'], ['ENGL C1001 (3.00)'], ['ENGL C1001H (3.00)']]",,https://assist.org/transfer/results?year=76&institution=35&agreement=79&agreementType=to&viewAgreementsOptions=true&view=agreement&viewBy=major&viewSendingAgreements=false&viewByKey=76%2F35%2Fto%2F79%2FMajor%2F7d01fb7b-2afa-460e-ace0-08ddbf3f4ee7,76/35/to/79/Major/7d01fb7b-2afa-460e-ace0-08ddbf3f4ee7
info,non_course_requirement_placeholder,Treat as raw audit noise unless it maps to a CS requirement used downstream.,UCB,University of California Berkeley,Fullerton College,fail,Requirement,missing_row,missing raw CSV row,"[['ENGL C1001 (4.00)'], ['ENGL C1001H (4.00)']]",,https://assist.org/transfer/results?year=76&institution=134&agreement=79&agreementType=to&viewAgreementsOptions=true&view=agreement&viewBy=major&viewSendingAgreements=false&viewByKey=76%2F134%2Fto%2F79%2FMajor%2F7d01fb7b-2afa-460e-ace0-08ddbf3f4ee7,76/134/to/79/Major/7d01fb7b-2afa-460e-ace0-08ddbf3f4ee7
info,non_course_requirement_placeholder,Treat as raw audit noise unless it maps to a CS requirement used downstream.,UCB,University of California Berkeley,Gavilan College,fail,Requirement,missing_row,missing raw CSV row,[['ENGL 1B (3.00)']],,https://assist.org/transfer/results?year=76&institution=72&agreement=79&agreementType=to&viewAgreementsOptions=true&view=agreement&viewBy=major&viewSendingAgreements=false&viewByKey=76%2F72%2Fto%2F79%2FMajor%2F7d01fb7b-2afa-460e-ace0-08ddbf3f4ee7,76/72/to/79/Major/7d01fb7b-2afa-460e-ace0-08ddbf3f4ee7
info,non_course_requirement_placeholder,Treat as raw audit noise unless it maps to a CS requirement used downstream.,UCB,University of California Berkeley,Glendale Community College,fail,Requirement,missing_row,missing raw CSV row,"[['ENGL 102 (3.00)'], ['ENGL 102H (3.00)'], ['ENGL C1001 (3.00)']]",,https://assist.org/transfer/results?year=76&institution=43&agreement=79&agreementType=to&viewAgreementsOptions=true&view=agreement&viewBy=major&viewSendingAgreements=false&viewByKey=76%2F43%2Fto%2F79%2FMajor%2F7d01fb7b-2afa-460e-ace0-08ddbf3f4ee7,76/43/to/79/Major/7d01fb7b-2afa-460e-ace0-08ddbf3f4ee7
info,non_course_requirement_placeholder,Treat as raw audit noise unless it maps to a CS requirement used downstream.,UCB,University of California Berkeley,Golden West College,fail,Requirement,missing_row,missing raw CSV row,"[['ENGL G110 (4.00)'], ['PSYC G130 (3.00)']]",,https://assist.org/transfer/results?year=76&institution=55&agreement=79&agreementType=to&viewAgreementsOptions=true&view=agreement&viewBy=major&viewSendingAgreements=false&viewByKey=76%2F55%2Fto%2F79%2FMajor%2F7d01fb7b-2afa-460e-ace0-08ddbf3f4ee7,76/55/to/79/Major/7d01fb7b-2afa-460e-ace0-08ddbf3f4ee7
info,non_course_requirement_placeholder,Treat as raw audit noise unless it maps to a CS requirement used downstream.,UCB,University of California Berkeley,Grossmont College,fail,Requirement,missing_row,missing raw CSV row,[['PHYC 202 (5.00)']],,https://assist.org/transfer/results?year=76&institution=106&agreement=79&agreementType=to&viewAgreementsOptions=true&view=agreement&viewBy=major&viewSendingAgreements=false&viewByKey=76%2F106%2Fto%2F79%2FMajor%2F7d01fb7b-2afa-460e-ace0-08ddbf3f4ee7,76/106/to/79/Major/7d01fb7b-2afa-460e-ace0-08ddbf3f4ee7
info,non_course_requirement_placeholder,Treat as raw audit noise unless it maps to a CS requirement used downstream.,UCB,University of California Berkeley,Hartnell College,fail,Requirement,missing_row,missing raw CSV row,"[['ENG 1B (3.00)'], ['ENGL C1001 (3.00)']]",,https://assist.org/transfer/results?year=76&institution=123&agreement=79&agreementType=to&viewAgreementsOptions=true&view=agreement&viewBy=major&viewSendingAgreements=false&viewByKey=76%2F123%2Fto%2F79%2FMajor%2F7d01fb7b-2afa-460e-ace0-08ddbf3f4ee7,76/123/to/79/Major/7d01fb7b-2afa-460e-ace0-08ddbf3f4ee7
info,non_course_requirement_placeholder,Treat as raw audit noise unless it maps to a CS requirement used downstream.,UCB,University of California Berkeley,Imperial Valley College,fail,Requirement,missing_row,missing raw CSV row,[['ENGL C1001 (3.00)']],,https://assist.org/transfer/results?year=76&institution=107&agreement=79&agreementType=to&viewAgreementsOptions=true&view=agreement&viewBy=major&viewSendingAgreements=false&viewByKey=76%2F107%2Fto%2F79%2FMajor%2F7d01fb7b-2afa-460e-ace0-08ddbf3f4ee7,76/107/to/79/Major/7d01fb7b-2afa-460e-ace0-08ddbf3f4ee7
info,non_course_requirement_placeholder,Treat as raw audit noise unless it maps to a CS requirement used downstream.,UCB,University of California Berkeley,Irvine Valley College,fail,Requirement,missing_row,missing raw CSV row,"[['ENGL C1001 (4.00)'], ['ENGL C1001H (4.00)'], ['LIB 20 (3.00)'], ['LIB 20H (3.00)']]",,https://assist.org/transfer/results?year=76&institution=124&agreement=79&agreementType=to&viewAgreementsOptions=true&view=agreement&viewBy=major&viewSendingAgreements=false&viewByKey=76%2F124%2Fto%2F79%2FMajor%2F7d01fb7b-2afa-460e-ace0-08ddbf3f4ee7,76/124/to/79/Major/7d01fb7b-2afa-460e-ace0-08ddbf3f4ee7
info,non_course_requirement_placeholder,Treat as raw audit noise unless it maps to a CS requirement used downstream.,UCB,University of California Berkeley,Lake Tahoe Community College,fail,Requirement,missing_row,missing raw CSV row,"[['ENG 102 (4.00)'], ['ENGL C1001 (5.00)']]",,https://assist.org/transfer/results?year=76&institution=40&agreement=79&agreementType=to&viewAgreementsOptions=true&view=agreement&viewBy=major&viewSendingAgreements=false&viewByKey=76%2F40%2Fto%2F79%2FMajor%2F7d01fb7b-2afa-460e-ace0-08ddbf3f4ee7,76/40/to/79/Major/7d01fb7b-2afa-460e-ace0-08ddbf3f4ee7
info,non_course_requirement_placeholder,Treat as raw audit noise unless it maps to a CS requirement used downstream.,UCB,University of California Berkeley,Laney College,fail,Requirement,missing_row,missing raw CSV row,[['ENGL 1B (4.00)']],,https://assist.org/transfer/results?year=76&institution=77&agreement=79&agreementType=to&viewAgreementsOptions=true&view=agreement&viewBy=major&viewSendingAgreements=false&viewByKey=76%2F77%2Fto%2F79%2FMajor%2F7d01fb7b-2afa-460e-ace0-08ddbf3f4ee7,76/77/to/79/Major/7d01fb7b-2afa-460e-ace0-08ddbf3f4ee7
info,non_course_requirement_placeholder,Treat as raw audit noise unless it maps to a CS requirement used downstream.,UCB,University of California Berkeley,Las Positas College,fail,Requirement,missing_row,missing raw CSV row,"[['ENG 4 (3.00)'], ['ENGL C1001 (3.00)']]",,https://assist.org/transfer/results?year=76&institution=18&agreement=79&agreementType=to&viewAgreementsOptions=true&view=agreement&viewBy=major&viewSendingAgreements=false&viewByKey=76%2F18%2Fto%2F79%2FMajor%2F7d01fb7b-2afa-460e-ace0-08ddbf3f4ee7,76/18/to/79/Major/7d01fb7b-2afa-460e-ace0-08ddbf3f4ee7
info,non_course_requirement_placeholder,Treat as raw audit noise unless it maps to a CS requirement used downstream.,UCB,University of California Berkeley,Lassen Community College,fail,Requirement,missing_row,missing raw CSV row,[['ENGL C1001 (3.00)']],,https://assist.org/transfer/results?year=76&institution=82&agreement=79&agreementType=to&viewAgreementsOptions=true&view=agreement&viewBy=major&viewSendingAgreements=false&viewByKey=76%2F82%2Fto%2F79%2FMajor%2F7d01fb7b-2afa-460e-ace0-08ddbf3f4ee7,76/82/to/79/Major/7d01fb7b-2afa-460e-ace0-08ddbf3f4ee7
info,non_course_requirement_placeholder,Treat as raw audit noise unless it maps to a CS requirement used downstream.,UCB,University of California Berkeley,Long Beach City College,fail,Requirement,missing_row,missing raw CSV row,"[['ENGL C1001 (4.00)'], ['ENGL C1001H (4.00)']]",,https://assist.org/transfer/results?year=76&institution=135&agreement=79&agreementType=to&viewAgreementsOptions=true&view=agreement&viewBy=major&viewSendingAgreements=false&viewByKey=76%2F135%2Fto%2F79%2FMajor%2F7d01fb7b-2afa-460e-ace0-08ddbf3f4ee7,76/135/to/79/Major/7d01fb7b-2afa-460e-ace0-08ddbf3f4ee7
info,non_course_requirement_placeholder,Treat as raw audit noise unless it maps to a CS requirement used downstream.,UCB,University of California Berkeley,Los Angeles City College,fail,Requirement,missing_row,missing raw CSV row,"[['ENGL C1001 (3.00)'], ['ENGLISH 102 (3.00)']]",,https://assist.org/transfer/results?year=76&institution=3&agreement=79&agreementType=to&viewAgreementsOptions=true&view=agreement&viewBy=major&viewSendingAgreements=false&viewByKey=76%2F3%2Fto%2F79%2FMajor%2F7d01fb7b-2afa-460e-ace0-08ddbf3f4ee7,76/3/to/79/Major/7d01fb7b-2afa-460e-ace0-08ddbf3f4ee7
info,non_course_requirement_placeholder,Treat as raw audit noise unless it maps to a CS requirement used downstream.,UCB,University of California Berkeley,Los Angeles Harbor College,fail,Requirement,missing_row,missing raw CSV row,"[['ENGLISH 102 (3.00)'], ['ENGL C1001 (3.00)']]",,https://assist.org/transfer/results?year=76&institution=31&agreement=79&agreementType=to&viewAgreementsOptions=true&view=agreement&viewBy=major&viewSendingAgreements=false&viewByKey=76%2F31%2Fto%2F79%2FMajor%2F7d01fb7b-2afa-460e-ace0-08ddbf3f4ee7,76/31/to/79/Major/7d01fb7b-2afa-460e-ace0-08ddbf3f4ee7
info,non_course_requirement_placeholder,Treat as raw audit noise unless it maps to a CS requirement used downstream.,UCB,University of California Berkeley,Los Angeles Mission College,fail,Requirement,missing_row,missing raw CSV row,"[['ENGL C1001 (3.00)'], ['ENGLISH 102 (3.00)']]",,https://assist.org/transfer/results?year=76&institution=47&agreement=79&agreementType=to&viewAgreementsOptions=true&view=agreement&viewBy=major&viewSendingAgreements=false&viewByKey=76%2F47%2Fto%2F79%2FMajor%2F7d01fb7b-2afa-460e-ace0-08ddbf3f4ee7,76/47/to/79/Major/7d01fb7b-2afa-460e-ace0-08ddbf3f4ee7
info,non_course_requirement_placeholder,Treat as raw audit noise unless it maps to a CS requirement used downstream.,UCB,University of California Berkeley,Los Angeles Pierce College,fail,Requirement,missing_row,missing raw CSV row,"[['ENGL C1001 (3.00)'], ['ENGLISH 102 (3.00)'], ['JOURNAL 109 (3.00)'], ['PHILOS 005 (3.00)']]",,https://assist.org/transfer/results?year=76&institution=86&agreement=79&agreementType=to&viewAgreementsOptions=true&view=agreement&viewBy=major&viewSendingAgreements=false&viewByKey=76%2F86%2Fto%2F79%2FMajor%2F7d01fb7b-2afa-460e-ace0-08ddbf3f4ee7,76/86/to/79/Major/7d01fb7b-2afa-460e-ace0-08ddbf3f4ee7
info,non_course_requirement_placeholder,Treat as raw audit noise unless it maps to a CS requirement used downstream.,UCB,University of California Berkeley,Los Angeles Southwest College,fail,Requirement,missing_row,missing raw CSV row,[['ENGLISH 102 (3.00)']],,https://assist.org/transfer/results?year=76&institution=130&agreement=79&agreementType=to&viewAgreementsOptions=true&view=agreement&viewBy=major&viewSendingAgreements=false&viewByKey=76%2F130%2Fto%2F79%2FMajor%2F7d01fb7b-2afa-460e-ace0-08ddbf3f4ee7,76/130/to/79/Major/7d01fb7b-2afa-460e-ace0-08ddbf3f4ee7
info,non_course_requirement_placeholder,Treat as raw audit noise unless it maps to a CS requirement used downstream.,UCB,University of California Berkeley,Los Angeles Trade Technical College,fail,Requirement,missing_row,missing raw CSV row,"[['ENGL C1001 (3.00)'], ['ENGLISH 102 (3.00)']]",,https://assist.org/transfer/results?year=76&institution=25&agreement=79&agreementType=to&viewAgreementsOptions=true&view=agreement&viewBy=major&viewSendingAgreements=false&viewByKey=76%2F25%2Fto%2F79%2FMajor%2F7d01fb7b-2afa-460e-ace0-08ddbf3f4ee7,76/25/to/79/Major/7d01fb7b-2afa-460e-ace0-08ddbf3f4ee7
info,non_course_requirement_placeholder,Treat as raw audit noise unless it maps to a CS requirement used downstream.,UCB,University of California Berkeley,Los Angeles Valley College,fail,Requirement,missing_row,missing raw CSV row,[['ENGLISH 102 (3.00)']],,https://assist.org/transfer/results?year=76&institution=44&agreement=79&agreementType=to&viewAgreementsOptions=true&view=agreement&viewBy=major&viewSendingAgreements=false&viewByKey=76%2F44%2Fto%2F79%2FMajor%2F7d01fb7b-2afa-460e-ace0-08ddbf3f4ee7,76/44/to/79/Major/7d01fb7b-2afa-460e-ace0-08ddbf3f4ee7
info,non_course_requirement_placeholder,Treat as raw audit noise unless it maps to a CS requirement used downstream.,UCB,University of California Berkeley,Los Medanos College,fail,Requirement,missing_row,missing raw CSV row,"[['ENGL 230 (3.00)'], ['ENGL C1001 (3.00)']]",,https://assist.org/transfer/results?year=76&institution=61&agreement=79&agreementType=to&viewAgreementsOptions=true&view=agreement&viewBy=major&viewSendingAgreements=false&viewByKey=76%2F61%2Fto%2F79%2FMajor%2F7d01fb7b-2afa-460e-ace0-08ddbf3f4ee7,76/61/to/79/Major/7d01fb7b-2afa-460e-ace0-08ddbf3f4ee7
info,non_course_requirement_placeholder,Treat as raw audit noise unless it maps to a CS requirement used downstream.,UCB,University of California Berkeley,Madera Community College,fail,Requirement,missing_row,missing raw CSV row,"[['ENGL 1B (3.00)'], ['ENGL 1BH (3.00)'], ['ENGL 2 (3.00)'], ['ENGL 2H (3.00)'], ['ENGL C1001 (3.00)'], ['ENGL C1001H (3.00)']]",,https://assist.org/transfer/results?year=76&institution=200&agreement=79&agreementType=to&viewAgreementsOptions=true&view=agreement&viewBy=major&viewSendingAgreements=false&viewByKey=76%2F200%2Fto%2F79%2FMajor%2F7d01fb7b-2afa-460e-ace0-08ddbf3f4ee7,76/200/to/79/Major/7d01fb7b-2afa-460e-ace0-08ddbf3f4ee7
info,non_course_requirement_placeholder,Treat as raw audit noise unless it maps to a CS requirement used downstream.,UCB,University of California Berkeley,Mendocino College,fail,Requirement,missing_row,missing raw CSV row,"[['PHY 221 (4.00)', 'PHY 222 (4.00)']]",,https://assist.org/transfer/results?year=76&institution=100&agreement=79&agreementType=to&viewAgreementsOptions=true&view=agreement&viewBy=major&viewSendingAgreements=false&viewByKey=76%2F100%2Fto%2F79%2FMajor%2F7d01fb7b-2afa-460e-ace0-08ddbf3f4ee7,76/100/to/79/Major/7d01fb7b-2afa-460e-ace0-08ddbf3f4ee7
info,non_course_requirement_placeholder,Treat as raw audit noise unless it maps to a CS requirement used downstream.,UCB,University of California Berkeley,Merced College,fail,Requirement,missing_row,missing raw CSV row,[['ENGL -01B (3.00)']],,https://assist.org/transfer/results?year=76&institution=17&agreement=79&agreementType=to&viewAgreementsOptions=true&view=agreement&viewBy=major&viewSendingAgreements=false&viewByKey=76%2F17%2Fto%2F79%2FMajor%2F7d01fb7b-2afa-460e-ace0-08ddbf3f4ee7,76/17/to/79/Major/7d01fb7b-2afa-460e-ace0-08ddbf3f4ee7
info,non_course_requirement_placeholder,Treat as raw audit noise unless it maps to a CS requirement used downstream.,UCB,University of California Berkeley,Merritt College,fail,Requirement,missing_row,missing raw CSV row,[['ENGL 1B (4.00)']],,https://assist.org/transfer/results?year=76&institution=13&agreement=79&agreementType=to&viewAgreementsOptions=true&view=agreement&viewBy=major&viewSendingAgreements=false&viewByKey=76%2F13%2Fto%2F79%2FMajor%2F7d01fb7b-2afa-460e-ace0-08ddbf3f4ee7,76/13/to/79/Major/7d01fb7b-2afa-460e-ace0-08ddbf3f4ee7
info,non_course_requirement_placeholder,Treat as raw audit noise unless it maps to a CS requirement used downstream.,UCB,University of California Berkeley,MiraCosta College,fail,Requirement,missing_row,missing raw CSV row,"[['ENGL 201 (4.00)'], ['ENGL 201H (4.00)'], ['ENGL C1001 (4.00)'], ['ENGL C1001H (4.00)']]",,https://assist.org/transfer/results?year=76&institution=108&agreement=79&agreementType=to&viewAgreementsOptions=true&view=agreement&viewBy=major&viewSendingAgreements=false&viewByKey=76%2F108%2Fto%2F79%2FMajor%2F7d01fb7b-2afa-460e-ace0-08ddbf3f4ee7,76/108/to/79/Major/7d01fb7b-2afa-460e-ace0-08ddbf3f4ee7
info,non_course_requirement_placeholder,Treat as raw audit noise unless it maps to a CS requirement used downstream.,UCB,University of California Berkeley,Mission College,fail,Requirement,missing_row,missing raw CSV row,"[['ENG 001B (3.00)'], ['ENGL C1001 (3.00)']]",,https://assist.org/transfer/results?year=76&institution=32&agreement=79&agreementType=to&viewAgreementsOptions=true&view=agreement&viewBy=major&viewSendingAgreements=false&viewByKey=76%2F32%2Fto%2F79%2FMajor%2F7d01fb7b-2afa-460e-ace0-08ddbf3f4ee7,76/32/to/79/Major/7d01fb7b-2afa-460e-ace0-08ddbf3f4ee7
info,non_course_requirement_placeholder,Treat as raw audit noise unless it maps to a CS requirement used downstream.,UCB,University of California Berkeley,Modesto Junior College,fail,Requirement,missing_row,missing raw CSV row,"[['ENGL 102 (3.00)'], ['ENGL C1001 (3.00)']]",,https://assist.org/transfer/results?year=76&institution=52&agreement=79&agreementType=to&viewAgreementsOptions=true&view=agreement&viewBy=major&viewSendingAgreements=false&viewByKey=76%2F52%2Fto%2F79%2FMajor%2F7d01fb7b-2afa-460e-ace0-08ddbf3f4ee7,76/52/to/79/Major/7d01fb7b-2afa-460e-ace0-08ddbf3f4ee7
info,non_course_requirement_placeholder,Treat as raw audit noise unless it maps to a CS requirement used downstream.,UCB,University of California Berkeley,Monterey Peninsula College,fail,Requirement,missing_row,missing raw CSV row,[['ENGL 1B (3.00)']],,https://assist.org/transfer/results?year=76&institution=133&agreement=79&agreementType=to&viewAgreementsOptions=true&view=agreement&viewBy=major&viewSendingAgreements=false&viewByKey=76%2F133%2Fto%2F79%2FMajor%2F7d01fb7b-2afa-460e-ace0-08ddbf3f4ee7,76/133/to/79/Major/7d01fb7b-2afa-460e-ace0-08ddbf3f4ee7
info,non_course_requirement_placeholder,Treat as raw audit noise unless it maps to a CS requirement used downstream.,UCB,University of California Berkeley,Moorpark College,fail,Requirement,missing_row,missing raw CSV row,"[['ENGL M01B (4.00)'], ['ENGL M01BH (4.00)'], ['ENGL C1001 (3.00)'], ['ENGL C1001H (3.00)']]",,https://assist.org/transfer/results?year=76&institution=139&agreement=79&agreementType=to&viewAgreementsOptions=true&view=agreement&viewBy=major&viewSendingAgreements=false&viewByKey=76%2F139%2Fto%2F79%2FMajor%2F7d01fb7b-2afa-460e-ace0-08ddbf3f4ee7,76/139/to/79/Major/7d01fb7b-2afa-460e-ace0-08ddbf3f4ee7
info,non_course_requirement_placeholder,Treat as raw audit noise unless it maps to a CS requirement used downstream.,UCB,University of California Berkeley,Moreno Valley College,fail,Requirement,missing_row,missing raw CSV row,"[['ENGL 1B (4.00)'], ['ENGL 1BH (4.00)']]",,https://assist.org/transfer/results?year=76&institution=149&agreement=79&agreementType=to&viewAgreementsOptions=true&view=agreement&viewBy=major&viewSendingAgreements=false&viewByKey=76%2F149%2Fto%2F79%2FMajor%2F7d01fb7b-2afa-460e-ace0-08ddbf3f4ee7,76/149/to/79/Major/7d01fb7b-2afa-460e-ace0-08ddbf3f4ee7
info,non_course_requirement_placeholder,Treat as raw audit noise unless it maps to a CS requirement used downstream.,UCB,University of California Berkeley,Mount San Antonio College,fail,Requirement,missing_row,missing raw CSV row,"[['ENGL C1001 (4.00)'], ['ENGL C1001H (4.00)']]",,https://assist.org/transfer/results?year=76&institution=62&agreement=79&agreementType=to&viewAgreementsOptions=true&view=agreement&viewBy=major&viewSendingAgreements=false&viewByKey=76%2F62%2Fto%2F79%2FMajor%2F7d01fb7b-2afa-460e-ace0-08ddbf3f4ee7,76/62/to/79/Major/7d01fb7b-2afa-460e-ace0-08ddbf3f4ee7
info,non_course_requirement_placeholder,Treat as raw audit noise unless it maps to a CS requirement used downstream.,UCB,University of California Berkeley,Mt. San Jacinto College,fail,Requirement,missing_row,missing raw CSV row,"[['ENGL C1001 (3.00)'], ['ENGL C1001H (3.00)']]",,https://assist.org/transfer/results?year=76&institution=53&agreement=79&agreementType=to&viewAgreementsOptions=true&view=agreement&viewBy=major&viewSendingAgreements=false&viewByKey=76%2F53%2Fto%2F79%2FMajor%2F7d01fb7b-2afa-460e-ace0-08ddbf3f4ee7,76/53/to/79/Major/7d01fb7b-2afa-460e-ace0-08ddbf3f4ee7
info,non_course_requirement_placeholder,Treat as raw audit noise unless it maps to a CS requirement used downstream.,UCB,University of California Berkeley,Napa Valley College,fail,Requirement,missing_row,missing raw CSV row,"[['ENGL 121 (3.00)'], ['ENGL C1001 (3.00)']]",,https://assist.org/transfer/results?year=76&institution=73&agreement=79&agreementType=to&viewAgreementsOptions=true&view=agreement&viewBy=major&viewSendingAgreements=false&viewByKey=76%2F73%2Fto%2F79%2FMajor%2F7d01fb7b-2afa-460e-ace0-08ddbf3f4ee7,76/73/to/79/Major/7d01fb7b-2afa-460e-ace0-08ddbf3f4ee7
info,non_course_requirement_placeholder,Treat as raw audit noise unless it maps to a CS requirement used downstream.,UCB,University of California Berkeley,Norco College,fail,Requirement,missing_row,missing raw CSV row,"[['ENGL 1B (4.00)'], ['ENGL 1BH (4.00)']]",,https://assist.org/transfer/results?year=76&institution=148&agreement=79&agreementType=to&viewAgreementsOptions=true&view=agreement&viewBy=major&viewSendingAgreements=false&viewByKey=76%2F148%2Fto%2F79%2FMajor%2F7d01fb7b-2afa-460e-ace0-08ddbf3f4ee7,76/148/to/79/Major/7d01fb7b-2afa-460e-ace0-08ddbf3f4ee7
info,non_course_requirement_placeholder,Treat as raw audit noise unless it maps to a CS requirement used downstream.,UCB,University of California Berkeley,Ohlone College,fail,Requirement,missing_row,missing raw CSV row,[['ENGL 101B (4.00)']],,https://assist.org/transfer/results?year=76&institution=48&agreement=79&agreementType=to&viewAgreementsOptions=true&view=agreement&viewBy=major&viewSendingAgreements=false&viewByKey=76%2F48%2Fto%2F79%2FMajor%2F7d01fb7b-2afa-460e-ace0-08ddbf3f4ee7,76/48/to/79/Major/7d01fb7b-2afa-460e-ace0-08ddbf3f4ee7
info,non_course_requirement_placeholder,Treat as raw audit noise unless it maps to a CS requirement used downstream.,UCB,University of California Berkeley,Orange Coast College,fail,Requirement,missing_row,missing raw CSV row,"[['ENGL A101 (4.00)'], ['ENGL A101H (4.00)'], ['ENGL A109 (4.00)'], ['ENGL C1001 (4.00)'], ['ENGL C1001H (4.00)']]",,https://assist.org/transfer/results?year=76&institution=74&agreement=79&agreementType=to&viewAgreementsOptions=true&view=agreement&viewBy=major&viewSendingAgreements=false&viewByKey=76%2F74%2Fto%2F79%2FMajor%2F7d01fb7b-2afa-460e-ace0-08ddbf3f4ee7,76/74/to/79/Major/7d01fb7b-2afa-460e-ace0-08ddbf3f4ee7
info,non_course_requirement_placeholder,Treat as raw audit noise unless it maps to a CS requirement used downstream.,UCB,University of California Berkeley,Oxnard College,fail,Requirement,missing_row,missing raw CSV row,"[['ENGL R102 (4.00)'], ['ENGL R102H (4.00)']]",,https://assist.org/transfer/results?year=76&institution=87&agreement=79&agreementType=to&viewAgreementsOptions=true&view=agreement&viewBy=major&viewSendingAgreements=false&viewByKey=76%2F87%2Fto%2F79%2FMajor%2F7d01fb7b-2afa-460e-ace0-08ddbf3f4ee7,76/87/to/79/Major/7d01fb7b-2afa-460e-ace0-08ddbf3f4ee7
info,non_course_requirement_placeholder,Treat as raw audit noise unless it maps to a CS requirement used downstream.,UCB,University of California Berkeley,Palo Verde College,fail,Requirement,missing_row,missing raw CSV row,"[['ENG 102 (3.00)', 'ENGL C1001 (3.00)']]",,https://assist.org/transfer/results?year=76&institution=63&agreement=79&agreementType=to&viewAgreementsOptions=true&view=agreement&viewBy=major&viewSendingAgreements=false&viewByKey=76%2F63%2Fto%2F79%2FMajor%2F7d01fb7b-2afa-460e-ace0-08ddbf3f4ee7,76/63/to/79/Major/7d01fb7b-2afa-460e-ace0-08ddbf3f4ee7
info,non_course_requirement_placeholder,Treat as raw audit noise unless it maps to a CS requirement used downstream.,UCB,University of California Berkeley,Palomar College,fail,Requirement,missing_row,missing raw CSV row,"[['ENG 203 (4.00)'], ['ENGL C1001 (4.00)']]",,https://assist.org/transfer/results?year=76&institution=56&agreement=79&agreementType=to&viewAgreementsOptions=true&view=agreement&viewBy=major&viewSendingAgreements=false&viewByKey=76%2F56%2Fto%2F79%2FMajor%2F7d01fb7b-2afa-460e-ace0-08ddbf3f4ee7,76/56/to/79/Major/7d01fb7b-2afa-460e-ace0-08ddbf3f4ee7
info,non_course_requirement_placeholder,Treat as raw audit noise unless it maps to a CS requirement used downstream.,UCB,University of California Berkeley,Pasadena City College,fail,Requirement,missing_row,missing raw CSV row,"[['ENGL 001B (4.00)'], ['ENGL 001BH (4.00)']]",,https://assist.org/transfer/results?year=76&institution=49&agreement=79&agreementType=to&viewAgreementsOptions=true&view=agreement&viewBy=major&viewSendingAgreements=false&viewByKey=76%2F49%2Fto%2F79%2FMajor%2F7d01fb7b-2afa-460e-ace0-08ddbf3f4ee7,76/49/to/79/Major/7d01fb7b-2afa-460e-ace0-08ddbf3f4ee7
info,non_course_requirement_placeholder,Treat as raw audit noise unless it maps to a CS requirement used downstream.,UCB,University of California Berkeley,Porterville College,fail,Requirement,missing_row,missing raw CSV row,"[['PHYS P102A (4.00)', 'PHYS P102B (4.00)'], ['PHYS P104B (4.00)']]",,https://assist.org/transfer/results?year=76&institution=125&agreement=79&agreementType=to&viewAgreementsOptions=true&view=agreement&viewBy=major&viewSendingAgreements=false&viewByKey=76%2F125%2Fto%2F79%2FMajor%2F7d01fb7b-2afa-460e-ace0-08ddbf3f4ee7,76/125/to/79/Major/7d01fb7b-2afa-460e-ace0-08ddbf3f4ee7
info,non_course_requirement_placeholder,Treat as raw audit noise unless it maps to a CS requirement used downstream.,UCB,University of California Berkeley,Reedley College,fail,Requirement,missing_row,missing raw CSV row,"[['ENGL 1B (3.00)'], ['ENGL 1BH (3.00)'], ['ENGL 2 (3.00)'], ['ENGL 2H (3.00)'], ['ENGL C1001 (3.00)'], ['ENGL C1001H (3.00)']]",,https://assist.org/transfer/results?year=76&institution=36&agreement=79&agreementType=to&viewAgreementsOptions=true&view=agreement&viewBy=major&viewSendingAgreements=false&viewByKey=76%2F36%2Fto%2F79%2FMajor%2F7d01fb7b-2afa-460e-ace0-08ddbf3f4ee7,76/36/to/79/Major/7d01fb7b-2afa-460e-ace0-08ddbf3f4ee7
info,non_course_requirement_placeholder,Treat as raw audit noise unless it maps to a CS requirement used downstream.,UCB,University of California Berkeley,Rio Hondo College,fail,Requirement,missing_row,missing raw CSV row,"[['ENGL C1001 (3.50)'], ['ENGL C1001H (3.50)']]",,https://assist.org/transfer/results?year=76&institution=64&agreement=79&agreementType=to&viewAgreementsOptions=true&view=agreement&viewBy=major&viewSendingAgreements=false&viewByKey=76%2F64%2Fto%2F79%2FMajor%2F7d01fb7b-2afa-460e-ace0-08ddbf3f4ee7,76/64/to/79/Major/7d01fb7b-2afa-460e-ace0-08ddbf3f4ee7
info,non_course_requirement_placeholder,Treat as raw audit noise unless it maps to a CS requirement used downstream.,UCB,University of California Berkeley,Riverside City College,fail,Requirement,missing_row,missing raw CSV row,"[['ENGL 1B (4.00)'], ['ENGL 1BH (4.00)']]",,https://assist.org/transfer/results?year=76&institution=78&agreement=79&agreementType=to&viewAgreementsOptions=true&view=agreement&viewBy=major&viewSendingAgreements=false&viewByKey=76%2F78%2Fto%2F79%2FMajor%2F7d01fb7b-2afa-460e-ace0-08ddbf3f4ee7,76/78/to/79/Major/7d01fb7b-2afa-460e-ace0-08ddbf3f4ee7
info,non_course_requirement_placeholder,Treat as raw audit noise unless it maps to a CS requirement used downstream.,UCB,University of California Berkeley,Sacramento City College,fail,Requirement,missing_row,missing raw CSV row,"[['ENGWR 301 (3.00)'], ['ENGWR 303 (4.00)'], ['ENGL C1001 (3.00)'], ['ENGL C1001H (3.00)']]",,https://assist.org/transfer/results?year=76&institution=126&agreement=79&agreementType=to&viewAgreementsOptions=true&view=agreement&viewBy=major&viewSendingAgreements=false&viewByKey=76%2F126%2Fto%2F79%2FMajor%2F7d01fb7b-2afa-460e-ace0-08ddbf3f4ee7,76/126/to/79/Major/7d01fb7b-2afa-460e-ace0-08ddbf3f4ee7
info,non_course_requirement_placeholder,Treat as raw audit noise unless it maps to a CS requirement used downstream.,UCB,University of California Berkeley,Saddleback College,fail,Requirement,missing_row,missing raw CSV row,"[['ENGL C1001 (3.00)'], ['ENGL C1001H (3.00)']]",,https://assist.org/transfer/results?year=76&institution=65&agreement=79&agreementType=to&viewAgreementsOptions=true&view=agreement&viewBy=major&viewSendingAgreements=false&viewByKey=76%2F65%2Fto%2F79%2FMajor%2F7d01fb7b-2afa-460e-ace0-08ddbf3f4ee7,76/65/to/79/Major/7d01fb7b-2afa-460e-ace0-08ddbf3f4ee7
info,non_course_requirement_placeholder,Treat as raw audit noise unless it maps to a CS requirement used downstream.,UCB,University of California Berkeley,San Bernardino Valley College,fail,Requirement,missing_row,missing raw CSV row,"[['ENGL C1001 (4.00)'], ['ENGL C1001H (4.00)']]",,https://assist.org/transfer/results?year=76&institution=131&agreement=79&agreementType=to&viewAgreementsOptions=true&view=agreement&viewBy=major&viewSendingAgreements=false&viewByKey=76%2F131%2Fto%2F79%2FMajor%2F7d01fb7b-2afa-460e-ace0-08ddbf3f4ee7,76/131/to/79/Major/7d01fb7b-2afa-460e-ace0-08ddbf3f4ee7
info,non_course_requirement_placeholder,Treat as raw audit noise unless it maps to a CS requirement used downstream.,UCB,University of California Berkeley,San Diego City College,fail,Requirement,missing_row,missing raw CSV row,[['ENGL C1001 (3.00)']],,https://assist.org/transfer/results?year=76&institution=54&agreement=79&agreementType=to&viewAgreementsOptions=true&view=agreement&viewBy=major&viewSendingAgreements=false&viewByKey=76%2F54%2Fto%2F79%2FMajor%2F7d01fb7b-2afa-460e-ace0-08ddbf3f4ee7,76/54/to/79/Major/7d01fb7b-2afa-460e-ace0-08ddbf3f4ee7
info,non_course_requirement_placeholder,Treat as raw audit noise unless it maps to a CS requirement used downstream.,UCB,University of California Berkeley,San Diego Mesa College,fail,Requirement,missing_row,missing raw CSV row,[['ENGL C1001 (3.00)']],,https://assist.org/transfer/results?year=76&institution=101&agreement=79&agreementType=to&viewAgreementsOptions=true&view=agreement&viewBy=major&viewSendingAgreements=false&viewByKey=76%2F101%2Fto%2F79%2FMajor%2F7d01fb7b-2afa-460e-ace0-08ddbf3f4ee7,76/101/to/79/Major/7d01fb7b-2afa-460e-ace0-08ddbf3f4ee7
info,non_course_requirement_placeholder,Treat as raw audit noise unless it maps to a CS requirement used downstream.,UCB,University of California Berkeley,San Diego Miramar College,fail,Requirement,missing_row,missing raw CSV row,[['ENGL C1001 (3.00)']],,https://assist.org/transfer/results?year=76&institution=45&agreement=79&agreementType=to&viewAgreementsOptions=true&view=agreement&viewBy=major&viewSendingAgreements=false&viewByKey=76%2F45%2Fto%2F79%2FMajor%2F7d01fb7b-2afa-460e-ace0-08ddbf3f4ee7,76/45/to/79/Major/7d01fb7b-2afa-460e-ace0-08ddbf3f4ee7
info,non_course_requirement_placeholder,Treat as raw audit noise unless it maps to a CS requirement used downstream.,UCB,University of California Berkeley,San Joaquin Delta College,fail,Requirement,missing_row,missing raw CSV row,"[['ENGL 1B (3.00)'], ['ENGL C1001 (3.00)']]",,https://assist.org/transfer/results?year=76&institution=109&agreement=79&agreementType=to&viewAgreementsOptions=true&view=agreement&viewBy=major&viewSendingAgreements=false&viewByKey=76%2F109%2Fto%2F79%2FMajor%2F7d01fb7b-2afa-460e-ace0-08ddbf3f4ee7,76/109/to/79/Major/7d01fb7b-2afa-460e-ace0-08ddbf3f4ee7
info,non_course_requirement_placeholder,Treat as raw audit noise unless it maps to a CS requirement used downstream.,UCB,University of California Berkeley,San Jose City College,fail,Requirement,missing_row,missing raw CSV row,"[['ENGL 001B (3.00)'], ['ENGL C1001 (3.00)']]",,https://assist.org/transfer/results?year=76&institution=136&agreement=79&agreementType=to&viewAgreementsOptions=true&view=agreement&viewBy=major&viewSendingAgreements=false&viewByKey=76%2F136%2Fto%2F79%2FMajor%2F7d01fb7b-2afa-460e-ace0-08ddbf3f4ee7,76/136/to/79/Major/7d01fb7b-2afa-460e-ace0-08ddbf3f4ee7
info,non_course_requirement_placeholder,Treat as raw audit noise unless it maps to a CS requirement used downstream.,UCB,University of California Berkeley,Santa Ana College,fail,Requirement,missing_row,missing raw CSV row,"[['ENGL 102 (4.00)'], ['ENGL 102H (4.00)'], ['ENGL C1001 (4.00)'], ['ENGL C1001H (4.00)']]",,https://assist.org/transfer/results?year=76&institution=14&agreement=79&agreementType=to&viewAgreementsOptions=true&view=agreement&viewBy=major&viewSendingAgreements=false&viewByKey=76%2F14%2Fto%2F79%2FMajor%2F7d01fb7b-2afa-460e-ace0-08ddbf3f4ee7,76/14/to/79/Major/7d01fb7b-2afa-460e-ace0-08ddbf3f4ee7
info,non_course_requirement_placeholder,Treat as raw audit noise unless it maps to a CS requirement used downstream.,UCB,University of California Berkeley,Santa Barbara City College,fail,Requirement,missing_row,missing raw CSV row,"[['COMM 235 (3.00)'], ['ENG 111 (3.00)'], ['ENG 111H (3.00)'], ['ENGL C1001 (3.00)'], ['PHIL 111 (3.00)']]",,https://assist.org/transfer/results?year=76&institution=92&agreement=79&agreementType=to&viewAgreementsOptions=true&view=agreement&viewBy=major&viewSendingAgreements=false&viewByKey=76%2F92%2Fto%2F79%2FMajor%2F7d01fb7b-2afa-460e-ace0-08ddbf3f4ee7,76/92/to/79/Major/7d01fb7b-2afa-460e-ace0-08ddbf3f4ee7
info,non_course_requirement_placeholder,Treat as raw audit noise unless it maps to a CS requirement used downstream.,UCB,University of California Berkeley,Santa Monica College,fail,Requirement,missing_row,missing raw CSV row,"[['ENGL 31 (3.00)'], ['ENGL C1001 (3.00)']]",,https://assist.org/transfer/results?year=76&institution=137&agreement=79&agreementType=to&viewAgreementsOptions=true&view=agreement&viewBy=major&viewSendingAgreements=false&viewByKey=76%2F137%2Fto%2F79%2FMajor%2F7d01fb7b-2afa-460e-ace0-08ddbf3f4ee7,76/137/to/79/Major/7d01fb7b-2afa-460e-ace0-08ddbf3f4ee7
info,non_course_requirement_placeholder,Treat as raw audit noise unless it maps to a CS requirement used downstream.,UCB,University of California Berkeley,Santa Rosa Junior College,fail,Requirement,missing_row,missing raw CSV row,[['ENGL C1001 (3.00)']],,https://assist.org/transfer/results?year=76&institution=57&agreement=79&agreementType=to&viewAgreementsOptions=true&view=agreement&viewBy=major&viewSendingAgreements=false&viewByKey=76%2F57%2Fto%2F79%2FMajor%2F7d01fb7b-2afa-460e-ace0-08ddbf3f4ee7,76/57/to/79/Major/7d01fb7b-2afa-460e-ace0-08ddbf3f4ee7
info,non_course_requirement_placeholder,Treat as raw audit noise unless it maps to a CS requirement used downstream.,UCB,University of California Berkeley,Santiago Canyon College,fail,Requirement,missing_row,missing raw CSV row,"[['ENGL 102 (4.00)'], ['ENGL 102H (4.00)'], ['ENGL C1001 (4.00)'], ['ENGL C1001H (4.00)']]",,https://assist.org/transfer/results?year=76&institution=66&agreement=79&agreementType=to&viewAgreementsOptions=true&view=agreement&viewBy=major&viewSendingAgreements=false&viewByKey=76%2F66%2Fto%2F79%2FMajor%2F7d01fb7b-2afa-460e-ace0-08ddbf3f4ee7,76/66/to/79/Major/7d01fb7b-2afa-460e-ace0-08ddbf3f4ee7
info,non_course_requirement_placeholder,Treat as raw audit noise unless it maps to a CS requirement used downstream.,UCB,University of California Berkeley,Shasta College,fail,Requirement,missing_row,missing raw CSV row,"[['ENGL 1B (3.00)'], ['ENGL C1001 (3.00)']]",,https://assist.org/transfer/results?year=76&institution=38&agreement=79&agreementType=to&viewAgreementsOptions=true&view=agreement&viewBy=major&viewSendingAgreements=false&viewByKey=76%2F38%2Fto%2F79%2FMajor%2F7d01fb7b-2afa-460e-ace0-08ddbf3f4ee7,76/38/to/79/Major/7d01fb7b-2afa-460e-ace0-08ddbf3f4ee7
info,non_course_requirement_placeholder,Treat as raw audit noise unless it maps to a CS requirement used downstream.,UCB,University of California Berkeley,Sierra College,fail,Requirement,missing_row,missing raw CSV row,"[['ENGL 1B (3.00)'], ['ENGL C1001 (3.00)']]",,https://assist.org/transfer/results?year=76&institution=93&agreement=79&agreementType=to&viewAgreementsOptions=true&view=agreement&viewBy=major&viewSendingAgreements=false&viewByKey=76%2F93%2Fto%2F79%2FMajor%2F7d01fb7b-2afa-460e-ace0-08ddbf3f4ee7,76/93/to/79/Major/7d01fb7b-2afa-460e-ace0-08ddbf3f4ee7
info,non_course_requirement_placeholder,Treat as raw audit noise unless it maps to a CS requirement used downstream.,UCB,University of California Berkeley,Skyline College,fail,Requirement,missing_row,missing raw CSV row,"[['ENGL 110 (3.00)'], ['ENGL C1001 (3.00)']]",,https://assist.org/transfer/results?year=76&institution=127&agreement=79&agreementType=to&viewAgreementsOptions=true&view=agreement&viewBy=major&viewSendingAgreements=false&viewByKey=76%2F127%2Fto%2F79%2FMajor%2F7d01fb7b-2afa-460e-ace0-08ddbf3f4ee7,76/127/to/79/Major/7d01fb7b-2afa-460e-ace0-08ddbf3f4ee7
info,non_course_requirement_placeholder,Treat as raw audit noise unless it maps to a CS requirement used downstream.,UCB,University of California Berkeley,Solano Community College,fail,Requirement,missing_row,missing raw CSV row,"[['ENGL 002 (4.00)'], ['ENGL C1001 (4.00)']]",,https://assist.org/transfer/results?year=76&institution=94&agreement=79&agreementType=to&viewAgreementsOptions=true&view=agreement&viewBy=major&viewSendingAgreements=false&viewByKey=76%2F94%2Fto%2F79%2FMajor%2F7d01fb7b-2afa-460e-ace0-08ddbf3f4ee7,76/94/to/79/Major/7d01fb7b-2afa-460e-ace0-08ddbf3f4ee7
info,non_course_requirement_placeholder,Treat as raw audit noise unless it maps to a CS requirement used downstream.,UCB,University of California Berkeley,Southwestern College,fail,Requirement,missing_row,missing raw CSV row,[['ENGL C1001 (4.00)']],,https://assist.org/transfer/results?year=76&institution=138&agreement=79&agreementType=to&viewAgreementsOptions=true&view=agreement&viewBy=major&viewSendingAgreements=false&viewByKey=76%2F138%2Fto%2F79%2FMajor%2F7d01fb7b-2afa-460e-ace0-08ddbf3f4ee7,76/138/to/79/Major/7d01fb7b-2afa-460e-ace0-08ddbf3f4ee7
info,non_course_requirement_placeholder,Treat as raw audit noise unless it maps to a CS requirement used downstream.,UCB,University of California Berkeley,Taft College,fail,Requirement,missing_row,missing raw CSV row,[['ENGL 1600 (4.00)']],,https://assist.org/transfer/results?year=76&institution=119&agreement=79&agreementType=to&viewAgreementsOptions=true&view=agreement&viewBy=major&viewSendingAgreements=false&viewByKey=76%2F119%2Fto%2F79%2FMajor%2F7d01fb7b-2afa-460e-ace0-08ddbf3f4ee7,76/119/to/79/Major/7d01fb7b-2afa-460e-ace0-08ddbf3f4ee7
info,non_course_requirement_placeholder,Treat as raw audit noise unless it maps to a CS requirement used downstream.,UCB,University of California Berkeley,Ventura College,fail,Requirement,missing_row,missing raw CSV row,[['ENGL V01B (4.00)']],,https://assist.org/transfer/results?year=76&institution=95&agreement=79&agreementType=to&viewAgreementsOptions=true&view=agreement&viewBy=major&viewSendingAgreements=false&viewByKey=76%2F95%2Fto%2F79%2FMajor%2F7d01fb7b-2afa-460e-ace0-08ddbf3f4ee7,76/95/to/79/Major/7d01fb7b-2afa-460e-ace0-08ddbf3f4ee7
info,non_course_requirement_placeholder,Treat as raw audit noise unless it maps to a CS requirement used downstream.,UCB,University of California Berkeley,Victor Valley College,fail,Requirement,missing_row,missing raw CSV row,"[['ENGL 102 (3.00)'], ['ENGL 102H (4.00)'], ['ENGL C1001 (4.00)']]",,https://assist.org/transfer/results?year=76&institution=19&agreement=79&agreementType=to&viewAgreementsOptions=true&view=agreement&viewBy=major&viewSendingAgreements=false&viewByKey=76%2F19%2Fto%2F79%2FMajor%2F7d01fb7b-2afa-460e-ace0-08ddbf3f4ee7,76/19/to/79/Major/7d01fb7b-2afa-460e-ace0-08ddbf3f4ee7
info,non_course_requirement_placeholder,Treat as raw audit noise unless it maps to a CS requirement used downstream.,UCB,University of California Berkeley,West Hills College Coalinga,fail,Requirement,missing_row,missing raw CSV row,[['ENGL C1001 (3.00)']],,https://assist.org/transfer/results?year=76&institution=67&agreement=79&agreementType=to&viewAgreementsOptions=true&view=agreement&viewBy=major&viewSendingAgreements=false&viewByKey=76%2F67%2Fto%2F79%2FMajor%2F7d01fb7b-2afa-460e-ace0-08ddbf3f4ee7,76/67/to/79/Major/7d01fb7b-2afa-460e-ace0-08ddbf3f4ee7
info,non_course_requirement_placeholder,Treat as raw audit noise unless it maps to a CS requirement used downstream.,UCB,University of California Berkeley,West Hills College Lemoore,fail,Requirement,missing_row,missing raw CSV row,[['ENGL C1001 (3.00)']],,https://assist.org/transfer/results?year=76&institution=146&agreement=79&agreementType=to&viewAgreementsOptions=true&view=agreement&viewBy=major&viewSendingAgreements=false&viewByKey=76%2F146%2Fto%2F79%2FMajor%2F7d01fb7b-2afa-460e-ace0-08ddbf3f4ee7,76/146/to/79/Major/7d01fb7b-2afa-460e-ace0-08ddbf3f4ee7
info,non_course_requirement_placeholder,Treat as raw audit noise unless it maps to a CS requirement used downstream.,UCB,University of California Berkeley,West Los Angeles College,fail,Requirement,missing_row,missing raw CSV row,[['ENGLISH 102 (3.00)']],,https://assist.org/transfer/results?year=76&institution=91&agreement=79&agreementType=to&viewAgreementsOptions=true&view=agreement&viewBy=major&viewSendingAgreements=false&viewByKey=76%2F91%2Fto%2F79%2FMajor%2F7d01fb7b-2afa-460e-ace0-08ddbf3f4ee7,76/91/to/79/Major/7d01fb7b-2afa-460e-ace0-08ddbf3f4ee7
info,non_course_requirement_placeholder,Treat as raw audit noise unless it maps to a CS requirement used downstream.,UCB,University of California Berkeley,West Valley College,fail,Requirement,missing_row,missing raw CSV row,"[['ENGL 001B (3.00)'], ['ENGL C1001 (3.00)'], ['ENGL C1001H (3.00)']]",,https://assist.org/transfer/results?year=76&institution=80&agreement=79&agreementType=to&viewAgreementsOptions=true&view=agreement&viewBy=major&viewSendingAgreements=false&viewByKey=76%2F80%2Fto%2F79%2FMajor%2F7d01fb7b-2afa-460e-ace0-08ddbf3f4ee7,76/80/to/79/Major/7d01fb7b-2afa-460e-ace0-08ddbf3f4ee7
info,non_course_requirement_placeholder,Treat as raw audit noise unless it maps to a CS requirement used downstream.,UCB,University of California Berkeley,Woodland Community College,fail,Requirement,missing_row,missing raw CSV row,[['ENGL 1B (4.00)']],,https://assist.org/transfer/results?year=76&institution=147&agreement=79&agreementType=to&viewAgreementsOptions=true&view=agreement&viewBy=major&viewSendingAgreements=false&viewByKey=76%2F147%2Fto%2F79%2FMajor%2F7d01fb7b-2afa-460e-ace0-08ddbf3f4ee7,76/147/to/79/Major/7d01fb7b-2afa-460e-ace0-08ddbf3f4ee7
info,non_course_requirement_placeholder,Treat as raw audit noise unless it maps to a CS requirement used downstream.,UCB,University of California Berkeley,Yuba College,fail,Requirement,missing_row,missing raw CSV row,[['ENGL 1B (4.00)']],,https://assist.org/transfer/results?year=76&institution=90&agreement=79&agreementType=to&viewAgreementsOptions=true&view=agreement&viewBy=major&viewSendingAgreements=false&viewByKey=76%2F90%2Fto%2F79%2FMajor%2F7d01fb7b-2afa-460e-ace0-08ddbf3f4ee7,76/90/to/79/Major/7d01fb7b-2afa-460e-ace0-08ddbf3f4ee7
info,non_course_requirement_duplicate,Treat as raw audit noise from repeated non-course requirement labels.,UCLA,University of California Los Angeles,Allan Hancock College,fail,<blank>,duplicate_merged_row,duplicate raw CSV receiving row,2,,https://assist.org/transfer/results?year=76&institution=110&agreement=117&agreementType=to&viewAgreementsOptions=true&view=agreement&viewBy=major&viewSendingAgreements=false&viewByKey=76%2F110%2Fto%2F117%2FMajor%2F3fc7b07d-4058-4a0a-1f72-08ddcb96df9e,76/110/to/117/Major/3fc7b07d-4058-4a0a-1f72-08ddcb96df9e
info,non_course_requirement_duplicate,Treat as raw audit noise from repeated non-course requirement labels.,UCLA,University of California Los Angeles,American River College,fail,<blank>,duplicate_merged_row,duplicate raw CSV receiving row,2,,https://assist.org/transfer/results?year=76&institution=27&agreement=117&agreementType=to&viewAgreementsOptions=true&view=agreement&viewBy=major&viewSendingAgreements=false&viewByKey=76%2F27%2Fto%2F117%2FMajor%2F3fc7b07d-4058-4a0a-1f72-08ddcb96df9e,76/27/to/117/Major/3fc7b07d-4058-4a0a-1f72-08ddcb96df9e
info,non_course_requirement_duplicate,Treat as raw audit noise from repeated non-course requirement labels.,UCLA,University of California Los Angeles,Antelope Valley College,fail,<blank>,duplicate_merged_row,duplicate raw CSV receiving row,2,,https://assist.org/transfer/results?year=76&institution=121&agreement=117&agreementType=to&viewAgreementsOptions=true&view=agreement&viewBy=major&viewSendingAgreements=false&viewByKey=76%2F121%2Fto%2F117%2FMajor%2F3fc7b07d-4058-4a0a-1f72-08ddcb96df9e,76/121/to/117/Major/3fc7b07d-4058-4a0a-1f72-08ddcb96df9e
info,non_course_requirement_duplicate,Treat as raw audit noise from repeated non-course requirement labels.,UCLA,University of California Los Angeles,Bakersfield College,fail,<blank>,duplicate_merged_row,duplicate raw CSV receiving row,2,,https://assist.org/transfer/results?year=76&institution=84&agreement=117&agreementType=to&viewAgreementsOptions=true&view=agreement&viewBy=major&viewSendingAgreements=false&viewByKey=76%2F84%2Fto%2F117%2FMajor%2F3fc7b07d-4058-4a0a-1f72-08ddcb96df9e,76/84/to/117/Major/3fc7b07d-4058-4a0a-1f72-08ddcb96df9e
info,non_course_requirement_duplicate,Treat as raw audit noise from repeated non-course requirement labels.,UCLA,University of California Los Angeles,Barstow Community College,fail,<blank>,duplicate_merged_row,duplicate raw CSV receiving row,2,,https://assist.org/transfer/results?year=76&institution=20&agreement=117&agreementType=to&viewAgreementsOptions=true&view=agreement&viewBy=major&viewSendingAgreements=false&viewByKey=76%2F20%2Fto%2F117%2FMajor%2F3fc7b07d-4058-4a0a-1f72-08ddcb96df9e,76/20/to/117/Major/3fc7b07d-4058-4a0a-1f72-08ddcb96df9e
info,non_course_requirement_duplicate,Treat as raw audit noise from repeated non-course requirement labels.,UCLA,University of California Los Angeles,Berkeley City College,fail,<blank>,duplicate_merged_row,duplicate raw CSV receiving row,2,,https://assist.org/transfer/results?year=76&institution=58&agreement=117&agreementType=to&viewAgreementsOptions=true&view=agreement&viewBy=major&viewSendingAgreements=false&viewByKey=76%2F58%2Fto%2F117%2FMajor%2F3fc7b07d-4058-4a0a-1f72-08ddcb96df9e,76/58/to/117/Major/3fc7b07d-4058-4a0a-1f72-08ddcb96df9e
info,non_course_requirement_duplicate,Treat as raw audit noise from repeated non-course requirement labels.,UCLA,University of California Los Angeles,Butte College,fail,<blank>,duplicate_merged_row,duplicate raw CSV receiving row,2,,https://assist.org/transfer/results?year=76&institution=8&agreement=117&agreementType=to&viewAgreementsOptions=true&view=agreement&viewBy=major&viewSendingAgreements=false&viewByKey=76%2F8%2Fto%2F117%2FMajor%2F3fc7b07d-4058-4a0a-1f72-08ddcb96df9e,76/8/to/117/Major/3fc7b07d-4058-4a0a-1f72-08ddcb96df9e
info,non_course_requirement_duplicate,Treat as raw audit noise from repeated non-course requirement labels.,UCLA,University of California Los Angeles,Cabrillo College,fail,<blank>,duplicate_merged_row,duplicate raw CSV receiving row,2,,https://assist.org/transfer/results?year=76&institution=41&agreement=117&agreementType=to&viewAgreementsOptions=true&view=agreement&viewBy=major&viewSendingAgreements=false&viewByKey=76%2F41%2Fto%2F117%2FMajor%2F3fc7b07d-4058-4a0a-1f72-08ddcb96df9e,76/41/to/117/Major/3fc7b07d-4058-4a0a-1f72-08ddcb96df9e
info,non_course_requirement_duplicate,Treat as raw audit noise from repeated non-course requirement labels.,UCLA,University of California Los Angeles,Canada College,fail,<blank>,duplicate_merged_row,duplicate raw CSV receiving row,2,,https://assist.org/transfer/results?year=76&institution=68&agreement=117&agreementType=to&viewAgreementsOptions=true&view=agreement&viewBy=major&viewSendingAgreements=false&viewByKey=76%2F68%2Fto%2F117%2FMajor%2F3fc7b07d-4058-4a0a-1f72-08ddcb96df9e,76/68/to/117/Major/3fc7b07d-4058-4a0a-1f72-08ddcb96df9e
info,non_course_requirement_duplicate,Treat as raw audit noise from repeated non-course requirement labels.,UCLA,University of California Los Angeles,Cerritos College,fail,<blank>,duplicate_merged_row,duplicate raw CSV receiving row,2,,https://assist.org/transfer/results?year=76&institution=104&agreement=117&agreementType=to&viewAgreementsOptions=true&view=agreement&viewBy=major&viewSendingAgreements=false&viewByKey=76%2F104%2Fto%2F117%2FMajor%2F3fc7b07d-4058-4a0a-1f72-08ddcb96df9e,76/104/to/117/Major/3fc7b07d-4058-4a0a-1f72-08ddcb96df9e
info,non_course_requirement_duplicate,Treat as raw audit noise from repeated non-course requirement labels.,UCLA,University of California Los Angeles,Cerro Coso Community College,fail,<blank>,duplicate_merged_row,duplicate raw CSV receiving row,2,,https://assist.org/transfer/results?year=76&institution=9&agreement=117&agreementType=to&viewAgreementsOptions=true&view=agreement&viewBy=major&viewSendingAgreements=false&viewByKey=76%2F9%2Fto%2F117%2FMajor%2F3fc7b07d-4058-4a0a-1f72-08ddcb96df9e,76/9/to/117/Major/3fc7b07d-4058-4a0a-1f72-08ddcb96df9e
info,non_course_requirement_duplicate,Treat as raw audit noise from repeated non-course requirement labels.,UCLA,University of California Los Angeles,Chabot College,fail,<blank>,duplicate_merged_row,duplicate raw CSV receiving row,2,,https://assist.org/transfer/results?year=76&institution=96&agreement=117&agreementType=to&viewAgreementsOptions=true&view=agreement&viewBy=major&viewSendingAgreements=false&viewByKey=76%2F96%2Fto%2F117%2FMajor%2F3fc7b07d-4058-4a0a-1f72-08ddcb96df9e,76/96/to/117/Major/3fc7b07d-4058-4a0a-1f72-08ddcb96df9e
info,non_course_requirement_duplicate,Treat as raw audit noise from repeated non-course requirement labels.,UCLA,University of California Los Angeles,Chaffey College,fail,<blank>,duplicate_merged_row,duplicate raw CSV receiving row,2,,https://assist.org/transfer/results?year=76&institution=69&agreement=117&agreementType=to&viewAgreementsOptions=true&view=agreement&viewBy=major&viewSendingAgreements=false&viewByKey=76%2F69%2Fto%2F117%2FMajor%2F3fc7b07d-4058-4a0a-1f72-08ddcb96df9e,76/69/to/117/Major/3fc7b07d-4058-4a0a-1f72-08ddcb96df9e
info,non_course_requirement_duplicate,Treat as raw audit noise from repeated non-course requirement labels.,UCLA,University of California Los Angeles,Citrus College,fail,<blank>,duplicate_merged_row,duplicate raw CSV receiving row,2,,https://assist.org/transfer/results?year=76&institution=97&agreement=117&agreementType=to&viewAgreementsOptions=true&view=agreement&viewBy=major&viewSendingAgreements=false&viewByKey=76%2F97%2Fto%2F117%2FMajor%2F3fc7b07d-4058-4a0a-1f72-08ddcb96df9e,76/97/to/117/Major/3fc7b07d-4058-4a0a-1f72-08ddcb96df9e
info,non_course_requirement_duplicate,Treat as raw audit noise from repeated non-course requirement labels.,UCLA,University of California Los Angeles,City College of San Francisco,fail,<blank>,duplicate_merged_row,duplicate raw CSV receiving row,2,,https://assist.org/transfer/results?year=76&institution=33&agreement=117&agreementType=to&viewAgreementsOptions=true&view=agreement&viewBy=major&viewSendingAgreements=false&viewByKey=76%2F33%2Fto%2F117%2FMajor%2F3fc7b07d-4058-4a0a-1f72-08ddcb96df9e,76/33/to/117/Major/3fc7b07d-4058-4a0a-1f72-08ddcb96df9e
info,non_course_requirement_duplicate,Treat as raw audit noise from repeated non-course requirement labels.,UCLA,University of California Los Angeles,Clovis Community College,fail,<blank>,duplicate_merged_row,duplicate raw CSV receiving row,2,,https://assist.org/transfer/results?year=76&institution=150&agreement=117&agreementType=to&viewAgreementsOptions=true&view=agreement&viewBy=major&viewSendingAgreements=false&viewByKey=76%2F150%2Fto%2F117%2FMajor%2F3fc7b07d-4058-4a0a-1f72-08ddcb96df9e,76/150/to/117/Major/3fc7b07d-4058-4a0a-1f72-08ddcb96df9e
info,non_course_requirement_duplicate,Treat as raw audit noise from repeated non-course requirement labels.,UCLA,University of California Los Angeles,Coastline Community College,fail,<blank>,duplicate_merged_row,duplicate raw CSV receiving row,2,,https://assist.org/transfer/results?year=76&institution=105&agreement=117&agreementType=to&viewAgreementsOptions=true&view=agreement&viewBy=major&viewSendingAgreements=false&viewByKey=76%2F105%2Fto%2F117%2FMajor%2F3fc7b07d-4058-4a0a-1f72-08ddcb96df9e,76/105/to/117/Major/3fc7b07d-4058-4a0a-1f72-08ddcb96df9e
info,non_course_requirement_duplicate,Treat as raw audit noise from repeated non-course requirement labels.,UCLA,University of California Los Angeles,College of Alameda,fail,<blank>,duplicate_merged_row,duplicate raw CSV receiving row,2,,https://assist.org/transfer/results?year=76&institution=111&agreement=117&agreementType=to&viewAgreementsOptions=true&view=agreement&viewBy=major&viewSendingAgreements=false&viewByKey=76%2F111%2Fto%2F117%2FMajor%2F3fc7b07d-4058-4a0a-1f72-08ddcb96df9e,76/111/to/117/Major/3fc7b07d-4058-4a0a-1f72-08ddcb96df9e
info,non_course_requirement_duplicate,Treat as raw audit noise from repeated non-course requirement labels.,UCLA,University of California Los Angeles,College of Marin,fail,<blank>,duplicate_merged_row,duplicate raw CSV receiving row,2,,https://assist.org/transfer/results?year=76&institution=4&agreement=117&agreementType=to&viewAgreementsOptions=true&view=agreement&viewBy=major&viewSendingAgreements=false&viewByKey=76%2F4%2Fto%2F117%2FMajor%2F3fc7b07d-4058-4a0a-1f72-08ddcb96df9e,76/4/to/117/Major/3fc7b07d-4058-4a0a-1f72-08ddcb96df9e
info,non_course_requirement_duplicate,Treat as raw audit noise from repeated non-course requirement labels.,UCLA,University of California Los Angeles,College of San Mateo,fail,<blank>,duplicate_merged_row,duplicate raw CSV receiving row,2,,https://assist.org/transfer/results?year=76&institution=5&agreement=117&agreementType=to&viewAgreementsOptions=true&view=agreement&viewBy=major&viewSendingAgreements=false&viewByKey=76%2F5%2Fto%2F117%2FMajor%2F3fc7b07d-4058-4a0a-1f72-08ddcb96df9e,76/5/to/117/Major/3fc7b07d-4058-4a0a-1f72-08ddcb96df9e
info,non_course_requirement_duplicate,Treat as raw audit noise from repeated non-course requirement labels.,UCLA,University of California Los Angeles,College of the Canyons,fail,<blank>,duplicate_merged_row,duplicate raw CSV receiving row,2,,https://assist.org/transfer/results?year=76&institution=140&agreement=117&agreementType=to&viewAgreementsOptions=true&view=agreement&viewBy=major&viewSendingAgreements=false&viewByKey=76%2F140%2Fto%2F117%2FMajor%2F3fc7b07d-4058-4a0a-1f72-08ddcb96df9e,76/140/to/117/Major/3fc7b07d-4058-4a0a-1f72-08ddcb96df9e
info,non_course_requirement_duplicate,Treat as raw audit noise from repeated non-course requirement labels.,UCLA,University of California Los Angeles,College of the Desert,fail,<blank>,duplicate_merged_row,duplicate raw CSV receiving row,2,,https://assist.org/transfer/results?year=76&institution=30&agreement=117&agreementType=to&viewAgreementsOptions=true&view=agreement&viewBy=major&viewSendingAgreements=false&viewByKey=76%2F30%2Fto%2F117%2FMajor%2F3fc7b07d-4058-4a0a-1f72-08ddcb96df9e,76/30/to/117/Major/3fc7b07d-4058-4a0a-1f72-08ddcb96df9e
info,non_course_requirement_duplicate,Treat as raw audit noise from repeated non-course requirement labels.,UCLA,University of California Los Angeles,College of the Redwoods,fail,<blank>,duplicate_merged_row,duplicate raw CSV receiving row,2,,https://assist.org/transfer/results?year=76&institution=83&agreement=117&agreementType=to&viewAgreementsOptions=true&view=agreement&viewBy=major&viewSendingAgreements=false&viewByKey=76%2F83%2Fto%2F117%2FMajor%2F3fc7b07d-4058-4a0a-1f72-08ddcb96df9e,76/83/to/117/Major/3fc7b07d-4058-4a0a-1f72-08ddcb96df9e
info,non_course_requirement_duplicate,Treat as raw audit noise from repeated non-course requirement labels.,UCLA,University of California Los Angeles,College of the Sequoias,fail,<blank>,duplicate_merged_row,duplicate raw CSV receiving row,2,,https://assist.org/transfer/results?year=76&institution=6&agreement=117&agreementType=to&viewAgreementsOptions=true&view=agreement&viewBy=major&viewSendingAgreements=false&viewByKey=76%2F6%2Fto%2F117%2FMajor%2F3fc7b07d-4058-4a0a-1f72-08ddcb96df9e,76/6/to/117/Major/3fc7b07d-4058-4a0a-1f72-08ddcb96df9e
info,non_course_requirement_duplicate,Treat as raw audit noise from repeated non-course requirement labels.,UCLA,University of California Los Angeles,College of the Siskiyous,fail,<blank>,duplicate_merged_row,duplicate raw CSV receiving row,2,,https://assist.org/transfer/results?year=76&institution=102&agreement=117&agreementType=to&viewAgreementsOptions=true&view=agreement&viewBy=major&viewSendingAgreements=false&viewByKey=76%2F102%2Fto%2F117%2FMajor%2F3fc7b07d-4058-4a0a-1f72-08ddcb96df9e,76/102/to/117/Major/3fc7b07d-4058-4a0a-1f72-08ddcb96df9e
info,non_course_requirement_duplicate,Treat as raw audit noise from repeated non-course requirement labels.,UCLA,University of California Los Angeles,Columbia College,fail,<blank>,duplicate_merged_row,duplicate raw CSV receiving row,2,,https://assist.org/transfer/results?year=76&institution=10&agreement=117&agreementType=to&viewAgreementsOptions=true&view=agreement&viewBy=major&viewSendingAgreements=false&viewByKey=76%2F10%2Fto%2F117%2FMajor%2F3fc7b07d-4058-4a0a-1f72-08ddcb96df9e,76/10/to/117/Major/3fc7b07d-4058-4a0a-1f72-08ddcb96df9e
info,non_course_requirement_duplicate,Treat as raw audit noise from repeated non-course requirement labels.,UCLA,University of California Los Angeles,Compton College,fail,<blank>,duplicate_merged_row,duplicate raw CSV receiving row,2,,https://assist.org/transfer/results?year=76&institution=153&agreement=117&agreementType=to&viewAgreementsOptions=true&view=agreement&viewBy=major&viewSendingAgreements=false&viewByKey=76%2F153%2Fto%2F117%2FMajor%2F3fc7b07d-4058-4a0a-1f72-08ddcb96df9e,76/153/to/117/Major/3fc7b07d-4058-4a0a-1f72-08ddcb96df9e
info,non_course_requirement_duplicate,Treat as raw audit noise from repeated non-course requirement labels.,UCLA,University of California Los Angeles,Contra Costa College,fail,<blank>,duplicate_merged_row,duplicate raw CSV receiving row,2,,https://assist.org/transfer/results?year=76&institution=28&agreement=117&agreementType=to&viewAgreementsOptions=true&view=agreement&viewBy=major&viewSendingAgreements=false&viewByKey=76%2F28%2Fto%2F117%2FMajor%2F3fc7b07d-4058-4a0a-1f72-08ddcb96df9e,76/28/to/117/Major/3fc7b07d-4058-4a0a-1f72-08ddcb96df9e
info,non_course_requirement_duplicate,Treat as raw audit noise from repeated non-course requirement labels.,UCLA,University of California Los Angeles,Copper Mountain College,fail,<blank>,duplicate_merged_row,duplicate raw CSV receiving row,2,,https://assist.org/transfer/results?year=76&institution=112&agreement=117&agreementType=to&viewAgreementsOptions=true&view=agreement&viewBy=major&viewSendingAgreements=false&viewByKey=76%2F112%2Fto%2F117%2FMajor%2F3fc7b07d-4058-4a0a-1f72-08ddcb96df9e,76/112/to/117/Major/3fc7b07d-4058-4a0a-1f72-08ddcb96df9e
info,non_course_requirement_duplicate,Treat as raw audit noise from repeated non-course requirement labels.,UCLA,University of California Los Angeles,Cosumnes River College,fail,<blank>,duplicate_merged_row,duplicate raw CSV receiving row,2,,https://assist.org/transfer/results?year=76&institution=142&agreement=117&agreementType=to&viewAgreementsOptions=true&view=agreement&viewBy=major&viewSendingAgreements=false&viewByKey=76%2F142%2Fto%2F117%2FMajor%2F3fc7b07d-4058-4a0a-1f72-08ddcb96df9e,76/142/to/117/Major/3fc7b07d-4058-4a0a-1f72-08ddcb96df9e
info,non_course_requirement_duplicate,Treat as raw audit noise from repeated non-course requirement labels.,UCLA,University of California Los Angeles,Crafton Hills College,fail,<blank>,duplicate_merged_row,duplicate raw CSV receiving row,2,,https://assist.org/transfer/results?year=76&institution=70&agreement=117&agreementType=to&viewAgreementsOptions=true&view=agreement&viewBy=major&viewSendingAgreements=false&viewByKey=76%2F70%2Fto%2F117%2FMajor%2F3fc7b07d-4058-4a0a-1f72-08ddcb96df9e,76/70/to/117/Major/3fc7b07d-4058-4a0a-1f72-08ddcb96df9e
info,non_course_requirement_duplicate,Treat as raw audit noise from repeated non-course requirement labels.,UCLA,University of California Los Angeles,Cuesta College,fail,<blank>,duplicate_merged_row,duplicate raw CSV receiving row,2,,https://assist.org/transfer/results?year=76&institution=16&agreement=117&agreementType=to&viewAgreementsOptions=true&view=agreement&viewBy=major&viewSendingAgreements=false&viewByKey=76%2F16%2Fto%2F117%2FMajor%2F3fc7b07d-4058-4a0a-1f72-08ddcb96df9e,76/16/to/117/Major/3fc7b07d-4058-4a0a-1f72-08ddcb96df9e
info,non_course_requirement_duplicate,Treat as raw audit noise from repeated non-course requirement labels.,UCLA,University of California Los Angeles,Cuyamaca College,fail,<blank>,duplicate_merged_row,duplicate raw CSV receiving row,2,,https://assist.org/transfer/results?year=76&institution=99&agreement=117&agreementType=to&viewAgreementsOptions=true&view=agreement&viewBy=major&viewSendingAgreements=false&viewByKey=76%2F99%2Fto%2F117%2FMajor%2F3fc7b07d-4058-4a0a-1f72-08ddcb96df9e,76/99/to/117/Major/3fc7b07d-4058-4a0a-1f72-08ddcb96df9e
info,non_course_requirement_duplicate,Treat as raw audit noise from repeated non-course requirement labels.,UCLA,University of California Los Angeles,Cypress College,fail,<blank>,duplicate_merged_row,duplicate raw CSV receiving row,2,,https://assist.org/transfer/results?year=76&institution=71&agreement=117&agreementType=to&viewAgreementsOptions=true&view=agreement&viewBy=major&viewSendingAgreements=false&viewByKey=76%2F71%2Fto%2F117%2FMajor%2F3fc7b07d-4058-4a0a-1f72-08ddcb96df9e,76/71/to/117/Major/3fc7b07d-4058-4a0a-1f72-08ddcb96df9e
info,non_course_requirement_duplicate,Treat as raw audit noise from repeated non-course requirement labels.,UCLA,University of California Los Angeles,De Anza College,fail,<blank>,duplicate_merged_row,duplicate raw CSV receiving row,2,,https://assist.org/transfer/results?year=76&institution=113&agreement=117&agreementType=to&viewAgreementsOptions=true&view=agreement&viewBy=major&viewSendingAgreements=false&viewByKey=76%2F113%2Fto%2F117%2FMajor%2F3fc7b07d-4058-4a0a-1f72-08ddcb96df9e,76/113/to/117/Major/3fc7b07d-4058-4a0a-1f72-08ddcb96df9e
info,non_course_requirement_duplicate,Treat as raw audit noise from repeated non-course requirement labels.,UCLA,University of California Los Angeles,Diablo Valley College,fail,<blank>,duplicate_merged_row,duplicate raw CSV receiving row,2,,https://assist.org/transfer/results?year=76&institution=114&agreement=117&agreementType=to&viewAgreementsOptions=true&view=agreement&viewBy=major&viewSendingAgreements=false&viewByKey=76%2F114%2Fto%2F117%2FMajor%2F3fc7b07d-4058-4a0a-1f72-08ddcb96df9e,76/114/to/117/Major/3fc7b07d-4058-4a0a-1f72-08ddcb96df9e
info,non_course_requirement_duplicate,Treat as raw audit noise from repeated non-course requirement labels.,UCLA,University of California Los Angeles,East Los Angeles College,fail,<blank>,duplicate_merged_row,duplicate raw CSV receiving row,2,,https://assist.org/transfer/results?year=76&institution=118&agreement=117&agreementType=to&viewAgreementsOptions=true&view=agreement&viewBy=major&viewSendingAgreements=false&viewByKey=76%2F118%2Fto%2F117%2FMajor%2F3fc7b07d-4058-4a0a-1f72-08ddcb96df9e,76/118/to/117/Major/3fc7b07d-4058-4a0a-1f72-08ddcb96df9e
info,non_course_requirement_duplicate,Treat as raw audit noise from repeated non-course requirement labels.,UCLA,University of California Los Angeles,El Camino College,fail,<blank>,duplicate_merged_row,duplicate raw CSV receiving row,2,,https://assist.org/transfer/results?year=76&institution=103&agreement=117&agreementType=to&viewAgreementsOptions=true&view=agreement&viewBy=major&viewSendingAgreements=false&viewByKey=76%2F103%2Fto%2F117%2FMajor%2F3fc7b07d-4058-4a0a-1f72-08ddcb96df9e,76/103/to/117/Major/3fc7b07d-4058-4a0a-1f72-08ddcb96df9e
info,non_course_requirement_duplicate,Treat as raw audit noise from repeated non-course requirement labels.,UCLA,University of California Los Angeles,Evergreen Valley College,fail,<blank>,duplicate_merged_row,duplicate raw CSV receiving row,2,,https://assist.org/transfer/results?year=76&institution=2&agreement=117&agreementType=to&viewAgreementsOptions=true&view=agreement&viewBy=major&viewSendingAgreements=false&viewByKey=76%2F2%2Fto%2F117%2FMajor%2F3fc7b07d-4058-4a0a-1f72-08ddcb96df9e,76/2/to/117/Major/3fc7b07d-4058-4a0a-1f72-08ddcb96df9e
info,non_course_requirement_duplicate,Treat as raw audit noise from repeated non-course requirement labels.,UCLA,University of California Los Angeles,Feather River College,fail,<blank>,duplicate_merged_row,duplicate raw CSV receiving row,2,,https://assist.org/transfer/results?year=76&institution=122&agreement=117&agreementType=to&viewAgreementsOptions=true&view=agreement&viewBy=major&viewSendingAgreements=false&viewByKey=76%2F122%2Fto%2F117%2FMajor%2F3fc7b07d-4058-4a0a-1f72-08ddcb96df9e,76/122/to/117/Major/3fc7b07d-4058-4a0a-1f72-08ddcb96df9e
info,non_course_requirement_duplicate,Treat as raw audit noise from repeated non-course requirement labels.,UCLA,University of California Los Angeles,Folsom Lake College,fail,<blank>,duplicate_merged_row,duplicate raw CSV receiving row,2,,https://assist.org/transfer/results?year=76&institution=145&agreement=117&agreementType=to&viewAgreementsOptions=true&view=agreement&viewBy=major&viewSendingAgreements=false&viewByKey=76%2F145%2Fto%2F117%2FMajor%2F3fc7b07d-4058-4a0a-1f72-08ddcb96df9e,76/145/to/117/Major/3fc7b07d-4058-4a0a-1f72-08ddcb96df9e
info,non_course_requirement_duplicate,Treat as raw audit noise from repeated non-course requirement labels.,UCLA,University of California Los Angeles,Foothill College,fail,<blank>,duplicate_merged_row,duplicate raw CSV receiving row,2,,https://assist.org/transfer/results?year=76&institution=51&agreement=117&agreementType=to&viewAgreementsOptions=true&view=agreement&viewBy=major&viewSendingAgreements=false&viewByKey=76%2F51%2Fto%2F117%2FMajor%2F3fc7b07d-4058-4a0a-1f72-08ddcb96df9e,76/51/to/117/Major/3fc7b07d-4058-4a0a-1f72-08ddcb96df9e
info,non_course_requirement_duplicate,Treat as raw audit noise from repeated non-course requirement labels.,UCLA,University of California Los Angeles,Fresno City College,fail,<blank>,duplicate_merged_row,duplicate raw CSV receiving row,2,,https://assist.org/transfer/results?year=76&institution=35&agreement=117&agreementType=to&viewAgreementsOptions=true&view=agreement&viewBy=major&viewSendingAgreements=false&viewByKey=76%2F35%2Fto%2F117%2FMajor%2F3fc7b07d-4058-4a0a-1f72-08ddcb96df9e,76/35/to/117/Major/3fc7b07d-4058-4a0a-1f72-08ddcb96df9e
info,non_course_requirement_duplicate,Treat as raw audit noise from repeated non-course requirement labels.,UCLA,University of California Los Angeles,Fullerton College,fail,<blank>,duplicate_merged_row,duplicate raw CSV receiving row,2,,https://assist.org/transfer/results?year=76&institution=134&agreement=117&agreementType=to&viewAgreementsOptions=true&view=agreement&viewBy=major&viewSendingAgreements=false&viewByKey=76%2F134%2Fto%2F117%2FMajor%2F3fc7b07d-4058-4a0a-1f72-08ddcb96df9e,76/134/to/117/Major/3fc7b07d-4058-4a0a-1f72-08ddcb96df9e
info,non_course_requirement_duplicate,Treat as raw audit noise from repeated non-course requirement labels.,UCLA,University of California Los Angeles,Gavilan College,fail,<blank>,duplicate_merged_row,duplicate raw CSV receiving row,2,,https://assist.org/transfer/results?year=76&institution=72&agreement=117&agreementType=to&viewAgreementsOptions=true&view=agreement&viewBy=major&viewSendingAgreements=false&viewByKey=76%2F72%2Fto%2F117%2FMajor%2F3fc7b07d-4058-4a0a-1f72-08ddcb96df9e,76/72/to/117/Major/3fc7b07d-4058-4a0a-1f72-08ddcb96df9e
info,non_course_requirement_duplicate,Treat as raw audit noise from repeated non-course requirement labels.,UCLA,University of California Los Angeles,Glendale Community College,fail,<blank>,duplicate_merged_row,duplicate raw CSV receiving row,2,,https://assist.org/transfer/results?year=76&institution=43&agreement=117&agreementType=to&viewAgreementsOptions=true&view=agreement&viewBy=major&viewSendingAgreements=false&viewByKey=76%2F43%2Fto%2F117%2FMajor%2F3fc7b07d-4058-4a0a-1f72-08ddcb96df9e,76/43/to/117/Major/3fc7b07d-4058-4a0a-1f72-08ddcb96df9e
info,non_course_requirement_duplicate,Treat as raw audit noise from repeated non-course requirement labels.,UCLA,University of California Los Angeles,Golden West College,fail,<blank>,duplicate_merged_row,duplicate raw CSV receiving row,2,,https://assist.org/transfer/results?year=76&institution=55&agreement=117&agreementType=to&viewAgreementsOptions=true&view=agreement&viewBy=major&viewSendingAgreements=false&viewByKey=76%2F55%2Fto%2F117%2FMajor%2F3fc7b07d-4058-4a0a-1f72-08ddcb96df9e,76/55/to/117/Major/3fc7b07d-4058-4a0a-1f72-08ddcb96df9e
info,non_course_requirement_duplicate,Treat as raw audit noise from repeated non-course requirement labels.,UCLA,University of California Los Angeles,Grossmont College,fail,<blank>,duplicate_merged_row,duplicate raw CSV receiving row,2,,https://assist.org/transfer/results?year=76&institution=106&agreement=117&agreementType=to&viewAgreementsOptions=true&view=agreement&viewBy=major&viewSendingAgreements=false&viewByKey=76%2F106%2Fto%2F117%2FMajor%2F3fc7b07d-4058-4a0a-1f72-08ddcb96df9e,76/106/to/117/Major/3fc7b07d-4058-4a0a-1f72-08ddcb96df9e
info,non_course_requirement_duplicate,Treat as raw audit noise from repeated non-course requirement labels.,UCLA,University of California Los Angeles,Hartnell College,fail,<blank>,duplicate_merged_row,duplicate raw CSV receiving row,2,,https://assist.org/transfer/results?year=76&institution=123&agreement=117&agreementType=to&viewAgreementsOptions=true&view=agreement&viewBy=major&viewSendingAgreements=false&viewByKey=76%2F123%2Fto%2F117%2FMajor%2F3fc7b07d-4058-4a0a-1f72-08ddcb96df9e,76/123/to/117/Major/3fc7b07d-4058-4a0a-1f72-08ddcb96df9e
info,non_course_requirement_duplicate,Treat as raw audit noise from repeated non-course requirement labels.,UCLA,University of California Los Angeles,Imperial Valley College,fail,<blank>,duplicate_merged_row,duplicate raw CSV receiving row,2,,https://assist.org/transfer/results?year=76&institution=107&agreement=117&agreementType=to&viewAgreementsOptions=true&view=agreement&viewBy=major&viewSendingAgreements=false&viewByKey=76%2F107%2Fto%2F117%2FMajor%2F3fc7b07d-4058-4a0a-1f72-08ddcb96df9e,76/107/to/117/Major/3fc7b07d-4058-4a0a-1f72-08ddcb96df9e
info,non_course_requirement_duplicate,Treat as raw audit noise from repeated non-course requirement labels.,UCLA,University of California Los Angeles,Irvine Valley College,fail,<blank>,duplicate_merged_row,duplicate raw CSV receiving row,2,,https://assist.org/transfer/results?year=76&institution=124&agreement=117&agreementType=to&viewAgreementsOptions=true&view=agreement&viewBy=major&viewSendingAgreements=false&viewByKey=76%2F124%2Fto%2F117%2FMajor%2F3fc7b07d-4058-4a0a-1f72-08ddcb96df9e,76/124/to/117/Major/3fc7b07d-4058-4a0a-1f72-08ddcb96df9e
info,non_course_requirement_duplicate,Treat as raw audit noise from repeated non-course requirement labels.,UCLA,University of California Los Angeles,Lake Tahoe Community College,fail,<blank>,duplicate_merged_row,duplicate raw CSV receiving row,2,,https://assist.org/transfer/results?year=76&institution=40&agreement=117&agreementType=to&viewAgreementsOptions=true&view=agreement&viewBy=major&viewSendingAgreements=false&viewByKey=76%2F40%2Fto%2F117%2FMajor%2F3fc7b07d-4058-4a0a-1f72-08ddcb96df9e,76/40/to/117/Major/3fc7b07d-4058-4a0a-1f72-08ddcb96df9e
info,non_course_requirement_duplicate,Treat as raw audit noise from repeated non-course requirement labels.,UCLA,University of California Los Angeles,Laney College,fail,<blank>,duplicate_merged_row,duplicate raw CSV receiving row,2,,https://assist.org/transfer/results?year=76&institution=77&agreement=117&agreementType=to&viewAgreementsOptions=true&view=agreement&viewBy=major&viewSendingAgreements=false&viewByKey=76%2F77%2Fto%2F117%2FMajor%2F3fc7b07d-4058-4a0a-1f72-08ddcb96df9e,76/77/to/117/Major/3fc7b07d-4058-4a0a-1f72-08ddcb96df9e
info,non_course_requirement_duplicate,Treat as raw audit noise from repeated non-course requirement labels.,UCLA,University of California Los Angeles,Las Positas College,fail,<blank>,duplicate_merged_row,duplicate raw CSV receiving row,2,,https://assist.org/transfer/results?year=76&institution=18&agreement=117&agreementType=to&viewAgreementsOptions=true&view=agreement&viewBy=major&viewSendingAgreements=false&viewByKey=76%2F18%2Fto%2F117%2FMajor%2F3fc7b07d-4058-4a0a-1f72-08ddcb96df9e,76/18/to/117/Major/3fc7b07d-4058-4a0a-1f72-08ddcb96df9e
info,non_course_requirement_duplicate,Treat as raw audit noise from repeated non-course requirement labels.,UCLA,University of California Los Angeles,Lassen Community College,fail,<blank>,duplicate_merged_row,duplicate raw CSV receiving row,2,,https://assist.org/transfer/results?year=76&institution=82&agreement=117&agreementType=to&viewAgreementsOptions=true&view=agreement&viewBy=major&viewSendingAgreements=false&viewByKey=76%2F82%2Fto%2F117%2FMajor%2F3fc7b07d-4058-4a0a-1f72-08ddcb96df9e,76/82/to/117/Major/3fc7b07d-4058-4a0a-1f72-08ddcb96df9e
info,non_course_requirement_duplicate,Treat as raw audit noise from repeated non-course requirement labels.,UCLA,University of California Los Angeles,Long Beach City College,fail,<blank>,duplicate_merged_row,duplicate raw CSV receiving row,2,,https://assist.org/transfer/results?year=76&institution=135&agreement=117&agreementType=to&viewAgreementsOptions=true&view=agreement&viewBy=major&viewSendingAgreements=false&viewByKey=76%2F135%2Fto%2F117%2FMajor%2F3fc7b07d-4058-4a0a-1f72-08ddcb96df9e,76/135/to/117/Major/3fc7b07d-4058-4a0a-1f72-08ddcb96df9e
info,non_course_requirement_duplicate,Treat as raw audit noise from repeated non-course requirement labels.,UCLA,University of California Los Angeles,Los Angeles City College,fail,<blank>,duplicate_merged_row,duplicate raw CSV receiving row,2,,https://assist.org/transfer/results?year=76&institution=3&agreement=117&agreementType=to&viewAgreementsOptions=true&view=agreement&viewBy=major&viewSendingAgreements=false&viewByKey=76%2F3%2Fto%2F117%2FMajor%2F3fc7b07d-4058-4a0a-1f72-08ddcb96df9e,76/3/to/117/Major/3fc7b07d-4058-4a0a-1f72-08ddcb96df9e
info,non_course_requirement_duplicate,Treat as raw audit noise from repeated non-course requirement labels.,UCLA,University of California Los Angeles,Los Angeles Harbor College,fail,<blank>,duplicate_merged_row,duplicate raw CSV receiving row,2,,https://assist.org/transfer/results?year=76&institution=31&agreement=117&agreementType=to&viewAgreementsOptions=true&view=agreement&viewBy=major&viewSendingAgreements=false&viewByKey=76%2F31%2Fto%2F117%2FMajor%2F3fc7b07d-4058-4a0a-1f72-08ddcb96df9e,76/31/to/117/Major/3fc7b07d-4058-4a0a-1f72-08ddcb96df9e
info,non_course_requirement_duplicate,Treat as raw audit noise from repeated non-course requirement labels.,UCLA,University of California Los Angeles,Los Angeles Mission College,fail,<blank>,duplicate_merged_row,duplicate raw CSV receiving row,2,,https://assist.org/transfer/results?year=76&institution=47&agreement=117&agreementType=to&viewAgreementsOptions=true&view=agreement&viewBy=major&viewSendingAgreements=false&viewByKey=76%2F47%2Fto%2F117%2FMajor%2F3fc7b07d-4058-4a0a-1f72-08ddcb96df9e,76/47/to/117/Major/3fc7b07d-4058-4a0a-1f72-08ddcb96df9e
info,non_course_requirement_duplicate,Treat as raw audit noise from repeated non-course requirement labels.,UCLA,University of California Los Angeles,Los Angeles Pierce College,fail,<blank>,duplicate_merged_row,duplicate raw CSV receiving row,2,,https://assist.org/transfer/results?year=76&institution=86&agreement=117&agreementType=to&viewAgreementsOptions=true&view=agreement&viewBy=major&viewSendingAgreements=false&viewByKey=76%2F86%2Fto%2F117%2FMajor%2F3fc7b07d-4058-4a0a-1f72-08ddcb96df9e,76/86/to/117/Major/3fc7b07d-4058-4a0a-1f72-08ddcb96df9e
info,non_course_requirement_duplicate,Treat as raw audit noise from repeated non-course requirement labels.,UCLA,University of California Los Angeles,Los Angeles Southwest College,fail,<blank>,duplicate_merged_row,duplicate raw CSV receiving row,2,,https://assist.org/transfer/results?year=76&institution=130&agreement=117&agreementType=to&viewAgreementsOptions=true&view=agreement&viewBy=major&viewSendingAgreements=false&viewByKey=76%2F130%2Fto%2F117%2FMajor%2F3fc7b07d-4058-4a0a-1f72-08ddcb96df9e,76/130/to/117/Major/3fc7b07d-4058-4a0a-1f72-08ddcb96df9e
info,non_course_requirement_duplicate,Treat as raw audit noise from repeated non-course requirement labels.,UCLA,University of California Los Angeles,Los Angeles Trade Technical College,fail,<blank>,duplicate_merged_row,duplicate raw CSV receiving row,2,,https://assist.org/transfer/results?year=76&institution=25&agreement=117&agreementType=to&viewAgreementsOptions=true&view=agreement&viewBy=major&viewSendingAgreements=false&viewByKey=76%2F25%2Fto%2F117%2FMajor%2F3fc7b07d-4058-4a0a-1f72-08ddcb96df9e,76/25/to/117/Major/3fc7b07d-4058-4a0a-1f72-08ddcb96df9e
info,non_course_requirement_duplicate,Treat as raw audit noise from repeated non-course requirement labels.,UCLA,University of California Los Angeles,Los Angeles Valley College,fail,<blank>,duplicate_merged_row,duplicate raw CSV receiving row,2,,https://assist.org/transfer/results?year=76&institution=44&agreement=117&agreementType=to&viewAgreementsOptions=true&view=agreement&viewBy=major&viewSendingAgreements=false&viewByKey=76%2F44%2Fto%2F117%2FMajor%2F3fc7b07d-4058-4a0a-1f72-08ddcb96df9e,76/44/to/117/Major/3fc7b07d-4058-4a0a-1f72-08ddcb96df9e
info,non_course_requirement_duplicate,Treat as raw audit noise from repeated non-course requirement labels.,UCLA,University of California Los Angeles,Los Medanos College,fail,<blank>,duplicate_merged_row,duplicate raw CSV receiving row,2,,https://assist.org/transfer/results?year=76&institution=61&agreement=117&agreementType=to&viewAgreementsOptions=true&view=agreement&viewBy=major&viewSendingAgreements=false&viewByKey=76%2F61%2Fto%2F117%2FMajor%2F3fc7b07d-4058-4a0a-1f72-08ddcb96df9e,76/61/to/117/Major/3fc7b07d-4058-4a0a-1f72-08ddcb96df9e
info,non_course_requirement_duplicate,Treat as raw audit noise from repeated non-course requirement labels.,UCLA,University of California Los Angeles,Madera Community College,fail,<blank>,duplicate_merged_row,duplicate raw CSV receiving row,2,,https://assist.org/transfer/results?year=76&institution=200&agreement=117&agreementType=to&viewAgreementsOptions=true&view=agreement&viewBy=major&viewSendingAgreements=false&viewByKey=76%2F200%2Fto%2F117%2FMajor%2F3fc7b07d-4058-4a0a-1f72-08ddcb96df9e,76/200/to/117/Major/3fc7b07d-4058-4a0a-1f72-08ddcb96df9e
info,non_course_requirement_duplicate,Treat as raw audit noise from repeated non-course requirement labels.,UCLA,University of California Los Angeles,Mendocino College,fail,<blank>,duplicate_merged_row,duplicate raw CSV receiving row,2,,https://assist.org/transfer/results?year=76&institution=100&agreement=117&agreementType=to&viewAgreementsOptions=true&view=agreement&viewBy=major&viewSendingAgreements=false&viewByKey=76%2F100%2Fto%2F117%2FMajor%2F3fc7b07d-4058-4a0a-1f72-08ddcb96df9e,76/100/to/117/Major/3fc7b07d-4058-4a0a-1f72-08ddcb96df9e
info,non_course_requirement_duplicate,Treat as raw audit noise from repeated non-course requirement labels.,UCLA,University of California Los Angeles,Merced College,fail,<blank>,duplicate_merged_row,duplicate raw CSV receiving row,2,,https://assist.org/transfer/results?year=76&institution=17&agreement=117&agreementType=to&viewAgreementsOptions=true&view=agreement&viewBy=major&viewSendingAgreements=false&viewByKey=76%2F17%2Fto%2F117%2FMajor%2F3fc7b07d-4058-4a0a-1f72-08ddcb96df9e,76/17/to/117/Major/3fc7b07d-4058-4a0a-1f72-08ddcb96df9e
info,non_course_requirement_duplicate,Treat as raw audit noise from repeated non-course requirement labels.,UCLA,University of California Los Angeles,Merritt College,fail,<blank>,duplicate_merged_row,duplicate raw CSV receiving row,2,,https://assist.org/transfer/results?year=76&institution=13&agreement=117&agreementType=to&viewAgreementsOptions=true&view=agreement&viewBy=major&viewSendingAgreements=false&viewByKey=76%2F13%2Fto%2F117%2FMajor%2F3fc7b07d-4058-4a0a-1f72-08ddcb96df9e,76/13/to/117/Major/3fc7b07d-4058-4a0a-1f72-08ddcb96df9e
info,non_course_requirement_duplicate,Treat as raw audit noise from repeated non-course requirement labels.,UCLA,University of California Los Angeles,MiraCosta College,fail,<blank>,duplicate_merged_row,duplicate raw CSV receiving row,2,,https://assist.org/transfer/results?year=76&institution=108&agreement=117&agreementType=to&viewAgreementsOptions=true&view=agreement&viewBy=major&viewSendingAgreements=false&viewByKey=76%2F108%2Fto%2F117%2FMajor%2F3fc7b07d-4058-4a0a-1f72-08ddcb96df9e,76/108/to/117/Major/3fc7b07d-4058-4a0a-1f72-08ddcb96df9e
info,non_course_requirement_duplicate,Treat as raw audit noise from repeated non-course requirement labels.,UCLA,University of California Los Angeles,Mission College,fail,<blank>,duplicate_merged_row,duplicate raw CSV receiving row,2,,https://assist.org/transfer/results?year=76&institution=32&agreement=117&agreementType=to&viewAgreementsOptions=true&view=agreement&viewBy=major&viewSendingAgreements=false&viewByKey=76%2F32%2Fto%2F117%2FMajor%2F3fc7b07d-4058-4a0a-1f72-08ddcb96df9e,76/32/to/117/Major/3fc7b07d-4058-4a0a-1f72-08ddcb96df9e
info,non_course_requirement_duplicate,Treat as raw audit noise from repeated non-course requirement labels.,UCLA,University of California Los Angeles,Modesto Junior College,fail,<blank>,duplicate_merged_row,duplicate raw CSV receiving row,2,,https://assist.org/transfer/results?year=76&institution=52&agreement=117&agreementType=to&viewAgreementsOptions=true&view=agreement&viewBy=major&viewSendingAgreements=false&viewByKey=76%2F52%2Fto%2F117%2FMajor%2F3fc7b07d-4058-4a0a-1f72-08ddcb96df9e,76/52/to/117/Major/3fc7b07d-4058-4a0a-1f72-08ddcb96df9e
info,non_course_requirement_duplicate,Treat as raw audit noise from repeated non-course requirement labels.,UCLA,University of California Los Angeles,Monterey Peninsula College,fail,<blank>,duplicate_merged_row,duplicate raw CSV receiving row,2,,https://assist.org/transfer/results?year=76&institution=133&agreement=117&agreementType=to&viewAgreementsOptions=true&view=agreement&viewBy=major&viewSendingAgreements=false&viewByKey=76%2F133%2Fto%2F117%2FMajor%2F3fc7b07d-4058-4a0a-1f72-08ddcb96df9e,76/133/to/117/Major/3fc7b07d-4058-4a0a-1f72-08ddcb96df9e
info,non_course_requirement_duplicate,Treat as raw audit noise from repeated non-course requirement labels.,UCLA,University of California Los Angeles,Moorpark College,fail,<blank>,duplicate_merged_row,duplicate raw CSV receiving row,2,,https://assist.org/transfer/results?year=76&institution=139&agreement=117&agreementType=to&viewAgreementsOptions=true&view=agreement&viewBy=major&viewSendingAgreements=false&viewByKey=76%2F139%2Fto%2F117%2FMajor%2F3fc7b07d-4058-4a0a-1f72-08ddcb96df9e,76/139/to/117/Major/3fc7b07d-4058-4a0a-1f72-08ddcb96df9e
info,non_course_requirement_duplicate,Treat as raw audit noise from repeated non-course requirement labels.,UCLA,University of California Los Angeles,Moreno Valley College,fail,<blank>,duplicate_merged_row,duplicate raw CSV receiving row,2,,https://assist.org/transfer/results?year=76&institution=149&agreement=117&agreementType=to&viewAgreementsOptions=true&view=agreement&viewBy=major&viewSendingAgreements=false&viewByKey=76%2F149%2Fto%2F117%2FMajor%2F3fc7b07d-4058-4a0a-1f72-08ddcb96df9e,76/149/to/117/Major/3fc7b07d-4058-4a0a-1f72-08ddcb96df9e
info,non_course_requirement_duplicate,Treat as raw audit noise from repeated non-course requirement labels.,UCLA,University of California Los Angeles,Mount San Antonio College,fail,<blank>,duplicate_merged_row,duplicate raw CSV receiving row,2,,https://assist.org/transfer/results?year=76&institution=62&agreement=117&agreementType=to&viewAgreementsOptions=true&view=agreement&viewBy=major&viewSendingAgreements=false&viewByKey=76%2F62%2Fto%2F117%2FMajor%2F3fc7b07d-4058-4a0a-1f72-08ddcb96df9e,76/62/to/117/Major/3fc7b07d-4058-4a0a-1f72-08ddcb96df9e
info,non_course_requirement_duplicate,Treat as raw audit noise from repeated non-course requirement labels.,UCLA,University of California Los Angeles,Mt. San Jacinto College,fail,<blank>,duplicate_merged_row,duplicate raw CSV receiving row,2,,https://assist.org/transfer/results?year=76&institution=53&agreement=117&agreementType=to&viewAgreementsOptions=true&view=agreement&viewBy=major&viewSendingAgreements=false&viewByKey=76%2F53%2Fto%2F117%2FMajor%2F3fc7b07d-4058-4a0a-1f72-08ddcb96df9e,76/53/to/117/Major/3fc7b07d-4058-4a0a-1f72-08ddcb96df9e
info,non_course_requirement_duplicate,Treat as raw audit noise from repeated non-course requirement labels.,UCLA,University of California Los Angeles,Napa Valley College,fail,<blank>,duplicate_merged_row,duplicate raw CSV receiving row,2,,https://assist.org/transfer/results?year=76&institution=73&agreement=117&agreementType=to&viewAgreementsOptions=true&view=agreement&viewBy=major&viewSendingAgreements=false&viewByKey=76%2F73%2Fto%2F117%2FMajor%2F3fc7b07d-4058-4a0a-1f72-08ddcb96df9e,76/73/to/117/Major/3fc7b07d-4058-4a0a-1f72-08ddcb96df9e
info,non_course_requirement_duplicate,Treat as raw audit noise from repeated non-course requirement labels.,UCLA,University of California Los Angeles,Norco College,fail,<blank>,duplicate_merged_row,duplicate raw CSV receiving row,2,,https://assist.org/transfer/results?year=76&institution=148&agreement=117&agreementType=to&viewAgreementsOptions=true&view=agreement&viewBy=major&viewSendingAgreements=false&viewByKey=76%2F148%2Fto%2F117%2FMajor%2F3fc7b07d-4058-4a0a-1f72-08ddcb96df9e,76/148/to/117/Major/3fc7b07d-4058-4a0a-1f72-08ddcb96df9e
info,non_course_requirement_duplicate,Treat as raw audit noise from repeated non-course requirement labels.,UCLA,University of California Los Angeles,Ohlone College,fail,<blank>,duplicate_merged_row,duplicate raw CSV receiving row,2,,https://assist.org/transfer/results?year=76&institution=48&agreement=117&agreementType=to&viewAgreementsOptions=true&view=agreement&viewBy=major&viewSendingAgreements=false&viewByKey=76%2F48%2Fto%2F117%2FMajor%2F3fc7b07d-4058-4a0a-1f72-08ddcb96df9e,76/48/to/117/Major/3fc7b07d-4058-4a0a-1f72-08ddcb96df9e
info,non_course_requirement_duplicate,Treat as raw audit noise from repeated non-course requirement labels.,UCLA,University of California Los Angeles,Orange Coast College,fail,<blank>,duplicate_merged_row,duplicate raw CSV receiving row,2,,https://assist.org/transfer/results?year=76&institution=74&agreement=117&agreementType=to&viewAgreementsOptions=true&view=agreement&viewBy=major&viewSendingAgreements=false&viewByKey=76%2F74%2Fto%2F117%2FMajor%2F3fc7b07d-4058-4a0a-1f72-08ddcb96df9e,76/74/to/117/Major/3fc7b07d-4058-4a0a-1f72-08ddcb96df9e
info,non_course_requirement_duplicate,Treat as raw audit noise from repeated non-course requirement labels.,UCLA,University of California Los Angeles,Oxnard College,fail,<blank>,duplicate_merged_row,duplicate raw CSV receiving row,2,,https://assist.org/transfer/results?year=76&institution=87&agreement=117&agreementType=to&viewAgreementsOptions=true&view=agreement&viewBy=major&viewSendingAgreements=false&viewByKey=76%2F87%2Fto%2F117%2FMajor%2F3fc7b07d-4058-4a0a-1f72-08ddcb96df9e,76/87/to/117/Major/3fc7b07d-4058-4a0a-1f72-08ddcb96df9e
info,non_course_requirement_duplicate,Treat as raw audit noise from repeated non-course requirement labels.,UCLA,University of California Los Angeles,Palo Verde College,fail,<blank>,duplicate_merged_row,duplicate raw CSV receiving row,2,,https://assist.org/transfer/results?year=76&institution=63&agreement=117&agreementType=to&viewAgreementsOptions=true&view=agreement&viewBy=major&viewSendingAgreements=false&viewByKey=76%2F63%2Fto%2F117%2FMajor%2F3fc7b07d-4058-4a0a-1f72-08ddcb96df9e,76/63/to/117/Major/3fc7b07d-4058-4a0a-1f72-08ddcb96df9e
info,non_course_requirement_duplicate,Treat as raw audit noise from repeated non-course requirement labels.,UCLA,University of California Los Angeles,Palomar College,fail,<blank>,duplicate_merged_row,duplicate raw CSV receiving row,2,,https://assist.org/transfer/results?year=76&institution=56&agreement=117&agreementType=to&viewAgreementsOptions=true&view=agreement&viewBy=major&viewSendingAgreements=false&viewByKey=76%2F56%2Fto%2F117%2FMajor%2F3fc7b07d-4058-4a0a-1f72-08ddcb96df9e,76/56/to/117/Major/3fc7b07d-4058-4a0a-1f72-08ddcb96df9e
info,non_course_requirement_duplicate,Treat as raw audit noise from repeated non-course requirement labels.,UCLA,University of California Los Angeles,Pasadena City College,fail,<blank>,duplicate_merged_row,duplicate raw CSV receiving row,2,,https://assist.org/transfer/results?year=76&institution=49&agreement=117&agreementType=to&viewAgreementsOptions=true&view=agreement&viewBy=major&viewSendingAgreements=false&viewByKey=76%2F49%2Fto%2F117%2FMajor%2F3fc7b07d-4058-4a0a-1f72-08ddcb96df9e,76/49/to/117/Major/3fc7b07d-4058-4a0a-1f72-08ddcb96df9e
info,non_course_requirement_duplicate,Treat as raw audit noise from repeated non-course requirement labels.,UCLA,University of California Los Angeles,Porterville College,fail,<blank>,duplicate_merged_row,duplicate raw CSV receiving row,2,,https://assist.org/transfer/results?year=76&institution=125&agreement=117&agreementType=to&viewAgreementsOptions=true&view=agreement&viewBy=major&viewSendingAgreements=false&viewByKey=76%2F125%2Fto%2F117%2FMajor%2F3fc7b07d-4058-4a0a-1f72-08ddcb96df9e,76/125/to/117/Major/3fc7b07d-4058-4a0a-1f72-08ddcb96df9e
info,non_course_requirement_duplicate,Treat as raw audit noise from repeated non-course requirement labels.,UCLA,University of California Los Angeles,Reedley College,fail,<blank>,duplicate_merged_row,duplicate raw CSV receiving row,2,,https://assist.org/transfer/results?year=76&institution=36&agreement=117&agreementType=to&viewAgreementsOptions=true&view=agreement&viewBy=major&viewSendingAgreements=false&viewByKey=76%2F36%2Fto%2F117%2FMajor%2F3fc7b07d-4058-4a0a-1f72-08ddcb96df9e,76/36/to/117/Major/3fc7b07d-4058-4a0a-1f72-08ddcb96df9e
info,non_course_requirement_duplicate,Treat as raw audit noise from repeated non-course requirement labels.,UCLA,University of California Los Angeles,Rio Hondo College,fail,<blank>,duplicate_merged_row,duplicate raw CSV receiving row,2,,https://assist.org/transfer/results?year=76&institution=64&agreement=117&agreementType=to&viewAgreementsOptions=true&view=agreement&viewBy=major&viewSendingAgreements=false&viewByKey=76%2F64%2Fto%2F117%2FMajor%2F3fc7b07d-4058-4a0a-1f72-08ddcb96df9e,76/64/to/117/Major/3fc7b07d-4058-4a0a-1f72-08ddcb96df9e
info,non_course_requirement_duplicate,Treat as raw audit noise from repeated non-course requirement labels.,UCLA,University of California Los Angeles,Riverside City College,fail,<blank>,duplicate_merged_row,duplicate raw CSV receiving row,2,,https://assist.org/transfer/results?year=76&institution=78&agreement=117&agreementType=to&viewAgreementsOptions=true&view=agreement&viewBy=major&viewSendingAgreements=false&viewByKey=76%2F78%2Fto%2F117%2FMajor%2F3fc7b07d-4058-4a0a-1f72-08ddcb96df9e,76/78/to/117/Major/3fc7b07d-4058-4a0a-1f72-08ddcb96df9e
info,non_course_requirement_duplicate,Treat as raw audit noise from repeated non-course requirement labels.,UCLA,University of California Los Angeles,Sacramento City College,fail,<blank>,duplicate_merged_row,duplicate raw CSV receiving row,2,,https://assist.org/transfer/results?year=76&institution=126&agreement=117&agreementType=to&viewAgreementsOptions=true&view=agreement&viewBy=major&viewSendingAgreements=false&viewByKey=76%2F126%2Fto%2F117%2FMajor%2F3fc7b07d-4058-4a0a-1f72-08ddcb96df9e,76/126/to/117/Major/3fc7b07d-4058-4a0a-1f72-08ddcb96df9e
info,non_course_requirement_duplicate,Treat as raw audit noise from repeated non-course requirement labels.,UCLA,University of California Los Angeles,Saddleback College,fail,<blank>,duplicate_merged_row,duplicate raw CSV receiving row,2,,https://assist.org/transfer/results?year=76&institution=65&agreement=117&agreementType=to&viewAgreementsOptions=true&view=agreement&viewBy=major&viewSendingAgreements=false&viewByKey=76%2F65%2Fto%2F117%2FMajor%2F3fc7b07d-4058-4a0a-1f72-08ddcb96df9e,76/65/to/117/Major/3fc7b07d-4058-4a0a-1f72-08ddcb96df9e
info,non_course_requirement_duplicate,Treat as raw audit noise from repeated non-course requirement labels.,UCLA,University of California Los Angeles,San Bernardino Valley College,fail,<blank>,duplicate_merged_row,duplicate raw CSV receiving row,2,,https://assist.org/transfer/results?year=76&institution=131&agreement=117&agreementType=to&viewAgreementsOptions=true&view=agreement&viewBy=major&viewSendingAgreements=false&viewByKey=76%2F131%2Fto%2F117%2FMajor%2F3fc7b07d-4058-4a0a-1f72-08ddcb96df9e,76/131/to/117/Major/3fc7b07d-4058-4a0a-1f72-08ddcb96df9e
info,non_course_requirement_duplicate,Treat as raw audit noise from repeated non-course requirement labels.,UCLA,University of California Los Angeles,San Diego City College,fail,<blank>,duplicate_merged_row,duplicate raw CSV receiving row,2,,https://assist.org/transfer/results?year=76&institution=54&agreement=117&agreementType=to&viewAgreementsOptions=true&view=agreement&viewBy=major&viewSendingAgreements=false&viewByKey=76%2F54%2Fto%2F117%2FMajor%2F3fc7b07d-4058-4a0a-1f72-08ddcb96df9e,76/54/to/117/Major/3fc7b07d-4058-4a0a-1f72-08ddcb96df9e
info,non_course_requirement_duplicate,Treat as raw audit noise from repeated non-course requirement labels.,UCLA,University of California Los Angeles,San Diego Mesa College,fail,<blank>,duplicate_merged_row,duplicate raw CSV receiving row,2,,https://assist.org/transfer/results?year=76&institution=101&agreement=117&agreementType=to&viewAgreementsOptions=true&view=agreement&viewBy=major&viewSendingAgreements=false&viewByKey=76%2F101%2Fto%2F117%2FMajor%2F3fc7b07d-4058-4a0a-1f72-08ddcb96df9e,76/101/to/117/Major/3fc7b07d-4058-4a0a-1f72-08ddcb96df9e
info,non_course_requirement_duplicate,Treat as raw audit noise from repeated non-course requirement labels.,UCLA,University of California Los Angeles,San Diego Miramar College,fail,<blank>,duplicate_merged_row,duplicate raw CSV receiving row,2,,https://assist.org/transfer/results?year=76&institution=45&agreement=117&agreementType=to&viewAgreementsOptions=true&view=agreement&viewBy=major&viewSendingAgreements=false&viewByKey=76%2F45%2Fto%2F117%2FMajor%2F3fc7b07d-4058-4a0a-1f72-08ddcb96df9e,76/45/to/117/Major/3fc7b07d-4058-4a0a-1f72-08ddcb96df9e
info,non_course_requirement_duplicate,Treat as raw audit noise from repeated non-course requirement labels.,UCLA,University of California Los Angeles,San Joaquin Delta College,fail,<blank>,duplicate_merged_row,duplicate raw CSV receiving row,2,,https://assist.org/transfer/results?year=76&institution=109&agreement=117&agreementType=to&viewAgreementsOptions=true&view=agreement&viewBy=major&viewSendingAgreements=false&viewByKey=76%2F109%2Fto%2F117%2FMajor%2F3fc7b07d-4058-4a0a-1f72-08ddcb96df9e,76/109/to/117/Major/3fc7b07d-4058-4a0a-1f72-08ddcb96df9e
info,non_course_requirement_duplicate,Treat as raw audit noise from repeated non-course requirement labels.,UCLA,University of California Los Angeles,San Jose City College,fail,<blank>,duplicate_merged_row,duplicate raw CSV receiving row,2,,https://assist.org/transfer/results?year=76&institution=136&agreement=117&agreementType=to&viewAgreementsOptions=true&view=agreement&viewBy=major&viewSendingAgreements=false&viewByKey=76%2F136%2Fto%2F117%2FMajor%2F3fc7b07d-4058-4a0a-1f72-08ddcb96df9e,76/136/to/117/Major/3fc7b07d-4058-4a0a-1f72-08ddcb96df9e
info,non_course_requirement_duplicate,Treat as raw audit noise from repeated non-course requirement labels.,UCLA,University of California Los Angeles,Santa Ana College,fail,<blank>,duplicate_merged_row,duplicate raw CSV receiving row,2,,https://assist.org/transfer/results?year=76&institution=14&agreement=117&agreementType=to&viewAgreementsOptions=true&view=agreement&viewBy=major&viewSendingAgreements=false&viewByKey=76%2F14%2Fto%2F117%2FMajor%2F3fc7b07d-4058-4a0a-1f72-08ddcb96df9e,76/14/to/117/Major/3fc7b07d-4058-4a0a-1f72-08ddcb96df9e
info,non_course_requirement_duplicate,Treat as raw audit noise from repeated non-course requirement labels.,UCLA,University of California Los Angeles,Santa Barbara City College,fail,<blank>,duplicate_merged_row,duplicate raw CSV receiving row,2,,https://assist.org/transfer/results?year=76&institution=92&agreement=117&agreementType=to&viewAgreementsOptions=true&view=agreement&viewBy=major&viewSendingAgreements=false&viewByKey=76%2F92%2Fto%2F117%2FMajor%2F3fc7b07d-4058-4a0a-1f72-08ddcb96df9e,76/92/to/117/Major/3fc7b07d-4058-4a0a-1f72-08ddcb96df9e
info,non_course_requirement_duplicate,Treat as raw audit noise from repeated non-course requirement labels.,UCLA,University of California Los Angeles,Santa Monica College,fail,<blank>,duplicate_merged_row,duplicate raw CSV receiving row,2,,https://assist.org/transfer/results?year=76&institution=137&agreement=117&agreementType=to&viewAgreementsOptions=true&view=agreement&viewBy=major&viewSendingAgreements=false&viewByKey=76%2F137%2Fto%2F117%2FMajor%2F3fc7b07d-4058-4a0a-1f72-08ddcb96df9e,76/137/to/117/Major/3fc7b07d-4058-4a0a-1f72-08ddcb96df9e
info,non_course_requirement_duplicate,Treat as raw audit noise from repeated non-course requirement labels.,UCLA,University of California Los Angeles,Santa Rosa Junior College,fail,<blank>,duplicate_merged_row,duplicate raw CSV receiving row,2,,https://assist.org/transfer/results?year=76&institution=57&agreement=117&agreementType=to&viewAgreementsOptions=true&view=agreement&viewBy=major&viewSendingAgreements=false&viewByKey=76%2F57%2Fto%2F117%2FMajor%2F3fc7b07d-4058-4a0a-1f72-08ddcb96df9e,76/57/to/117/Major/3fc7b07d-4058-4a0a-1f72-08ddcb96df9e
info,non_course_requirement_duplicate,Treat as raw audit noise from repeated non-course requirement labels.,UCLA,University of California Los Angeles,Santiago Canyon College,fail,<blank>,duplicate_merged_row,duplicate raw CSV receiving row,2,,https://assist.org/transfer/results?year=76&institution=66&agreement=117&agreementType=to&viewAgreementsOptions=true&view=agreement&viewBy=major&viewSendingAgreements=false&viewByKey=76%2F66%2Fto%2F117%2FMajor%2F3fc7b07d-4058-4a0a-1f72-08ddcb96df9e,76/66/to/117/Major/3fc7b07d-4058-4a0a-1f72-08ddcb96df9e
info,non_course_requirement_duplicate,Treat as raw audit noise from repeated non-course requirement labels.,UCLA,University of California Los Angeles,Shasta College,fail,<blank>,duplicate_merged_row,duplicate raw CSV receiving row,2,,https://assist.org/transfer/results?year=76&institution=38&agreement=117&agreementType=to&viewAgreementsOptions=true&view=agreement&viewBy=major&viewSendingAgreements=false&viewByKey=76%2F38%2Fto%2F117%2FMajor%2F3fc7b07d-4058-4a0a-1f72-08ddcb96df9e,76/38/to/117/Major/3fc7b07d-4058-4a0a-1f72-08ddcb96df9e
info,non_course_requirement_duplicate,Treat as raw audit noise from repeated non-course requirement labels.,UCLA,University of California Los Angeles,Sierra College,fail,<blank>,duplicate_merged_row,duplicate raw CSV receiving row,2,,https://assist.org/transfer/results?year=76&institution=93&agreement=117&agreementType=to&viewAgreementsOptions=true&view=agreement&viewBy=major&viewSendingAgreements=false&viewByKey=76%2F93%2Fto%2F117%2FMajor%2F3fc7b07d-4058-4a0a-1f72-08ddcb96df9e,76/93/to/117/Major/3fc7b07d-4058-4a0a-1f72-08ddcb96df9e
info,non_course_requirement_duplicate,Treat as raw audit noise from repeated non-course requirement labels.,UCLA,University of California Los Angeles,Skyline College,fail,<blank>,duplicate_merged_row,duplicate raw CSV receiving row,2,,https://assist.org/transfer/results?year=76&institution=127&agreement=117&agreementType=to&viewAgreementsOptions=true&view=agreement&viewBy=major&viewSendingAgreements=false&viewByKey=76%2F127%2Fto%2F117%2FMajor%2F3fc7b07d-4058-4a0a-1f72-08ddcb96df9e,76/127/to/117/Major/3fc7b07d-4058-4a0a-1f72-08ddcb96df9e
info,non_course_requirement_duplicate,Treat as raw audit noise from repeated non-course requirement labels.,UCLA,University of California Los Angeles,Solano Community College,fail,<blank>,duplicate_merged_row,duplicate raw CSV receiving row,2,,https://assist.org/transfer/results?year=76&institution=94&agreement=117&agreementType=to&viewAgreementsOptions=true&view=agreement&viewBy=major&viewSendingAgreements=false&viewByKey=76%2F94%2Fto%2F117%2FMajor%2F3fc7b07d-4058-4a0a-1f72-08ddcb96df9e,76/94/to/117/Major/3fc7b07d-4058-4a0a-1f72-08ddcb96df9e
info,non_course_requirement_duplicate,Treat as raw audit noise from repeated non-course requirement labels.,UCLA,University of California Los Angeles,Southwestern College,fail,<blank>,duplicate_merged_row,duplicate raw CSV receiving row,2,,https://assist.org/transfer/results?year=76&institution=138&agreement=117&agreementType=to&viewAgreementsOptions=true&view=agreement&viewBy=major&viewSendingAgreements=false&viewByKey=76%2F138%2Fto%2F117%2FMajor%2F3fc7b07d-4058-4a0a-1f72-08ddcb96df9e,76/138/to/117/Major/3fc7b07d-4058-4a0a-1f72-08ddcb96df9e
info,non_course_requirement_duplicate,Treat as raw audit noise from repeated non-course requirement labels.,UCLA,University of California Los Angeles,Taft College,fail,<blank>,duplicate_merged_row,duplicate raw CSV receiving row,2,,https://assist.org/transfer/results?year=76&institution=119&agreement=117&agreementType=to&viewAgreementsOptions=true&view=agreement&viewBy=major&viewSendingAgreements=false&viewByKey=76%2F119%2Fto%2F117%2FMajor%2F3fc7b07d-4058-4a0a-1f72-08ddcb96df9e,76/119/to/117/Major/3fc7b07d-4058-4a0a-1f72-08ddcb96df9e
info,non_course_requirement_duplicate,Treat as raw audit noise from repeated non-course requirement labels.,UCLA,University of California Los Angeles,Ventura College,fail,<blank>,duplicate_merged_row,duplicate raw CSV receiving row,2,,https://assist.org/transfer/results?year=76&institution=95&agreement=117&agreementType=to&viewAgreementsOptions=true&view=agreement&viewBy=major&viewSendingAgreements=false&viewByKey=76%2F95%2Fto%2F117%2FMajor%2F3fc7b07d-4058-4a0a-1f72-08ddcb96df9e,76/95/to/117/Major/3fc7b07d-4058-4a0a-1f72-08ddcb96df9e
info,non_course_requirement_duplicate,Treat as raw audit noise from repeated non-course requirement labels.,UCLA,University of California Los Angeles,Victor Valley College,fail,<blank>,duplicate_merged_row,duplicate raw CSV receiving row,2,,https://assist.org/transfer/results?year=76&institution=19&agreement=117&agreementType=to&viewAgreementsOptions=true&view=agreement&viewBy=major&viewSendingAgreements=false&viewByKey=76%2F19%2Fto%2F117%2FMajor%2F3fc7b07d-4058-4a0a-1f72-08ddcb96df9e,76/19/to/117/Major/3fc7b07d-4058-4a0a-1f72-08ddcb96df9e
info,non_course_requirement_duplicate,Treat as raw audit noise from repeated non-course requirement labels.,UCLA,University of California Los Angeles,West Hills College Coalinga,fail,<blank>,duplicate_merged_row,duplicate raw CSV receiving row,2,,https://assist.org/transfer/results?year=76&institution=67&agreement=117&agreementType=to&viewAgreementsOptions=true&view=agreement&viewBy=major&viewSendingAgreements=false&viewByKey=76%2F67%2Fto%2F117%2FMajor%2F3fc7b07d-4058-4a0a-1f72-08ddcb96df9e,76/67/to/117/Major/3fc7b07d-4058-4a0a-1f72-08ddcb96df9e
info,non_course_requirement_duplicate,Treat as raw audit noise from repeated non-course requirement labels.,UCLA,University of California Los Angeles,West Hills College Lemoore,fail,<blank>,duplicate_merged_row,duplicate raw CSV receiving row,2,,https://assist.org/transfer/results?year=76&institution=146&agreement=117&agreementType=to&viewAgreementsOptions=true&view=agreement&viewBy=major&viewSendingAgreements=false&viewByKey=76%2F146%2Fto%2F117%2FMajor%2F3fc7b07d-4058-4a0a-1f72-08ddcb96df9e,76/146/to/117/Major/3fc7b07d-4058-4a0a-1f72-08ddcb96df9e
info,non_course_requirement_duplicate,Treat as raw audit noise from repeated non-course requirement labels.,UCLA,University of California Los Angeles,West Los Angeles College,fail,<blank>,duplicate_merged_row,duplicate raw CSV receiving row,2,,https://assist.org/transfer/results?year=76&institution=91&agreement=117&agreementType=to&viewAgreementsOptions=true&view=agreement&viewBy=major&viewSendingAgreements=false&viewByKey=76%2F91%2Fto%2F117%2FMajor%2F3fc7b07d-4058-4a0a-1f72-08ddcb96df9e,76/91/to/117/Major/3fc7b07d-4058-4a0a-1f72-08ddcb96df9e
info,non_course_requirement_duplicate,Treat as raw audit noise from repeated non-course requirement labels.,UCLA,University of California Los Angeles,West Valley College,fail,<blank>,duplicate_merged_row,duplicate raw CSV receiving row,2,,https://assist.org/transfer/results?year=76&institution=80&agreement=117&agreementType=to&viewAgreementsOptions=true&view=agreement&viewBy=major&viewSendingAgreements=false&viewByKey=76%2F80%2Fto%2F117%2FMajor%2F3fc7b07d-4058-4a0a-1f72-08ddcb96df9e,76/80/to/117/Major/3fc7b07d-4058-4a0a-1f72-08ddcb96df9e
info,non_course_requirement_duplicate,Treat as raw audit noise from repeated non-course requirement labels.,UCLA,University of California Los Angeles,Woodland Community College,fail,<blank>,duplicate_merged_row,duplicate raw CSV receiving row,2,,https://assist.org/transfer/results?year=76&institution=147&agreement=117&agreementType=to&viewAgreementsOptions=true&view=agreement&viewBy=major&viewSendingAgreements=false&viewByKey=76%2F147%2Fto%2F117%2FMajor%2F3fc7b07d-4058-4a0a-1f72-08ddcb96df9e,76/147/to/117/Major/3fc7b07d-4058-4a0a-1f72-08ddcb96df9e
info,non_course_requirement_duplicate,Treat as raw audit noise from repeated non-course requirement labels.,UCLA,University of California Los Angeles,Yuba College,fail,<blank>,duplicate_merged_row,duplicate raw CSV receiving row,2,,https://assist.org/transfer/results?year=76&institution=90&agreement=117&agreementType=to&viewAgreementsOptions=true&view=agreement&viewBy=major&viewSendingAgreements=false&viewByKey=76%2F90%2Fto%2F117%2FMajor%2F3fc7b07d-4058-4a0a-1f72-08ddcb96df9e,76/90/to/117/Major/3fc7b07d-4058-4a0a-1f72-08ddcb96df9e
info,non_course_requirement_duplicate,Treat as raw audit noise from repeated non-course requirement labels.,UCLA,University of California Los Angeles,Allan Hancock College,fail,Requirement,duplicate_merged_row,duplicate ASSIST receiving row,multiple ASSIST articulation rows normalize to the same receiving course,,https://assist.org/transfer/results?year=76&institution=110&agreement=117&agreementType=to&viewAgreementsOptions=true&view=agreement&viewBy=major&viewSendingAgreements=false&viewByKey=76%2F110%2Fto%2F117%2FMajor%2F3fc7b07d-4058-4a0a-1f72-08ddcb96df9e,76/110/to/117/Major/3fc7b07d-4058-4a0a-1f72-08ddcb96df9e
info,non_course_requirement_duplicate,Treat as raw audit noise from repeated non-course requirement labels.,UCLA,University of California Los Angeles,American River College,fail,Requirement,duplicate_merged_row,duplicate ASSIST receiving row,multiple ASSIST articulation rows normalize to the same receiving course,,https://assist.org/transfer/results?year=76&institution=27&agreement=117&agreementType=to&viewAgreementsOptions=true&view=agreement&viewBy=major&viewSendingAgreements=false&viewByKey=76%2F27%2Fto%2F117%2FMajor%2F3fc7b07d-4058-4a0a-1f72-08ddcb96df9e,76/27/to/117/Major/3fc7b07d-4058-4a0a-1f72-08ddcb96df9e
info,non_course_requirement_duplicate,Treat as raw audit noise from repeated non-course requirement labels.,UCLA,University of California Los Angeles,Bakersfield College,fail,Requirement,duplicate_merged_row,duplicate ASSIST receiving row,multiple ASSIST articulation rows normalize to the same receiving course,,https://assist.org/transfer/results?year=76&institution=84&agreement=117&agreementType=to&viewAgreementsOptions=true&view=agreement&viewBy=major&viewSendingAgreements=false&viewByKey=76%2F84%2Fto%2F117%2FMajor%2F3fc7b07d-4058-4a0a-1f72-08ddcb96df9e,76/84/to/117/Major/3fc7b07d-4058-4a0a-1f72-08ddcb96df9e
info,non_course_requirement_duplicate,Treat as raw audit noise from repeated non-course requirement labels.,UCLA,University of California Los Angeles,Butte College,fail,Requirement,duplicate_merged_row,duplicate ASSIST receiving row,multiple ASSIST articulation rows normalize to the same receiving course,,https://assist.org/transfer/results?year=76&institution=8&agreement=117&agreementType=to&viewAgreementsOptions=true&view=agreement&viewBy=major&viewSendingAgreements=false&viewByKey=76%2F8%2Fto%2F117%2FMajor%2F3fc7b07d-4058-4a0a-1f72-08ddcb96df9e,76/8/to/117/Major/3fc7b07d-4058-4a0a-1f72-08ddcb96df9e
info,non_course_requirement_duplicate,Treat as raw audit noise from repeated non-course requirement labels.,UCLA,University of California Los Angeles,Cabrillo College,fail,Requirement,duplicate_merged_row,duplicate ASSIST receiving row,multiple ASSIST articulation rows normalize to the same receiving course,,https://assist.org/transfer/results?year=76&institution=41&agreement=117&agreementType=to&viewAgreementsOptions=true&view=agreement&viewBy=major&viewSendingAgreements=false&viewByKey=76%2F41%2Fto%2F117%2FMajor%2F3fc7b07d-4058-4a0a-1f72-08ddcb96df9e,76/41/to/117/Major/3fc7b07d-4058-4a0a-1f72-08ddcb96df9e
info,non_course_requirement_duplicate,Treat as raw audit noise from repeated non-course requirement labels.,UCLA,University of California Los Angeles,Canada College,fail,Requirement,duplicate_merged_row,duplicate ASSIST receiving row,multiple ASSIST articulation rows normalize to the same receiving course,,https://assist.org/transfer/results?year=76&institution=68&agreement=117&agreementType=to&viewAgreementsOptions=true&view=agreement&viewBy=major&viewSendingAgreements=false&viewByKey=76%2F68%2Fto%2F117%2FMajor%2F3fc7b07d-4058-4a0a-1f72-08ddcb96df9e,76/68/to/117/Major/3fc7b07d-4058-4a0a-1f72-08ddcb96df9e
info,non_course_requirement_duplicate,Treat as raw audit noise from repeated non-course requirement labels.,UCLA,University of California Los Angeles,Cerritos College,fail,Requirement,duplicate_merged_row,duplicate ASSIST receiving row,multiple ASSIST articulation rows normalize to the same receiving course,,https://assist.org/transfer/results?year=76&institution=104&agreement=117&agreementType=to&viewAgreementsOptions=true&view=agreement&viewBy=major&viewSendingAgreements=false&viewByKey=76%2F104%2Fto%2F117%2FMajor%2F3fc7b07d-4058-4a0a-1f72-08ddcb96df9e,76/104/to/117/Major/3fc7b07d-4058-4a0a-1f72-08ddcb96df9e
info,non_course_requirement_duplicate,Treat as raw audit noise from repeated non-course requirement labels.,UCLA,University of California Los Angeles,Chabot College,fail,Requirement,duplicate_merged_row,duplicate ASSIST receiving row,multiple ASSIST articulation rows normalize to the same receiving course,,https://assist.org/transfer/results?year=76&institution=96&agreement=117&agreementType=to&viewAgreementsOptions=true&view=agreement&viewBy=major&viewSendingAgreements=false&viewByKey=76%2F96%2Fto%2F117%2FMajor%2F3fc7b07d-4058-4a0a-1f72-08ddcb96df9e,76/96/to/117/Major/3fc7b07d-4058-4a0a-1f72-08ddcb96df9e
info,non_course_requirement_duplicate,Treat as raw audit noise from repeated non-course requirement labels.,UCLA,University of California Los Angeles,City College of San Francisco,fail,Requirement,duplicate_merged_row,duplicate ASSIST receiving row,multiple ASSIST articulation rows normalize to the same receiving course,,https://assist.org/transfer/results?year=76&institution=33&agreement=117&agreementType=to&viewAgreementsOptions=true&view=agreement&viewBy=major&viewSendingAgreements=false&viewByKey=76%2F33%2Fto%2F117%2FMajor%2F3fc7b07d-4058-4a0a-1f72-08ddcb96df9e,76/33/to/117/Major/3fc7b07d-4058-4a0a-1f72-08ddcb96df9e
info,non_course_requirement_duplicate,Treat as raw audit noise from repeated non-course requirement labels.,UCLA,University of California Los Angeles,Clovis Community College,fail,Requirement,duplicate_merged_row,duplicate ASSIST receiving row,multiple ASSIST articulation rows normalize to the same receiving course,,https://assist.org/transfer/results?year=76&institution=150&agreement=117&agreementType=to&viewAgreementsOptions=true&view=agreement&viewBy=major&viewSendingAgreements=false&viewByKey=76%2F150%2Fto%2F117%2FMajor%2F3fc7b07d-4058-4a0a-1f72-08ddcb96df9e,76/150/to/117/Major/3fc7b07d-4058-4a0a-1f72-08ddcb96df9e
info,non_course_requirement_duplicate,Treat as raw audit noise from repeated non-course requirement labels.,UCLA,University of California Los Angeles,College of the Canyons,fail,Requirement,duplicate_merged_row,duplicate ASSIST receiving row,multiple ASSIST articulation rows normalize to the same receiving course,,https://assist.org/transfer/results?year=76&institution=140&agreement=117&agreementType=to&viewAgreementsOptions=true&view=agreement&viewBy=major&viewSendingAgreements=false&viewByKey=76%2F140%2Fto%2F117%2FMajor%2F3fc7b07d-4058-4a0a-1f72-08ddcb96df9e,76/140/to/117/Major/3fc7b07d-4058-4a0a-1f72-08ddcb96df9e
info,non_course_requirement_duplicate,Treat as raw audit noise from repeated non-course requirement labels.,UCLA,University of California Los Angeles,College of the Desert,fail,Requirement,duplicate_merged_row,duplicate ASSIST receiving row,multiple ASSIST articulation rows normalize to the same receiving course,,https://assist.org/transfer/results?year=76&institution=30&agreement=117&agreementType=to&viewAgreementsOptions=true&view=agreement&viewBy=major&viewSendingAgreements=false&viewByKey=76%2F30%2Fto%2F117%2FMajor%2F3fc7b07d-4058-4a0a-1f72-08ddcb96df9e,76/30/to/117/Major/3fc7b07d-4058-4a0a-1f72-08ddcb96df9e
info,non_course_requirement_duplicate,Treat as raw audit noise from repeated non-course requirement labels.,UCLA,University of California Los Angeles,College of the Sequoias,fail,Requirement,duplicate_merged_row,duplicate ASSIST receiving row,multiple ASSIST articulation rows normalize to the same receiving course,,https://assist.org/transfer/results?year=76&institution=6&agreement=117&agreementType=to&viewAgreementsOptions=true&view=agreement&viewBy=major&viewSendingAgreements=false&viewByKey=76%2F6%2Fto%2F117%2FMajor%2F3fc7b07d-4058-4a0a-1f72-08ddcb96df9e,76/6/to/117/Major/3fc7b07d-4058-4a0a-1f72-08ddcb96df9e
info,non_course_requirement_duplicate,Treat as raw audit noise from repeated non-course requirement labels.,UCLA,University of California Los Angeles,Columbia College,fail,Requirement,duplicate_merged_row,duplicate ASSIST receiving row,multiple ASSIST articulation rows normalize to the same receiving course,,https://assist.org/transfer/results?year=76&institution=10&agreement=117&agreementType=to&viewAgreementsOptions=true&view=agreement&viewBy=major&viewSendingAgreements=false&viewByKey=76%2F10%2Fto%2F117%2FMajor%2F3fc7b07d-4058-4a0a-1f72-08ddcb96df9e,76/10/to/117/Major/3fc7b07d-4058-4a0a-1f72-08ddcb96df9e
info,non_course_requirement_duplicate,Treat as raw audit noise from repeated non-course requirement labels.,UCLA,University of California Los Angeles,Contra Costa College,fail,Requirement,duplicate_merged_row,duplicate ASSIST receiving row,multiple ASSIST articulation rows normalize to the same receiving course,,https://assist.org/transfer/results?year=76&institution=28&agreement=117&agreementType=to&viewAgreementsOptions=true&view=agreement&viewBy=major&viewSendingAgreements=false&viewByKey=76%2F28%2Fto%2F117%2FMajor%2F3fc7b07d-4058-4a0a-1f72-08ddcb96df9e,76/28/to/117/Major/3fc7b07d-4058-4a0a-1f72-08ddcb96df9e
info,non_course_requirement_duplicate,Treat as raw audit noise from repeated non-course requirement labels.,UCLA,University of California Los Angeles,Copper Mountain College,fail,Requirement,duplicate_merged_row,duplicate ASSIST receiving row,multiple ASSIST articulation rows normalize to the same receiving course,,https://assist.org/transfer/results?year=76&institution=112&agreement=117&agreementType=to&viewAgreementsOptions=true&view=agreement&viewBy=major&viewSendingAgreements=false&viewByKey=76%2F112%2Fto%2F117%2FMajor%2F3fc7b07d-4058-4a0a-1f72-08ddcb96df9e,76/112/to/117/Major/3fc7b07d-4058-4a0a-1f72-08ddcb96df9e
info,non_course_requirement_duplicate,Treat as raw audit noise from repeated non-course requirement labels.,UCLA,University of California Los Angeles,Cosumnes River College,fail,Requirement,duplicate_merged_row,duplicate ASSIST receiving row,multiple ASSIST articulation rows normalize to the same receiving course,,https://assist.org/transfer/results?year=76&institution=142&agreement=117&agreementType=to&viewAgreementsOptions=true&view=agreement&viewBy=major&viewSendingAgreements=false&viewByKey=76%2F142%2Fto%2F117%2FMajor%2F3fc7b07d-4058-4a0a-1f72-08ddcb96df9e,76/142/to/117/Major/3fc7b07d-4058-4a0a-1f72-08ddcb96df9e
info,non_course_requirement_duplicate,Treat as raw audit noise from repeated non-course requirement labels.,UCLA,University of California Los Angeles,Crafton Hills College,fail,Requirement,duplicate_merged_row,duplicate ASSIST receiving row,multiple ASSIST articulation rows normalize to the same receiving course,,https://assist.org/transfer/results?year=76&institution=70&agreement=117&agreementType=to&viewAgreementsOptions=true&view=agreement&viewBy=major&viewSendingAgreements=false&viewByKey=76%2F70%2Fto%2F117%2FMajor%2F3fc7b07d-4058-4a0a-1f72-08ddcb96df9e,76/70/to/117/Major/3fc7b07d-4058-4a0a-1f72-08ddcb96df9e
info,non_course_requirement_duplicate,Treat as raw audit noise from repeated non-course requirement labels.,UCLA,University of California Los Angeles,Cypress College,fail,Requirement,duplicate_merged_row,duplicate ASSIST receiving row,multiple ASSIST articulation rows normalize to the same receiving course,,https://assist.org/transfer/results?year=76&institution=71&agreement=117&agreementType=to&viewAgreementsOptions=true&view=agreement&viewBy=major&viewSendingAgreements=false&viewByKey=76%2F71%2Fto%2F117%2FMajor%2F3fc7b07d-4058-4a0a-1f72-08ddcb96df9e,76/71/to/117/Major/3fc7b07d-4058-4a0a-1f72-08ddcb96df9e
info,non_course_requirement_duplicate,Treat as raw audit noise from repeated non-course requirement labels.,UCLA,University of California Los Angeles,De Anza College,fail,Requirement,duplicate_merged_row,duplicate ASSIST receiving row,multiple ASSIST articulation rows normalize to the same receiving course,,https://assist.org/transfer/results?year=76&institution=113&agreement=117&agreementType=to&viewAgreementsOptions=true&view=agreement&viewBy=major&viewSendingAgreements=false&viewByKey=76%2F113%2Fto%2F117%2FMajor%2F3fc7b07d-4058-4a0a-1f72-08ddcb96df9e,76/113/to/117/Major/3fc7b07d-4058-4a0a-1f72-08ddcb96df9e
info,non_course_requirement_duplicate,Treat as raw audit noise from repeated non-course requirement labels.,UCLA,University of California Los Angeles,Diablo Valley College,fail,Requirement,duplicate_merged_row,duplicate ASSIST receiving row,multiple ASSIST articulation rows normalize to the same receiving course,,https://assist.org/transfer/results?year=76&institution=114&agreement=117&agreementType=to&viewAgreementsOptions=true&view=agreement&viewBy=major&viewSendingAgreements=false&viewByKey=76%2F114%2Fto%2F117%2FMajor%2F3fc7b07d-4058-4a0a-1f72-08ddcb96df9e,76/114/to/117/Major/3fc7b07d-4058-4a0a-1f72-08ddcb96df9e
info,non_course_requirement_duplicate,Treat as raw audit noise from repeated non-course requirement labels.,UCLA,University of California Los Angeles,East Los Angeles College,fail,Requirement,duplicate_merged_row,duplicate ASSIST receiving row,multiple ASSIST articulation rows normalize to the same receiving course,,https://assist.org/transfer/results?year=76&institution=118&agreement=117&agreementType=to&viewAgreementsOptions=true&view=agreement&viewBy=major&viewSendingAgreements=false&viewByKey=76%2F118%2Fto%2F117%2FMajor%2F3fc7b07d-4058-4a0a-1f72-08ddcb96df9e,76/118/to/117/Major/3fc7b07d-4058-4a0a-1f72-08ddcb96df9e
info,non_course_requirement_duplicate,Treat as raw audit noise from repeated non-course requirement labels.,UCLA,University of California Los Angeles,El Camino College,fail,Requirement,duplicate_merged_row,duplicate ASSIST receiving row,multiple ASSIST articulation rows normalize to the same receiving course,,https://assist.org/transfer/results?year=76&institution=103&agreement=117&agreementType=to&viewAgreementsOptions=true&view=agreement&viewBy=major&viewSendingAgreements=false&viewByKey=76%2F103%2Fto%2F117%2FMajor%2F3fc7b07d-4058-4a0a-1f72-08ddcb96df9e,76/103/to/117/Major/3fc7b07d-4058-4a0a-1f72-08ddcb96df9e
info,non_course_requirement_duplicate,Treat as raw audit noise from repeated non-course requirement labels.,UCLA,University of California Los Angeles,Evergreen Valley College,fail,Requirement,duplicate_merged_row,duplicate ASSIST receiving row,multiple ASSIST articulation rows normalize to the same receiving course,,https://assist.org/transfer/results?year=76&institution=2&agreement=117&agreementType=to&viewAgreementsOptions=true&view=agreement&viewBy=major&viewSendingAgreements=false&viewByKey=76%2F2%2Fto%2F117%2FMajor%2F3fc7b07d-4058-4a0a-1f72-08ddcb96df9e,76/2/to/117/Major/3fc7b07d-4058-4a0a-1f72-08ddcb96df9e
info,non_course_requirement_duplicate,Treat as raw audit noise from repeated non-course requirement labels.,UCLA,University of California Los Angeles,Foothill College,fail,Requirement,duplicate_merged_row,duplicate ASSIST receiving row,multiple ASSIST articulation rows normalize to the same receiving course,,https://assist.org/transfer/results?year=76&institution=51&agreement=117&agreementType=to&viewAgreementsOptions=true&view=agreement&viewBy=major&viewSendingAgreements=false&viewByKey=76%2F51%2Fto%2F117%2FMajor%2F3fc7b07d-4058-4a0a-1f72-08ddcb96df9e,76/51/to/117/Major/3fc7b07d-4058-4a0a-1f72-08ddcb96df9e
info,non_course_requirement_duplicate,Treat as raw audit noise from repeated non-course requirement labels.,UCLA,University of California Los Angeles,Fresno City College,fail,Requirement,duplicate_merged_row,duplicate ASSIST receiving row,multiple ASSIST articulation rows normalize to the same receiving course,,https://assist.org/transfer/results?year=76&institution=35&agreement=117&agreementType=to&viewAgreementsOptions=true&view=agreement&viewBy=major&viewSendingAgreements=false&viewByKey=76%2F35%2Fto%2F117%2FMajor%2F3fc7b07d-4058-4a0a-1f72-08ddcb96df9e,76/35/to/117/Major/3fc7b07d-4058-4a0a-1f72-08ddcb96df9e
info,non_course_requirement_duplicate,Treat as raw audit noise from repeated non-course requirement labels.,UCLA,University of California Los Angeles,Fullerton College,fail,Requirement,duplicate_merged_row,duplicate ASSIST receiving row,multiple ASSIST articulation rows normalize to the same receiving course,,https://assist.org/transfer/results?year=76&institution=134&agreement=117&agreementType=to&viewAgreementsOptions=true&view=agreement&viewBy=major&viewSendingAgreements=false&viewByKey=76%2F134%2Fto%2F117%2FMajor%2F3fc7b07d-4058-4a0a-1f72-08ddcb96df9e,76/134/to/117/Major/3fc7b07d-4058-4a0a-1f72-08ddcb96df9e
info,non_course_requirement_duplicate,Treat as raw audit noise from repeated non-course requirement labels.,UCLA,University of California Los Angeles,Gavilan College,fail,Requirement,duplicate_merged_row,duplicate ASSIST receiving row,multiple ASSIST articulation rows normalize to the same receiving course,,https://assist.org/transfer/results?year=76&institution=72&agreement=117&agreementType=to&viewAgreementsOptions=true&view=agreement&viewBy=major&viewSendingAgreements=false&viewByKey=76%2F72%2Fto%2F117%2FMajor%2F3fc7b07d-4058-4a0a-1f72-08ddcb96df9e,76/72/to/117/Major/3fc7b07d-4058-4a0a-1f72-08ddcb96df9e
info,non_course_requirement_duplicate,Treat as raw audit noise from repeated non-course requirement labels.,UCLA,University of California Los Angeles,Glendale Community College,fail,Requirement,duplicate_merged_row,duplicate ASSIST receiving row,multiple ASSIST articulation rows normalize to the same receiving course,,https://assist.org/transfer/results?year=76&institution=43&agreement=117&agreementType=to&viewAgreementsOptions=true&view=agreement&viewBy=major&viewSendingAgreements=false&viewByKey=76%2F43%2Fto%2F117%2FMajor%2F3fc7b07d-4058-4a0a-1f72-08ddcb96df9e,76/43/to/117/Major/3fc7b07d-4058-4a0a-1f72-08ddcb96df9e
info,non_course_requirement_duplicate,Treat as raw audit noise from repeated non-course requirement labels.,UCLA,University of California Los Angeles,Golden West College,fail,Requirement,duplicate_merged_row,duplicate ASSIST receiving row,multiple ASSIST articulation rows normalize to the same receiving course,,https://assist.org/transfer/results?year=76&institution=55&agreement=117&agreementType=to&viewAgreementsOptions=true&view=agreement&viewBy=major&viewSendingAgreements=false&viewByKey=76%2F55%2Fto%2F117%2FMajor%2F3fc7b07d-4058-4a0a-1f72-08ddcb96df9e,76/55/to/117/Major/3fc7b07d-4058-4a0a-1f72-08ddcb96df9e
info,non_course_requirement_duplicate,Treat as raw audit noise from repeated non-course requirement labels.,UCLA,University of California Los Angeles,Grossmont College,fail,Requirement,duplicate_merged_row,duplicate ASSIST receiving row,multiple ASSIST articulation rows normalize to the same receiving course,,https://assist.org/transfer/results?year=76&institution=106&agreement=117&agreementType=to&viewAgreementsOptions=true&view=agreement&viewBy=major&viewSendingAgreements=false&viewByKey=76%2F106%2Fto%2F117%2FMajor%2F3fc7b07d-4058-4a0a-1f72-08ddcb96df9e,76/106/to/117/Major/3fc7b07d-4058-4a0a-1f72-08ddcb96df9e
info,non_course_requirement_duplicate,Treat as raw audit noise from repeated non-course requirement labels.,UCLA,University of California Los Angeles,Hartnell College,fail,Requirement,duplicate_merged_row,duplicate ASSIST receiving row,multiple ASSIST articulation rows normalize to the same receiving course,,https://assist.org/transfer/results?year=76&institution=123&agreement=117&agreementType=to&viewAgreementsOptions=true&view=agreement&viewBy=major&viewSendingAgreements=false&viewByKey=76%2F123%2Fto%2F117%2FMajor%2F3fc7b07d-4058-4a0a-1f72-08ddcb96df9e,76/123/to/117/Major/3fc7b07d-4058-4a0a-1f72-08ddcb96df9e
info,non_course_requirement_duplicate,Treat as raw audit noise from repeated non-course requirement labels.,UCLA,University of California Los Angeles,Irvine Valley College,fail,Requirement,duplicate_merged_row,duplicate ASSIST receiving row,multiple ASSIST articulation rows normalize to the same receiving course,,https://assist.org/transfer/results?year=76&institution=124&agreement=117&agreementType=to&viewAgreementsOptions=true&view=agreement&viewBy=major&viewSendingAgreements=false&viewByKey=76%2F124%2Fto%2F117%2FMajor%2F3fc7b07d-4058-4a0a-1f72-08ddcb96df9e,76/124/to/117/Major/3fc7b07d-4058-4a0a-1f72-08ddcb96df9e
info,non_course_requirement_duplicate,Treat as raw audit noise from repeated non-course requirement labels.,UCLA,University of California Los Angeles,Lake Tahoe Community College,fail,Requirement,duplicate_merged_row,duplicate ASSIST receiving row,multiple ASSIST articulation rows normalize to the same receiving course,,https://assist.org/transfer/results?year=76&institution=40&agreement=117&agreementType=to&viewAgreementsOptions=true&view=agreement&viewBy=major&viewSendingAgreements=false&viewByKey=76%2F40%2Fto%2F117%2FMajor%2F3fc7b07d-4058-4a0a-1f72-08ddcb96df9e,76/40/to/117/Major/3fc7b07d-4058-4a0a-1f72-08ddcb96df9e
info,non_course_requirement_duplicate,Treat as raw audit noise from repeated non-course requirement labels.,UCLA,University of California Los Angeles,Laney College,fail,Requirement,duplicate_merged_row,duplicate ASSIST receiving row,multiple ASSIST articulation rows normalize to the same receiving course,,https://assist.org/transfer/results?year=76&institution=77&agreement=117&agreementType=to&viewAgreementsOptions=true&view=agreement&viewBy=major&viewSendingAgreements=false&viewByKey=76%2F77%2Fto%2F117%2FMajor%2F3fc7b07d-4058-4a0a-1f72-08ddcb96df9e,76/77/to/117/Major/3fc7b07d-4058-4a0a-1f72-08ddcb96df9e
info,non_course_requirement_duplicate,Treat as raw audit noise from repeated non-course requirement labels.,UCLA,University of California Los Angeles,Las Positas College,fail,Requirement,duplicate_merged_row,duplicate ASSIST receiving row,multiple ASSIST articulation rows normalize to the same receiving course,,https://assist.org/transfer/results?year=76&institution=18&agreement=117&agreementType=to&viewAgreementsOptions=true&view=agreement&viewBy=major&viewSendingAgreements=false&viewByKey=76%2F18%2Fto%2F117%2FMajor%2F3fc7b07d-4058-4a0a-1f72-08ddcb96df9e,76/18/to/117/Major/3fc7b07d-4058-4a0a-1f72-08ddcb96df9e
info,non_course_requirement_duplicate,Treat as raw audit noise from repeated non-course requirement labels.,UCLA,University of California Los Angeles,Long Beach City College,fail,Requirement,duplicate_merged_row,duplicate ASSIST receiving row,multiple ASSIST articulation rows normalize to the same receiving course,,https://assist.org/transfer/results?year=76&institution=135&agreement=117&agreementType=to&viewAgreementsOptions=true&view=agreement&viewBy=major&viewSendingAgreements=false&viewByKey=76%2F135%2Fto%2F117%2FMajor%2F3fc7b07d-4058-4a0a-1f72-08ddcb96df9e,76/135/to/117/Major/3fc7b07d-4058-4a0a-1f72-08ddcb96df9e
info,non_course_requirement_duplicate,Treat as raw audit noise from repeated non-course requirement labels.,UCLA,University of California Los Angeles,Los Angeles City College,fail,Requirement,duplicate_merged_row,duplicate ASSIST receiving row,multiple ASSIST articulation rows normalize to the same receiving course,,https://assist.org/transfer/results?year=76&institution=3&agreement=117&agreementType=to&viewAgreementsOptions=true&view=agreement&viewBy=major&viewSendingAgreements=false&viewByKey=76%2F3%2Fto%2F117%2FMajor%2F3fc7b07d-4058-4a0a-1f72-08ddcb96df9e,76/3/to/117/Major/3fc7b07d-4058-4a0a-1f72-08ddcb96df9e
info,non_course_requirement_duplicate,Treat as raw audit noise from repeated non-course requirement labels.,UCLA,University of California Los Angeles,Los Angeles Pierce College,fail,Requirement,duplicate_merged_row,duplicate ASSIST receiving row,multiple ASSIST articulation rows normalize to the same receiving course,,https://assist.org/transfer/results?year=76&institution=86&agreement=117&agreementType=to&viewAgreementsOptions=true&view=agreement&viewBy=major&viewSendingAgreements=false&viewByKey=76%2F86%2Fto%2F117%2FMajor%2F3fc7b07d-4058-4a0a-1f72-08ddcb96df9e,76/86/to/117/Major/3fc7b07d-4058-4a0a-1f72-08ddcb96df9e
info,non_course_requirement_duplicate,Treat as raw audit noise from repeated non-course requirement labels.,UCLA,University of California Los Angeles,Los Angeles Trade Technical College,fail,Requirement,duplicate_merged_row,duplicate ASSIST receiving row,multiple ASSIST articulation rows normalize to the same receiving course,,https://assist.org/transfer/results?year=76&institution=25&agreement=117&agreementType=to&viewAgreementsOptions=true&view=agreement&viewBy=major&viewSendingAgreements=false&viewByKey=76%2F25%2Fto%2F117%2FMajor%2F3fc7b07d-4058-4a0a-1f72-08ddcb96df9e,76/25/to/117/Major/3fc7b07d-4058-4a0a-1f72-08ddcb96df9e
info,non_course_requirement_duplicate,Treat as raw audit noise from repeated non-course requirement labels.,UCLA,University of California Los Angeles,Los Angeles Valley College,fail,Requirement,duplicate_merged_row,duplicate ASSIST receiving row,multiple ASSIST articulation rows normalize to the same receiving course,,https://assist.org/transfer/results?year=76&institution=44&agreement=117&agreementType=to&viewAgreementsOptions=true&view=agreement&viewBy=major&viewSendingAgreements=false&viewByKey=76%2F44%2Fto%2F117%2FMajor%2F3fc7b07d-4058-4a0a-1f72-08ddcb96df9e,76/44/to/117/Major/3fc7b07d-4058-4a0a-1f72-08ddcb96df9e
info,non_course_requirement_duplicate,Treat as raw audit noise from repeated non-course requirement labels.,UCLA,University of California Los Angeles,Madera Community College,fail,Requirement,duplicate_merged_row,duplicate ASSIST receiving row,multiple ASSIST articulation rows normalize to the same receiving course,,https://assist.org/transfer/results?year=76&institution=200&agreement=117&agreementType=to&viewAgreementsOptions=true&view=agreement&viewBy=major&viewSendingAgreements=false&viewByKey=76%2F200%2Fto%2F117%2FMajor%2F3fc7b07d-4058-4a0a-1f72-08ddcb96df9e,76/200/to/117/Major/3fc7b07d-4058-4a0a-1f72-08ddcb96df9e
info,non_course_requirement_duplicate,Treat as raw audit noise from repeated non-course requirement labels.,UCLA,University of California Los Angeles,Mission College,fail,Requirement,duplicate_merged_row,duplicate ASSIST receiving row,multiple ASSIST articulation rows normalize to the same receiving course,,https://assist.org/transfer/results?year=76&institution=32&agreement=117&agreementType=to&viewAgreementsOptions=true&view=agreement&viewBy=major&viewSendingAgreements=false&viewByKey=76%2F32%2Fto%2F117%2FMajor%2F3fc7b07d-4058-4a0a-1f72-08ddcb96df9e,76/32/to/117/Major/3fc7b07d-4058-4a0a-1f72-08ddcb96df9e
info,non_course_requirement_duplicate,Treat as raw audit noise from repeated non-course requirement labels.,UCLA,University of California Los Angeles,Monterey Peninsula College,fail,Requirement,duplicate_merged_row,duplicate ASSIST receiving row,multiple ASSIST articulation rows normalize to the same receiving course,,https://assist.org/transfer/results?year=76&institution=133&agreement=117&agreementType=to&viewAgreementsOptions=true&view=agreement&viewBy=major&viewSendingAgreements=false&viewByKey=76%2F133%2Fto%2F117%2FMajor%2F3fc7b07d-4058-4a0a-1f72-08ddcb96df9e,76/133/to/117/Major/3fc7b07d-4058-4a0a-1f72-08ddcb96df9e
info,non_course_requirement_duplicate,Treat as raw audit noise from repeated non-course requirement labels.,UCLA,University of California Los Angeles,Moorpark College,fail,Requirement,duplicate_merged_row,duplicate ASSIST receiving row,multiple ASSIST articulation rows normalize to the same receiving course,,https://assist.org/transfer/results?year=76&institution=139&agreement=117&agreementType=to&viewAgreementsOptions=true&view=agreement&viewBy=major&viewSendingAgreements=false&viewByKey=76%2F139%2Fto%2F117%2FMajor%2F3fc7b07d-4058-4a0a-1f72-08ddcb96df9e,76/139/to/117/Major/3fc7b07d-4058-4a0a-1f72-08ddcb96df9e
info,non_course_requirement_duplicate,Treat as raw audit noise from repeated non-course requirement labels.,UCLA,University of California Los Angeles,Moreno Valley College,fail,Requirement,duplicate_merged_row,duplicate ASSIST receiving row,multiple ASSIST articulation rows normalize to the same receiving course,,https://assist.org/transfer/results?year=76&institution=149&agreement=117&agreementType=to&viewAgreementsOptions=true&view=agreement&viewBy=major&viewSendingAgreements=false&viewByKey=76%2F149%2Fto%2F117%2FMajor%2F3fc7b07d-4058-4a0a-1f72-08ddcb96df9e,76/149/to/117/Major/3fc7b07d-4058-4a0a-1f72-08ddcb96df9e
info,non_course_requirement_duplicate,Treat as raw audit noise from repeated non-course requirement labels.,UCLA,University of California Los Angeles,Mount San Antonio College,fail,Requirement,duplicate_merged_row,duplicate ASSIST receiving row,multiple ASSIST articulation rows normalize to the same receiving course,,https://assist.org/transfer/results?year=76&institution=62&agreement=117&agreementType=to&viewAgreementsOptions=true&view=agreement&viewBy=major&viewSendingAgreements=false&viewByKey=76%2F62%2Fto%2F117%2FMajor%2F3fc7b07d-4058-4a0a-1f72-08ddcb96df9e,76/62/to/117/Major/3fc7b07d-4058-4a0a-1f72-08ddcb96df9e
info,non_course_requirement_duplicate,Treat as raw audit noise from repeated non-course requirement labels.,UCLA,University of California Los Angeles,Mt. San Jacinto College,fail,Requirement,duplicate_merged_row,duplicate ASSIST receiving row,multiple ASSIST articulation rows normalize to the same receiving course,,https://assist.org/transfer/results?year=76&institution=53&agreement=117&agreementType=to&viewAgreementsOptions=true&view=agreement&viewBy=major&viewSendingAgreements=false&viewByKey=76%2F53%2Fto%2F117%2FMajor%2F3fc7b07d-4058-4a0a-1f72-08ddcb96df9e,76/53/to/117/Major/3fc7b07d-4058-4a0a-1f72-08ddcb96df9e
info,non_course_requirement_duplicate,Treat as raw audit noise from repeated non-course requirement labels.,UCLA,University of California Los Angeles,Norco College,fail,Requirement,duplicate_merged_row,duplicate ASSIST receiving row,multiple ASSIST articulation rows normalize to the same receiving course,,https://assist.org/transfer/results?year=76&institution=148&agreement=117&agreementType=to&viewAgreementsOptions=true&view=agreement&viewBy=major&viewSendingAgreements=false&viewByKey=76%2F148%2Fto%2F117%2FMajor%2F3fc7b07d-4058-4a0a-1f72-08ddcb96df9e,76/148/to/117/Major/3fc7b07d-4058-4a0a-1f72-08ddcb96df9e
info,non_course_requirement_duplicate,Treat as raw audit noise from repeated non-course requirement labels.,UCLA,University of California Los Angeles,Ohlone College,fail,Requirement,duplicate_merged_row,duplicate ASSIST receiving row,multiple ASSIST articulation rows normalize to the same receiving course,,https://assist.org/transfer/results?year=76&institution=48&agreement=117&agreementType=to&viewAgreementsOptions=true&view=agreement&viewBy=major&viewSendingAgreements=false&viewByKey=76%2F48%2Fto%2F117%2FMajor%2F3fc7b07d-4058-4a0a-1f72-08ddcb96df9e,76/48/to/117/Major/3fc7b07d-4058-4a0a-1f72-08ddcb96df9e
info,non_course_requirement_duplicate,Treat as raw audit noise from repeated non-course requirement labels.,UCLA,University of California Los Angeles,Orange Coast College,fail,Requirement,duplicate_merged_row,duplicate ASSIST receiving row,multiple ASSIST articulation rows normalize to the same receiving course,,https://assist.org/transfer/results?year=76&institution=74&agreement=117&agreementType=to&viewAgreementsOptions=true&view=agreement&viewBy=major&viewSendingAgreements=false&viewByKey=76%2F74%2Fto%2F117%2FMajor%2F3fc7b07d-4058-4a0a-1f72-08ddcb96df9e,76/74/to/117/Major/3fc7b07d-4058-4a0a-1f72-08ddcb96df9e
info,non_course_requirement_duplicate,Treat as raw audit noise from repeated non-course requirement labels.,UCLA,University of California Los Angeles,Palomar College,fail,Requirement,duplicate_merged_row,duplicate ASSIST receiving row,multiple ASSIST articulation rows normalize to the same receiving course,,https://assist.org/transfer/results?year=76&institution=56&agreement=117&agreementType=to&viewAgreementsOptions=true&view=agreement&viewBy=major&viewSendingAgreements=false&viewByKey=76%2F56%2Fto%2F117%2FMajor%2F3fc7b07d-4058-4a0a-1f72-08ddcb96df9e,76/56/to/117/Major/3fc7b07d-4058-4a0a-1f72-08ddcb96df9e
info,non_course_requirement_duplicate,Treat as raw audit noise from repeated non-course requirement labels.,UCLA,University of California Los Angeles,Pasadena City College,fail,Requirement,duplicate_merged_row,duplicate ASSIST receiving row,multiple ASSIST articulation rows normalize to the same receiving course,,https://assist.org/transfer/results?year=76&institution=49&agreement=117&agreementType=to&viewAgreementsOptions=true&view=agreement&viewBy=major&viewSendingAgreements=false&viewByKey=76%2F49%2Fto%2F117%2FMajor%2F3fc7b07d-4058-4a0a-1f72-08ddcb96df9e,76/49/to/117/Major/3fc7b07d-4058-4a0a-1f72-08ddcb96df9e
info,non_course_requirement_duplicate,Treat as raw audit noise from repeated non-course requirement labels.,UCLA,University of California Los Angeles,Reedley College,fail,Requirement,duplicate_merged_row,duplicate ASSIST receiving row,multiple ASSIST articulation rows normalize to the same receiving course,,https://assist.org/transfer/results?year=76&institution=36&agreement=117&agreementType=to&viewAgreementsOptions=true&view=agreement&viewBy=major&viewSendingAgreements=false&viewByKey=76%2F36%2Fto%2F117%2FMajor%2F3fc7b07d-4058-4a0a-1f72-08ddcb96df9e,76/36/to/117/Major/3fc7b07d-4058-4a0a-1f72-08ddcb96df9e
info,non_course_requirement_duplicate,Treat as raw audit noise from repeated non-course requirement labels.,UCLA,University of California Los Angeles,Rio Hondo College,fail,Requirement,duplicate_merged_row,duplicate ASSIST receiving row,multiple ASSIST articulation rows normalize to the same receiving course,,https://assist.org/transfer/results?year=76&institution=64&agreement=117&agreementType=to&viewAgreementsOptions=true&view=agreement&viewBy=major&viewSendingAgreements=false&viewByKey=76%2F64%2Fto%2F117%2FMajor%2F3fc7b07d-4058-4a0a-1f72-08ddcb96df9e,76/64/to/117/Major/3fc7b07d-4058-4a0a-1f72-08ddcb96df9e
info,non_course_requirement_duplicate,Treat as raw audit noise from repeated non-course requirement labels.,UCLA,University of California Los Angeles,Riverside City College,fail,Requirement,duplicate_merged_row,duplicate ASSIST receiving row,multiple ASSIST articulation rows normalize to the same receiving course,,https://assist.org/transfer/results?year=76&institution=78&agreement=117&agreementType=to&viewAgreementsOptions=true&view=agreement&viewBy=major&viewSendingAgreements=false&viewByKey=76%2F78%2Fto%2F117%2FMajor%2F3fc7b07d-4058-4a0a-1f72-08ddcb96df9e,76/78/to/117/Major/3fc7b07d-4058-4a0a-1f72-08ddcb96df9e
info,non_course_requirement_duplicate,Treat as raw audit noise from repeated non-course requirement labels.,UCLA,University of California Los Angeles,Sacramento City College,fail,Requirement,duplicate_merged_row,duplicate ASSIST receiving row,multiple ASSIST articulation rows normalize to the same receiving course,,https://assist.org/transfer/results?year=76&institution=126&agreement=117&agreementType=to&viewAgreementsOptions=true&view=agreement&viewBy=major&viewSendingAgreements=false&viewByKey=76%2F126%2Fto%2F117%2FMajor%2F3fc7b07d-4058-4a0a-1f72-08ddcb96df9e,76/126/to/117/Major/3fc7b07d-4058-4a0a-1f72-08ddcb96df9e
info,non_course_requirement_duplicate,Treat as raw audit noise from repeated non-course requirement labels.,UCLA,University of California Los Angeles,Saddleback College,fail,Requirement,duplicate_merged_row,duplicate ASSIST receiving row,multiple ASSIST articulation rows normalize to the same receiving course,,https://assist.org/transfer/results?year=76&institution=65&agreement=117&agreementType=to&viewAgreementsOptions=true&view=agreement&viewBy=major&viewSendingAgreements=false&viewByKey=76%2F65%2Fto%2F117%2FMajor%2F3fc7b07d-4058-4a0a-1f72-08ddcb96df9e,76/65/to/117/Major/3fc7b07d-4058-4a0a-1f72-08ddcb96df9e
info,non_course_requirement_duplicate,Treat as raw audit noise from repeated non-course requirement labels.,UCLA,University of California Los Angeles,San Bernardino Valley College,fail,Requirement,duplicate_merged_row,duplicate ASSIST receiving row,multiple ASSIST articulation rows normalize to the same receiving course,,https://assist.org/transfer/results?year=76&institution=131&agreement=117&agreementType=to&viewAgreementsOptions=true&view=agreement&viewBy=major&viewSendingAgreements=false&viewByKey=76%2F131%2Fto%2F117%2FMajor%2F3fc7b07d-4058-4a0a-1f72-08ddcb96df9e,76/131/to/117/Major/3fc7b07d-4058-4a0a-1f72-08ddcb96df9e
info,non_course_requirement_duplicate,Treat as raw audit noise from repeated non-course requirement labels.,UCLA,University of California Los Angeles,San Diego City College,fail,Requirement,duplicate_merged_row,duplicate ASSIST receiving row,multiple ASSIST articulation rows normalize to the same receiving course,,https://assist.org/transfer/results?year=76&institution=54&agreement=117&agreementType=to&viewAgreementsOptions=true&view=agreement&viewBy=major&viewSendingAgreements=false&viewByKey=76%2F54%2Fto%2F117%2FMajor%2F3fc7b07d-4058-4a0a-1f72-08ddcb96df9e,76/54/to/117/Major/3fc7b07d-4058-4a0a-1f72-08ddcb96df9e
info,non_course_requirement_duplicate,Treat as raw audit noise from repeated non-course requirement labels.,UCLA,University of California Los Angeles,San Diego Mesa College,fail,Requirement,duplicate_merged_row,duplicate ASSIST receiving row,multiple ASSIST articulation rows normalize to the same receiving course,,https://assist.org/transfer/results?year=76&institution=101&agreement=117&agreementType=to&viewAgreementsOptions=true&view=agreement&viewBy=major&viewSendingAgreements=false&viewByKey=76%2F101%2Fto%2F117%2FMajor%2F3fc7b07d-4058-4a0a-1f72-08ddcb96df9e,76/101/to/117/Major/3fc7b07d-4058-4a0a-1f72-08ddcb96df9e
info,non_course_requirement_duplicate,Treat as raw audit noise from repeated non-course requirement labels.,UCLA,University of California Los Angeles,San Diego Miramar College,fail,Requirement,duplicate_merged_row,duplicate ASSIST receiving row,multiple ASSIST articulation rows normalize to the same receiving course,,https://assist.org/transfer/results?year=76&institution=45&agreement=117&agreementType=to&viewAgreementsOptions=true&view=agreement&viewBy=major&viewSendingAgreements=false&viewByKey=76%2F45%2Fto%2F117%2FMajor%2F3fc7b07d-4058-4a0a-1f72-08ddcb96df9e,76/45/to/117/Major/3fc7b07d-4058-4a0a-1f72-08ddcb96df9e
info,non_course_requirement_duplicate,Treat as raw audit noise from repeated non-course requirement labels.,UCLA,University of California Los Angeles,San Jose City College,fail,Requirement,duplicate_merged_row,duplicate ASSIST receiving row,multiple ASSIST articulation rows normalize to the same receiving course,,https://assist.org/transfer/results?year=76&institution=136&agreement=117&agreementType=to&viewAgreementsOptions=true&view=agreement&viewBy=major&viewSendingAgreements=false&viewByKey=76%2F136%2Fto%2F117%2FMajor%2F3fc7b07d-4058-4a0a-1f72-08ddcb96df9e,76/136/to/117/Major/3fc7b07d-4058-4a0a-1f72-08ddcb96df9e
info,non_course_requirement_duplicate,Treat as raw audit noise from repeated non-course requirement labels.,UCLA,University of California Los Angeles,Santa Ana College,fail,Requirement,duplicate_merged_row,duplicate ASSIST receiving row,multiple ASSIST articulation rows normalize to the same receiving course,,https://assist.org/transfer/results?year=76&institution=14&agreement=117&agreementType=to&viewAgreementsOptions=true&view=agreement&viewBy=major&viewSendingAgreements=false&viewByKey=76%2F14%2Fto%2F117%2FMajor%2F3fc7b07d-4058-4a0a-1f72-08ddcb96df9e,76/14/to/117/Major/3fc7b07d-4058-4a0a-1f72-08ddcb96df9e
info,non_course_requirement_duplicate,Treat as raw audit noise from repeated non-course requirement labels.,UCLA,University of California Los Angeles,Santa Barbara City College,fail,Requirement,duplicate_merged_row,duplicate ASSIST receiving row,multiple ASSIST articulation rows normalize to the same receiving course,,https://assist.org/transfer/results?year=76&institution=92&agreement=117&agreementType=to&viewAgreementsOptions=true&view=agreement&viewBy=major&viewSendingAgreements=false&viewByKey=76%2F92%2Fto%2F117%2FMajor%2F3fc7b07d-4058-4a0a-1f72-08ddcb96df9e,76/92/to/117/Major/3fc7b07d-4058-4a0a-1f72-08ddcb96df9e
info,non_course_requirement_duplicate,Treat as raw audit noise from repeated non-course requirement labels.,UCLA,University of California Los Angeles,Santa Monica College,fail,Requirement,duplicate_merged_row,duplicate ASSIST receiving row,multiple ASSIST articulation rows normalize to the same receiving course,,https://assist.org/transfer/results?year=76&institution=137&agreement=117&agreementType=to&viewAgreementsOptions=true&view=agreement&viewBy=major&viewSendingAgreements=false&viewByKey=76%2F137%2Fto%2F117%2FMajor%2F3fc7b07d-4058-4a0a-1f72-08ddcb96df9e,76/137/to/117/Major/3fc7b07d-4058-4a0a-1f72-08ddcb96df9e
info,non_course_requirement_duplicate,Treat as raw audit noise from repeated non-course requirement labels.,UCLA,University of California Los Angeles,Santa Rosa Junior College,fail,Requirement,duplicate_merged_row,duplicate ASSIST receiving row,multiple ASSIST articulation rows normalize to the same receiving course,,https://assist.org/transfer/results?year=76&institution=57&agreement=117&agreementType=to&viewAgreementsOptions=true&view=agreement&viewBy=major&viewSendingAgreements=false&viewByKey=76%2F57%2Fto%2F117%2FMajor%2F3fc7b07d-4058-4a0a-1f72-08ddcb96df9e,76/57/to/117/Major/3fc7b07d-4058-4a0a-1f72-08ddcb96df9e
info,non_course_requirement_duplicate,Treat as raw audit noise from repeated non-course requirement labels.,UCLA,University of California Los Angeles,Santiago Canyon College,fail,Requirement,duplicate_merged_row,duplicate ASSIST receiving row,multiple ASSIST articulation rows normalize to the same receiving course,,https://assist.org/transfer/results?year=76&institution=66&agreement=117&agreementType=to&viewAgreementsOptions=true&view=agreement&viewBy=major&viewSendingAgreements=false&viewByKey=76%2F66%2Fto%2F117%2FMajor%2F3fc7b07d-4058-4a0a-1f72-08ddcb96df9e,76/66/to/117/Major/3fc7b07d-4058-4a0a-1f72-08ddcb96df9e
info,non_course_requirement_duplicate,Treat as raw audit noise from repeated non-course requirement labels.,UCLA,University of California Los Angeles,Shasta College,fail,Requirement,duplicate_merged_row,duplicate ASSIST receiving row,multiple ASSIST articulation rows normalize to the same receiving course,,https://assist.org/transfer/results?year=76&institution=38&agreement=117&agreementType=to&viewAgreementsOptions=true&view=agreement&viewBy=major&viewSendingAgreements=false&viewByKey=76%2F38%2Fto%2F117%2FMajor%2F3fc7b07d-4058-4a0a-1f72-08ddcb96df9e,76/38/to/117/Major/3fc7b07d-4058-4a0a-1f72-08ddcb96df9e
info,non_course_requirement_duplicate,Treat as raw audit noise from repeated non-course requirement labels.,UCLA,University of California Los Angeles,Sierra College,fail,Requirement,duplicate_merged_row,duplicate ASSIST receiving row,multiple ASSIST articulation rows normalize to the same receiving course,,https://assist.org/transfer/results?year=76&institution=93&agreement=117&agreementType=to&viewAgreementsOptions=true&view=agreement&viewBy=major&viewSendingAgreements=false&viewByKey=76%2F93%2Fto%2F117%2FMajor%2F3fc7b07d-4058-4a0a-1f72-08ddcb96df9e,76/93/to/117/Major/3fc7b07d-4058-4a0a-1f72-08ddcb96df9e
info,non_course_requirement_duplicate,Treat as raw audit noise from repeated non-course requirement labels.,UCLA,University of California Los Angeles,Skyline College,fail,Requirement,duplicate_merged_row,duplicate ASSIST receiving row,multiple ASSIST articulation rows normalize to the same receiving course,,https://assist.org/transfer/results?year=76&institution=127&agreement=117&agreementType=to&viewAgreementsOptions=true&view=agreement&viewBy=major&viewSendingAgreements=false&viewByKey=76%2F127%2Fto%2F117%2FMajor%2F3fc7b07d-4058-4a0a-1f72-08ddcb96df9e,76/127/to/117/Major/3fc7b07d-4058-4a0a-1f72-08ddcb96df9e
info,non_course_requirement_duplicate,Treat as raw audit noise from repeated non-course requirement labels.,UCLA,University of California Los Angeles,Southwestern College,fail,Requirement,duplicate_merged_row,duplicate ASSIST receiving row,multiple ASSIST articulation rows normalize to the same receiving course,,https://assist.org/transfer/results?year=76&institution=138&agreement=117&agreementType=to&viewAgreementsOptions=true&view=agreement&viewBy=major&viewSendingAgreements=false&viewByKey=76%2F138%2Fto%2F117%2FMajor%2F3fc7b07d-4058-4a0a-1f72-08ddcb96df9e,76/138/to/117/Major/3fc7b07d-4058-4a0a-1f72-08ddcb96df9e
info,non_course_requirement_duplicate,Treat as raw audit noise from repeated non-course requirement labels.,UCLA,University of California Los Angeles,Ventura College,fail,Requirement,duplicate_merged_row,duplicate ASSIST receiving row,multiple ASSIST articulation rows normalize to the same receiving course,,https://assist.org/transfer/results?year=76&institution=95&agreement=117&agreementType=to&viewAgreementsOptions=true&view=agreement&viewBy=major&viewSendingAgreements=false&viewByKey=76%2F95%2Fto%2F117%2FMajor%2F3fc7b07d-4058-4a0a-1f72-08ddcb96df9e,76/95/to/117/Major/3fc7b07d-4058-4a0a-1f72-08ddcb96df9e
info,non_course_requirement_duplicate,Treat as raw audit noise from repeated non-course requirement labels.,UCLA,University of California Los Angeles,Victor Valley College,fail,Requirement,duplicate_merged_row,duplicate ASSIST receiving row,multiple ASSIST articulation rows normalize to the same receiving course,,https://assist.org/transfer/results?year=76&institution=19&agreement=117&agreementType=to&viewAgreementsOptions=true&view=agreement&viewBy=major&viewSendingAgreements=false&viewByKey=76%2F19%2Fto%2F117%2FMajor%2F3fc7b07d-4058-4a0a-1f72-08ddcb96df9e,76/19/to/117/Major/3fc7b07d-4058-4a0a-1f72-08ddcb96df9e
info,non_course_requirement_duplicate,Treat as raw audit noise from repeated non-course requirement labels.,UCLA,University of California Los Angeles,West Hills College Lemoore,fail,Requirement,duplicate_merged_row,duplicate ASSIST receiving row,multiple ASSIST articulation rows normalize to the same receiving course,,https://assist.org/transfer/results?year=76&institution=146&agreement=117&agreementType=to&viewAgreementsOptions=true&view=agreement&viewBy=major&viewSendingAgreements=false&viewByKey=76%2F146%2Fto%2F117%2FMajor%2F3fc7b07d-4058-4a0a-1f72-08ddcb96df9e,76/146/to/117/Major/3fc7b07d-4058-4a0a-1f72-08ddcb96df9e
info,non_course_requirement_duplicate,Treat as raw audit noise from repeated non-course requirement labels.,UCLA,University of California Los Angeles,Yuba College,fail,Requirement,duplicate_merged_row,duplicate ASSIST receiving row,multiple ASSIST articulation rows normalize to the same receiving course,,https://assist.org/transfer/results?year=76&institution=90&agreement=117&agreementType=to&viewAgreementsOptions=true&view=agreement&viewBy=major&viewSendingAgreements=false&viewByKey=76%2F90%2Fto%2F117%2FMajor%2F3fc7b07d-4058-4a0a-1f72-08ddcb96df9e,76/90/to/117/Major/3fc7b07d-4058-4a0a-1f72-08ddcb96df9e
info,non_course_requirement_placeholder,Treat as raw audit noise unless it maps to a CS requirement used downstream.,UCLA,University of California Los Angeles,Allan Hancock College,fail,<blank>,unexpected_row,unexpected raw CSV row,,[['CS 111 (4.00)']],https://assist.org/transfer/results?year=76&institution=110&agreement=117&agreementType=to&viewAgreementsOptions=true&view=agreement&viewBy=major&viewSendingAgreements=false&viewByKey=76%2F110%2Fto%2F117%2FMajor%2F3fc7b07d-4058-4a0a-1f72-08ddcb96df9e,76/110/to/117/Major/3fc7b07d-4058-4a0a-1f72-08ddcb96df9e
info,non_course_requirement_placeholder,Treat as raw audit noise unless it maps to a CS requirement used downstream.,UCLA,University of California Los Angeles,American River College,fail,<blank>,unexpected_row,unexpected raw CSV row,,[['CISP 400 (4.00)']],https://assist.org/transfer/results?year=76&institution=27&agreement=117&agreementType=to&viewAgreementsOptions=true&view=agreement&viewBy=major&viewSendingAgreements=false&viewByKey=76%2F27%2Fto%2F117%2FMajor%2F3fc7b07d-4058-4a0a-1f72-08ddcb96df9e,76/27/to/117/Major/3fc7b07d-4058-4a0a-1f72-08ddcb96df9e
info,non_course_requirement_placeholder,Treat as raw audit noise unless it maps to a CS requirement used downstream.,UCLA,University of California Los Angeles,Antelope Valley College,fail,<blank>,unexpected_row,unexpected raw CSV row,,[['Not Articulated']],https://assist.org/transfer/results?year=76&institution=121&agreement=117&agreementType=to&viewAgreementsOptions=true&view=agreement&viewBy=major&viewSendingAgreements=false&viewByKey=76%2F121%2Fto%2F117%2FMajor%2F3fc7b07d-4058-4a0a-1f72-08ddcb96df9e,76/121/to/117/Major/3fc7b07d-4058-4a0a-1f72-08ddcb96df9e
info,non_course_requirement_placeholder,Treat as raw audit noise unless it maps to a CS requirement used downstream.,UCLA,University of California Los Angeles,Bakersfield College,fail,<blank>,unexpected_row,unexpected raw CSV row,,"[['COMP B12 (3.00)'], ['ENGR B19C (4.00)']]",https://assist.org/transfer/results?year=76&institution=84&agreement=117&agreementType=to&viewAgreementsOptions=true&view=agreement&viewBy=major&viewSendingAgreements=false&viewByKey=76%2F84%2Fto%2F117%2FMajor%2F3fc7b07d-4058-4a0a-1f72-08ddcb96df9e,76/84/to/117/Major/3fc7b07d-4058-4a0a-1f72-08ddcb96df9e
info,non_course_requirement_placeholder,Treat as raw audit noise unless it maps to a CS requirement used downstream.,UCLA,University of California Los Angeles,Barstow Community College,fail,<blank>,unexpected_row,unexpected raw CSV row,,[['Not Articulated']],https://assist.org/transfer/results?year=76&institution=20&agreement=117&agreementType=to&viewAgreementsOptions=true&view=agreement&viewBy=major&viewSendingAgreements=false&viewByKey=76%2F20%2Fto%2F117%2FMajor%2F3fc7b07d-4058-4a0a-1f72-08ddcb96df9e,76/20/to/117/Major/3fc7b07d-4058-4a0a-1f72-08ddcb96df9e
info,non_course_requirement_placeholder,Treat as raw audit noise unless it maps to a CS requirement used downstream.,UCLA,University of California Los Angeles,Berkeley City College,fail,<blank>,unexpected_row,unexpected raw CSV row,,[['Not Articulated']],https://assist.org/transfer/results?year=76&institution=58&agreement=117&agreementType=to&viewAgreementsOptions=true&view=agreement&viewBy=major&viewSendingAgreements=false&viewByKey=76%2F58%2Fto%2F117%2FMajor%2F3fc7b07d-4058-4a0a-1f72-08ddcb96df9e,76/58/to/117/Major/3fc7b07d-4058-4a0a-1f72-08ddcb96df9e
info,non_course_requirement_placeholder,Treat as raw audit noise unless it maps to a CS requirement used downstream.,UCLA,University of California Los Angeles,Butte College,fail,<blank>,unexpected_row,unexpected raw CSV row,,"[['CSCI 20 (3.00)', 'CSCI 21 (3.00)']]",https://assist.org/transfer/results?year=76&institution=8&agreement=117&agreementType=to&viewAgreementsOptions=true&view=agreement&viewBy=major&viewSendingAgreements=false&viewByKey=76%2F8%2Fto%2F117%2FMajor%2F3fc7b07d-4058-4a0a-1f72-08ddcb96df9e,76/8/to/117/Major/3fc7b07d-4058-4a0a-1f72-08ddcb96df9e
info,non_course_requirement_placeholder,Treat as raw audit noise unless it maps to a CS requirement used downstream.,UCLA,University of California Los Angeles,Cabrillo College,fail,<blank>,unexpected_row,unexpected raw CSV row,,[['CS 11 (4.00)']],https://assist.org/transfer/results?year=76&institution=41&agreement=117&agreementType=to&viewAgreementsOptions=true&view=agreement&viewBy=major&viewSendingAgreements=false&viewByKey=76%2F41%2Fto%2F117%2FMajor%2F3fc7b07d-4058-4a0a-1f72-08ddcb96df9e,76/41/to/117/Major/3fc7b07d-4058-4a0a-1f72-08ddcb96df9e
info,non_course_requirement_placeholder,Treat as raw audit noise unless it maps to a CS requirement used downstream.,UCLA,University of California Los Angeles,Canada College,fail,<blank>,unexpected_row,unexpected raw CSV row,,[['CIS 250 (3.00)']],https://assist.org/transfer/results?year=76&institution=68&agreement=117&agreementType=to&viewAgreementsOptions=true&view=agreement&viewBy=major&viewSendingAgreements=false&viewByKey=76%2F68%2Fto%2F117%2FMajor%2F3fc7b07d-4058-4a0a-1f72-08ddcb96df9e,76/68/to/117/Major/3fc7b07d-4058-4a0a-1f72-08ddcb96df9e
info,non_course_requirement_placeholder,Treat as raw audit noise unless it maps to a CS requirement used downstream.,UCLA,University of California Los Angeles,Cerritos College,fail,<blank>,unexpected_row,unexpected raw CSV row,,"[['CIS 180 (3.50)'], ['CIS 280X (3.50)']]",https://assist.org/transfer/results?year=76&institution=104&agreement=117&agreementType=to&viewAgreementsOptions=true&view=agreement&viewBy=major&viewSendingAgreements=false&viewByKey=76%2F104%2Fto%2F117%2FMajor%2F3fc7b07d-4058-4a0a-1f72-08ddcb96df9e,76/104/to/117/Major/3fc7b07d-4058-4a0a-1f72-08ddcb96df9e
info,non_course_requirement_placeholder,Treat as raw audit noise unless it maps to a CS requirement used downstream.,UCLA,University of California Los Angeles,Cerro Coso Community College,fail,<blank>,unexpected_row,unexpected raw CSV row,,[['Not Articulated']],https://assist.org/transfer/results?year=76&institution=9&agreement=117&agreementType=to&viewAgreementsOptions=true&view=agreement&viewBy=major&viewSendingAgreements=false&viewByKey=76%2F9%2Fto%2F117%2FMajor%2F3fc7b07d-4058-4a0a-1f72-08ddcb96df9e,76/9/to/117/Major/3fc7b07d-4058-4a0a-1f72-08ddcb96df9e
info,non_course_requirement_placeholder,Treat as raw audit noise unless it maps to a CS requirement used downstream.,UCLA,University of California Los Angeles,Chabot College,fail,<blank>,unexpected_row,unexpected raw CSV row,,"[['CSCI 14 (4.00)'], ['CSCI 15 (4.00)'], ['ENGR 25 (3.00)']]",https://assist.org/transfer/results?year=76&institution=96&agreement=117&agreementType=to&viewAgreementsOptions=true&view=agreement&viewBy=major&viewSendingAgreements=false&viewByKey=76%2F96%2Fto%2F117%2FMajor%2F3fc7b07d-4058-4a0a-1f72-08ddcb96df9e,76/96/to/117/Major/3fc7b07d-4058-4a0a-1f72-08ddcb96df9e
info,non_course_requirement_placeholder,Treat as raw audit noise unless it maps to a CS requirement used downstream.,UCLA,University of California Los Angeles,Chaffey College,fail,<blank>,unexpected_row,unexpected raw CSV row,,[['Not Articulated']],https://assist.org/transfer/results?year=76&institution=69&agreement=117&agreementType=to&viewAgreementsOptions=true&view=agreement&viewBy=major&viewSendingAgreements=false&viewByKey=76%2F69%2Fto%2F117%2FMajor%2F3fc7b07d-4058-4a0a-1f72-08ddcb96df9e,76/69/to/117/Major/3fc7b07d-4058-4a0a-1f72-08ddcb96df9e
info,non_course_requirement_placeholder,Treat as raw audit noise unless it maps to a CS requirement used downstream.,UCLA,University of California Los Angeles,Citrus College,fail,<blank>,unexpected_row,unexpected raw CSV row,,[['Not Articulated']],https://assist.org/transfer/results?year=76&institution=97&agreement=117&agreementType=to&viewAgreementsOptions=true&view=agreement&viewBy=major&viewSendingAgreements=false&viewByKey=76%2F97%2Fto%2F117%2FMajor%2F3fc7b07d-4058-4a0a-1f72-08ddcb96df9e,76/97/to/117/Major/3fc7b07d-4058-4a0a-1f72-08ddcb96df9e
info,non_course_requirement_placeholder,Treat as raw audit noise unless it maps to a CS requirement used downstream.,UCLA,University of California Los Angeles,City College of San Francisco,fail,<blank>,unexpected_row,unexpected raw CSV row,,"[['CS 110B (4.00)'], ['ENGN 38 (3.00)']]",https://assist.org/transfer/results?year=76&institution=33&agreement=117&agreementType=to&viewAgreementsOptions=true&view=agreement&viewBy=major&viewSendingAgreements=false&viewByKey=76%2F33%2Fto%2F117%2FMajor%2F3fc7b07d-4058-4a0a-1f72-08ddcb96df9e,76/33/to/117/Major/3fc7b07d-4058-4a0a-1f72-08ddcb96df9e
info,non_course_requirement_placeholder,Treat as raw audit noise unless it maps to a CS requirement used downstream.,UCLA,University of California Los Angeles,Clovis Community College,fail,<blank>,unexpected_row,unexpected raw CSV row,,[['CSCI 40 (4.00)']],https://assist.org/transfer/results?year=76&institution=150&agreement=117&agreementType=to&viewAgreementsOptions=true&view=agreement&viewBy=major&viewSendingAgreements=false&viewByKey=76%2F150%2Fto%2F117%2FMajor%2F3fc7b07d-4058-4a0a-1f72-08ddcb96df9e,76/150/to/117/Major/3fc7b07d-4058-4a0a-1f72-08ddcb96df9e
info,non_course_requirement_placeholder,Treat as raw audit noise unless it maps to a CS requirement used downstream.,UCLA,University of California Los Angeles,Coastline Community College,fail,<blank>,unexpected_row,unexpected raw CSV row,,[['Not Articulated']],https://assist.org/transfer/results?year=76&institution=105&agreement=117&agreementType=to&viewAgreementsOptions=true&view=agreement&viewBy=major&viewSendingAgreements=false&viewByKey=76%2F105%2Fto%2F117%2FMajor%2F3fc7b07d-4058-4a0a-1f72-08ddcb96df9e,76/105/to/117/Major/3fc7b07d-4058-4a0a-1f72-08ddcb96df9e
info,non_course_requirement_placeholder,Treat as raw audit noise unless it maps to a CS requirement used downstream.,UCLA,University of California Los Angeles,College of Alameda,fail,<blank>,unexpected_row,unexpected raw CSV row,,[['Not Articulated']],https://assist.org/transfer/results?year=76&institution=111&agreement=117&agreementType=to&viewAgreementsOptions=true&view=agreement&viewBy=major&viewSendingAgreements=false&viewByKey=76%2F111%2Fto%2F117%2FMajor%2F3fc7b07d-4058-4a0a-1f72-08ddcb96df9e,76/111/to/117/Major/3fc7b07d-4058-4a0a-1f72-08ddcb96df9e
info,non_course_requirement_placeholder,Treat as raw audit noise unless it maps to a CS requirement used downstream.,UCLA,University of California Los Angeles,College of Marin,fail,<blank>,unexpected_row,unexpected raw CSV row,,[['Not Articulated']],https://assist.org/transfer/results?year=76&institution=4&agreement=117&agreementType=to&viewAgreementsOptions=true&view=agreement&viewBy=major&viewSendingAgreements=false&viewByKey=76%2F4%2Fto%2F117%2FMajor%2F3fc7b07d-4058-4a0a-1f72-08ddcb96df9e,76/4/to/117/Major/3fc7b07d-4058-4a0a-1f72-08ddcb96df9e
info,non_course_requirement_placeholder,Treat as raw audit noise unless it maps to a CS requirement used downstream.,UCLA,University of California Los Angeles,College of San Mateo,fail,<blank>,unexpected_row,unexpected raw CSV row,,[['Not Articulated']],https://assist.org/transfer/results?year=76&institution=5&agreement=117&agreementType=to&viewAgreementsOptions=true&view=agreement&viewBy=major&viewSendingAgreements=false&viewByKey=76%2F5%2Fto%2F117%2FMajor%2F3fc7b07d-4058-4a0a-1f72-08ddcb96df9e,76/5/to/117/Major/3fc7b07d-4058-4a0a-1f72-08ddcb96df9e
info,non_course_requirement_placeholder,Treat as raw audit noise unless it maps to a CS requirement used downstream.,UCLA,University of California Los Angeles,College of the Canyons,fail,<blank>,unexpected_row,unexpected raw CSV row,,[['CMPSCI 236 (3.00)']],https://assist.org/transfer/results?year=76&institution=140&agreement=117&agreementType=to&viewAgreementsOptions=true&view=agreement&viewBy=major&viewSendingAgreements=false&viewByKey=76%2F140%2Fto%2F117%2FMajor%2F3fc7b07d-4058-4a0a-1f72-08ddcb96df9e,76/140/to/117/Major/3fc7b07d-4058-4a0a-1f72-08ddcb96df9e
info,non_course_requirement_placeholder,Treat as raw audit noise unless it maps to a CS requirement used downstream.,UCLA,University of California Los Angeles,College of the Desert,fail,<blank>,unexpected_row,unexpected raw CSV row,,"[['CS 7A (4.00)', 'CS 7B (3.00)']]",https://assist.org/transfer/results?year=76&institution=30&agreement=117&agreementType=to&viewAgreementsOptions=true&view=agreement&viewBy=major&viewSendingAgreements=false&viewByKey=76%2F30%2Fto%2F117%2FMajor%2F3fc7b07d-4058-4a0a-1f72-08ddcb96df9e,76/30/to/117/Major/3fc7b07d-4058-4a0a-1f72-08ddcb96df9e
info,non_course_requirement_placeholder,Treat as raw audit noise unless it maps to a CS requirement used downstream.,UCLA,University of California Los Angeles,College of the Redwoods,fail,<blank>,unexpected_row,unexpected raw CSV row,,[['Not Articulated']],https://assist.org/transfer/results?year=76&institution=83&agreement=117&agreementType=to&viewAgreementsOptions=true&view=agreement&viewBy=major&viewSendingAgreements=false&viewByKey=76%2F83%2Fto%2F117%2FMajor%2F3fc7b07d-4058-4a0a-1f72-08ddcb96df9e,76/83/to/117/Major/3fc7b07d-4058-4a0a-1f72-08ddcb96df9e
info,non_course_requirement_placeholder,Treat as raw audit noise unless it maps to a CS requirement used downstream.,UCLA,University of California Los Angeles,College of the Sequoias,fail,<blank>,unexpected_row,unexpected raw CSV row,,"[['CSCI 001 (4.00)', 'CSCI 002 (4.00)']]",https://assist.org/transfer/results?year=76&institution=6&agreement=117&agreementType=to&viewAgreementsOptions=true&view=agreement&viewBy=major&viewSendingAgreements=false&viewByKey=76%2F6%2Fto%2F117%2FMajor%2F3fc7b07d-4058-4a0a-1f72-08ddcb96df9e,76/6/to/117/Major/3fc7b07d-4058-4a0a-1f72-08ddcb96df9e
info,non_course_requirement_placeholder,Treat as raw audit noise unless it maps to a CS requirement used downstream.,UCLA,University of California Los Angeles,College of the Siskiyous,fail,<blank>,unexpected_row,unexpected raw CSV row,,[['Not Articulated']],https://assist.org/transfer/results?year=76&institution=102&agreement=117&agreementType=to&viewAgreementsOptions=true&view=agreement&viewBy=major&viewSendingAgreements=false&viewByKey=76%2F102%2Fto%2F117%2FMajor%2F3fc7b07d-4058-4a0a-1f72-08ddcb96df9e,76/102/to/117/Major/3fc7b07d-4058-4a0a-1f72-08ddcb96df9e
info,non_course_requirement_placeholder,Treat as raw audit noise unless it maps to a CS requirement used downstream.,UCLA,University of California Los Angeles,Columbia College,fail,<blank>,unexpected_row,unexpected raw CSV row,,"[['COMP 11P (4.00)', 'COMP 12P (4.00)']]",https://assist.org/transfer/results?year=76&institution=10&agreement=117&agreementType=to&viewAgreementsOptions=true&view=agreement&viewBy=major&viewSendingAgreements=false&viewByKey=76%2F10%2Fto%2F117%2FMajor%2F3fc7b07d-4058-4a0a-1f72-08ddcb96df9e,76/10/to/117/Major/3fc7b07d-4058-4a0a-1f72-08ddcb96df9e
info,non_course_requirement_placeholder,Treat as raw audit noise unless it maps to a CS requirement used downstream.,UCLA,University of California Los Angeles,Compton College,fail,<blank>,unexpected_row,unexpected raw CSV row,,[['Not Articulated']],https://assist.org/transfer/results?year=76&institution=153&agreement=117&agreementType=to&viewAgreementsOptions=true&view=agreement&viewBy=major&viewSendingAgreements=false&viewByKey=76%2F153%2Fto%2F117%2FMajor%2F3fc7b07d-4058-4a0a-1f72-08ddcb96df9e,76/153/to/117/Major/3fc7b07d-4058-4a0a-1f72-08ddcb96df9e
info,non_course_requirement_placeholder,Treat as raw audit noise unless it maps to a CS requirement used downstream.,UCLA,University of California Los Angeles,Contra Costa College,fail,<blank>,unexpected_row,unexpected raw CSV row,,"[['COMP 200 (4.00)', 'COMP 210 (4.00)'], ['COMP 165 (4.00)'], ['COMP 200 (4.00)']]",https://assist.org/transfer/results?year=76&institution=28&agreement=117&agreementType=to&viewAgreementsOptions=true&view=agreement&viewBy=major&viewSendingAgreements=false&viewByKey=76%2F28%2Fto%2F117%2FMajor%2F3fc7b07d-4058-4a0a-1f72-08ddcb96df9e,76/28/to/117/Major/3fc7b07d-4058-4a0a-1f72-08ddcb96df9e
info,non_course_requirement_placeholder,Treat as raw audit noise unless it maps to a CS requirement used downstream.,UCLA,University of California Los Angeles,Copper Mountain College,fail,<blank>,unexpected_row,unexpected raw CSV row,,"[['CS 089 (3.00)', 'CS 089A (3.00)']]",https://assist.org/transfer/results?year=76&institution=112&agreement=117&agreementType=to&viewAgreementsOptions=true&view=agreement&viewBy=major&viewSendingAgreements=false&viewByKey=76%2F112%2Fto%2F117%2FMajor%2F3fc7b07d-4058-4a0a-1f72-08ddcb96df9e,76/112/to/117/Major/3fc7b07d-4058-4a0a-1f72-08ddcb96df9e
info,non_course_requirement_placeholder,Treat as raw audit noise unless it maps to a CS requirement used downstream.,UCLA,University of California Los Angeles,Cosumnes River College,fail,<blank>,unexpected_row,unexpected raw CSV row,,[['CISP 360 (4.00)']],https://assist.org/transfer/results?year=76&institution=142&agreement=117&agreementType=to&viewAgreementsOptions=true&view=agreement&viewBy=major&viewSendingAgreements=false&viewByKey=76%2F142%2Fto%2F117%2FMajor%2F3fc7b07d-4058-4a0a-1f72-08ddcb96df9e,76/142/to/117/Major/3fc7b07d-4058-4a0a-1f72-08ddcb96df9e
info,non_course_requirement_placeholder,Treat as raw audit noise unless it maps to a CS requirement used downstream.,UCLA,University of California Los Angeles,Crafton Hills College,fail,<blank>,unexpected_row,unexpected raw CSV row,,"[['CSCI 110 (4.00)'], ['CSCI 120 (3.00)']]",https://assist.org/transfer/results?year=76&institution=70&agreement=117&agreementType=to&viewAgreementsOptions=true&view=agreement&viewBy=major&viewSendingAgreements=false&viewByKey=76%2F70%2Fto%2F117%2FMajor%2F3fc7b07d-4058-4a0a-1f72-08ddcb96df9e,76/70/to/117/Major/3fc7b07d-4058-4a0a-1f72-08ddcb96df9e
info,non_course_requirement_placeholder,Treat as raw audit noise unless it maps to a CS requirement used downstream.,UCLA,University of California Los Angeles,Cuesta College,fail,<blank>,unexpected_row,unexpected raw CSV row,,[['Not Articulated']],https://assist.org/transfer/results?year=76&institution=16&agreement=117&agreementType=to&viewAgreementsOptions=true&view=agreement&viewBy=major&viewSendingAgreements=false&viewByKey=76%2F16%2Fto%2F117%2FMajor%2F3fc7b07d-4058-4a0a-1f72-08ddcb96df9e,76/16/to/117/Major/3fc7b07d-4058-4a0a-1f72-08ddcb96df9e
info,non_course_requirement_placeholder,Treat as raw audit noise unless it maps to a CS requirement used downstream.,UCLA,University of California Los Angeles,Cuyamaca College,fail,<blank>,unexpected_row,unexpected raw CSV row,,[['Not Articulated']],https://assist.org/transfer/results?year=76&institution=99&agreement=117&agreementType=to&viewAgreementsOptions=true&view=agreement&viewBy=major&viewSendingAgreements=false&viewByKey=76%2F99%2Fto%2F117%2FMajor%2F3fc7b07d-4058-4a0a-1f72-08ddcb96df9e,76/99/to/117/Major/3fc7b07d-4058-4a0a-1f72-08ddcb96df9e
info,non_course_requirement_placeholder,Treat as raw audit noise unless it maps to a CS requirement used downstream.,UCLA,University of California Los Angeles,Cypress College,fail,<blank>,unexpected_row,unexpected raw CSV row,,[['CSCI 123 C (3.00)']],https://assist.org/transfer/results?year=76&institution=71&agreement=117&agreementType=to&viewAgreementsOptions=true&view=agreement&viewBy=major&viewSendingAgreements=false&viewByKey=76%2F71%2Fto%2F117%2FMajor%2F3fc7b07d-4058-4a0a-1f72-08ddcb96df9e,76/71/to/117/Major/3fc7b07d-4058-4a0a-1f72-08ddcb96df9e
info,non_course_requirement_placeholder,Treat as raw audit noise unless it maps to a CS requirement used downstream.,UCLA,University of California Los Angeles,De Anza College,fail,<blank>,unexpected_row,unexpected raw CSV row,,"[['CIS 27 (4.50)'], ['CIS 29 (4.50)'], ['CIS 22A (4.50)'], ['CIS 22B (4.50)'], ['CIS 22BH (4.50)']]",https://assist.org/transfer/results?year=76&institution=113&agreement=117&agreementType=to&viewAgreementsOptions=true&view=agreement&viewBy=major&viewSendingAgreements=false&viewByKey=76%2F113%2Fto%2F117%2FMajor%2F3fc7b07d-4058-4a0a-1f72-08ddcb96df9e,76/113/to/117/Major/3fc7b07d-4058-4a0a-1f72-08ddcb96df9e
info,non_course_requirement_placeholder,Treat as raw audit noise unless it maps to a CS requirement used downstream.,UCLA,University of California Los Angeles,Diablo Valley College,fail,<blank>,unexpected_row,unexpected raw CSV row,,"[['COMSC 110 (4.00)'], ['COMSC 165 (4.00)'], ['COMSC 200 (4.00)']]",https://assist.org/transfer/results?year=76&institution=114&agreement=117&agreementType=to&viewAgreementsOptions=true&view=agreement&viewBy=major&viewSendingAgreements=false&viewByKey=76%2F114%2Fto%2F117%2FMajor%2F3fc7b07d-4058-4a0a-1f72-08ddcb96df9e,76/114/to/117/Major/3fc7b07d-4058-4a0a-1f72-08ddcb96df9e
info,non_course_requirement_placeholder,Treat as raw audit noise unless it maps to a CS requirement used downstream.,UCLA,University of California Los Angeles,East Los Angeles College,fail,<blank>,unexpected_row,unexpected raw CSV row,,[['MATH 173 (4.00)']],https://assist.org/transfer/results?year=76&institution=118&agreement=117&agreementType=to&viewAgreementsOptions=true&view=agreement&viewBy=major&viewSendingAgreements=false&viewByKey=76%2F118%2Fto%2F117%2FMajor%2F3fc7b07d-4058-4a0a-1f72-08ddcb96df9e,76/118/to/117/Major/3fc7b07d-4058-4a0a-1f72-08ddcb96df9e
info,non_course_requirement_placeholder,Treat as raw audit noise unless it maps to a CS requirement used downstream.,UCLA,University of California Los Angeles,El Camino College,fail,<blank>,unexpected_row,unexpected raw CSV row,,"[['CSCI 2 (5.00)', 'CSCI 3 (4.00)'], ['CSCI 1 (4.00)'], ['CSCI 30 (4.00)']]",https://assist.org/transfer/results?year=76&institution=103&agreement=117&agreementType=to&viewAgreementsOptions=true&view=agreement&viewBy=major&viewSendingAgreements=false&viewByKey=76%2F103%2Fto%2F117%2FMajor%2F3fc7b07d-4058-4a0a-1f72-08ddcb96df9e,76/103/to/117/Major/3fc7b07d-4058-4a0a-1f72-08ddcb96df9e
info,non_course_requirement_placeholder,Treat as raw audit noise unless it maps to a CS requirement used downstream.,UCLA,University of California Los Angeles,Evergreen Valley College,fail,<blank>,unexpected_row,unexpected raw CSV row,,[['ENGR 050 (4.00)']],https://assist.org/transfer/results?year=76&institution=2&agreement=117&agreementType=to&viewAgreementsOptions=true&view=agreement&viewBy=major&viewSendingAgreements=false&viewByKey=76%2F2%2Fto%2F117%2FMajor%2F3fc7b07d-4058-4a0a-1f72-08ddcb96df9e,76/2/to/117/Major/3fc7b07d-4058-4a0a-1f72-08ddcb96df9e
info,non_course_requirement_placeholder,Treat as raw audit noise unless it maps to a CS requirement used downstream.,UCLA,University of California Los Angeles,Feather River College,fail,<blank>,unexpected_row,unexpected raw CSV row,,[['Not Articulated']],https://assist.org/transfer/results?year=76&institution=122&agreement=117&agreementType=to&viewAgreementsOptions=true&view=agreement&viewBy=major&viewSendingAgreements=false&viewByKey=76%2F122%2Fto%2F117%2FMajor%2F3fc7b07d-4058-4a0a-1f72-08ddcb96df9e,76/122/to/117/Major/3fc7b07d-4058-4a0a-1f72-08ddcb96df9e
info,non_course_requirement_placeholder,Treat as raw audit noise unless it maps to a CS requirement used downstream.,UCLA,University of California Los Angeles,Folsom Lake College,fail,<blank>,unexpected_row,unexpected raw CSV row,,[['Not Articulated']],https://assist.org/transfer/results?year=76&institution=145&agreement=117&agreementType=to&viewAgreementsOptions=true&view=agreement&viewBy=major&viewSendingAgreements=false&viewByKey=76%2F145%2Fto%2F117%2FMajor%2F3fc7b07d-4058-4a0a-1f72-08ddcb96df9e,76/145/to/117/Major/3fc7b07d-4058-4a0a-1f72-08ddcb96df9e
info,non_course_requirement_placeholder,Treat as raw audit noise unless it maps to a CS requirement used downstream.,UCLA,University of California Los Angeles,Foothill College,fail,<blank>,unexpected_row,unexpected raw CSV row,,"[['C S 2A (4.50)'], ['C S 2B (4.50)']]",https://assist.org/transfer/results?year=76&institution=51&agreement=117&agreementType=to&viewAgreementsOptions=true&view=agreement&viewBy=major&viewSendingAgreements=false&viewByKey=76%2F51%2Fto%2F117%2FMajor%2F3fc7b07d-4058-4a0a-1f72-08ddcb96df9e,76/51/to/117/Major/3fc7b07d-4058-4a0a-1f72-08ddcb96df9e
info,non_course_requirement_placeholder,Treat as raw audit noise unless it maps to a CS requirement used downstream.,UCLA,University of California Los Angeles,Fresno City College,fail,<blank>,unexpected_row,unexpected raw CSV row,,"[['CIT 66 (4.00)'], ['CSCI 40 (4.00)']]",https://assist.org/transfer/results?year=76&institution=35&agreement=117&agreementType=to&viewAgreementsOptions=true&view=agreement&viewBy=major&viewSendingAgreements=false&viewByKey=76%2F35%2Fto%2F117%2FMajor%2F3fc7b07d-4058-4a0a-1f72-08ddcb96df9e,76/35/to/117/Major/3fc7b07d-4058-4a0a-1f72-08ddcb96df9e
info,non_course_requirement_placeholder,Treat as raw audit noise unless it maps to a CS requirement used downstream.,UCLA,University of California Los Angeles,Fullerton College,fail,<blank>,unexpected_row,unexpected raw CSV row,,[['CSCI 123 F (4.00)']],https://assist.org/transfer/results?year=76&institution=134&agreement=117&agreementType=to&viewAgreementsOptions=true&view=agreement&viewBy=major&viewSendingAgreements=false&viewByKey=76%2F134%2Fto%2F117%2FMajor%2F3fc7b07d-4058-4a0a-1f72-08ddcb96df9e,76/134/to/117/Major/3fc7b07d-4058-4a0a-1f72-08ddcb96df9e
info,non_course_requirement_placeholder,Treat as raw audit noise unless it maps to a CS requirement used downstream.,UCLA,University of California Los Angeles,Gavilan College,fail,<blank>,unexpected_row,unexpected raw CSV row,,"[['CSIS 45 (3.00)'], ['CSIS 46 (3.00)']]",https://assist.org/transfer/results?year=76&institution=72&agreement=117&agreementType=to&viewAgreementsOptions=true&view=agreement&viewBy=major&viewSendingAgreements=false&viewByKey=76%2F72%2Fto%2F117%2FMajor%2F3fc7b07d-4058-4a0a-1f72-08ddcb96df9e,76/72/to/117/Major/3fc7b07d-4058-4a0a-1f72-08ddcb96df9e
info,non_course_requirement_placeholder,Treat as raw audit noise unless it maps to a CS requirement used downstream.,UCLA,University of California Los Angeles,Glendale Community College,fail,<blank>,unexpected_row,unexpected raw CSV row,,"[['CS/IS 135 (3.00)'], ['CS/IS 137 (4.00)']]",https://assist.org/transfer/results?year=76&institution=43&agreement=117&agreementType=to&viewAgreementsOptions=true&view=agreement&viewBy=major&viewSendingAgreements=false&viewByKey=76%2F43%2Fto%2F117%2FMajor%2F3fc7b07d-4058-4a0a-1f72-08ddcb96df9e,76/43/to/117/Major/3fc7b07d-4058-4a0a-1f72-08ddcb96df9e
info,non_course_requirement_placeholder,Treat as raw audit noise unless it maps to a CS requirement used downstream.,UCLA,University of California Los Angeles,Golden West College,fail,<blank>,unexpected_row,unexpected raw CSV row,,[['CS G175 (3.00)']],https://assist.org/transfer/results?year=76&institution=55&agreement=117&agreementType=to&viewAgreementsOptions=true&view=agreement&viewBy=major&viewSendingAgreements=false&viewByKey=76%2F55%2Fto%2F117%2FMajor%2F3fc7b07d-4058-4a0a-1f72-08ddcb96df9e,76/55/to/117/Major/3fc7b07d-4058-4a0a-1f72-08ddcb96df9e
info,non_course_requirement_placeholder,Treat as raw audit noise unless it maps to a CS requirement used downstream.,UCLA,University of California Los Angeles,Grossmont College,fail,<blank>,unexpected_row,unexpected raw CSV row,,"[['CSIS 296 (4.00)'], ['CSIS 297 (4.00)']]",https://assist.org/transfer/results?year=76&institution=106&agreement=117&agreementType=to&viewAgreementsOptions=true&view=agreement&viewBy=major&viewSendingAgreements=false&viewByKey=76%2F106%2Fto%2F117%2FMajor%2F3fc7b07d-4058-4a0a-1f72-08ddcb96df9e,76/106/to/117/Major/3fc7b07d-4058-4a0a-1f72-08ddcb96df9e
info,non_course_requirement_placeholder,Treat as raw audit noise unless it maps to a CS requirement used downstream.,UCLA,University of California Los Angeles,Hartnell College,fail,<blank>,unexpected_row,unexpected raw CSV row,,[['CSS 2A (4.00)']],https://assist.org/transfer/results?year=76&institution=123&agreement=117&agreementType=to&viewAgreementsOptions=true&view=agreement&viewBy=major&viewSendingAgreements=false&viewByKey=76%2F123%2Fto%2F117%2FMajor%2F3fc7b07d-4058-4a0a-1f72-08ddcb96df9e,76/123/to/117/Major/3fc7b07d-4058-4a0a-1f72-08ddcb96df9e
info,non_course_requirement_placeholder,Treat as raw audit noise unless it maps to a CS requirement used downstream.,UCLA,University of California Los Angeles,Imperial Valley College,fail,<blank>,unexpected_row,unexpected raw CSV row,,[['Not Articulated']],https://assist.org/transfer/results?year=76&institution=107&agreement=117&agreementType=to&viewAgreementsOptions=true&view=agreement&viewBy=major&viewSendingAgreements=false&viewByKey=76%2F107%2Fto%2F117%2FMajor%2F3fc7b07d-4058-4a0a-1f72-08ddcb96df9e,76/107/to/117/Major/3fc7b07d-4058-4a0a-1f72-08ddcb96df9e
info,non_course_requirement_placeholder,Treat as raw audit noise unless it maps to a CS requirement used downstream.,UCLA,University of California Los Angeles,Irvine Valley College,fail,<blank>,unexpected_row,unexpected raw CSV row,,[['CS 37 (3.00)']],https://assist.org/transfer/results?year=76&institution=124&agreement=117&agreementType=to&viewAgreementsOptions=true&view=agreement&viewBy=major&viewSendingAgreements=false&viewByKey=76%2F124%2Fto%2F117%2FMajor%2F3fc7b07d-4058-4a0a-1f72-08ddcb96df9e,76/124/to/117/Major/3fc7b07d-4058-4a0a-1f72-08ddcb96df9e
info,non_course_requirement_placeholder,Treat as raw audit noise unless it maps to a CS requirement used downstream.,UCLA,University of California Los Angeles,Lake Tahoe Community College,fail,<blank>,unexpected_row,unexpected raw CSV row,,[['CIS 120A (4.00)']],https://assist.org/transfer/results?year=76&institution=40&agreement=117&agreementType=to&viewAgreementsOptions=true&view=agreement&viewBy=major&viewSendingAgreements=false&viewByKey=76%2F40%2Fto%2F117%2FMajor%2F3fc7b07d-4058-4a0a-1f72-08ddcb96df9e,76/40/to/117/Major/3fc7b07d-4058-4a0a-1f72-08ddcb96df9e
info,non_course_requirement_placeholder,Treat as raw audit noise unless it maps to a CS requirement used downstream.,UCLA,University of California Los Angeles,Laney College,fail,<blank>,unexpected_row,unexpected raw CSV row,,[['CIS 25 (4.00)']],https://assist.org/transfer/results?year=76&institution=77&agreement=117&agreementType=to&viewAgreementsOptions=true&view=agreement&viewBy=major&viewSendingAgreements=false&viewByKey=76%2F77%2Fto%2F117%2FMajor%2F3fc7b07d-4058-4a0a-1f72-08ddcb96df9e,76/77/to/117/Major/3fc7b07d-4058-4a0a-1f72-08ddcb96df9e
info,non_course_requirement_placeholder,Treat as raw audit noise unless it maps to a CS requirement used downstream.,UCLA,University of California Los Angeles,Las Positas College,fail,<blank>,unexpected_row,unexpected raw CSV row,,"[['CS 1 (4.00)'], ['CS 2 (4.00)']]",https://assist.org/transfer/results?year=76&institution=18&agreement=117&agreementType=to&viewAgreementsOptions=true&view=agreement&viewBy=major&viewSendingAgreements=false&viewByKey=76%2F18%2Fto%2F117%2FMajor%2F3fc7b07d-4058-4a0a-1f72-08ddcb96df9e,76/18/to/117/Major/3fc7b07d-4058-4a0a-1f72-08ddcb96df9e
info,non_course_requirement_placeholder,Treat as raw audit noise unless it maps to a CS requirement used downstream.,UCLA,University of California Los Angeles,Lassen Community College,fail,<blank>,unexpected_row,unexpected raw CSV row,,[['Not Articulated']],https://assist.org/transfer/results?year=76&institution=82&agreement=117&agreementType=to&viewAgreementsOptions=true&view=agreement&viewBy=major&viewSendingAgreements=false&viewByKey=76%2F82%2Fto%2F117%2FMajor%2F3fc7b07d-4058-4a0a-1f72-08ddcb96df9e,76/82/to/117/Major/3fc7b07d-4058-4a0a-1f72-08ddcb96df9e
info,non_course_requirement_placeholder,Treat as raw audit noise unless it maps to a CS requirement used downstream.,UCLA,University of California Los Angeles,Long Beach City College,fail,<blank>,unexpected_row,unexpected raw CSV row,,[['CS 12 (4.00)']],https://assist.org/transfer/results?year=76&institution=135&agreement=117&agreementType=to&viewAgreementsOptions=true&view=agreement&viewBy=major&viewSendingAgreements=false&viewByKey=76%2F135%2Fto%2F117%2FMajor%2F3fc7b07d-4058-4a0a-1f72-08ddcb96df9e,76/135/to/117/Major/3fc7b07d-4058-4a0a-1f72-08ddcb96df9e
info,non_course_requirement_placeholder,Treat as raw audit noise unless it maps to a CS requirement used downstream.,UCLA,University of California Los Angeles,Los Angeles City College,fail,<blank>,unexpected_row,unexpected raw CSV row,,"[['CS 216 (3.00)'], ['CS 116 (3.00)']]",https://assist.org/transfer/results?year=76&institution=3&agreement=117&agreementType=to&viewAgreementsOptions=true&view=agreement&viewBy=major&viewSendingAgreements=false&viewByKey=76%2F3%2Fto%2F117%2FMajor%2F3fc7b07d-4058-4a0a-1f72-08ddcb96df9e,76/3/to/117/Major/3fc7b07d-4058-4a0a-1f72-08ddcb96df9e
info,non_course_requirement_placeholder,Treat as raw audit noise unless it maps to a CS requirement used downstream.,UCLA,University of California Los Angeles,Los Angeles Harbor College,fail,<blank>,unexpected_row,unexpected raw CSV row,,[['Not Articulated']],https://assist.org/transfer/results?year=76&institution=31&agreement=117&agreementType=to&viewAgreementsOptions=true&view=agreement&viewBy=major&viewSendingAgreements=false&viewByKey=76%2F31%2Fto%2F117%2FMajor%2F3fc7b07d-4058-4a0a-1f72-08ddcb96df9e,76/31/to/117/Major/3fc7b07d-4058-4a0a-1f72-08ddcb96df9e
info,non_course_requirement_placeholder,Treat as raw audit noise unless it maps to a CS requirement used downstream.,UCLA,University of California Los Angeles,Los Angeles Mission College,fail,<blank>,unexpected_row,unexpected raw CSV row,,[['Not Articulated']],https://assist.org/transfer/results?year=76&institution=47&agreement=117&agreementType=to&viewAgreementsOptions=true&view=agreement&viewBy=major&viewSendingAgreements=false&viewByKey=76%2F47%2Fto%2F117%2FMajor%2F3fc7b07d-4058-4a0a-1f72-08ddcb96df9e,76/47/to/117/Major/3fc7b07d-4058-4a0a-1f72-08ddcb96df9e
info,non_course_requirement_placeholder,Treat as raw audit noise unless it maps to a CS requirement used downstream.,UCLA,University of California Los Angeles,Los Angeles Pierce College,fail,<blank>,unexpected_row,unexpected raw CSV row,,[['CS 216 (3.00)']],https://assist.org/transfer/results?year=76&institution=86&agreement=117&agreementType=to&viewAgreementsOptions=true&view=agreement&viewBy=major&viewSendingAgreements=false&viewByKey=76%2F86%2Fto%2F117%2FMajor%2F3fc7b07d-4058-4a0a-1f72-08ddcb96df9e,76/86/to/117/Major/3fc7b07d-4058-4a0a-1f72-08ddcb96df9e
info,non_course_requirement_placeholder,Treat as raw audit noise unless it maps to a CS requirement used downstream.,UCLA,University of California Los Angeles,Los Angeles Southwest College,fail,<blank>,unexpected_row,unexpected raw CSV row,,[['Not Articulated']],https://assist.org/transfer/results?year=76&institution=130&agreement=117&agreementType=to&viewAgreementsOptions=true&view=agreement&viewBy=major&viewSendingAgreements=false&viewByKey=76%2F130%2Fto%2F117%2FMajor%2F3fc7b07d-4058-4a0a-1f72-08ddcb96df9e,76/130/to/117/Major/3fc7b07d-4058-4a0a-1f72-08ddcb96df9e
info,non_course_requirement_placeholder,Treat as raw audit noise unless it maps to a CS requirement used downstream.,UCLA,University of California Los Angeles,Los Angeles Trade Technical College,fail,<blank>,unexpected_row,unexpected raw CSV row,,"[['CS 116 (3.00)'], ['CS 115 (3.00)'], ['CS 216 (3.00)']]",https://assist.org/transfer/results?year=76&institution=25&agreement=117&agreementType=to&viewAgreementsOptions=true&view=agreement&viewBy=major&viewSendingAgreements=false&viewByKey=76%2F25%2Fto%2F117%2FMajor%2F3fc7b07d-4058-4a0a-1f72-08ddcb96df9e,76/25/to/117/Major/3fc7b07d-4058-4a0a-1f72-08ddcb96df9e
info,non_course_requirement_placeholder,Treat as raw audit noise unless it maps to a CS requirement used downstream.,UCLA,University of California Los Angeles,Los Angeles Valley College,fail,<blank>,unexpected_row,unexpected raw CSV row,,[['CS 216 (3.00)']],https://assist.org/transfer/results?year=76&institution=44&agreement=117&agreementType=to&viewAgreementsOptions=true&view=agreement&viewBy=major&viewSendingAgreements=false&viewByKey=76%2F44%2Fto%2F117%2FMajor%2F3fc7b07d-4058-4a0a-1f72-08ddcb96df9e,76/44/to/117/Major/3fc7b07d-4058-4a0a-1f72-08ddcb96df9e
info,non_course_requirement_placeholder,Treat as raw audit noise unless it maps to a CS requirement used downstream.,UCLA,University of California Los Angeles,Los Medanos College,fail,<blank>,unexpected_row,unexpected raw CSV row,,[['Not Articulated']],https://assist.org/transfer/results?year=76&institution=61&agreement=117&agreementType=to&viewAgreementsOptions=true&view=agreement&viewBy=major&viewSendingAgreements=false&viewByKey=76%2F61%2Fto%2F117%2FMajor%2F3fc7b07d-4058-4a0a-1f72-08ddcb96df9e,76/61/to/117/Major/3fc7b07d-4058-4a0a-1f72-08ddcb96df9e
info,non_course_requirement_placeholder,Treat as raw audit noise unless it maps to a CS requirement used downstream.,UCLA,University of California Los Angeles,Madera Community College,fail,<blank>,unexpected_row,unexpected raw CSV row,,[['ENGR 40 (4.00)']],https://assist.org/transfer/results?year=76&institution=200&agreement=117&agreementType=to&viewAgreementsOptions=true&view=agreement&viewBy=major&viewSendingAgreements=false&viewByKey=76%2F200%2Fto%2F117%2FMajor%2F3fc7b07d-4058-4a0a-1f72-08ddcb96df9e,76/200/to/117/Major/3fc7b07d-4058-4a0a-1f72-08ddcb96df9e
info,non_course_requirement_placeholder,Treat as raw audit noise unless it maps to a CS requirement used downstream.,UCLA,University of California Los Angeles,Mendocino College,fail,<blank>,unexpected_row,unexpected raw CSV row,,[['Not Articulated']],https://assist.org/transfer/results?year=76&institution=100&agreement=117&agreementType=to&viewAgreementsOptions=true&view=agreement&viewBy=major&viewSendingAgreements=false&viewByKey=76%2F100%2Fto%2F117%2FMajor%2F3fc7b07d-4058-4a0a-1f72-08ddcb96df9e,76/100/to/117/Major/3fc7b07d-4058-4a0a-1f72-08ddcb96df9e
info,non_course_requirement_placeholder,Treat as raw audit noise unless it maps to a CS requirement used downstream.,UCLA,University of California Los Angeles,Merced College,fail,<blank>,unexpected_row,unexpected raw CSV row,,[['Not Articulated']],https://assist.org/transfer/results?year=76&institution=17&agreement=117&agreementType=to&viewAgreementsOptions=true&view=agreement&viewBy=major&viewSendingAgreements=false&viewByKey=76%2F17%2Fto%2F117%2FMajor%2F3fc7b07d-4058-4a0a-1f72-08ddcb96df9e,76/17/to/117/Major/3fc7b07d-4058-4a0a-1f72-08ddcb96df9e
info,non_course_requirement_placeholder,Treat as raw audit noise unless it maps to a CS requirement used downstream.,UCLA,University of California Los Angeles,Merritt College,fail,<blank>,unexpected_row,unexpected raw CSV row,,[['Not Articulated']],https://assist.org/transfer/results?year=76&institution=13&agreement=117&agreementType=to&viewAgreementsOptions=true&view=agreement&viewBy=major&viewSendingAgreements=false&viewByKey=76%2F13%2Fto%2F117%2FMajor%2F3fc7b07d-4058-4a0a-1f72-08ddcb96df9e,76/13/to/117/Major/3fc7b07d-4058-4a0a-1f72-08ddcb96df9e
info,non_course_requirement_placeholder,Treat as raw audit noise unless it maps to a CS requirement used downstream.,UCLA,University of California Los Angeles,MiraCosta College,fail,<blank>,unexpected_row,unexpected raw CSV row,,[['Not Articulated']],https://assist.org/transfer/results?year=76&institution=108&agreement=117&agreementType=to&viewAgreementsOptions=true&view=agreement&viewBy=major&viewSendingAgreements=false&viewByKey=76%2F108%2Fto%2F117%2FMajor%2F3fc7b07d-4058-4a0a-1f72-08ddcb96df9e,76/108/to/117/Major/3fc7b07d-4058-4a0a-1f72-08ddcb96df9e
info,non_course_requirement_placeholder,Treat as raw audit noise unless it maps to a CS requirement used downstream.,UCLA,University of California Los Angeles,Mission College,fail,<blank>,unexpected_row,unexpected raw CSV row,,[['EGR 030 (4.00)']],https://assist.org/transfer/results?year=76&institution=32&agreement=117&agreementType=to&viewAgreementsOptions=true&view=agreement&viewBy=major&viewSendingAgreements=false&viewByKey=76%2F32%2Fto%2F117%2FMajor%2F3fc7b07d-4058-4a0a-1f72-08ddcb96df9e,76/32/to/117/Major/3fc7b07d-4058-4a0a-1f72-08ddcb96df9e
info,non_course_requirement_placeholder,Treat as raw audit noise unless it maps to a CS requirement used downstream.,UCLA,University of California Los Angeles,Modesto Junior College,fail,<blank>,unexpected_row,unexpected raw CSV row,,[['Not Articulated']],https://assist.org/transfer/results?year=76&institution=52&agreement=117&agreementType=to&viewAgreementsOptions=true&view=agreement&viewBy=major&viewSendingAgreements=false&viewByKey=76%2F52%2Fto%2F117%2FMajor%2F3fc7b07d-4058-4a0a-1f72-08ddcb96df9e,76/52/to/117/Major/3fc7b07d-4058-4a0a-1f72-08ddcb96df9e
info,non_course_requirement_placeholder,Treat as raw audit noise unless it maps to a CS requirement used downstream.,UCLA,University of California Los Angeles,Monterey Peninsula College,fail,<blank>,unexpected_row,unexpected raw CSV row,,[['CSCI 10C (4.00)']],https://assist.org/transfer/results?year=76&institution=133&agreement=117&agreementType=to&viewAgreementsOptions=true&view=agreement&viewBy=major&viewSendingAgreements=false&viewByKey=76%2F133%2Fto%2F117%2FMajor%2F3fc7b07d-4058-4a0a-1f72-08ddcb96df9e,76/133/to/117/Major/3fc7b07d-4058-4a0a-1f72-08ddcb96df9e
info,non_course_requirement_placeholder,Treat as raw audit noise unless it maps to a CS requirement used downstream.,UCLA,University of California Los Angeles,Moorpark College,fail,<blank>,unexpected_row,unexpected raw CSV row,,[['CS M125 (3.00)']],https://assist.org/transfer/results?year=76&institution=139&agreement=117&agreementType=to&viewAgreementsOptions=true&view=agreement&viewBy=major&viewSendingAgreements=false&viewByKey=76%2F139%2Fto%2F117%2FMajor%2F3fc7b07d-4058-4a0a-1f72-08ddcb96df9e,76/139/to/117/Major/3fc7b07d-4058-4a0a-1f72-08ddcb96df9e
info,non_course_requirement_placeholder,Treat as raw audit noise unless it maps to a CS requirement used downstream.,UCLA,University of California Los Angeles,Moreno Valley College,fail,<blank>,unexpected_row,unexpected raw CSV row,,[['CIS 5 (4.00)']],https://assist.org/transfer/results?year=76&institution=149&agreement=117&agreementType=to&viewAgreementsOptions=true&view=agreement&viewBy=major&viewSendingAgreements=false&viewByKey=76%2F149%2Fto%2F117%2FMajor%2F3fc7b07d-4058-4a0a-1f72-08ddcb96df9e,76/149/to/117/Major/3fc7b07d-4058-4a0a-1f72-08ddcb96df9e
info,non_course_requirement_placeholder,Treat as raw audit noise unless it maps to a CS requirement used downstream.,UCLA,University of California Los Angeles,Mount San Antonio College,fail,<blank>,unexpected_row,unexpected raw CSV row,,"[['CISP 31 (3.00)', 'CISP 31L (0.50)'], ['CISP 34 (3.00)'], ['CSCI 140 (4.00)']]",https://assist.org/transfer/results?year=76&institution=62&agreement=117&agreementType=to&viewAgreementsOptions=true&view=agreement&viewBy=major&viewSendingAgreements=false&viewByKey=76%2F62%2Fto%2F117%2FMajor%2F3fc7b07d-4058-4a0a-1f72-08ddcb96df9e,76/62/to/117/Major/3fc7b07d-4058-4a0a-1f72-08ddcb96df9e
info,non_course_requirement_placeholder,Treat as raw audit noise unless it maps to a CS requirement used downstream.,UCLA,University of California Los Angeles,Mt. San Jacinto College,fail,<blank>,unexpected_row,unexpected raw CSV row,,"[['CSIS- 113A (3.00)'], ['CSIS- 123A (3.00)']]",https://assist.org/transfer/results?year=76&institution=53&agreement=117&agreementType=to&viewAgreementsOptions=true&view=agreement&viewBy=major&viewSendingAgreements=false&viewByKey=76%2F53%2Fto%2F117%2FMajor%2F3fc7b07d-4058-4a0a-1f72-08ddcb96df9e,76/53/to/117/Major/3fc7b07d-4058-4a0a-1f72-08ddcb96df9e
info,non_course_requirement_placeholder,Treat as raw audit noise unless it maps to a CS requirement used downstream.,UCLA,University of California Los Angeles,Napa Valley College,fail,<blank>,unexpected_row,unexpected raw CSV row,,[['Not Articulated']],https://assist.org/transfer/results?year=76&institution=73&agreement=117&agreementType=to&viewAgreementsOptions=true&view=agreement&viewBy=major&viewSendingAgreements=false&viewByKey=76%2F73%2Fto%2F117%2FMajor%2F3fc7b07d-4058-4a0a-1f72-08ddcb96df9e,76/73/to/117/Major/3fc7b07d-4058-4a0a-1f72-08ddcb96df9e
info,non_course_requirement_placeholder,Treat as raw audit noise unless it maps to a CS requirement used downstream.,UCLA,University of California Los Angeles,Norco College,fail,<blank>,unexpected_row,unexpected raw CSV row,,"[['CIS 5 (4.00)'], ['CIS 17A (3.00)'], ['CIS 17C (3.00)']]",https://assist.org/transfer/results?year=76&institution=148&agreement=117&agreementType=to&viewAgreementsOptions=true&view=agreement&viewBy=major&viewSendingAgreements=false&viewByKey=76%2F148%2Fto%2F117%2FMajor%2F3fc7b07d-4058-4a0a-1f72-08ddcb96df9e,76/148/to/117/Major/3fc7b07d-4058-4a0a-1f72-08ddcb96df9e
info,non_course_requirement_placeholder,Treat as raw audit noise unless it maps to a CS requirement used downstream.,UCLA,University of California Los Angeles,Ohlone College,fail,<blank>,unexpected_row,unexpected raw CSV row,,[['CS 116 (4.00)']],https://assist.org/transfer/results?year=76&institution=48&agreement=117&agreementType=to&viewAgreementsOptions=true&view=agreement&viewBy=major&viewSendingAgreements=false&viewByKey=76%2F48%2Fto%2F117%2FMajor%2F3fc7b07d-4058-4a0a-1f72-08ddcb96df9e,76/48/to/117/Major/3fc7b07d-4058-4a0a-1f72-08ddcb96df9e
info,non_course_requirement_placeholder,Treat as raw audit noise unless it maps to a CS requirement used downstream.,UCLA,University of California Los Angeles,Orange Coast College,fail,<blank>,unexpected_row,unexpected raw CSV row,,[['CS A250 (4.00)']],https://assist.org/transfer/results?year=76&institution=74&agreement=117&agreementType=to&viewAgreementsOptions=true&view=agreement&viewBy=major&viewSendingAgreements=false&viewByKey=76%2F74%2Fto%2F117%2FMajor%2F3fc7b07d-4058-4a0a-1f72-08ddcb96df9e,76/74/to/117/Major/3fc7b07d-4058-4a0a-1f72-08ddcb96df9e
info,non_course_requirement_placeholder,Treat as raw audit noise unless it maps to a CS requirement used downstream.,UCLA,University of California Los Angeles,Oxnard College,fail,<blank>,unexpected_row,unexpected raw CSV row,,[['Not Articulated']],https://assist.org/transfer/results?year=76&institution=87&agreement=117&agreementType=to&viewAgreementsOptions=true&view=agreement&viewBy=major&viewSendingAgreements=false&viewByKey=76%2F87%2Fto%2F117%2FMajor%2F3fc7b07d-4058-4a0a-1f72-08ddcb96df9e,76/87/to/117/Major/3fc7b07d-4058-4a0a-1f72-08ddcb96df9e
info,non_course_requirement_placeholder,Treat as raw audit noise unless it maps to a CS requirement used downstream.,UCLA,University of California Los Angeles,Palo Verde College,fail,<blank>,unexpected_row,unexpected raw CSV row,,[['Not Articulated']],https://assist.org/transfer/results?year=76&institution=63&agreement=117&agreementType=to&viewAgreementsOptions=true&view=agreement&viewBy=major&viewSendingAgreements=false&viewByKey=76%2F63%2Fto%2F117%2FMajor%2F3fc7b07d-4058-4a0a-1f72-08ddcb96df9e,76/63/to/117/Major/3fc7b07d-4058-4a0a-1f72-08ddcb96df9e
info,non_course_requirement_placeholder,Treat as raw audit noise unless it maps to a CS requirement used downstream.,UCLA,University of California Los Angeles,Palomar College,fail,<blank>,unexpected_row,unexpected raw CSV row,,[['CSCI 222 (4.00)']],https://assist.org/transfer/results?year=76&institution=56&agreement=117&agreementType=to&viewAgreementsOptions=true&view=agreement&viewBy=major&viewSendingAgreements=false&viewByKey=76%2F56%2Fto%2F117%2FMajor%2F3fc7b07d-4058-4a0a-1f72-08ddcb96df9e,76/56/to/117/Major/3fc7b07d-4058-4a0a-1f72-08ddcb96df9e
info,non_course_requirement_placeholder,Treat as raw audit noise unless it maps to a CS requirement used downstream.,UCLA,University of California Los Angeles,Pasadena City College,fail,<blank>,unexpected_row,unexpected raw CSV row,,"[['CS 002 (4.00)'], ['CS 003A (3.00)']]",https://assist.org/transfer/results?year=76&institution=49&agreement=117&agreementType=to&viewAgreementsOptions=true&view=agreement&viewBy=major&viewSendingAgreements=false&viewByKey=76%2F49%2Fto%2F117%2FMajor%2F3fc7b07d-4058-4a0a-1f72-08ddcb96df9e,76/49/to/117/Major/3fc7b07d-4058-4a0a-1f72-08ddcb96df9e
info,non_course_requirement_placeholder,Treat as raw audit noise unless it maps to a CS requirement used downstream.,UCLA,University of California Los Angeles,Porterville College,fail,<blank>,unexpected_row,unexpected raw CSV row,,[['Not Articulated']],https://assist.org/transfer/results?year=76&institution=125&agreement=117&agreementType=to&viewAgreementsOptions=true&view=agreement&viewBy=major&viewSendingAgreements=false&viewByKey=76%2F125%2Fto%2F117%2FMajor%2F3fc7b07d-4058-4a0a-1f72-08ddcb96df9e,76/125/to/117/Major/3fc7b07d-4058-4a0a-1f72-08ddcb96df9e
info,non_course_requirement_placeholder,Treat as raw audit noise unless it maps to a CS requirement used downstream.,UCLA,University of California Los Angeles,Reedley College,fail,<blank>,unexpected_row,unexpected raw CSV row,,[['Not Articulated']],https://assist.org/transfer/results?year=76&institution=36&agreement=117&agreementType=to&viewAgreementsOptions=true&view=agreement&viewBy=major&viewSendingAgreements=false&viewByKey=76%2F36%2Fto%2F117%2FMajor%2F3fc7b07d-4058-4a0a-1f72-08ddcb96df9e,76/36/to/117/Major/3fc7b07d-4058-4a0a-1f72-08ddcb96df9e
info,non_course_requirement_placeholder,Treat as raw audit noise unless it maps to a CS requirement used downstream.,UCLA,University of California Los Angeles,Rio Hondo College,fail,<blank>,unexpected_row,unexpected raw CSV row,,[['CIT 126 (4.00)']],https://assist.org/transfer/results?year=76&institution=64&agreement=117&agreementType=to&viewAgreementsOptions=true&view=agreement&viewBy=major&viewSendingAgreements=false&viewByKey=76%2F64%2Fto%2F117%2FMajor%2F3fc7b07d-4058-4a0a-1f72-08ddcb96df9e,76/64/to/117/Major/3fc7b07d-4058-4a0a-1f72-08ddcb96df9e
info,non_course_requirement_placeholder,Treat as raw audit noise unless it maps to a CS requirement used downstream.,UCLA,University of California Los Angeles,Riverside City College,fail,<blank>,unexpected_row,unexpected raw CSV row,,"[['CSC 17A (3.00)', 'CIS 17B (3.00)'], ['CSC 17A (3.00)', 'CIS 17C (3.00)'], ['CIS 5 (4.00)']]",https://assist.org/transfer/results?year=76&institution=78&agreement=117&agreementType=to&viewAgreementsOptions=true&view=agreement&viewBy=major&viewSendingAgreements=false&viewByKey=76%2F78%2Fto%2F117%2FMajor%2F3fc7b07d-4058-4a0a-1f72-08ddcb96df9e,76/78/to/117/Major/3fc7b07d-4058-4a0a-1f72-08ddcb96df9e
info,non_course_requirement_placeholder,Treat as raw audit noise unless it maps to a CS requirement used downstream.,UCLA,University of California Los Angeles,Sacramento City College,fail,<blank>,unexpected_row,unexpected raw CSV row,,"[['CISP 360 (4.00)'], ['CISP 400 (4.00)']]",https://assist.org/transfer/results?year=76&institution=126&agreement=117&agreementType=to&viewAgreementsOptions=true&view=agreement&viewBy=major&viewSendingAgreements=false&viewByKey=76%2F126%2Fto%2F117%2FMajor%2F3fc7b07d-4058-4a0a-1f72-08ddcb96df9e,76/126/to/117/Major/3fc7b07d-4058-4a0a-1f72-08ddcb96df9e
info,non_course_requirement_placeholder,Treat as raw audit noise unless it maps to a CS requirement used downstream.,UCLA,University of California Los Angeles,Saddleback College,fail,<blank>,unexpected_row,unexpected raw CSV row,,[['CS 1B (3.50)']],https://assist.org/transfer/results?year=76&institution=65&agreement=117&agreementType=to&viewAgreementsOptions=true&view=agreement&viewBy=major&viewSendingAgreements=false&viewByKey=76%2F65%2Fto%2F117%2FMajor%2F3fc7b07d-4058-4a0a-1f72-08ddcb96df9e,76/65/to/117/Major/3fc7b07d-4058-4a0a-1f72-08ddcb96df9e
info,non_course_requirement_placeholder,Treat as raw audit noise unless it maps to a CS requirement used downstream.,UCLA,University of California Los Angeles,San Bernardino Valley College,fail,<blank>,unexpected_row,unexpected raw CSV row,,[['CS 190 (4.00)']],https://assist.org/transfer/results?year=76&institution=131&agreement=117&agreementType=to&viewAgreementsOptions=true&view=agreement&viewBy=major&viewSendingAgreements=false&viewByKey=76%2F131%2Fto%2F117%2FMajor%2F3fc7b07d-4058-4a0a-1f72-08ddcb96df9e,76/131/to/117/Major/3fc7b07d-4058-4a0a-1f72-08ddcb96df9e
info,non_course_requirement_placeholder,Treat as raw audit noise unless it maps to a CS requirement used downstream.,UCLA,University of California Los Angeles,San Diego City College,fail,<blank>,unexpected_row,unexpected raw CSV row,,"[['CISC 192 (4.00)'], ['CISC 205 (4.00)']]",https://assist.org/transfer/results?year=76&institution=54&agreement=117&agreementType=to&viewAgreementsOptions=true&view=agreement&viewBy=major&viewSendingAgreements=false&viewByKey=76%2F54%2Fto%2F117%2FMajor%2F3fc7b07d-4058-4a0a-1f72-08ddcb96df9e,76/54/to/117/Major/3fc7b07d-4058-4a0a-1f72-08ddcb96df9e
info,non_course_requirement_placeholder,Treat as raw audit noise unless it maps to a CS requirement used downstream.,UCLA,University of California Los Angeles,San Diego Mesa College,fail,<blank>,unexpected_row,unexpected raw CSV row,,[['CISC 192 (4.00)']],https://assist.org/transfer/results?year=76&institution=101&agreement=117&agreementType=to&viewAgreementsOptions=true&view=agreement&viewBy=major&viewSendingAgreements=false&viewByKey=76%2F101%2Fto%2F117%2FMajor%2F3fc7b07d-4058-4a0a-1f72-08ddcb96df9e,76/101/to/117/Major/3fc7b07d-4058-4a0a-1f72-08ddcb96df9e
info,non_course_requirement_placeholder,Treat as raw audit noise unless it maps to a CS requirement used downstream.,UCLA,University of California Los Angeles,San Diego Miramar College,fail,<blank>,unexpected_row,unexpected raw CSV row,,[['CISC 192 (4.00)']],https://assist.org/transfer/results?year=76&institution=45&agreement=117&agreementType=to&viewAgreementsOptions=true&view=agreement&viewBy=major&viewSendingAgreements=false&viewByKey=76%2F45%2Fto%2F117%2FMajor%2F3fc7b07d-4058-4a0a-1f72-08ddcb96df9e,76/45/to/117/Major/3fc7b07d-4058-4a0a-1f72-08ddcb96df9e
info,non_course_requirement_placeholder,Treat as raw audit noise unless it maps to a CS requirement used downstream.,UCLA,University of California Los Angeles,San Joaquin Delta College,fail,<blank>,unexpected_row,unexpected raw CSV row,,[['Not Articulated']],https://assist.org/transfer/results?year=76&institution=109&agreement=117&agreementType=to&viewAgreementsOptions=true&view=agreement&viewBy=major&viewSendingAgreements=false&viewByKey=76%2F109%2Fto%2F117%2FMajor%2F3fc7b07d-4058-4a0a-1f72-08ddcb96df9e,76/109/to/117/Major/3fc7b07d-4058-4a0a-1f72-08ddcb96df9e
info,non_course_requirement_placeholder,Treat as raw audit noise unless it maps to a CS requirement used downstream.,UCLA,University of California Los Angeles,San Jose City College,fail,<blank>,unexpected_row,unexpected raw CSV row,,"[['CIS 054 (3.00)'], ['CIS 059 (3.00)']]",https://assist.org/transfer/results?year=76&institution=136&agreement=117&agreementType=to&viewAgreementsOptions=true&view=agreement&viewBy=major&viewSendingAgreements=false&viewByKey=76%2F136%2Fto%2F117%2FMajor%2F3fc7b07d-4058-4a0a-1f72-08ddcb96df9e,76/136/to/117/Major/3fc7b07d-4058-4a0a-1f72-08ddcb96df9e
info,non_course_requirement_placeholder,Treat as raw audit noise unless it maps to a CS requirement used downstream.,UCLA,University of California Los Angeles,Santa Ana College,fail,<blank>,unexpected_row,unexpected raw CSV row,,[['CMPR 121 (3.00)']],https://assist.org/transfer/results?year=76&institution=14&agreement=117&agreementType=to&viewAgreementsOptions=true&view=agreement&viewBy=major&viewSendingAgreements=false&viewByKey=76%2F14%2Fto%2F117%2FMajor%2F3fc7b07d-4058-4a0a-1f72-08ddcb96df9e,76/14/to/117/Major/3fc7b07d-4058-4a0a-1f72-08ddcb96df9e
info,non_course_requirement_placeholder,Treat as raw audit noise unless it maps to a CS requirement used downstream.,UCLA,University of California Los Angeles,Santa Barbara City College,fail,<blank>,unexpected_row,unexpected raw CSV row,,"[['CS 106 (3.00)'], ['CS 133 (3.00)'], ['CS 137 (3.00)'], ['CS 140 (4.00)']]",https://assist.org/transfer/results?year=76&institution=92&agreement=117&agreementType=to&viewAgreementsOptions=true&view=agreement&viewBy=major&viewSendingAgreements=false&viewByKey=76%2F92%2Fto%2F117%2FMajor%2F3fc7b07d-4058-4a0a-1f72-08ddcb96df9e,76/92/to/117/Major/3fc7b07d-4058-4a0a-1f72-08ddcb96df9e
info,non_course_requirement_placeholder,Treat as raw audit noise unless it maps to a CS requirement used downstream.,UCLA,University of California Los Angeles,Santa Monica College,fail,<blank>,unexpected_row,unexpected raw CSV row,,[['CS 52 (3.00)']],https://assist.org/transfer/results?year=76&institution=137&agreement=117&agreementType=to&viewAgreementsOptions=true&view=agreement&viewBy=major&viewSendingAgreements=false&viewByKey=76%2F137%2Fto%2F117%2FMajor%2F3fc7b07d-4058-4a0a-1f72-08ddcb96df9e,76/137/to/117/Major/3fc7b07d-4058-4a0a-1f72-08ddcb96df9e
info,non_course_requirement_placeholder,Treat as raw audit noise unless it maps to a CS requirement used downstream.,UCLA,University of California Los Angeles,Santa Rosa Junior College,fail,<blank>,unexpected_row,unexpected raw CSV row,,[['CS 10A (4.00)']],https://assist.org/transfer/results?year=76&institution=57&agreement=117&agreementType=to&viewAgreementsOptions=true&view=agreement&viewBy=major&viewSendingAgreements=false&viewByKey=76%2F57%2Fto%2F117%2FMajor%2F3fc7b07d-4058-4a0a-1f72-08ddcb96df9e,76/57/to/117/Major/3fc7b07d-4058-4a0a-1f72-08ddcb96df9e
info,non_course_requirement_placeholder,Treat as raw audit noise unless it maps to a CS requirement used downstream.,UCLA,University of California Los Angeles,Santiago Canyon College,fail,<blank>,unexpected_row,unexpected raw CSV row,,[['CMPR 121 (3.00)']],https://assist.org/transfer/results?year=76&institution=66&agreement=117&agreementType=to&viewAgreementsOptions=true&view=agreement&viewBy=major&viewSendingAgreements=false&viewByKey=76%2F66%2Fto%2F117%2FMajor%2F3fc7b07d-4058-4a0a-1f72-08ddcb96df9e,76/66/to/117/Major/3fc7b07d-4058-4a0a-1f72-08ddcb96df9e
info,non_course_requirement_placeholder,Treat as raw audit noise unless it maps to a CS requirement used downstream.,UCLA,University of California Los Angeles,Shasta College,fail,<blank>,unexpected_row,unexpected raw CSV row,,[['CIS 61 (3.00)']],https://assist.org/transfer/results?year=76&institution=38&agreement=117&agreementType=to&viewAgreementsOptions=true&view=agreement&viewBy=major&viewSendingAgreements=false&viewByKey=76%2F38%2Fto%2F117%2FMajor%2F3fc7b07d-4058-4a0a-1f72-08ddcb96df9e,76/38/to/117/Major/3fc7b07d-4058-4a0a-1f72-08ddcb96df9e
info,non_course_requirement_placeholder,Treat as raw audit noise unless it maps to a CS requirement used downstream.,UCLA,University of California Los Angeles,Sierra College,fail,<blank>,unexpected_row,unexpected raw CSV row,,[['CSCI 66 (3.00)']],https://assist.org/transfer/results?year=76&institution=93&agreement=117&agreementType=to&viewAgreementsOptions=true&view=agreement&viewBy=major&viewSendingAgreements=false&viewByKey=76%2F93%2Fto%2F117%2FMajor%2F3fc7b07d-4058-4a0a-1f72-08ddcb96df9e,76/93/to/117/Major/3fc7b07d-4058-4a0a-1f72-08ddcb96df9e
info,non_course_requirement_placeholder,Treat as raw audit noise unless it maps to a CS requirement used downstream.,UCLA,University of California Los Angeles,Skyline College,fail,<blank>,unexpected_row,unexpected raw CSV row,,[['CIS 250 (3.00)']],https://assist.org/transfer/results?year=76&institution=127&agreement=117&agreementType=to&viewAgreementsOptions=true&view=agreement&viewBy=major&viewSendingAgreements=false&viewByKey=76%2F127%2Fto%2F117%2FMajor%2F3fc7b07d-4058-4a0a-1f72-08ddcb96df9e,76/127/to/117/Major/3fc7b07d-4058-4a0a-1f72-08ddcb96df9e
info,non_course_requirement_placeholder,Treat as raw audit noise unless it maps to a CS requirement used downstream.,UCLA,University of California Los Angeles,Solano Community College,fail,<blank>,unexpected_row,unexpected raw CSV row,,[['Not Articulated']],https://assist.org/transfer/results?year=76&institution=94&agreement=117&agreementType=to&viewAgreementsOptions=true&view=agreement&viewBy=major&viewSendingAgreements=false&viewByKey=76%2F94%2Fto%2F117%2FMajor%2F3fc7b07d-4058-4a0a-1f72-08ddcb96df9e,76/94/to/117/Major/3fc7b07d-4058-4a0a-1f72-08ddcb96df9e
info,non_course_requirement_placeholder,Treat as raw audit noise unless it maps to a CS requirement used downstream.,UCLA,University of California Los Angeles,Southwestern College,fail,<blank>,unexpected_row,unexpected raw CSV row,,[['CIS 115 (4.00)']],https://assist.org/transfer/results?year=76&institution=138&agreement=117&agreementType=to&viewAgreementsOptions=true&view=agreement&viewBy=major&viewSendingAgreements=false&viewByKey=76%2F138%2Fto%2F117%2FMajor%2F3fc7b07d-4058-4a0a-1f72-08ddcb96df9e,76/138/to/117/Major/3fc7b07d-4058-4a0a-1f72-08ddcb96df9e
info,non_course_requirement_placeholder,Treat as raw audit noise unless it maps to a CS requirement used downstream.,UCLA,University of California Los Angeles,Taft College,fail,<blank>,unexpected_row,unexpected raw CSV row,,[['Not Articulated']],https://assist.org/transfer/results?year=76&institution=119&agreement=117&agreementType=to&viewAgreementsOptions=true&view=agreement&viewBy=major&viewSendingAgreements=false&viewByKey=76%2F119%2Fto%2F117%2FMajor%2F3fc7b07d-4058-4a0a-1f72-08ddcb96df9e,76/119/to/117/Major/3fc7b07d-4058-4a0a-1f72-08ddcb96df9e
info,non_course_requirement_placeholder,Treat as raw audit noise unless it maps to a CS requirement used downstream.,UCLA,University of California Los Angeles,Ventura College,fail,<blank>,unexpected_row,unexpected raw CSV row,,"[['CS V13 (3.00)'], ['CS V30 (3.00)']]",https://assist.org/transfer/results?year=76&institution=95&agreement=117&agreementType=to&viewAgreementsOptions=true&view=agreement&viewBy=major&viewSendingAgreements=false&viewByKey=76%2F95%2Fto%2F117%2FMajor%2F3fc7b07d-4058-4a0a-1f72-08ddcb96df9e,76/95/to/117/Major/3fc7b07d-4058-4a0a-1f72-08ddcb96df9e
info,non_course_requirement_placeholder,Treat as raw audit noise unless it maps to a CS requirement used downstream.,UCLA,University of California Los Angeles,Victor Valley College,fail,<blank>,unexpected_row,unexpected raw CSV row,,"[['CIS 201 (4.00)'], ['CIS 202 (4.00)']]",https://assist.org/transfer/results?year=76&institution=19&agreement=117&agreementType=to&viewAgreementsOptions=true&view=agreement&viewBy=major&viewSendingAgreements=false&viewByKey=76%2F19%2Fto%2F117%2FMajor%2F3fc7b07d-4058-4a0a-1f72-08ddcb96df9e,76/19/to/117/Major/3fc7b07d-4058-4a0a-1f72-08ddcb96df9e
info,non_course_requirement_placeholder,Treat as raw audit noise unless it maps to a CS requirement used downstream.,UCLA,University of California Los Angeles,West Hills College Coalinga,fail,<blank>,unexpected_row,unexpected raw CSV row,,[['Not Articulated']],https://assist.org/transfer/results?year=76&institution=67&agreement=117&agreementType=to&viewAgreementsOptions=true&view=agreement&viewBy=major&viewSendingAgreements=false&viewByKey=76%2F67%2Fto%2F117%2FMajor%2F3fc7b07d-4058-4a0a-1f72-08ddcb96df9e,76/67/to/117/Major/3fc7b07d-4058-4a0a-1f72-08ddcb96df9e
info,non_course_requirement_placeholder,Treat as raw audit noise unless it maps to a CS requirement used downstream.,UCLA,University of California Los Angeles,West Hills College Lemoore,fail,<blank>,unexpected_row,unexpected raw CSV row,,[['Not Articulated']],https://assist.org/transfer/results?year=76&institution=146&agreement=117&agreementType=to&viewAgreementsOptions=true&view=agreement&viewBy=major&viewSendingAgreements=false&viewByKey=76%2F146%2Fto%2F117%2FMajor%2F3fc7b07d-4058-4a0a-1f72-08ddcb96df9e,76/146/to/117/Major/3fc7b07d-4058-4a0a-1f72-08ddcb96df9e
info,non_course_requirement_placeholder,Treat as raw audit noise unless it maps to a CS requirement used downstream.,UCLA,University of California Los Angeles,West Los Angeles College,fail,<blank>,unexpected_row,unexpected raw CSV row,,[['Not Articulated']],https://assist.org/transfer/results?year=76&institution=91&agreement=117&agreementType=to&viewAgreementsOptions=true&view=agreement&viewBy=major&viewSendingAgreements=false&viewByKey=76%2F91%2Fto%2F117%2FMajor%2F3fc7b07d-4058-4a0a-1f72-08ddcb96df9e,76/91/to/117/Major/3fc7b07d-4058-4a0a-1f72-08ddcb96df9e
info,non_course_requirement_placeholder,Treat as raw audit noise unless it maps to a CS requirement used downstream.,UCLA,University of California Los Angeles,West Valley College,fail,<blank>,unexpected_row,unexpected raw CSV row,,[['Not Articulated']],https://assist.org/transfer/results?year=76&institution=80&agreement=117&agreementType=to&viewAgreementsOptions=true&view=agreement&viewBy=major&viewSendingAgreements=false&viewByKey=76%2F80%2Fto%2F117%2FMajor%2F3fc7b07d-4058-4a0a-1f72-08ddcb96df9e,76/80/to/117/Major/3fc7b07d-4058-4a0a-1f72-08ddcb96df9e
info,non_course_requirement_placeholder,Treat as raw audit noise unless it maps to a CS requirement used downstream.,UCLA,University of California Los Angeles,Woodland Community College,fail,<blank>,unexpected_row,unexpected raw CSV row,,[['Not Articulated']],https://assist.org/transfer/results?year=76&institution=147&agreement=117&agreementType=to&viewAgreementsOptions=true&view=agreement&viewBy=major&viewSendingAgreements=false&viewByKey=76%2F147%2Fto%2F117%2FMajor%2F3fc7b07d-4058-4a0a-1f72-08ddcb96df9e,76/147/to/117/Major/3fc7b07d-4058-4a0a-1f72-08ddcb96df9e
info,non_course_requirement_placeholder,Treat as raw audit noise unless it maps to a CS requirement used downstream.,UCLA,University of California Los Angeles,Yuba College,fail,<blank>,unexpected_row,unexpected raw CSV row,,"[['COMSC 9A (4.00)'], ['COMSC 11 (3.00)']]",https://assist.org/transfer/results?year=76&institution=90&agreement=117&agreementType=to&viewAgreementsOptions=true&view=agreement&viewBy=major&viewSendingAgreements=false&viewByKey=76%2F90%2Fto%2F117%2FMajor%2F3fc7b07d-4058-4a0a-1f72-08ddcb96df9e,76/90/to/117/Major/3fc7b07d-4058-4a0a-1f72-08ddcb96df9e
info,non_course_requirement_placeholder,Treat as raw audit noise unless it maps to a CS requirement used downstream.,UCLA,University of California Los Angeles,Allan Hancock College,fail,Requirement,missing_row,missing raw CSV row,[['CS 111 (4.00)']],,https://assist.org/transfer/results?year=76&institution=110&agreement=117&agreementType=to&viewAgreementsOptions=true&view=agreement&viewBy=major&viewSendingAgreements=false&viewByKey=76%2F110%2Fto%2F117%2FMajor%2F3fc7b07d-4058-4a0a-1f72-08ddcb96df9e,76/110/to/117/Major/3fc7b07d-4058-4a0a-1f72-08ddcb96df9e
info,non_course_requirement_placeholder,Treat as raw audit noise unless it maps to a CS requirement used downstream.,UCLA,University of California Los Angeles,American River College,fail,Requirement,missing_row,missing raw CSV row,[['CISP 400 (4.00)']],,https://assist.org/transfer/results?year=76&institution=27&agreement=117&agreementType=to&viewAgreementsOptions=true&view=agreement&viewBy=major&viewSendingAgreements=false&viewByKey=76%2F27%2Fto%2F117%2FMajor%2F3fc7b07d-4058-4a0a-1f72-08ddcb96df9e,76/27/to/117/Major/3fc7b07d-4058-4a0a-1f72-08ddcb96df9e
info,non_course_requirement_placeholder,Treat as raw audit noise unless it maps to a CS requirement used downstream.,UCLA,University of California Los Angeles,Antelope Valley College,fail,Requirement,missing_row,missing raw CSV row,"[['ENGL 102 (3.00)'], ['ENGL C1001 (3.00)'], ['PHIL 201 (3.00)']]",,https://assist.org/transfer/results?year=76&institution=121&agreement=117&agreementType=to&viewAgreementsOptions=true&view=agreement&viewBy=major&viewSendingAgreements=false&viewByKey=76%2F121%2Fto%2F117%2FMajor%2F3fc7b07d-4058-4a0a-1f72-08ddcb96df9e,76/121/to/117/Major/3fc7b07d-4058-4a0a-1f72-08ddcb96df9e
info,non_course_requirement_placeholder,Treat as raw audit noise unless it maps to a CS requirement used downstream.,UCLA,University of California Los Angeles,Bakersfield College,fail,Requirement,missing_row,missing raw CSV row,"[['COMP B12 (3.00)'], ['ENGR B19C (4.00)']]",,https://assist.org/transfer/results?year=76&institution=84&agreement=117&agreementType=to&viewAgreementsOptions=true&view=agreement&viewBy=major&viewSendingAgreements=false&viewByKey=76%2F84%2Fto%2F117%2FMajor%2F3fc7b07d-4058-4a0a-1f72-08ddcb96df9e,76/84/to/117/Major/3fc7b07d-4058-4a0a-1f72-08ddcb96df9e
info,non_course_requirement_placeholder,Treat as raw audit noise unless it maps to a CS requirement used downstream.,UCLA,University of California Los Angeles,Barstow Community College,fail,Requirement,missing_row,missing raw CSV row,"[['ENGL 1B (3.00)'], ['ENGL C1001 (4.00)']]",,https://assist.org/transfer/results?year=76&institution=20&agreement=117&agreementType=to&viewAgreementsOptions=true&view=agreement&viewBy=major&viewSendingAgreements=false&viewByKey=76%2F20%2Fto%2F117%2FMajor%2F3fc7b07d-4058-4a0a-1f72-08ddcb96df9e,76/20/to/117/Major/3fc7b07d-4058-4a0a-1f72-08ddcb96df9e
info,non_course_requirement_placeholder,Treat as raw audit noise unless it maps to a CS requirement used downstream.,UCLA,University of California Los Angeles,Berkeley City College,fail,Requirement,missing_row,missing raw CSV row,"[['ENGL 1B (4.00)'], ['ENGL C1001 (3.00)'], ['COMM 5 (3.00)']]",,https://assist.org/transfer/results?year=76&institution=58&agreement=117&agreementType=to&viewAgreementsOptions=true&view=agreement&viewBy=major&viewSendingAgreements=false&viewByKey=76%2F58%2Fto%2F117%2FMajor%2F3fc7b07d-4058-4a0a-1f72-08ddcb96df9e,76/58/to/117/Major/3fc7b07d-4058-4a0a-1f72-08ddcb96df9e
info,non_course_requirement_placeholder,Treat as raw audit noise unless it maps to a CS requirement used downstream.,UCLA,University of California Los Angeles,Butte College,fail,Requirement,missing_row,missing raw CSV row,"[['CSCI 20 (3.00)', 'CSCI 21 (3.00)']]",,https://assist.org/transfer/results?year=76&institution=8&agreement=117&agreementType=to&viewAgreementsOptions=true&view=agreement&viewBy=major&viewSendingAgreements=false&viewByKey=76%2F8%2Fto%2F117%2FMajor%2F3fc7b07d-4058-4a0a-1f72-08ddcb96df9e,76/8/to/117/Major/3fc7b07d-4058-4a0a-1f72-08ddcb96df9e
info,non_course_requirement_placeholder,Treat as raw audit noise unless it maps to a CS requirement used downstream.,UCLA,University of California Los Angeles,Cabrillo College,fail,Requirement,missing_row,missing raw CSV row,[['CS 11 (4.00)']],,https://assist.org/transfer/results?year=76&institution=41&agreement=117&agreementType=to&viewAgreementsOptions=true&view=agreement&viewBy=major&viewSendingAgreements=false&viewByKey=76%2F41%2Fto%2F117%2FMajor%2F3fc7b07d-4058-4a0a-1f72-08ddcb96df9e,76/41/to/117/Major/3fc7b07d-4058-4a0a-1f72-08ddcb96df9e
info,non_course_requirement_placeholder,Treat as raw audit noise unless it maps to a CS requirement used downstream.,UCLA,University of California Los Angeles,Canada College,fail,Requirement,missing_row,missing raw CSV row,[['CIS 250 (3.00)']],,https://assist.org/transfer/results?year=76&institution=68&agreement=117&agreementType=to&viewAgreementsOptions=true&view=agreement&viewBy=major&viewSendingAgreements=false&viewByKey=76%2F68%2Fto%2F117%2FMajor%2F3fc7b07d-4058-4a0a-1f72-08ddcb96df9e,76/68/to/117/Major/3fc7b07d-4058-4a0a-1f72-08ddcb96df9e
info,non_course_requirement_placeholder,Treat as raw audit noise unless it maps to a CS requirement used downstream.,UCLA,University of California Los Angeles,Cerritos College,fail,Requirement,missing_row,missing raw CSV row,"[['CIS 180 (3.50)'], ['CIS 280X (3.50)']]",,https://assist.org/transfer/results?year=76&institution=104&agreement=117&agreementType=to&viewAgreementsOptions=true&view=agreement&viewBy=major&viewSendingAgreements=false&viewByKey=76%2F104%2Fto%2F117%2FMajor%2F3fc7b07d-4058-4a0a-1f72-08ddcb96df9e,76/104/to/117/Major/3fc7b07d-4058-4a0a-1f72-08ddcb96df9e
info,non_course_requirement_placeholder,Treat as raw audit noise unless it maps to a CS requirement used downstream.,UCLA,University of California Los Angeles,Cerro Coso Community College,fail,Requirement,missing_row,missing raw CSV row,"[['ENGL C1000 (4.00)'], ['ENGL C102 (4.00)'], ['ENGL C102H (5.00)'], ['ENGL C211 (3.00)']]",,https://assist.org/transfer/results?year=76&institution=9&agreement=117&agreementType=to&viewAgreementsOptions=true&view=agreement&viewBy=major&viewSendingAgreements=false&viewByKey=76%2F9%2Fto%2F117%2FMajor%2F3fc7b07d-4058-4a0a-1f72-08ddcb96df9e,76/9/to/117/Major/3fc7b07d-4058-4a0a-1f72-08ddcb96df9e
info,non_course_requirement_placeholder,Treat as raw audit noise unless it maps to a CS requirement used downstream.,UCLA,University of California Los Angeles,Chabot College,fail,Requirement,missing_row,missing raw CSV row,"[['CSCI 14 (4.00)'], ['CSCI 15 (4.00)'], ['ENGR 25 (3.00)']]",,https://assist.org/transfer/results?year=76&institution=96&agreement=117&agreementType=to&viewAgreementsOptions=true&view=agreement&viewBy=major&viewSendingAgreements=false&viewByKey=76%2F96%2Fto%2F117%2FMajor%2F3fc7b07d-4058-4a0a-1f72-08ddcb96df9e,76/96/to/117/Major/3fc7b07d-4058-4a0a-1f72-08ddcb96df9e
info,non_course_requirement_placeholder,Treat as raw audit noise unless it maps to a CS requirement used downstream.,UCLA,University of California Los Angeles,Chaffey College,fail,Requirement,missing_row,missing raw CSV row,"[['ENGL 1B (3.00)'], ['ENGL 1C (3.00)']]",,https://assist.org/transfer/results?year=76&institution=69&agreement=117&agreementType=to&viewAgreementsOptions=true&view=agreement&viewBy=major&viewSendingAgreements=false&viewByKey=76%2F69%2Fto%2F117%2FMajor%2F3fc7b07d-4058-4a0a-1f72-08ddcb96df9e,76/69/to/117/Major/3fc7b07d-4058-4a0a-1f72-08ddcb96df9e
info,non_course_requirement_placeholder,Treat as raw audit noise unless it maps to a CS requirement used downstream.,UCLA,University of California Los Angeles,Citrus College,fail,Requirement,missing_row,missing raw CSV row,"[['ENGL 102 (3.00)'], ['ENGL 103 (3.00)'], ['ENGL 103H (3.00)'], ['ENGL C1001 (3.00)'], ['ENGL C1001 H (3.00)']]",,https://assist.org/transfer/results?year=76&institution=97&agreement=117&agreementType=to&viewAgreementsOptions=true&view=agreement&viewBy=major&viewSendingAgreements=false&viewByKey=76%2F97%2Fto%2F117%2FMajor%2F3fc7b07d-4058-4a0a-1f72-08ddcb96df9e,76/97/to/117/Major/3fc7b07d-4058-4a0a-1f72-08ddcb96df9e
info,non_course_requirement_placeholder,Treat as raw audit noise unless it maps to a CS requirement used downstream.,UCLA,University of California Los Angeles,City College of San Francisco,fail,Requirement,missing_row,missing raw CSV row,"[['CS 110B (4.00)'], ['ENGN 38 (3.00)']]",,https://assist.org/transfer/results?year=76&institution=33&agreement=117&agreementType=to&viewAgreementsOptions=true&view=agreement&viewBy=major&viewSendingAgreements=false&viewByKey=76%2F33%2Fto%2F117%2FMajor%2F3fc7b07d-4058-4a0a-1f72-08ddcb96df9e,76/33/to/117/Major/3fc7b07d-4058-4a0a-1f72-08ddcb96df9e
info,non_course_requirement_placeholder,Treat as raw audit noise unless it maps to a CS requirement used downstream.,UCLA,University of California Los Angeles,Clovis Community College,fail,Requirement,missing_row,missing raw CSV row,[['CSCI 40 (4.00)']],,https://assist.org/transfer/results?year=76&institution=150&agreement=117&agreementType=to&viewAgreementsOptions=true&view=agreement&viewBy=major&viewSendingAgreements=false&viewByKey=76%2F150%2Fto%2F117%2FMajor%2F3fc7b07d-4058-4a0a-1f72-08ddcb96df9e,76/150/to/117/Major/3fc7b07d-4058-4a0a-1f72-08ddcb96df9e
info,non_course_requirement_placeholder,Treat as raw audit noise unless it maps to a CS requirement used downstream.,UCLA,University of California Los Angeles,Coastline Community College,fail,Requirement,missing_row,missing raw CSV row,[['ENGL C1001 (3.00)']],,https://assist.org/transfer/results?year=76&institution=105&agreement=117&agreementType=to&viewAgreementsOptions=true&view=agreement&viewBy=major&viewSendingAgreements=false&viewByKey=76%2F105%2Fto%2F117%2FMajor%2F3fc7b07d-4058-4a0a-1f72-08ddcb96df9e,76/105/to/117/Major/3fc7b07d-4058-4a0a-1f72-08ddcb96df9e
info,non_course_requirement_placeholder,Treat as raw audit noise unless it maps to a CS requirement used downstream.,UCLA,University of California Los Angeles,College of Alameda,fail,Requirement,missing_row,missing raw CSV row,"[['COMM 5 (3.00)'], ['ENGL 1B (4.00)'], ['ENGL C1001 (3.00)']]",,https://assist.org/transfer/results?year=76&institution=111&agreement=117&agreementType=to&viewAgreementsOptions=true&view=agreement&viewBy=major&viewSendingAgreements=false&viewByKey=76%2F111%2Fto%2F117%2FMajor%2F3fc7b07d-4058-4a0a-1f72-08ddcb96df9e,76/111/to/117/Major/3fc7b07d-4058-4a0a-1f72-08ddcb96df9e
info,non_course_requirement_placeholder,Treat as raw audit noise unless it maps to a CS requirement used downstream.,UCLA,University of California Los Angeles,College of Marin,fail,Requirement,missing_row,missing raw CSV row,"[['ENGL 151 (4.00)'], ['ENGL C1001 (4.00)']]",,https://assist.org/transfer/results?year=76&institution=4&agreement=117&agreementType=to&viewAgreementsOptions=true&view=agreement&viewBy=major&viewSendingAgreements=false&viewByKey=76%2F4%2Fto%2F117%2FMajor%2F3fc7b07d-4058-4a0a-1f72-08ddcb96df9e,76/4/to/117/Major/3fc7b07d-4058-4a0a-1f72-08ddcb96df9e
info,non_course_requirement_placeholder,Treat as raw audit noise unless it maps to a CS requirement used downstream.,UCLA,University of California Los Angeles,College of San Mateo,fail,Requirement,missing_row,missing raw CSV row,"[['ENGL 110 (3.00)'], ['ENGL C1001 (3.00)']]",,https://assist.org/transfer/results?year=76&institution=5&agreement=117&agreementType=to&viewAgreementsOptions=true&view=agreement&viewBy=major&viewSendingAgreements=false&viewByKey=76%2F5%2Fto%2F117%2FMajor%2F3fc7b07d-4058-4a0a-1f72-08ddcb96df9e,76/5/to/117/Major/3fc7b07d-4058-4a0a-1f72-08ddcb96df9e
info,non_course_requirement_placeholder,Treat as raw audit noise unless it maps to a CS requirement used downstream.,UCLA,University of California Los Angeles,College of the Canyons,fail,Requirement,missing_row,missing raw CSV row,[['CMPSCI 236 (3.00)']],,https://assist.org/transfer/results?year=76&institution=140&agreement=117&agreementType=to&viewAgreementsOptions=true&view=agreement&viewBy=major&viewSendingAgreements=false&viewByKey=76%2F140%2Fto%2F117%2FMajor%2F3fc7b07d-4058-4a0a-1f72-08ddcb96df9e,76/140/to/117/Major/3fc7b07d-4058-4a0a-1f72-08ddcb96df9e
info,non_course_requirement_placeholder,Treat as raw audit noise unless it maps to a CS requirement used downstream.,UCLA,University of California Los Angeles,College of the Desert,fail,Requirement,missing_row,missing raw CSV row,"[['CS 7A (4.00)', 'CS 7B (3.00)']]",,https://assist.org/transfer/results?year=76&institution=30&agreement=117&agreementType=to&viewAgreementsOptions=true&view=agreement&viewBy=major&viewSendingAgreements=false&viewByKey=76%2F30%2Fto%2F117%2FMajor%2F3fc7b07d-4058-4a0a-1f72-08ddcb96df9e,76/30/to/117/Major/3fc7b07d-4058-4a0a-1f72-08ddcb96df9e
info,non_course_requirement_placeholder,Treat as raw audit noise unless it maps to a CS requirement used downstream.,UCLA,University of California Los Angeles,College of the Redwoods,fail,Requirement,missing_row,missing raw CSV row,[['ENGL C1001 (3.00)']],,https://assist.org/transfer/results?year=76&institution=83&agreement=117&agreementType=to&viewAgreementsOptions=true&view=agreement&viewBy=major&viewSendingAgreements=false&viewByKey=76%2F83%2Fto%2F117%2FMajor%2F3fc7b07d-4058-4a0a-1f72-08ddcb96df9e,76/83/to/117/Major/3fc7b07d-4058-4a0a-1f72-08ddcb96df9e
info,non_course_requirement_placeholder,Treat as raw audit noise unless it maps to a CS requirement used downstream.,UCLA,University of California Los Angeles,College of the Sequoias,fail,Requirement,missing_row,missing raw CSV row,"[['CSCI 001 (4.00)', 'CSCI 002 (4.00)']]",,https://assist.org/transfer/results?year=76&institution=6&agreement=117&agreementType=to&viewAgreementsOptions=true&view=agreement&viewBy=major&viewSendingAgreements=false&viewByKey=76%2F6%2Fto%2F117%2FMajor%2F3fc7b07d-4058-4a0a-1f72-08ddcb96df9e,76/6/to/117/Major/3fc7b07d-4058-4a0a-1f72-08ddcb96df9e
info,non_course_requirement_placeholder,Treat as raw audit noise unless it maps to a CS requirement used downstream.,UCLA,University of California Los Angeles,College of the Siskiyous,fail,Requirement,missing_row,missing raw CSV row,"[['ENGL 1501 (3.00)'], ['ENGL C1001 (3.00)']]",,https://assist.org/transfer/results?year=76&institution=102&agreement=117&agreementType=to&viewAgreementsOptions=true&view=agreement&viewBy=major&viewSendingAgreements=false&viewByKey=76%2F102%2Fto%2F117%2FMajor%2F3fc7b07d-4058-4a0a-1f72-08ddcb96df9e,76/102/to/117/Major/3fc7b07d-4058-4a0a-1f72-08ddcb96df9e
info,non_course_requirement_placeholder,Treat as raw audit noise unless it maps to a CS requirement used downstream.,UCLA,University of California Los Angeles,Columbia College,fail,Requirement,missing_row,missing raw CSV row,"[['COMP 11P (4.00)', 'COMP 12P (4.00)']]",,https://assist.org/transfer/results?year=76&institution=10&agreement=117&agreementType=to&viewAgreementsOptions=true&view=agreement&viewBy=major&viewSendingAgreements=false&viewByKey=76%2F10%2Fto%2F117%2FMajor%2F3fc7b07d-4058-4a0a-1f72-08ddcb96df9e,76/10/to/117/Major/3fc7b07d-4058-4a0a-1f72-08ddcb96df9e
info,non_course_requirement_placeholder,Treat as raw audit noise unless it maps to a CS requirement used downstream.,UCLA,University of California Los Angeles,Compton College,fail,Requirement,missing_row,missing raw CSV row,"[['ENGL 102 (3.00)'], ['ENGL 102H (3.00)'], ['ENGL C1001 (3.00)'], ['ENGL C1001H (3.00)'], ['PHIL 105 (3.00)']]",,https://assist.org/transfer/results?year=76&institution=153&agreement=117&agreementType=to&viewAgreementsOptions=true&view=agreement&viewBy=major&viewSendingAgreements=false&viewByKey=76%2F153%2Fto%2F117%2FMajor%2F3fc7b07d-4058-4a0a-1f72-08ddcb96df9e,76/153/to/117/Major/3fc7b07d-4058-4a0a-1f72-08ddcb96df9e
info,non_course_requirement_placeholder,Treat as raw audit noise unless it maps to a CS requirement used downstream.,UCLA,University of California Los Angeles,Contra Costa College,fail,Requirement,missing_row,missing raw CSV row,"[['COMP 165 (4.00)'], ['COMP 200 (4.00)'], ['COMP 200 (4.00)', 'COMP 210 (4.00)']]",,https://assist.org/transfer/results?year=76&institution=28&agreement=117&agreementType=to&viewAgreementsOptions=true&view=agreement&viewBy=major&viewSendingAgreements=false&viewByKey=76%2F28%2Fto%2F117%2FMajor%2F3fc7b07d-4058-4a0a-1f72-08ddcb96df9e,76/28/to/117/Major/3fc7b07d-4058-4a0a-1f72-08ddcb96df9e
info,non_course_requirement_placeholder,Treat as raw audit noise unless it maps to a CS requirement used downstream.,UCLA,University of California Los Angeles,Copper Mountain College,fail,Requirement,missing_row,missing raw CSV row,"[['CS 089 (3.00)', 'CS 089A (3.00)']]",,https://assist.org/transfer/results?year=76&institution=112&agreement=117&agreementType=to&viewAgreementsOptions=true&view=agreement&viewBy=major&viewSendingAgreements=false&viewByKey=76%2F112%2Fto%2F117%2FMajor%2F3fc7b07d-4058-4a0a-1f72-08ddcb96df9e,76/112/to/117/Major/3fc7b07d-4058-4a0a-1f72-08ddcb96df9e
info,non_course_requirement_placeholder,Treat as raw audit noise unless it maps to a CS requirement used downstream.,UCLA,University of California Los Angeles,Cosumnes River College,fail,Requirement,missing_row,missing raw CSV row,[['CISP 360 (4.00)']],,https://assist.org/transfer/results?year=76&institution=142&agreement=117&agreementType=to&viewAgreementsOptions=true&view=agreement&viewBy=major&viewSendingAgreements=false&viewByKey=76%2F142%2Fto%2F117%2FMajor%2F3fc7b07d-4058-4a0a-1f72-08ddcb96df9e,76/142/to/117/Major/3fc7b07d-4058-4a0a-1f72-08ddcb96df9e
info,non_course_requirement_placeholder,Treat as raw audit noise unless it maps to a CS requirement used downstream.,UCLA,University of California Los Angeles,Crafton Hills College,fail,Requirement,missing_row,missing raw CSV row,"[['CSCI 110 (4.00)'], ['CSCI 120 (3.00)']]",,https://assist.org/transfer/results?year=76&institution=70&agreement=117&agreementType=to&viewAgreementsOptions=true&view=agreement&viewBy=major&viewSendingAgreements=false&viewByKey=76%2F70%2Fto%2F117%2FMajor%2F3fc7b07d-4058-4a0a-1f72-08ddcb96df9e,76/70/to/117/Major/3fc7b07d-4058-4a0a-1f72-08ddcb96df9e
info,non_course_requirement_placeholder,Treat as raw audit noise unless it maps to a CS requirement used downstream.,UCLA,University of California Los Angeles,Cuesta College,fail,Requirement,missing_row,missing raw CSV row,"[['ENGL 201B (4.00)'], ['ENGL C1001 (4.00)']]",,https://assist.org/transfer/results?year=76&institution=16&agreement=117&agreementType=to&viewAgreementsOptions=true&view=agreement&viewBy=major&viewSendingAgreements=false&viewByKey=76%2F16%2Fto%2F117%2FMajor%2F3fc7b07d-4058-4a0a-1f72-08ddcb96df9e,76/16/to/117/Major/3fc7b07d-4058-4a0a-1f72-08ddcb96df9e
info,non_course_requirement_placeholder,Treat as raw audit noise unless it maps to a CS requirement used downstream.,UCLA,University of California Los Angeles,Cuyamaca College,fail,Requirement,missing_row,missing raw CSV row,"[['ENGL C1000 (3.00)'], ['ENGL 122 (3.00)'], ['ENGL C1001 (3.00)']]",,https://assist.org/transfer/results?year=76&institution=99&agreement=117&agreementType=to&viewAgreementsOptions=true&view=agreement&viewBy=major&viewSendingAgreements=false&viewByKey=76%2F99%2Fto%2F117%2FMajor%2F3fc7b07d-4058-4a0a-1f72-08ddcb96df9e,76/99/to/117/Major/3fc7b07d-4058-4a0a-1f72-08ddcb96df9e
info,non_course_requirement_placeholder,Treat as raw audit noise unless it maps to a CS requirement used downstream.,UCLA,University of California Los Angeles,Cypress College,fail,Requirement,missing_row,missing raw CSV row,[['CSCI 123 C (3.00)']],,https://assist.org/transfer/results?year=76&institution=71&agreement=117&agreementType=to&viewAgreementsOptions=true&view=agreement&viewBy=major&viewSendingAgreements=false&viewByKey=76%2F71%2Fto%2F117%2FMajor%2F3fc7b07d-4058-4a0a-1f72-08ddcb96df9e,76/71/to/117/Major/3fc7b07d-4058-4a0a-1f72-08ddcb96df9e
info,non_course_requirement_placeholder,Treat as raw audit noise unless it maps to a CS requirement used downstream.,UCLA,University of California Los Angeles,De Anza College,fail,Requirement,missing_row,missing raw CSV row,"[['CIS 27 (4.50)'], ['CIS 29 (4.50)'], ['CIS 22A (4.50)'], ['CIS 22B (4.50)'], ['CIS 22BH (4.50)']]",,https://assist.org/transfer/results?year=76&institution=113&agreement=117&agreementType=to&viewAgreementsOptions=true&view=agreement&viewBy=major&viewSendingAgreements=false&viewByKey=76%2F113%2Fto%2F117%2FMajor%2F3fc7b07d-4058-4a0a-1f72-08ddcb96df9e,76/113/to/117/Major/3fc7b07d-4058-4a0a-1f72-08ddcb96df9e
info,non_course_requirement_placeholder,Treat as raw audit noise unless it maps to a CS requirement used downstream.,UCLA,University of California Los Angeles,Diablo Valley College,fail,Requirement,missing_row,missing raw CSV row,"[['COMSC 110 (4.00)'], ['COMSC 165 (4.00)'], ['COMSC 200 (4.00)']]",,https://assist.org/transfer/results?year=76&institution=114&agreement=117&agreementType=to&viewAgreementsOptions=true&view=agreement&viewBy=major&viewSendingAgreements=false&viewByKey=76%2F114%2Fto%2F117%2FMajor%2F3fc7b07d-4058-4a0a-1f72-08ddcb96df9e,76/114/to/117/Major/3fc7b07d-4058-4a0a-1f72-08ddcb96df9e
info,non_course_requirement_placeholder,Treat as raw audit noise unless it maps to a CS requirement used downstream.,UCLA,University of California Los Angeles,East Los Angeles College,fail,Requirement,missing_row,missing raw CSV row,[['MATH 173 (4.00)']],,https://assist.org/transfer/results?year=76&institution=118&agreement=117&agreementType=to&viewAgreementsOptions=true&view=agreement&viewBy=major&viewSendingAgreements=false&viewByKey=76%2F118%2Fto%2F117%2FMajor%2F3fc7b07d-4058-4a0a-1f72-08ddcb96df9e,76/118/to/117/Major/3fc7b07d-4058-4a0a-1f72-08ddcb96df9e
info,non_course_requirement_placeholder,Treat as raw audit noise unless it maps to a CS requirement used downstream.,UCLA,University of California Los Angeles,El Camino College,fail,Requirement,missing_row,missing raw CSV row,"[['CSCI 1 (4.00)'], ['CSCI 30 (4.00)'], ['CSCI 2 (5.00)', 'CSCI 3 (4.00)']]",,https://assist.org/transfer/results?year=76&institution=103&agreement=117&agreementType=to&viewAgreementsOptions=true&view=agreement&viewBy=major&viewSendingAgreements=false&viewByKey=76%2F103%2Fto%2F117%2FMajor%2F3fc7b07d-4058-4a0a-1f72-08ddcb96df9e,76/103/to/117/Major/3fc7b07d-4058-4a0a-1f72-08ddcb96df9e
info,non_course_requirement_placeholder,Treat as raw audit noise unless it maps to a CS requirement used downstream.,UCLA,University of California Los Angeles,Evergreen Valley College,fail,Requirement,missing_row,missing raw CSV row,[['ENGR 050 (4.00)']],,https://assist.org/transfer/results?year=76&institution=2&agreement=117&agreementType=to&viewAgreementsOptions=true&view=agreement&viewBy=major&viewSendingAgreements=false&viewByKey=76%2F2%2Fto%2F117%2FMajor%2F3fc7b07d-4058-4a0a-1f72-08ddcb96df9e,76/2/to/117/Major/3fc7b07d-4058-4a0a-1f72-08ddcb96df9e
info,non_course_requirement_placeholder,Treat as raw audit noise unless it maps to a CS requirement used downstream.,UCLA,University of California Los Angeles,Feather River College,fail,Requirement,missing_row,missing raw CSV row,"[['ENGL 102 (3.00)'], ['ENGL C1001 (3.00)']]",,https://assist.org/transfer/results?year=76&institution=122&agreement=117&agreementType=to&viewAgreementsOptions=true&view=agreement&viewBy=major&viewSendingAgreements=false&viewByKey=76%2F122%2Fto%2F117%2FMajor%2F3fc7b07d-4058-4a0a-1f72-08ddcb96df9e,76/122/to/117/Major/3fc7b07d-4058-4a0a-1f72-08ddcb96df9e
info,non_course_requirement_placeholder,Treat as raw audit noise unless it maps to a CS requirement used downstream.,UCLA,University of California Los Angeles,Folsom Lake College,fail,Requirement,missing_row,missing raw CSV row,"[['ENGWR 301 (3.00)'], ['ENGL C1001 (3.00)']]",,https://assist.org/transfer/results?year=76&institution=145&agreement=117&agreementType=to&viewAgreementsOptions=true&view=agreement&viewBy=major&viewSendingAgreements=false&viewByKey=76%2F145%2Fto%2F117%2FMajor%2F3fc7b07d-4058-4a0a-1f72-08ddcb96df9e,76/145/to/117/Major/3fc7b07d-4058-4a0a-1f72-08ddcb96df9e
info,non_course_requirement_placeholder,Treat as raw audit noise unless it maps to a CS requirement used downstream.,UCLA,University of California Los Angeles,Foothill College,fail,Requirement,missing_row,missing raw CSV row,"[['C S 2A (4.50)'], ['C S 2B (4.50)']]",,https://assist.org/transfer/results?year=76&institution=51&agreement=117&agreementType=to&viewAgreementsOptions=true&view=agreement&viewBy=major&viewSendingAgreements=false&viewByKey=76%2F51%2Fto%2F117%2FMajor%2F3fc7b07d-4058-4a0a-1f72-08ddcb96df9e,76/51/to/117/Major/3fc7b07d-4058-4a0a-1f72-08ddcb96df9e
info,non_course_requirement_placeholder,Treat as raw audit noise unless it maps to a CS requirement used downstream.,UCLA,University of California Los Angeles,Fresno City College,fail,Requirement,missing_row,missing raw CSV row,"[['CIT 66 (4.00)'], ['CSCI 40 (4.00)']]",,https://assist.org/transfer/results?year=76&institution=35&agreement=117&agreementType=to&viewAgreementsOptions=true&view=agreement&viewBy=major&viewSendingAgreements=false&viewByKey=76%2F35%2Fto%2F117%2FMajor%2F3fc7b07d-4058-4a0a-1f72-08ddcb96df9e,76/35/to/117/Major/3fc7b07d-4058-4a0a-1f72-08ddcb96df9e
info,non_course_requirement_placeholder,Treat as raw audit noise unless it maps to a CS requirement used downstream.,UCLA,University of California Los Angeles,Fullerton College,fail,Requirement,missing_row,missing raw CSV row,[['CSCI 123 F (4.00)']],,https://assist.org/transfer/results?year=76&institution=134&agreement=117&agreementType=to&viewAgreementsOptions=true&view=agreement&viewBy=major&viewSendingAgreements=false&viewByKey=76%2F134%2Fto%2F117%2FMajor%2F3fc7b07d-4058-4a0a-1f72-08ddcb96df9e,76/134/to/117/Major/3fc7b07d-4058-4a0a-1f72-08ddcb96df9e
info,non_course_requirement_placeholder,Treat as raw audit noise unless it maps to a CS requirement used downstream.,UCLA,University of California Los Angeles,Gavilan College,fail,Requirement,missing_row,missing raw CSV row,"[['CSIS 45 (3.00)'], ['CSIS 46 (3.00)']]",,https://assist.org/transfer/results?year=76&institution=72&agreement=117&agreementType=to&viewAgreementsOptions=true&view=agreement&viewBy=major&viewSendingAgreements=false&viewByKey=76%2F72%2Fto%2F117%2FMajor%2F3fc7b07d-4058-4a0a-1f72-08ddcb96df9e,76/72/to/117/Major/3fc7b07d-4058-4a0a-1f72-08ddcb96df9e
info,non_course_requirement_placeholder,Treat as raw audit noise unless it maps to a CS requirement used downstream.,UCLA,University of California Los Angeles,Glendale Community College,fail,Requirement,missing_row,missing raw CSV row,"[['CS/IS 135 (3.00)'], ['CS/IS 137 (4.00)']]",,https://assist.org/transfer/results?year=76&institution=43&agreement=117&agreementType=to&viewAgreementsOptions=true&view=agreement&viewBy=major&viewSendingAgreements=false&viewByKey=76%2F43%2Fto%2F117%2FMajor%2F3fc7b07d-4058-4a0a-1f72-08ddcb96df9e,76/43/to/117/Major/3fc7b07d-4058-4a0a-1f72-08ddcb96df9e
info,non_course_requirement_placeholder,Treat as raw audit noise unless it maps to a CS requirement used downstream.,UCLA,University of California Los Angeles,Golden West College,fail,Requirement,missing_row,missing raw CSV row,[['CS G175 (3.00)']],,https://assist.org/transfer/results?year=76&institution=55&agreement=117&agreementType=to&viewAgreementsOptions=true&view=agreement&viewBy=major&viewSendingAgreements=false&viewByKey=76%2F55%2Fto%2F117%2FMajor%2F3fc7b07d-4058-4a0a-1f72-08ddcb96df9e,76/55/to/117/Major/3fc7b07d-4058-4a0a-1f72-08ddcb96df9e
info,non_course_requirement_placeholder,Treat as raw audit noise unless it maps to a CS requirement used downstream.,UCLA,University of California Los Angeles,Grossmont College,fail,Requirement,missing_row,missing raw CSV row,"[['CSIS 296 (4.00)'], ['CSIS 297 (4.00)']]",,https://assist.org/transfer/results?year=76&institution=106&agreement=117&agreementType=to&viewAgreementsOptions=true&view=agreement&viewBy=major&viewSendingAgreements=false&viewByKey=76%2F106%2Fto%2F117%2FMajor%2F3fc7b07d-4058-4a0a-1f72-08ddcb96df9e,76/106/to/117/Major/3fc7b07d-4058-4a0a-1f72-08ddcb96df9e
info,non_course_requirement_placeholder,Treat as raw audit noise unless it maps to a CS requirement used downstream.,UCLA,University of California Los Angeles,Hartnell College,fail,Requirement,missing_row,missing raw CSV row,[['CSS 2A (4.00)']],,https://assist.org/transfer/results?year=76&institution=123&agreement=117&agreementType=to&viewAgreementsOptions=true&view=agreement&viewBy=major&viewSendingAgreements=false&viewByKey=76%2F123%2Fto%2F117%2FMajor%2F3fc7b07d-4058-4a0a-1f72-08ddcb96df9e,76/123/to/117/Major/3fc7b07d-4058-4a0a-1f72-08ddcb96df9e
info,non_course_requirement_placeholder,Treat as raw audit noise unless it maps to a CS requirement used downstream.,UCLA,University of California Los Angeles,Imperial Valley College,fail,Requirement,missing_row,missing raw CSV row,"[['ENGL 102 (3.00)'], ['ENGL C1001 (3.00)']]",,https://assist.org/transfer/results?year=76&institution=107&agreement=117&agreementType=to&viewAgreementsOptions=true&view=agreement&viewBy=major&viewSendingAgreements=false&viewByKey=76%2F107%2Fto%2F117%2FMajor%2F3fc7b07d-4058-4a0a-1f72-08ddcb96df9e,76/107/to/117/Major/3fc7b07d-4058-4a0a-1f72-08ddcb96df9e
info,non_course_requirement_placeholder,Treat as raw audit noise unless it maps to a CS requirement used downstream.,UCLA,University of California Los Angeles,Irvine Valley College,fail,Requirement,missing_row,missing raw CSV row,[['CS 37 (3.00)']],,https://assist.org/transfer/results?year=76&institution=124&agreement=117&agreementType=to&viewAgreementsOptions=true&view=agreement&viewBy=major&viewSendingAgreements=false&viewByKey=76%2F124%2Fto%2F117%2FMajor%2F3fc7b07d-4058-4a0a-1f72-08ddcb96df9e,76/124/to/117/Major/3fc7b07d-4058-4a0a-1f72-08ddcb96df9e
info,non_course_requirement_placeholder,Treat as raw audit noise unless it maps to a CS requirement used downstream.,UCLA,University of California Los Angeles,Lake Tahoe Community College,fail,Requirement,missing_row,missing raw CSV row,[['CIS 120A (4.00)']],,https://assist.org/transfer/results?year=76&institution=40&agreement=117&agreementType=to&viewAgreementsOptions=true&view=agreement&viewBy=major&viewSendingAgreements=false&viewByKey=76%2F40%2Fto%2F117%2FMajor%2F3fc7b07d-4058-4a0a-1f72-08ddcb96df9e,76/40/to/117/Major/3fc7b07d-4058-4a0a-1f72-08ddcb96df9e
info,non_course_requirement_placeholder,Treat as raw audit noise unless it maps to a CS requirement used downstream.,UCLA,University of California Los Angeles,Laney College,fail,Requirement,missing_row,missing raw CSV row,[['CIS 25 (4.00)']],,https://assist.org/transfer/results?year=76&institution=77&agreement=117&agreementType=to&viewAgreementsOptions=true&view=agreement&viewBy=major&viewSendingAgreements=false&viewByKey=76%2F77%2Fto%2F117%2FMajor%2F3fc7b07d-4058-4a0a-1f72-08ddcb96df9e,76/77/to/117/Major/3fc7b07d-4058-4a0a-1f72-08ddcb96df9e
info,non_course_requirement_placeholder,Treat as raw audit noise unless it maps to a CS requirement used downstream.,UCLA,University of California Los Angeles,Las Positas College,fail,Requirement,missing_row,missing raw CSV row,"[['CS 1 (4.00)'], ['CS 2 (4.00)']]",,https://assist.org/transfer/results?year=76&institution=18&agreement=117&agreementType=to&viewAgreementsOptions=true&view=agreement&viewBy=major&viewSendingAgreements=false&viewByKey=76%2F18%2Fto%2F117%2FMajor%2F3fc7b07d-4058-4a0a-1f72-08ddcb96df9e,76/18/to/117/Major/3fc7b07d-4058-4a0a-1f72-08ddcb96df9e
info,non_course_requirement_placeholder,Treat as raw audit noise unless it maps to a CS requirement used downstream.,UCLA,University of California Los Angeles,Lassen Community College,fail,Requirement,missing_row,missing raw CSV row,[['ENGL C1001 (3.00)']],,https://assist.org/transfer/results?year=76&institution=82&agreement=117&agreementType=to&viewAgreementsOptions=true&view=agreement&viewBy=major&viewSendingAgreements=false&viewByKey=76%2F82%2Fto%2F117%2FMajor%2F3fc7b07d-4058-4a0a-1f72-08ddcb96df9e,76/82/to/117/Major/3fc7b07d-4058-4a0a-1f72-08ddcb96df9e
info,non_course_requirement_placeholder,Treat as raw audit noise unless it maps to a CS requirement used downstream.,UCLA,University of California Los Angeles,Long Beach City College,fail,Requirement,missing_row,missing raw CSV row,[['CS 12 (4.00)']],,https://assist.org/transfer/results?year=76&institution=135&agreement=117&agreementType=to&viewAgreementsOptions=true&view=agreement&viewBy=major&viewSendingAgreements=false&viewByKey=76%2F135%2Fto%2F117%2FMajor%2F3fc7b07d-4058-4a0a-1f72-08ddcb96df9e,76/135/to/117/Major/3fc7b07d-4058-4a0a-1f72-08ddcb96df9e
info,non_course_requirement_placeholder,Treat as raw audit noise unless it maps to a CS requirement used downstream.,UCLA,University of California Los Angeles,Los Angeles City College,fail,Requirement,missing_row,missing raw CSV row,"[['CS 216 (3.00)'], ['CS 116 (3.00)']]",,https://assist.org/transfer/results?year=76&institution=3&agreement=117&agreementType=to&viewAgreementsOptions=true&view=agreement&viewBy=major&viewSendingAgreements=false&viewByKey=76%2F3%2Fto%2F117%2FMajor%2F3fc7b07d-4058-4a0a-1f72-08ddcb96df9e,76/3/to/117/Major/3fc7b07d-4058-4a0a-1f72-08ddcb96df9e
info,non_course_requirement_placeholder,Treat as raw audit noise unless it maps to a CS requirement used downstream.,UCLA,University of California Los Angeles,Los Angeles Harbor College,fail,Requirement,missing_row,missing raw CSV row,[['ENGLISH 102 (3.00)']],,https://assist.org/transfer/results?year=76&institution=31&agreement=117&agreementType=to&viewAgreementsOptions=true&view=agreement&viewBy=major&viewSendingAgreements=false&viewByKey=76%2F31%2Fto%2F117%2FMajor%2F3fc7b07d-4058-4a0a-1f72-08ddcb96df9e,76/31/to/117/Major/3fc7b07d-4058-4a0a-1f72-08ddcb96df9e
info,non_course_requirement_placeholder,Treat as raw audit noise unless it maps to a CS requirement used downstream.,UCLA,University of California Los Angeles,Los Angeles Mission College,fail,Requirement,missing_row,missing raw CSV row,"[['ENGLISH 102 (3.00)'], ['PHILOS 005 (3.00)']]",,https://assist.org/transfer/results?year=76&institution=47&agreement=117&agreementType=to&viewAgreementsOptions=true&view=agreement&viewBy=major&viewSendingAgreements=false&viewByKey=76%2F47%2Fto%2F117%2FMajor%2F3fc7b07d-4058-4a0a-1f72-08ddcb96df9e,76/47/to/117/Major/3fc7b07d-4058-4a0a-1f72-08ddcb96df9e
info,non_course_requirement_placeholder,Treat as raw audit noise unless it maps to a CS requirement used downstream.,UCLA,University of California Los Angeles,Los Angeles Pierce College,fail,Requirement,missing_row,missing raw CSV row,[['CS 216 (3.00)']],,https://assist.org/transfer/results?year=76&institution=86&agreement=117&agreementType=to&viewAgreementsOptions=true&view=agreement&viewBy=major&viewSendingAgreements=false&viewByKey=76%2F86%2Fto%2F117%2FMajor%2F3fc7b07d-4058-4a0a-1f72-08ddcb96df9e,76/86/to/117/Major/3fc7b07d-4058-4a0a-1f72-08ddcb96df9e
info,non_course_requirement_placeholder,Treat as raw audit noise unless it maps to a CS requirement used downstream.,UCLA,University of California Los Angeles,Los Angeles Southwest College,fail,Requirement,missing_row,missing raw CSV row,"[['ENGLISH 102 (3.00)'], ['ENGL C1001 (3.00)']]",,https://assist.org/transfer/results?year=76&institution=130&agreement=117&agreementType=to&viewAgreementsOptions=true&view=agreement&viewBy=major&viewSendingAgreements=false&viewByKey=76%2F130%2Fto%2F117%2FMajor%2F3fc7b07d-4058-4a0a-1f72-08ddcb96df9e,76/130/to/117/Major/3fc7b07d-4058-4a0a-1f72-08ddcb96df9e
info,non_course_requirement_placeholder,Treat as raw audit noise unless it maps to a CS requirement used downstream.,UCLA,University of California Los Angeles,Los Angeles Trade Technical College,fail,Requirement,missing_row,missing raw CSV row,"[['CS 116 (3.00)'], ['CS 115 (3.00)'], ['CS 216 (3.00)']]",,https://assist.org/transfer/results?year=76&institution=25&agreement=117&agreementType=to&viewAgreementsOptions=true&view=agreement&viewBy=major&viewSendingAgreements=false&viewByKey=76%2F25%2Fto%2F117%2FMajor%2F3fc7b07d-4058-4a0a-1f72-08ddcb96df9e,76/25/to/117/Major/3fc7b07d-4058-4a0a-1f72-08ddcb96df9e
info,non_course_requirement_placeholder,Treat as raw audit noise unless it maps to a CS requirement used downstream.,UCLA,University of California Los Angeles,Los Angeles Valley College,fail,Requirement,missing_row,missing raw CSV row,[['CS 216 (3.00)']],,https://assist.org/transfer/results?year=76&institution=44&agreement=117&agreementType=to&viewAgreementsOptions=true&view=agreement&viewBy=major&viewSendingAgreements=false&viewByKey=76%2F44%2Fto%2F117%2FMajor%2F3fc7b07d-4058-4a0a-1f72-08ddcb96df9e,76/44/to/117/Major/3fc7b07d-4058-4a0a-1f72-08ddcb96df9e
info,non_course_requirement_placeholder,Treat as raw audit noise unless it maps to a CS requirement used downstream.,UCLA,University of California Los Angeles,Los Medanos College,fail,Requirement,missing_row,missing raw CSV row,"[['ENGL C1001 (3.00)'], ['ENGL 230 (3.00)']]",,https://assist.org/transfer/results?year=76&institution=61&agreement=117&agreementType=to&viewAgreementsOptions=true&view=agreement&viewBy=major&viewSendingAgreements=false&viewByKey=76%2F61%2Fto%2F117%2FMajor%2F3fc7b07d-4058-4a0a-1f72-08ddcb96df9e,76/61/to/117/Major/3fc7b07d-4058-4a0a-1f72-08ddcb96df9e
info,non_course_requirement_placeholder,Treat as raw audit noise unless it maps to a CS requirement used downstream.,UCLA,University of California Los Angeles,Madera Community College,fail,Requirement,missing_row,missing raw CSV row,[['ENGR 40 (4.00)']],,https://assist.org/transfer/results?year=76&institution=200&agreement=117&agreementType=to&viewAgreementsOptions=true&view=agreement&viewBy=major&viewSendingAgreements=false&viewByKey=76%2F200%2Fto%2F117%2FMajor%2F3fc7b07d-4058-4a0a-1f72-08ddcb96df9e,76/200/to/117/Major/3fc7b07d-4058-4a0a-1f72-08ddcb96df9e
info,non_course_requirement_placeholder,Treat as raw audit noise unless it maps to a CS requirement used downstream.,UCLA,University of California Los Angeles,Mendocino College,fail,Requirement,missing_row,missing raw CSV row,"[['ENGL 201 (4.00)'], ['ENGL C1001 (3.00)']]",,https://assist.org/transfer/results?year=76&institution=100&agreement=117&agreementType=to&viewAgreementsOptions=true&view=agreement&viewBy=major&viewSendingAgreements=false&viewByKey=76%2F100%2Fto%2F117%2FMajor%2F3fc7b07d-4058-4a0a-1f72-08ddcb96df9e,76/100/to/117/Major/3fc7b07d-4058-4a0a-1f72-08ddcb96df9e
info,non_course_requirement_placeholder,Treat as raw audit noise unless it maps to a CS requirement used downstream.,UCLA,University of California Los Angeles,Merced College,fail,Requirement,missing_row,missing raw CSV row,"[['ENGL -01B (3.00)'], ['ENGL C1001 (3.00)'], ['ENGL C1001H (3.00)']]",,https://assist.org/transfer/results?year=76&institution=17&agreement=117&agreementType=to&viewAgreementsOptions=true&view=agreement&viewBy=major&viewSendingAgreements=false&viewByKey=76%2F17%2Fto%2F117%2FMajor%2F3fc7b07d-4058-4a0a-1f72-08ddcb96df9e,76/17/to/117/Major/3fc7b07d-4058-4a0a-1f72-08ddcb96df9e
info,non_course_requirement_placeholder,Treat as raw audit noise unless it maps to a CS requirement used downstream.,UCLA,University of California Los Angeles,Merritt College,fail,Requirement,missing_row,missing raw CSV row,"[['ENGL 1B (4.00)'], ['ENGL C1001 (3.00)']]",,https://assist.org/transfer/results?year=76&institution=13&agreement=117&agreementType=to&viewAgreementsOptions=true&view=agreement&viewBy=major&viewSendingAgreements=false&viewByKey=76%2F13%2Fto%2F117%2FMajor%2F3fc7b07d-4058-4a0a-1f72-08ddcb96df9e,76/13/to/117/Major/3fc7b07d-4058-4a0a-1f72-08ddcb96df9e
info,non_course_requirement_placeholder,Treat as raw audit noise unless it maps to a CS requirement used downstream.,UCLA,University of California Los Angeles,MiraCosta College,fail,Requirement,missing_row,missing raw CSV row,"[['ENGL 201 (4.00)'], ['ENGL 201H (4.00)'], ['ENGL C1001 (4.00)'], ['ENGL C1001H (4.00)']]",,https://assist.org/transfer/results?year=76&institution=108&agreement=117&agreementType=to&viewAgreementsOptions=true&view=agreement&viewBy=major&viewSendingAgreements=false&viewByKey=76%2F108%2Fto%2F117%2FMajor%2F3fc7b07d-4058-4a0a-1f72-08ddcb96df9e,76/108/to/117/Major/3fc7b07d-4058-4a0a-1f72-08ddcb96df9e
info,non_course_requirement_placeholder,Treat as raw audit noise unless it maps to a CS requirement used downstream.,UCLA,University of California Los Angeles,Mission College,fail,Requirement,missing_row,missing raw CSV row,[['EGR 030 (4.00)']],,https://assist.org/transfer/results?year=76&institution=32&agreement=117&agreementType=to&viewAgreementsOptions=true&view=agreement&viewBy=major&viewSendingAgreements=false&viewByKey=76%2F32%2Fto%2F117%2FMajor%2F3fc7b07d-4058-4a0a-1f72-08ddcb96df9e,76/32/to/117/Major/3fc7b07d-4058-4a0a-1f72-08ddcb96df9e
info,non_course_requirement_placeholder,Treat as raw audit noise unless it maps to a CS requirement used downstream.,UCLA,University of California Los Angeles,Modesto Junior College,fail,Requirement,missing_row,missing raw CSV row,"[['ENGL 102 (3.00)'], ['ENGL C1001 (3.00)'], ['PHILO 105 (3.00)'], ['PHILO 107 (3.00)'], ['COMM 104 (3.00)']]",,https://assist.org/transfer/results?year=76&institution=52&agreement=117&agreementType=to&viewAgreementsOptions=true&view=agreement&viewBy=major&viewSendingAgreements=false&viewByKey=76%2F52%2Fto%2F117%2FMajor%2F3fc7b07d-4058-4a0a-1f72-08ddcb96df9e,76/52/to/117/Major/3fc7b07d-4058-4a0a-1f72-08ddcb96df9e
info,non_course_requirement_placeholder,Treat as raw audit noise unless it maps to a CS requirement used downstream.,UCLA,University of California Los Angeles,Monterey Peninsula College,fail,Requirement,missing_row,missing raw CSV row,[['CSCI 10C (4.00)']],,https://assist.org/transfer/results?year=76&institution=133&agreement=117&agreementType=to&viewAgreementsOptions=true&view=agreement&viewBy=major&viewSendingAgreements=false&viewByKey=76%2F133%2Fto%2F117%2FMajor%2F3fc7b07d-4058-4a0a-1f72-08ddcb96df9e,76/133/to/117/Major/3fc7b07d-4058-4a0a-1f72-08ddcb96df9e
info,non_course_requirement_placeholder,Treat as raw audit noise unless it maps to a CS requirement used downstream.,UCLA,University of California Los Angeles,Moorpark College,fail,Requirement,missing_row,missing raw CSV row,[['CS M125 (3.00)']],,https://assist.org/transfer/results?year=76&institution=139&agreement=117&agreementType=to&viewAgreementsOptions=true&view=agreement&viewBy=major&viewSendingAgreements=false&viewByKey=76%2F139%2Fto%2F117%2FMajor%2F3fc7b07d-4058-4a0a-1f72-08ddcb96df9e,76/139/to/117/Major/3fc7b07d-4058-4a0a-1f72-08ddcb96df9e
info,non_course_requirement_placeholder,Treat as raw audit noise unless it maps to a CS requirement used downstream.,UCLA,University of California Los Angeles,Moreno Valley College,fail,Requirement,missing_row,missing raw CSV row,[['CIS 5 (4.00)']],,https://assist.org/transfer/results?year=76&institution=149&agreement=117&agreementType=to&viewAgreementsOptions=true&view=agreement&viewBy=major&viewSendingAgreements=false&viewByKey=76%2F149%2Fto%2F117%2FMajor%2F3fc7b07d-4058-4a0a-1f72-08ddcb96df9e,76/149/to/117/Major/3fc7b07d-4058-4a0a-1f72-08ddcb96df9e
info,non_course_requirement_placeholder,Treat as raw audit noise unless it maps to a CS requirement used downstream.,UCLA,University of California Los Angeles,Mount San Antonio College,fail,Requirement,missing_row,missing raw CSV row,"[['CISP 31 (3.00)', 'CISP 31L (0.50)'], ['CISP 34 (3.00)'], ['CSCI 140 (4.00)']]",,https://assist.org/transfer/results?year=76&institution=62&agreement=117&agreementType=to&viewAgreementsOptions=true&view=agreement&viewBy=major&viewSendingAgreements=false&viewByKey=76%2F62%2Fto%2F117%2FMajor%2F3fc7b07d-4058-4a0a-1f72-08ddcb96df9e,76/62/to/117/Major/3fc7b07d-4058-4a0a-1f72-08ddcb96df9e
info,non_course_requirement_placeholder,Treat as raw audit noise unless it maps to a CS requirement used downstream.,UCLA,University of California Los Angeles,Mt. San Jacinto College,fail,Requirement,missing_row,missing raw CSV row,"[['CSIS- 113A (3.00)'], ['CSIS- 123A (3.00)']]",,https://assist.org/transfer/results?year=76&institution=53&agreement=117&agreementType=to&viewAgreementsOptions=true&view=agreement&viewBy=major&viewSendingAgreements=false&viewByKey=76%2F53%2Fto%2F117%2FMajor%2F3fc7b07d-4058-4a0a-1f72-08ddcb96df9e,76/53/to/117/Major/3fc7b07d-4058-4a0a-1f72-08ddcb96df9e
info,non_course_requirement_placeholder,Treat as raw audit noise unless it maps to a CS requirement used downstream.,UCLA,University of California Los Angeles,Napa Valley College,fail,Requirement,missing_row,missing raw CSV row,"[['ENGL 121 (3.00)'], ['ENGL 123 (4.00)'], ['ENGL C1001 (3.00)']]",,https://assist.org/transfer/results?year=76&institution=73&agreement=117&agreementType=to&viewAgreementsOptions=true&view=agreement&viewBy=major&viewSendingAgreements=false&viewByKey=76%2F73%2Fto%2F117%2FMajor%2F3fc7b07d-4058-4a0a-1f72-08ddcb96df9e,76/73/to/117/Major/3fc7b07d-4058-4a0a-1f72-08ddcb96df9e
info,non_course_requirement_placeholder,Treat as raw audit noise unless it maps to a CS requirement used downstream.,UCLA,University of California Los Angeles,Norco College,fail,Requirement,missing_row,missing raw CSV row,"[['CIS 5 (4.00)'], ['CIS 17A (3.00)'], ['CIS 17C (3.00)']]",,https://assist.org/transfer/results?year=76&institution=148&agreement=117&agreementType=to&viewAgreementsOptions=true&view=agreement&viewBy=major&viewSendingAgreements=false&viewByKey=76%2F148%2Fto%2F117%2FMajor%2F3fc7b07d-4058-4a0a-1f72-08ddcb96df9e,76/148/to/117/Major/3fc7b07d-4058-4a0a-1f72-08ddcb96df9e
info,non_course_requirement_placeholder,Treat as raw audit noise unless it maps to a CS requirement used downstream.,UCLA,University of California Los Angeles,Ohlone College,fail,Requirement,missing_row,missing raw CSV row,[['CS 116 (4.00)']],,https://assist.org/transfer/results?year=76&institution=48&agreement=117&agreementType=to&viewAgreementsOptions=true&view=agreement&viewBy=major&viewSendingAgreements=false&viewByKey=76%2F48%2Fto%2F117%2FMajor%2F3fc7b07d-4058-4a0a-1f72-08ddcb96df9e,76/48/to/117/Major/3fc7b07d-4058-4a0a-1f72-08ddcb96df9e
info,non_course_requirement_placeholder,Treat as raw audit noise unless it maps to a CS requirement used downstream.,UCLA,University of California Los Angeles,Orange Coast College,fail,Requirement,missing_row,missing raw CSV row,[['CS A250 (4.00)']],,https://assist.org/transfer/results?year=76&institution=74&agreement=117&agreementType=to&viewAgreementsOptions=true&view=agreement&viewBy=major&viewSendingAgreements=false&viewByKey=76%2F74%2Fto%2F117%2FMajor%2F3fc7b07d-4058-4a0a-1f72-08ddcb96df9e,76/74/to/117/Major/3fc7b07d-4058-4a0a-1f72-08ddcb96df9e
info,non_course_requirement_placeholder,Treat as raw audit noise unless it maps to a CS requirement used downstream.,UCLA,University of California Los Angeles,Oxnard College,fail,Requirement,missing_row,missing raw CSV row,"[['ENGL R102 (4.00)'], ['PHIL R111 (3.00)']]",,https://assist.org/transfer/results?year=76&institution=87&agreement=117&agreementType=to&viewAgreementsOptions=true&view=agreement&viewBy=major&viewSendingAgreements=false&viewByKey=76%2F87%2Fto%2F117%2FMajor%2F3fc7b07d-4058-4a0a-1f72-08ddcb96df9e,76/87/to/117/Major/3fc7b07d-4058-4a0a-1f72-08ddcb96df9e
info,non_course_requirement_placeholder,Treat as raw audit noise unless it maps to a CS requirement used downstream.,UCLA,University of California Los Angeles,Palo Verde College,fail,Requirement,missing_row,missing raw CSV row,"[['ENG 102 (3.00)'], ['ENGL C1001 (3.00)']]",,https://assist.org/transfer/results?year=76&institution=63&agreement=117&agreementType=to&viewAgreementsOptions=true&view=agreement&viewBy=major&viewSendingAgreements=false&viewByKey=76%2F63%2Fto%2F117%2FMajor%2F3fc7b07d-4058-4a0a-1f72-08ddcb96df9e,76/63/to/117/Major/3fc7b07d-4058-4a0a-1f72-08ddcb96df9e
info,non_course_requirement_placeholder,Treat as raw audit noise unless it maps to a CS requirement used downstream.,UCLA,University of California Los Angeles,Palomar College,fail,Requirement,missing_row,missing raw CSV row,[['CSCI 222 (4.00)']],,https://assist.org/transfer/results?year=76&institution=56&agreement=117&agreementType=to&viewAgreementsOptions=true&view=agreement&viewBy=major&viewSendingAgreements=false&viewByKey=76%2F56%2Fto%2F117%2FMajor%2F3fc7b07d-4058-4a0a-1f72-08ddcb96df9e,76/56/to/117/Major/3fc7b07d-4058-4a0a-1f72-08ddcb96df9e
info,non_course_requirement_placeholder,Treat as raw audit noise unless it maps to a CS requirement used downstream.,UCLA,University of California Los Angeles,Pasadena City College,fail,Requirement,missing_row,missing raw CSV row,"[['CS 002 (4.00)'], ['CS 003A (3.00)']]",,https://assist.org/transfer/results?year=76&institution=49&agreement=117&agreementType=to&viewAgreementsOptions=true&view=agreement&viewBy=major&viewSendingAgreements=false&viewByKey=76%2F49%2Fto%2F117%2FMajor%2F3fc7b07d-4058-4a0a-1f72-08ddcb96df9e,76/49/to/117/Major/3fc7b07d-4058-4a0a-1f72-08ddcb96df9e
info,non_course_requirement_placeholder,Treat as raw audit noise unless it maps to a CS requirement used downstream.,UCLA,University of California Los Angeles,Porterville College,fail,Requirement,missing_row,missing raw CSV row,[['ENGL P101B (4.00)']],,https://assist.org/transfer/results?year=76&institution=125&agreement=117&agreementType=to&viewAgreementsOptions=true&view=agreement&viewBy=major&viewSendingAgreements=false&viewByKey=76%2F125%2Fto%2F117%2FMajor%2F3fc7b07d-4058-4a0a-1f72-08ddcb96df9e,76/125/to/117/Major/3fc7b07d-4058-4a0a-1f72-08ddcb96df9e
info,non_course_requirement_placeholder,Treat as raw audit noise unless it maps to a CS requirement used downstream.,UCLA,University of California Los Angeles,Reedley College,fail,Requirement,missing_row,missing raw CSV row,[['Not Articulated']],,https://assist.org/transfer/results?year=76&institution=36&agreement=117&agreementType=to&viewAgreementsOptions=true&view=agreement&viewBy=major&viewSendingAgreements=false&viewByKey=76%2F36%2Fto%2F117%2FMajor%2F3fc7b07d-4058-4a0a-1f72-08ddcb96df9e,76/36/to/117/Major/3fc7b07d-4058-4a0a-1f72-08ddcb96df9e
info,non_course_requirement_placeholder,Treat as raw audit noise unless it maps to a CS requirement used downstream.,UCLA,University of California Los Angeles,Rio Hondo College,fail,Requirement,missing_row,missing raw CSV row,[['CIT 126 (4.00)']],,https://assist.org/transfer/results?year=76&institution=64&agreement=117&agreementType=to&viewAgreementsOptions=true&view=agreement&viewBy=major&viewSendingAgreements=false&viewByKey=76%2F64%2Fto%2F117%2FMajor%2F3fc7b07d-4058-4a0a-1f72-08ddcb96df9e,76/64/to/117/Major/3fc7b07d-4058-4a0a-1f72-08ddcb96df9e
info,non_course_requirement_placeholder,Treat as raw audit noise unless it maps to a CS requirement used downstream.,UCLA,University of California Los Angeles,Riverside City College,fail,Requirement,missing_row,missing raw CSV row,"[['CIS 5 (4.00)'], ['CSC 17A (3.00)', 'CIS 17B (3.00)'], ['CSC 17A (3.00)', 'CIS 17C (3.00)']]",,https://assist.org/transfer/results?year=76&institution=78&agreement=117&agreementType=to&viewAgreementsOptions=true&view=agreement&viewBy=major&viewSendingAgreements=false&viewByKey=76%2F78%2Fto%2F117%2FMajor%2F3fc7b07d-4058-4a0a-1f72-08ddcb96df9e,76/78/to/117/Major/3fc7b07d-4058-4a0a-1f72-08ddcb96df9e
info,non_course_requirement_placeholder,Treat as raw audit noise unless it maps to a CS requirement used downstream.,UCLA,University of California Los Angeles,Sacramento City College,fail,Requirement,missing_row,missing raw CSV row,"[['CISP 360 (4.00)'], ['CISP 400 (4.00)']]",,https://assist.org/transfer/results?year=76&institution=126&agreement=117&agreementType=to&viewAgreementsOptions=true&view=agreement&viewBy=major&viewSendingAgreements=false&viewByKey=76%2F126%2Fto%2F117%2FMajor%2F3fc7b07d-4058-4a0a-1f72-08ddcb96df9e,76/126/to/117/Major/3fc7b07d-4058-4a0a-1f72-08ddcb96df9e
info,non_course_requirement_placeholder,Treat as raw audit noise unless it maps to a CS requirement used downstream.,UCLA,University of California Los Angeles,Saddleback College,fail,Requirement,missing_row,missing raw CSV row,[['CS 1B (3.50)']],,https://assist.org/transfer/results?year=76&institution=65&agreement=117&agreementType=to&viewAgreementsOptions=true&view=agreement&viewBy=major&viewSendingAgreements=false&viewByKey=76%2F65%2Fto%2F117%2FMajor%2F3fc7b07d-4058-4a0a-1f72-08ddcb96df9e,76/65/to/117/Major/3fc7b07d-4058-4a0a-1f72-08ddcb96df9e
info,non_course_requirement_placeholder,Treat as raw audit noise unless it maps to a CS requirement used downstream.,UCLA,University of California Los Angeles,San Bernardino Valley College,fail,Requirement,missing_row,missing raw CSV row,[['CS 190 (4.00)']],,https://assist.org/transfer/results?year=76&institution=131&agreement=117&agreementType=to&viewAgreementsOptions=true&view=agreement&viewBy=major&viewSendingAgreements=false&viewByKey=76%2F131%2Fto%2F117%2FMajor%2F3fc7b07d-4058-4a0a-1f72-08ddcb96df9e,76/131/to/117/Major/3fc7b07d-4058-4a0a-1f72-08ddcb96df9e
info,non_course_requirement_placeholder,Treat as raw audit noise unless it maps to a CS requirement used downstream.,UCLA,University of California Los Angeles,San Diego City College,fail,Requirement,missing_row,missing raw CSV row,"[['CISC 192 (4.00)'], ['CISC 205 (4.00)']]",,https://assist.org/transfer/results?year=76&institution=54&agreement=117&agreementType=to&viewAgreementsOptions=true&view=agreement&viewBy=major&viewSendingAgreements=false&viewByKey=76%2F54%2Fto%2F117%2FMajor%2F3fc7b07d-4058-4a0a-1f72-08ddcb96df9e,76/54/to/117/Major/3fc7b07d-4058-4a0a-1f72-08ddcb96df9e
info,non_course_requirement_placeholder,Treat as raw audit noise unless it maps to a CS requirement used downstream.,UCLA,University of California Los Angeles,San Diego Mesa College,fail,Requirement,missing_row,missing raw CSV row,[['CISC 192 (4.00)']],,https://assist.org/transfer/results?year=76&institution=101&agreement=117&agreementType=to&viewAgreementsOptions=true&view=agreement&viewBy=major&viewSendingAgreements=false&viewByKey=76%2F101%2Fto%2F117%2FMajor%2F3fc7b07d-4058-4a0a-1f72-08ddcb96df9e,76/101/to/117/Major/3fc7b07d-4058-4a0a-1f72-08ddcb96df9e
info,non_course_requirement_placeholder,Treat as raw audit noise unless it maps to a CS requirement used downstream.,UCLA,University of California Los Angeles,San Diego Miramar College,fail,Requirement,missing_row,missing raw CSV row,[['CISC 192 (4.00)']],,https://assist.org/transfer/results?year=76&institution=45&agreement=117&agreementType=to&viewAgreementsOptions=true&view=agreement&viewBy=major&viewSendingAgreements=false&viewByKey=76%2F45%2Fto%2F117%2FMajor%2F3fc7b07d-4058-4a0a-1f72-08ddcb96df9e,76/45/to/117/Major/3fc7b07d-4058-4a0a-1f72-08ddcb96df9e
info,non_course_requirement_placeholder,Treat as raw audit noise unless it maps to a CS requirement used downstream.,UCLA,University of California Los Angeles,San Joaquin Delta College,fail,Requirement,missing_row,missing raw CSV row,"[['ENGL 1B (3.00)'], ['ENGL C1001 (3.00)']]",,https://assist.org/transfer/results?year=76&institution=109&agreement=117&agreementType=to&viewAgreementsOptions=true&view=agreement&viewBy=major&viewSendingAgreements=false&viewByKey=76%2F109%2Fto%2F117%2FMajor%2F3fc7b07d-4058-4a0a-1f72-08ddcb96df9e,76/109/to/117/Major/3fc7b07d-4058-4a0a-1f72-08ddcb96df9e
info,non_course_requirement_placeholder,Treat as raw audit noise unless it maps to a CS requirement used downstream.,UCLA,University of California Los Angeles,San Jose City College,fail,Requirement,missing_row,missing raw CSV row,"[['CIS 054 (3.00)'], ['CIS 059 (3.00)']]",,https://assist.org/transfer/results?year=76&institution=136&agreement=117&agreementType=to&viewAgreementsOptions=true&view=agreement&viewBy=major&viewSendingAgreements=false&viewByKey=76%2F136%2Fto%2F117%2FMajor%2F3fc7b07d-4058-4a0a-1f72-08ddcb96df9e,76/136/to/117/Major/3fc7b07d-4058-4a0a-1f72-08ddcb96df9e
info,non_course_requirement_placeholder,Treat as raw audit noise unless it maps to a CS requirement used downstream.,UCLA,University of California Los Angeles,Santa Ana College,fail,Requirement,missing_row,missing raw CSV row,[['CMPR 121 (3.00)']],,https://assist.org/transfer/results?year=76&institution=14&agreement=117&agreementType=to&viewAgreementsOptions=true&view=agreement&viewBy=major&viewSendingAgreements=false&viewByKey=76%2F14%2Fto%2F117%2FMajor%2F3fc7b07d-4058-4a0a-1f72-08ddcb96df9e,76/14/to/117/Major/3fc7b07d-4058-4a0a-1f72-08ddcb96df9e
info,non_course_requirement_placeholder,Treat as raw audit noise unless it maps to a CS requirement used downstream.,UCLA,University of California Los Angeles,Santa Barbara City College,fail,Requirement,missing_row,missing raw CSV row,"[['CS 106 (3.00)'], ['CS 133 (3.00)'], ['CS 137 (3.00)'], ['CS 140 (4.00)']]",,https://assist.org/transfer/results?year=76&institution=92&agreement=117&agreementType=to&viewAgreementsOptions=true&view=agreement&viewBy=major&viewSendingAgreements=false&viewByKey=76%2F92%2Fto%2F117%2FMajor%2F3fc7b07d-4058-4a0a-1f72-08ddcb96df9e,76/92/to/117/Major/3fc7b07d-4058-4a0a-1f72-08ddcb96df9e
info,non_course_requirement_placeholder,Treat as raw audit noise unless it maps to a CS requirement used downstream.,UCLA,University of California Los Angeles,Santa Monica College,fail,Requirement,missing_row,missing raw CSV row,[['CS 52 (3.00)']],,https://assist.org/transfer/results?year=76&institution=137&agreement=117&agreementType=to&viewAgreementsOptions=true&view=agreement&viewBy=major&viewSendingAgreements=false&viewByKey=76%2F137%2Fto%2F117%2FMajor%2F3fc7b07d-4058-4a0a-1f72-08ddcb96df9e,76/137/to/117/Major/3fc7b07d-4058-4a0a-1f72-08ddcb96df9e
info,non_course_requirement_placeholder,Treat as raw audit noise unless it maps to a CS requirement used downstream.,UCLA,University of California Los Angeles,Santa Rosa Junior College,fail,Requirement,missing_row,missing raw CSV row,[['CS 10A (4.00)']],,https://assist.org/transfer/results?year=76&institution=57&agreement=117&agreementType=to&viewAgreementsOptions=true&view=agreement&viewBy=major&viewSendingAgreements=false&viewByKey=76%2F57%2Fto%2F117%2FMajor%2F3fc7b07d-4058-4a0a-1f72-08ddcb96df9e,76/57/to/117/Major/3fc7b07d-4058-4a0a-1f72-08ddcb96df9e
info,non_course_requirement_placeholder,Treat as raw audit noise unless it maps to a CS requirement used downstream.,UCLA,University of California Los Angeles,Santiago Canyon College,fail,Requirement,missing_row,missing raw CSV row,[['CMPR 121 (3.00)']],,https://assist.org/transfer/results?year=76&institution=66&agreement=117&agreementType=to&viewAgreementsOptions=true&view=agreement&viewBy=major&viewSendingAgreements=false&viewByKey=76%2F66%2Fto%2F117%2FMajor%2F3fc7b07d-4058-4a0a-1f72-08ddcb96df9e,76/66/to/117/Major/3fc7b07d-4058-4a0a-1f72-08ddcb96df9e
info,non_course_requirement_placeholder,Treat as raw audit noise unless it maps to a CS requirement used downstream.,UCLA,University of California Los Angeles,Shasta College,fail,Requirement,missing_row,missing raw CSV row,[['CIS 61 (3.00)']],,https://assist.org/transfer/results?year=76&institution=38&agreement=117&agreementType=to&viewAgreementsOptions=true&view=agreement&viewBy=major&viewSendingAgreements=false&viewByKey=76%2F38%2Fto%2F117%2FMajor%2F3fc7b07d-4058-4a0a-1f72-08ddcb96df9e,76/38/to/117/Major/3fc7b07d-4058-4a0a-1f72-08ddcb96df9e
info,non_course_requirement_placeholder,Treat as raw audit noise unless it maps to a CS requirement used downstream.,UCLA,University of California Los Angeles,Sierra College,fail,Requirement,missing_row,missing raw CSV row,[['CSCI 66 (3.00)']],,https://assist.org/transfer/results?year=76&institution=93&agreement=117&agreementType=to&viewAgreementsOptions=true&view=agreement&viewBy=major&viewSendingAgreements=false&viewByKey=76%2F93%2Fto%2F117%2FMajor%2F3fc7b07d-4058-4a0a-1f72-08ddcb96df9e,76/93/to/117/Major/3fc7b07d-4058-4a0a-1f72-08ddcb96df9e
info,non_course_requirement_placeholder,Treat as raw audit noise unless it maps to a CS requirement used downstream.,UCLA,University of California Los Angeles,Skyline College,fail,Requirement,missing_row,missing raw CSV row,[['CIS 250 (3.00)']],,https://assist.org/transfer/results?year=76&institution=127&agreement=117&agreementType=to&viewAgreementsOptions=true&view=agreement&viewBy=major&viewSendingAgreements=false&viewByKey=76%2F127%2Fto%2F117%2FMajor%2F3fc7b07d-4058-4a0a-1f72-08ddcb96df9e,76/127/to/117/Major/3fc7b07d-4058-4a0a-1f72-08ddcb96df9e
info,non_course_requirement_placeholder,Treat as raw audit noise unless it maps to a CS requirement used downstream.,UCLA,University of California Los Angeles,Solano Community College,fail,Requirement,missing_row,missing raw CSV row,"[['ENGL 002 (4.00)'], ['ENGL C1001 (4.00)'], ['PHIL 005 (3.00)']]",,https://assist.org/transfer/results?year=76&institution=94&agreement=117&agreementType=to&viewAgreementsOptions=true&view=agreement&viewBy=major&viewSendingAgreements=false&viewByKey=76%2F94%2Fto%2F117%2FMajor%2F3fc7b07d-4058-4a0a-1f72-08ddcb96df9e,76/94/to/117/Major/3fc7b07d-4058-4a0a-1f72-08ddcb96df9e
info,non_course_requirement_placeholder,Treat as raw audit noise unless it maps to a CS requirement used downstream.,UCLA,University of California Los Angeles,Southwestern College,fail,Requirement,missing_row,missing raw CSV row,[['CIS 115 (4.00)']],,https://assist.org/transfer/results?year=76&institution=138&agreement=117&agreementType=to&viewAgreementsOptions=true&view=agreement&viewBy=major&viewSendingAgreements=false&viewByKey=76%2F138%2Fto%2F117%2FMajor%2F3fc7b07d-4058-4a0a-1f72-08ddcb96df9e,76/138/to/117/Major/3fc7b07d-4058-4a0a-1f72-08ddcb96df9e
info,non_course_requirement_placeholder,Treat as raw audit noise unless it maps to a CS requirement used downstream.,UCLA,University of California Los Angeles,Taft College,fail,Requirement,missing_row,missing raw CSV row,[['ENGL 1600 (4.00)']],,https://assist.org/transfer/results?year=76&institution=119&agreement=117&agreementType=to&viewAgreementsOptions=true&view=agreement&viewBy=major&viewSendingAgreements=false&viewByKey=76%2F119%2Fto%2F117%2FMajor%2F3fc7b07d-4058-4a0a-1f72-08ddcb96df9e,76/119/to/117/Major/3fc7b07d-4058-4a0a-1f72-08ddcb96df9e
info,non_course_requirement_placeholder,Treat as raw audit noise unless it maps to a CS requirement used downstream.,UCLA,University of California Los Angeles,Ventura College,fail,Requirement,missing_row,missing raw CSV row,"[['CS V13 (3.00)'], ['CS V30 (3.00)']]",,https://assist.org/transfer/results?year=76&institution=95&agreement=117&agreementType=to&viewAgreementsOptions=true&view=agreement&viewBy=major&viewSendingAgreements=false&viewByKey=76%2F95%2Fto%2F117%2FMajor%2F3fc7b07d-4058-4a0a-1f72-08ddcb96df9e,76/95/to/117/Major/3fc7b07d-4058-4a0a-1f72-08ddcb96df9e
info,non_course_requirement_placeholder,Treat as raw audit noise unless it maps to a CS requirement used downstream.,UCLA,University of California Los Angeles,Victor Valley College,fail,Requirement,missing_row,missing raw CSV row,"[['CIS 201 (4.00)'], ['CIS 202 (4.00)']]",,https://assist.org/transfer/results?year=76&institution=19&agreement=117&agreementType=to&viewAgreementsOptions=true&view=agreement&viewBy=major&viewSendingAgreements=false&viewByKey=76%2F19%2Fto%2F117%2FMajor%2F3fc7b07d-4058-4a0a-1f72-08ddcb96df9e,76/19/to/117/Major/3fc7b07d-4058-4a0a-1f72-08ddcb96df9e
info,non_course_requirement_placeholder,Treat as raw audit noise unless it maps to a CS requirement used downstream.,UCLA,University of California Los Angeles,West Hills College Coalinga,fail,Requirement,missing_row,missing raw CSV row,[['ENGL C1001 (3.00)']],,https://assist.org/transfer/results?year=76&institution=67&agreement=117&agreementType=to&viewAgreementsOptions=true&view=agreement&viewBy=major&viewSendingAgreements=false&viewByKey=76%2F67%2Fto%2F117%2FMajor%2F3fc7b07d-4058-4a0a-1f72-08ddcb96df9e,76/67/to/117/Major/3fc7b07d-4058-4a0a-1f72-08ddcb96df9e
info,non_course_requirement_placeholder,Treat as raw audit noise unless it maps to a CS requirement used downstream.,UCLA,University of California Los Angeles,West Hills College Lemoore,fail,Requirement,missing_row,missing raw CSV row,[['Not Articulated']],,https://assist.org/transfer/results?year=76&institution=146&agreement=117&agreementType=to&viewAgreementsOptions=true&view=agreement&viewBy=major&viewSendingAgreements=false&viewByKey=76%2F146%2Fto%2F117%2FMajor%2F3fc7b07d-4058-4a0a-1f72-08ddcb96df9e,76/146/to/117/Major/3fc7b07d-4058-4a0a-1f72-08ddcb96df9e
info,non_course_requirement_placeholder,Treat as raw audit noise unless it maps to a CS requirement used downstream.,UCLA,University of California Los Angeles,West Los Angeles College,fail,Requirement,missing_row,missing raw CSV row,"[['ENGLISH 102 (3.00)'], ['ENGL C1001 (3.00)']]",,https://assist.org/transfer/results?year=76&institution=91&agreement=117&agreementType=to&viewAgreementsOptions=true&view=agreement&viewBy=major&viewSendingAgreements=false&viewByKey=76%2F91%2Fto%2F117%2FMajor%2F3fc7b07d-4058-4a0a-1f72-08ddcb96df9e,76/91/to/117/Major/3fc7b07d-4058-4a0a-1f72-08ddcb96df9e
info,non_course_requirement_placeholder,Treat as raw audit noise unless it maps to a CS requirement used downstream.,UCLA,University of California Los Angeles,West Valley College,fail,Requirement,missing_row,missing raw CSV row,"[['ENGL 001B (3.00)'], ['ENGL C1001 (3.00)'], ['ENGL C1001H (3.00)'], ['PHIL 003 (3.00)'], ['PHIL 017 (3.00)']]",,https://assist.org/transfer/results?year=76&institution=80&agreement=117&agreementType=to&viewAgreementsOptions=true&view=agreement&viewBy=major&viewSendingAgreements=false&viewByKey=76%2F80%2Fto%2F117%2FMajor%2F3fc7b07d-4058-4a0a-1f72-08ddcb96df9e,76/80/to/117/Major/3fc7b07d-4058-4a0a-1f72-08ddcb96df9e
info,non_course_requirement_placeholder,Treat as raw audit noise unless it maps to a CS requirement used downstream.,UCLA,University of California Los Angeles,Woodland Community College,fail,Requirement,missing_row,missing raw CSV row,"[['ENGL 1B (4.00)'], ['ENGL C1001 (3.00)']]",,https://assist.org/transfer/results?year=76&institution=147&agreement=117&agreementType=to&viewAgreementsOptions=true&view=agreement&viewBy=major&viewSendingAgreements=false&viewByKey=76%2F147%2Fto%2F117%2FMajor%2F3fc7b07d-4058-4a0a-1f72-08ddcb96df9e,76/147/to/117/Major/3fc7b07d-4058-4a0a-1f72-08ddcb96df9e
info,non_course_requirement_placeholder,Treat as raw audit noise unless it maps to a CS requirement used downstream.,UCLA,University of California Los Angeles,Yuba College,fail,Requirement,missing_row,missing raw CSV row,"[['COMSC 9A (4.00)'], ['COMSC 11 (3.00)']]",,https://assist.org/transfer/results?year=76&institution=90&agreement=117&agreementType=to&viewAgreementsOptions=true&view=agreement&viewBy=major&viewSendingAgreements=false&viewByKey=76%2F90%2Fto%2F117%2FMajor%2F3fc7b07d-4058-4a0a-1f72-08ddcb96df9e,76/90/to/117/Major/3fc7b07d-4058-4a0a-1f72-08ddcb96df9e
